Date,ADX_DI_Plus_Breadth
2003-01-21,8.71934604904632
2003-01-22,6.267029972752043
2003-01-23,7.901907356948229
2003-01-24,6.267029972752043
2003-01-27,4.35967302452316
2003-01-28,4.35967302452316
2003-01-29,5.994550408719346
2003-01-30,4.904632152588556
2003-01-31,4.632152588555858
2003-02-03,3.8147138964577656
2003-02-04,3.2697547683923704
2003-02-05,3.2697547683923704
2003-02-06,3.2697547683923704
2003-02-07,3.2697547683923704
2003-02-10,3.5422343324250685
2003-02-11,3.8147138964577656
2003-02-12,2.452316076294278
2003-02-13,2.17983651226158
2003-02-14,2.997275204359673
2003-02-18,3.5422343324250685
2003-02-19,3.8147138964577656
2003-02-20,4.35967302452316
2003-02-21,7.084468664850137
2003-02-24,5.177111716621254
2003-02-25,3.8147138964577656
2003-02-26,3.2697547683923704
2003-02-27,2.452316076294278
2003-02-28,2.997275204359673
2003-03-03,2.7247956403269753
2003-03-04,1.3623978201634876
2003-03-05,1.3623978201634876
2003-03-06,2.17983651226158
2003-03-07,2.17983651226158
2003-03-10,2.17983651226158
2003-03-11,1.3623978201634876
2003-03-12,1.08991825613079
2003-03-13,7.901907356948229
2003-03-14,7.3569482288828345
2003-03-17,19.618528610354225
2003-03-18,17.166212534059948
2003-03-19,15.531335149863759
2003-03-20,17.166212534059948
2003-03-21,28.610354223433244
2003-03-24,17.43869209809264
2003-03-25,16.62125340599455
2003-03-26,13.35149863760218
2003-03-27,9.264305177111716
2003-03-28,8.71934604904632
2003-03-31,8.174386920980927
2003-04-01,7.3569482288828345
2003-04-02,17.983651226158038
2003-04-03,15.258855585831062
2003-04-04,11.989100817438691
2003-04-07,25.340599455040874
2003-04-08,17.71117166212534
2003-04-09,14.441416893732969
2003-04-10,11.989100817438691
2003-04-11,15.803814713896458
2003-04-14,16.893732970027248
2003-04-15,18.80108991825613
2003-04-16,18.80108991825613
2003-04-17,18.256130790190735
2003-04-21,16.62125340599455
2003-04-22,26.975476839237057
2003-04-23,23.43324250681199
2003-04-24,22.3433242506812
2003-04-25,14.986376021798364
2003-04-28,19.346049046321525
2003-04-29,17.166212534059948
2003-04-30,19.07356948228883
2003-05-01,14.713896457765669
2003-05-02,19.618528610354225
2003-05-05,19.891008174386922
2003-05-06,22.615803814713896
2003-05-07,18.80108991825613
2003-05-08,14.441416893732969
2003-05-09,17.166212534059948
2003-05-12,26.158038147138964
2003-05-13,24.52316076294278
2003-05-14,21.525885558583106
2003-05-15,22.615803814713896
2003-05-16,23.705722070844686
2003-05-19,17.71117166212534
2003-05-20,13.35149863760218
2003-05-21,15.258855585831062
2003-05-22,22.070844686648503
2003-05-23,23.43324250681199
2003-05-27,31.607629427792915
2003-05-28,30.24523160762943
2003-05-29,30.79019073569482
2003-05-30,32.42506811989101
2003-06-02,39.782016348773844
2003-06-03,32.9700272479564
2003-06-04,41.41689373297003
2003-06-05,41.41689373297003
2003-06-06,41.96185286103542
2003-06-09,33.5149863760218
2003-06-10,31.062670299727518
2003-06-11,37.60217983651226
2003-06-12,37.60217983651226
2003-06-13,29.972752043596728
2003-06-16,34.60490463215259
2003-06-17,31.88010899182561
2003-06-18,26.975476839237057
2003-06-19,21.798365122615802
2003-06-20,16.893732970027248
2003-06-23,11.989100817438691
2003-06-24,10.354223433242508
2003-06-25,9.264305177111716
2003-06-26,8.446866485013624
2003-06-27,8.71934604904632
2003-06-30,7.084468664850137
2003-07-01,5.177111716621254
2003-07-02,8.71934604904632
2003-07-03,6.811989100817439
2003-07-07,14.168937329700274
2003-07-08,18.80108991825613
2003-07-09,15.531335149863759
2003-07-10,11.716621253405995
2003-07-11,10.899182561307901
2003-07-14,17.983651226158038
2003-07-15,14.441416893732969
2003-07-16,11.989100817438691
2003-07-17,10.899182561307901
2003-07-18,8.991825613079019
2003-07-21,8.152173913043478
2003-07-22,11.41304347826087
2003-07-23,11.956521739130435
2003-07-24,15.489130434782608
2003-07-25,14.402173913043478
2003-07-28,14.402173913043478
2003-07-29,13.31521739130435
2003-07-30,13.043478260869565
2003-07-31,16.847826086956523
2003-08-01,12.228260869565217
2003-08-04,10.326086956521738
2003-08-05,7.880434782608696
2003-08-06,7.065217391304348
2003-08-07,7.336956521739131
2003-08-08,8.152173913043478
2003-08-11,7.880434782608696
2003-08-12,10.869565217391305
2003-08-13,11.684782608695652
2003-08-14,12.771739130434783
2003-08-15,12.228260869565217
2003-08-18,16.57608695652174
2003-08-19,18.206521739130434
2003-08-20,17.391304347826086
2003-08-21,21.73913043478261
2003-08-22,19.565217391304348
2003-08-25,15.760869565217392
2003-08-26,13.043478260869565
2003-08-27,15.217391304347828
2003-08-28,17.119565217391305
2003-08-29,17.934782608695652
2003-09-02,28.804347826086957
2003-09-03,30.434782608695656
2003-09-04,26.902173913043477
2003-09-05,21.73913043478261
2003-09-08,22.82608695652174
2003-09-09,19.293478260869566
2003-09-10,15.217391304347828
2003-09-11,11.684782608695652
2003-09-12,9.510869565217392
2003-09-15,9.239130434782608
2003-09-16,13.586956521739129
2003-09-17,14.130434782608695
2003-09-18,19.565217391304348
2003-09-19,19.021739130434785
2003-09-22,13.31521739130435
2003-09-23,17.391304347826086
2003-09-24,13.586956521739129
2003-09-25,10.597826086956522
2003-09-26,6.7934782608695645
2003-09-29,7.608695652173914
2003-09-30,6.25
2003-10-01,12.5
2003-10-02,11.684782608695652
2003-10-03,22.554347826086957
2003-10-06,20.108695652173914
2003-10-07,19.565217391304348
2003-10-08,17.66304347826087
2003-10-09,23.641304347826086
2003-10-10,20.108695652173914
2003-10-13,22.82608695652174
2003-10-14,21.73913043478261
2003-10-15,20.92391304347826
2003-10-16,19.83695652173913
2003-10-17,16.57608695652174
2003-10-20,15.217391304347828
2003-10-21,18.206521739130434
2003-10-22,11.11111111111111
2003-10-23,9.75609756097561
2003-10-24,9.214092140921409
2003-10-27,16.802168021680217
2003-10-28,20.32520325203252
2003-10-29,26.82926829268293
2003-10-30,27.371273712737125
2003-10-31,24.661246612466126
2003-11-03,29.268292682926827
2003-11-04,28.184281842818425
2003-11-05,23.035230352303522
2003-11-06,23.577235772357724
2003-11-07,25.203252032520325
2003-11-10,19.51219512195122
2003-11-11,15.447154471544716
2003-11-12,22.76422764227642
2003-11-13,23.035230352303522
2003-11-14,20.59620596205962
2003-11-17,15.447154471544716
2003-11-18,13.008130081300814
2003-11-19,11.11111111111111
2003-11-20,9.75609756097561
2003-11-21,7.8590785907859075
2003-11-24,17.615176151761517
2003-11-25,21.138211382113823
2003-11-26,19.241192411924118
2003-11-28,17.344173441734416
2003-12-01,33.06233062330624
2003-12-02,30.35230352303523
2003-12-03,27.100271002710024
2003-12-04,25.745257452574528
2003-12-05,24.119241192411923
2003-12-08,23.848238482384822
2003-12-09,22.22222222222222
2003-12-10,18.97018970189702
2003-12-11,23.035230352303522
2003-12-12,23.035230352303522
2003-12-15,24.661246612466126
2003-12-16,18.97018970189702
2003-12-17,17.88617886178862
2003-12-18,24.054054054054056
2003-12-19,23.783783783783786
2003-12-22,23.243243243243246
2003-12-23,24.324324324324326
2003-12-24,20.27027027027027
2003-12-26,18.10810810810811
2003-12-29,27.837837837837835
2003-12-30,25.405405405405407
2003-12-31,22.702702702702705
2004-01-02,21.891891891891895
2004-01-05,25.135135135135133
2004-01-06,22.432432432432435
2004-01-07,24.054054054054056
2004-01-08,24.324324324324326
2004-01-09,24.324324324324326
2004-01-12,21.62162162162162
2004-01-13,20.27027027027027
2004-01-14,24.864864864864867
2004-01-15,25.945945945945947
2004-01-16,26.756756756756754
2004-01-20,26.756756756756754
2004-01-21,30.0
2004-01-22,29.72972972972973
2004-01-23,25.945945945945947
2004-01-26,26.756756756756754
2004-01-27,24.864864864864867
2004-01-28,24.324324324324326
2004-01-29,18.91891891891892
2004-01-30,17.027027027027028
2004-02-02,20.54054054054054
2004-02-03,17.2972972972973
2004-02-04,13.783783783783784
2004-02-05,15.945945945945947
2004-02-06,20.54054054054054
2004-02-09,18.91891891891892
2004-02-10,20.54054054054054
2004-02-11,24.324324324324326
2004-02-12,21.35135135135135
2004-02-13,16.756756756756758
2004-02-17,17.83783783783784
2004-02-18,18.64864864864865
2004-02-19,18.91891891891892
2004-02-20,13.513513513513514
2004-02-23,12.702702702702704
2004-02-24,10.512129380053908
2004-02-25,12.398921832884097
2004-02-26,14.016172506738545
2004-02-27,17.78975741239892
2004-03-01,21.293800539083556
2004-03-02,18.598382749326145
2004-03-03,15.902964959568733
2004-03-04,16.172506738544474
2004-03-05,21.024258760107816
2004-03-08,20.21563342318059
2004-03-09,16.172506738544474
2004-03-10,12.129380053908356
2004-03-11,9.164420485175203
2004-03-12,7.816711590296496
2004-03-15,6.199460916442049
2004-03-16,4.0431266846361185
2004-03-17,9.433962264150944
2004-03-18,8.62533692722372
2004-03-19,7.816711590296496
2004-03-22,5.121293800539084
2004-03-23,6.199460916442049
2004-03-24,5.121293800539084
2004-03-25,10.242587601078167
2004-03-26,8.62533692722372
2004-03-29,11.859838274932615
2004-03-30,12.93800539083558
2004-03-31,13.746630727762804
2004-04-01,18.598382749326145
2004-04-02,21.83288409703504
2004-04-05,23.71967654986523
2004-04-06,20.21563342318059
2004-04-07,16.9811320754717
2004-04-08,15.902964959568733
2004-04-12,16.442048517520217
2004-04-13,9.703504043126685
2004-04-14,7.008086253369273
2004-04-15,9.433962264150944
2004-04-16,12.129380053908356
2004-04-19,10.781671159029651
2004-04-20,11.859838274932615
2004-04-21,9.433962264150944
2004-04-22,20.754716981132077
2004-04-23,19.40700808625337
2004-04-26,15.902964959568733
2004-04-27,20.754716981132077
2004-04-28,15.09433962264151
2004-04-29,12.129380053908356
2004-04-30,10.242587601078167
2004-05-03,11.590296495956872
2004-05-04,11.05121293800539
2004-05-05,9.433962264150944
2004-05-06,5.929919137466308
2004-05-07,4.31266846361186
2004-05-10,3.5040431266846364
2004-05-11,2.4258760107816713
2004-05-12,2.15633423180593
2004-05-13,2.964959568733154
2004-05-14,3.5040431266846364
2004-05-17,2.15633423180593
2004-05-18,2.6954177897574128
2004-05-19,5.121293800539084
2004-05-20,4.31266846361186
2004-05-21,4.8517520215633425
2004-05-24,5.660377358490567
2004-05-25,10.512129380053908
2004-05-26,9.973045822102426
2004-05-27,15.09433962264151
2004-05-28,15.09433962264151
2004-06-01,15.09433962264151
2004-06-02,14.016172506738545
2004-06-03,12.129380053908356
2004-06-04,13.746630727762804
2004-06-07,18.059299191374663
2004-06-08,15.633423180592992
2004-06-09,13.477088948787062
2004-06-10,11.590296495956872
2004-06-14,8.62533692722372
2004-06-15,9.164420485175203
2004-06-16,9.164420485175203
2004-06-17,10.781671159029651
2004-06-18,13.746630727762804
2004-06-21,10.242587601078167
2004-06-22,10.242587601078167
2004-06-23,18.328840970350406
2004-06-24,17.25067385444744
2004-06-25,19.67654986522911
2004-06-28,19.40700808625337
2004-06-29,14.516129032258066
2004-06-30,17.741935483870968
2004-07-01,12.365591397849462
2004-07-02,8.064516129032258
2004-07-06,8.60215053763441
2004-07-07,6.451612903225806
2004-07-08,4.032258064516129
2004-07-09,3.763440860215054
2004-07-12,4.289544235924933
2004-07-13,6.702412868632708
2004-07-14,6.702412868632708
2004-07-15,8.847184986595174
2004-07-16,9.651474530831099
2004-07-19,7.774798927613941
2004-07-20,8.579088471849866
2004-07-21,7.774798927613941
2004-07-22,5.093833780160858
2004-07-23,4.557640750670242
2004-07-26,3.2171581769436997
2004-07-27,5.630026809651475
2004-07-28,7.506702412868632
2004-07-29,8.823529411764707
2004-07-30,7.219251336898395
2004-08-02,8.55614973262032
2004-08-03,7.754010695187167
2004-08-04,6.149732620320856
2004-08-05,4.545454545454546
2004-08-06,3.2085561497326207
2004-08-09,2.941176470588235
2004-08-10,4.545454545454546
2004-08-11,3.7433155080213902
2004-08-12,2.941176470588235
2004-08-13,1.8716577540106951
2004-08-16,5.080213903743315
2004-08-17,5.080213903743315
2004-08-18,6.417112299465241
2004-08-19,4.81283422459893
2004-08-20,6.417112299465241
2004-08-23,6.951871657754011
2004-08-24,4.545454545454546
2004-08-25,6.684491978609626
2004-08-26,6.149732620320856
2004-08-27,6.417112299465241
2004-08-30,6.417112299465241
2004-08-31,6.951871657754011
2004-09-01,10.133333333333333
2004-09-02,13.866666666666665
2004-09-03,11.733333333333333
2004-09-07,16.710875331564985
2004-09-08,12.73209549071618
2004-09-09,12.20159151193634
2004-09-10,12.73209549071618
2004-09-13,15.119363395225463
2004-09-14,14.058355437665782
2004-09-15,12.46684350132626
2004-09-16,13.527851458885943
2004-09-17,15.649867374005305
2004-09-20,11.936339522546419
2004-09-21,16.710875331564985
2004-09-22,12.73209549071618
2004-09-23,9.814323607427056
2004-09-24,12.73209549071618
2004-09-27,9.549071618037134
2004-09-28,12.46684350132626
2004-09-29,14.854111405835543
2004-09-30,17.50663129973475
2004-10-01,25.9946949602122
2004-10-04,26.790450928381965
2004-10-05,22.015915119363395
2004-10-06,25.72944297082228
2004-10-07,21.220159151193634
2004-10-08,16.976127320954905
2004-10-11,14.588859416445624
2004-10-12,13.527851458885943
2004-10-13,9.283819628647215
2004-10-14,8.753315649867375
2004-10-15,12.20159151193634
2004-10-18,11.671087533156498
2004-10-19,11.405835543766578
2004-10-20,9.283819628647215
2004-10-21,12.20159151193634
2004-10-22,11.671087533156498
2004-10-25,9.549071618037134
2004-10-26,14.588859416445624
2004-10-27,24.40318302387268
2004-10-28,20.689655172413794
2004-10-29,17.50663129973475
2004-11-01,17.771883289124666
2004-11-02,21.485411140583555
2004-11-03,28.381962864721483
2004-11-04,38.196286472148536
2004-11-05,30.76923076923077
2004-11-08,28.381962864721483
2004-11-09,26.525198938992045
2004-11-10,25.72944297082228
2004-11-11,27.586206896551722
2004-11-12,33.15649867374005
2004-11-15,25.198938992042443
2004-11-16,22.75132275132275
2004-11-17,26.71957671957672
2004-11-18,22.22222222222222
2004-11-19,15.873015873015872
2004-11-22,14.02116402116402
2004-11-23,16.402116402116402
2004-11-24,15.608465608465607
2004-11-26,13.756613756613756
2004-11-29,11.904761904761903
2004-11-30,9.25925925925926
2004-12-01,22.486772486772484
2004-12-02,21.428571428571427
2004-12-03,19.841269841269842
2004-12-06,15.079365079365079
2004-12-07,13.227513227513226
2004-12-08,9.498680738786279
2004-12-09,10.817941952506596
2004-12-10,17.678100263852244
2004-12-13,16.62269129287599
2004-12-14,18.46965699208443
2004-12-15,18.997361477572557
2004-12-16,17.941952506596305
2004-12-17,15.03957783641161
2004-12-20,13.456464379947231
2004-12-21,14.511873350923482
2004-12-22,16.358839050131927
2004-12-23,15.03957783641161
2004-12-27,13.456464379947231
2004-12-28,15.303430079155673
2004-12-29,12.66490765171504
2004-12-30,13.456464379947231
2004-12-31,11.609498680738787
2005-01-03,8.157894736842106
2005-01-04,5.526315789473684
2005-01-05,4.473684210526316
2005-01-06,3.1578947368421053
2005-01-07,3.421052631578948
2005-01-10,5.526315789473684
2005-01-11,4.736842105263158
2005-01-12,3.684210526315789
2005-01-13,7.894736842105263
2005-01-14,7.105263157894736
2005-01-18,12.368421052631579
2005-01-19,9.473684210526317
2005-01-20,6.842105263157896
2005-01-21,5.0
2005-01-24,3.421052631578948
2005-01-25,4.736842105263158
2005-01-26,5.7894736842105265
2005-01-27,7.368421052631578
2005-01-28,8.421052631578947
2005-01-31,9.210526315789473
2005-02-01,12.105263157894736
2005-02-02,13.94736842105263
2005-02-03,15.0
2005-02-04,21.052631578947366
2005-02-07,17.894736842105264
2005-02-08,16.842105263157894
2005-02-09,13.684210526315791
2005-02-10,12.631578947368421
2005-02-11,18.684210526315788
2005-02-14,14.736842105263156
2005-02-15,17.894736842105264
2005-02-16,18.947368421052634
2005-02-17,15.263157894736842
2005-02-18,14.210526315789473
2005-02-22,10.263157894736842
2005-02-23,8.421052631578947
2005-02-24,12.631578947368421
2005-02-25,15.0
2005-02-28,12.631578947368421
2005-03-01,15.0
2005-03-02,15.263157894736842
2005-03-03,11.578947368421053
2005-03-04,20.0
2005-03-07,19.473684210526315
2005-03-08,14.473684210526317
2005-03-09,10.263157894736842
2005-03-10,8.421052631578947
2005-03-11,7.894736842105263
2005-03-14,7.894736842105263
2005-03-15,7.368421052631578
2005-03-16,5.7894736842105265
2005-03-17,5.0
2005-03-18,5.526315789473684
2005-03-21,3.9473684210526314
2005-03-22,5.0
2005-03-23,4.2105263157894735
2005-03-24,4.736842105263158
2005-03-28,5.526315789473684
2005-03-29,5.0
2005-03-30,5.526315789473684
2005-03-31,6.578947368421052
2005-04-01,5.263157894736842
2005-04-04,4.2105263157894735
2005-04-05,6.315789473684211
2005-04-06,7.368421052631578
2005-04-07,5.7894736842105265
2005-04-08,5.7894736842105265
2005-04-11,5.0
2005-04-12,6.315789473684211
2005-04-13,5.263157894736842
2005-04-14,4.473684210526316
2005-04-15,3.421052631578948
2005-04-18,2.1052631578947367
2005-04-19,4.2105263157894735
2005-04-20,3.9473684210526314
2005-04-21,6.842105263157896
2005-04-22,7.368421052631578
2005-04-25,7.894736842105263
2005-04-26,8.68421052631579
2005-04-27,7.894736842105263
2005-04-28,7.105263157894736
2005-04-29,9.473684210526317
2005-05-02,8.923884514435695
2005-05-03,8.661417322834646
2005-05-04,13.123359580052494
2005-05-05,12.335958005249344
2005-05-06,9.711286089238845
2005-05-09,11.548556430446194
2005-05-10,11.548556430446194
2005-05-11,9.973753280839896
2005-05-12,8.661417322834646
2005-05-13,6.824146981627297
2005-05-16,6.824146981627297
2005-05-17,7.874015748031496
2005-05-18,15.223097112860891
2005-05-19,12.860892388451445
2005-05-20,10.761154855643044
2005-05-23,13.385826771653544
2005-05-24,11.548556430446194
2005-05-25,8.136482939632545
2005-05-26,10.498687664041995
2005-05-27,10.761154855643044
2005-05-31,13.910761154855644
2005-06-01,17.585301837270343
2005-06-02,15.485564304461944
2005-06-03,14.435695538057743
2005-06-06,13.648293963254593
2005-06-07,21.522309711286088
2005-06-08,16.79790026246719
2005-06-09,14.698162729658792
2005-06-10,15.485564304461944
2005-06-13,15.485564304461944
2005-06-14,18.11023622047244
2005-06-15,16.27296587926509
2005-06-16,17.585301837270343
2005-06-17,22.83464566929134
2005-06-20,19.160104986876643
2005-06-21,17.060367454068242
2005-06-22,15.485564304461944
2005-06-23,15.485564304461944
2005-06-24,11.286089238845145
2005-06-27,7.874015748031496
2005-06-28,12.860892388451445
2005-06-29,13.648293963254593
2005-06-30,15.485564304461944
2005-07-01,12.335958005249344
2005-07-05,18.11023622047244
2005-07-06,16.010498687664043
2005-07-07,11.811023622047244
2005-07-08,17.84776902887139
2005-07-11,21.25984251968504
2005-07-12,20.47244094488189
2005-07-13,16.79790026246719
2005-07-14,18.37270341207349
2005-07-15,17.801047120418847
2005-07-18,15.706806282722512
2005-07-19,23.036649214659686
2005-07-20,27.748691099476442
2005-07-21,24.083769633507853
2005-07-22,21.20418848167539
2005-07-25,20.157068062827225
2005-07-26,20.626631853785902
2005-07-27,20.365535248041773
2005-07-28,25.848563968668408
2005-07-29,22.97650130548303
2005-08-01,18.79895561357702
2005-08-02,22.45430809399478
2005-08-03,21.671018276762403
2005-08-04,16.971279373368144
2005-08-05,12.793733681462141
2005-08-08,10.9375
2005-08-09,10.416666666666668
2005-08-10,14.322916666666666
2005-08-11,13.541666666666666
2005-08-12,11.979166666666668
2005-08-15,11.197916666666668
2005-08-16,8.59375
2005-08-17,5.989583333333334
2005-08-18,6.770833333333333
2005-08-19,6.770833333333333
2005-08-22,8.854166666666668
2005-08-23,8.333333333333332
2005-08-24,8.59375
2005-08-25,10.15625
2005-08-26,8.854166666666668
2005-08-29,8.571428571428571
2005-08-30,7.792207792207792
2005-08-31,12.987012987012985
2005-09-01,15.064935064935064
2005-09-02,13.506493506493506
2005-09-06,16.883116883116884
2005-09-07,18.7012987012987
2005-09-08,16.103896103896105
2005-09-09,17.92207792207792
2005-09-12,18.441558441558442
2005-09-13,16.623376623376622
2005-09-14,12.727272727272727
2005-09-15,11.168831168831169
2005-09-16,14.285714285714285
2005-09-19,13.766233766233766
2005-09-20,13.766233766233766
2005-09-21,11.428571428571429
2005-09-22,8.831168831168831
2005-09-23,9.35064935064935
2005-09-26,10.129870129870131
2005-09-27,8.831168831168831
2005-09-28,10.38961038961039
2005-09-29,12.727272727272727
2005-09-30,12.987012987012985
2005-10-03,15.544041450777202
2005-10-04,15.544041450777202
2005-10-05,9.067357512953368
2005-10-06,6.7357512953367875
2005-10-07,5.181347150259067
2005-10-10,4.145077720207254
2005-10-11,3.1088082901554404
2005-10-12,2.33160621761658
2005-10-13,3.1088082901554404
2005-10-14,6.476683937823833
2005-10-17,5.4404145077720205
2005-10-18,5.181347150259067
2005-10-19,8.549222797927461
2005-10-20,8.290155440414509
2005-10-21,7.512953367875648
2005-10-24,12.435233160621761
2005-10-25,11.917098445595855
2005-10-26,11.398963730569948
2005-10-27,8.031088082901555
2005-10-28,9.844559585492227
2005-10-31,13.730569948186528
2005-11-01,13.21243523316062
2005-11-02,19.689119170984455
2005-11-03,21.761658031088082
2005-11-04,20.984455958549223
2005-11-07,19.4300518134715
2005-11-08,18.134715025906736
2005-11-09,20.466321243523318
2005-11-10,24.870466321243523
2005-11-11,23.57512953367876
2005-11-14,20.984455958549223
2005-11-15,17.098445595854923
2005-11-16,15.544041450777202
2005-11-17,22.020725388601036
2005-11-18,24.870466321243523
2005-11-21,24.61139896373057
2005-11-22,25.647668393782386
2005-11-23,26.42487046632124
2005-11-25,22.279792746113987
2005-11-28,18.393782383419687
2005-11-29,18.393782383419687
2005-11-30,13.21243523316062
2005-12-01,19.94818652849741
2005-12-02,17.875647668393782
2005-12-05,14.987080103359174
2005-12-06,17.31266149870801
2005-12-07,12.661498708010335
2005-12-08,11.627906976744185
2005-12-09,12.144702842377262
2005-12-12,11.369509043927648
2005-12-13,9.560723514211885
2005-12-14,11.369509043927648
2005-12-15,8.785529715762273
2005-12-16,8.785529715762273
2005-12-19,7.493540051679587
2005-12-20,6.2015503875969
2005-12-21,7.751937984496124
2005-12-22,8.527131782945736
2005-12-23,9.043927648578812
2005-12-27,7.751937984496124
2005-12-28,6.976744186046512
2005-12-29,6.459948320413436
2005-12-30,4.909560723514212
2006-01-03,10.852713178294573
2006-01-04,12.661498708010335
2006-01-05,12.661498708010335
2006-01-06,16.020671834625322
2006-01-09,19.896640826873384
2006-01-10,20.103092783505154
2006-01-11,19.072164948453608
2006-01-12,16.752577319587626
2006-01-13,15.979381443298967
2006-01-17,12.371134020618557
2006-01-18,12.371134020618557
2006-01-19,15.979381443298967
2006-01-20,12.11340206185567
2006-01-23,9.536082474226804
2006-01-24,16.752577319587626
2006-01-25,16.49484536082474
2006-01-26,19.587628865979383
2006-01-27,25.0
2006-01-30,22.422680412371136
2006-01-31,21.391752577319586
2006-02-01,22.938144329896907
2006-02-02,20.103092783505154
2006-02-03,17.525773195876287
2006-02-06,18.04123711340206
2006-02-07,15.979381443298967
2006-02-08,15.721649484536082
2006-02-09,16.49484536082474
2006-02-10,14.175257731958762
2006-02-13,10.282776349614396
2006-02-14,17.480719794344473
2006-02-15,15.167095115681233
2006-02-16,17.223650385604113
2006-02-17,15.938303341902312
2006-02-21,14.910025706940875
2006-02-22,18.50899742930591
2006-02-23,16.153846153846153
2006-02-24,15.897435897435896
2006-02-27,18.974358974358974
2006-02-28,15.128205128205128
2006-03-01,15.897435897435896
2006-03-02,13.846153846153847
2006-03-03,13.846153846153847
2006-03-06,10.76923076923077
2006-03-07,7.948717948717948
2006-03-08,6.41025641025641
2006-03-09,7.6923076923076925
2006-03-10,9.230769230769232
2006-03-13,11.794871794871794
2006-03-14,13.58974358974359
2006-03-15,17.435897435897434
2006-03-16,19.743589743589745
2006-03-17,20.256410256410255
2006-03-20,18.461538461538463
2006-03-21,14.871794871794872
2006-03-22,14.102564102564102
2006-03-23,11.794871794871794
2006-03-24,12.564102564102564
2006-03-27,10.256410256410255
2006-03-28,10.256410256410255
2006-03-29,13.333333333333334
2006-03-30,12.82051282051282
2006-03-31,13.299232736572892
2006-04-03,13.043478260869565
2006-04-04,11.76470588235294
2006-04-05,13.043478260869565
2006-04-06,12.020460358056265
2006-04-07,10.485933503836318
2006-04-10,6.649616368286446
2006-04-11,5.88235294117647
2006-04-12,6.3938618925831205
2006-04-13,5.115089514066496
2006-04-17,5.3708439897698215
2006-04-18,14.578005115089516
2006-04-19,15.856777493606138
2006-04-20,18.925831202046037
2006-04-21,17.135549872122763
2006-04-24,15.601023017902813
2006-04-25,12.27621483375959
2006-04-26,14.066496163682865
2006-04-27,14.322250639386189
2006-04-28,13.299232736572892
2006-05-01,10.997442455242968
2006-05-02,11.76470588235294
2006-05-03,10.230179028132993
2006-05-04,14.066496163682865
2006-05-05,16.36828644501279
2006-05-08,15.34526854219949
2006-05-09,14.066496163682865
2006-05-10,12.787723785166241
2006-05-11,9.974424552429667
2006-05-12,5.88235294117647
2006-05-15,5.3708439897698215
2006-05-16,4.859335038363171
2006-05-17,4.3478260869565215
2006-05-18,3.8363171355498724
2006-05-19,2.557544757033248
2006-05-22,2.3017902813299234
2006-05-23,1.7902813299232736
2006-05-24,1.278772378516624
2006-05-25,2.3017902813299234
2006-05-26,2.3017902813299234
2006-05-30,2.813299232736573
2006-05-31,2.0460358056265986
2006-06-01,3.580562659846547
2006-06-02,5.3708439897698215
2006-06-05,2.0460358056265986
2006-06-06,1.7902813299232736
2006-06-07,2.0460358056265986
2006-06-08,1.0230179028132993
2006-06-09,0.7672634271099744
2006-06-12,0.7672634271099744
2006-06-13,0.5102040816326531
2006-06-14,0.25510204081632654
2006-06-15,3.061224489795918
2006-06-16,1.7857142857142856
2006-06-19,1.7857142857142856
2006-06-20,1.530612244897959
2006-06-21,4.081632653061225
2006-06-22,3.571428571428571
2006-06-23,5.357142857142857
2006-06-26,3.826530612244898
2006-06-27,4.336734693877551
2006-06-28,2.806122448979592
2006-06-29,14.030612244897958
2006-06-30,14.030612244897958
2006-07-03,13.010204081632654
2006-07-05,9.183673469387756
2006-07-06,9.948979591836734
2006-07-07,7.653061224489796
2006-07-10,6.122448979591836
2006-07-11,6.377551020408164
2006-07-12,6.377551020408164
2006-07-13,4.081632653061225
2006-07-14,2.806122448979592
2006-07-17,2.0408163265306123
2006-07-18,3.061224489795918
2006-07-19,10.714285714285714
2006-07-20,10.204081632653061
2006-07-21,7.3979591836734695
2006-07-24,11.479591836734695
2006-07-25,15.306122448979592
2006-07-26,18.877551020408163
2006-07-27,16.581632653061224
2006-07-28,16.581632653061224
2006-07-31,13.77551020408163
2006-08-01,11.479591836734695
2006-08-02,15.561224489795919
2006-08-03,19.387755102040817
2006-08-04,19.897959183673468
2006-08-07,14.285714285714285
2006-08-08,12.755102040816327
2006-08-09,10.459183673469388
2006-08-10,9.183673469387756
2006-08-11,8.16326530612245
2006-08-14,7.908163265306123
2006-08-15,10.714285714285714
2006-08-16,17.602040816326532
2006-08-17,17.346938775510203
2006-08-18,14.540816326530612
2006-08-21,11.73469387755102
2006-08-22,11.73469387755102
2006-08-23,9.948979591836734
2006-08-24,9.183673469387756
2006-08-25,8.673469387755102
2006-08-28,10.204081632653061
2006-08-29,12.244897959183673
2006-08-30,11.479591836734695
2006-08-31,13.26530612244898
2006-09-01,13.520408163265307
2006-09-05,11.989795918367346
2006-09-06,9.183673469387756
2006-09-07,7.653061224489796
2006-09-08,7.908163265306123
2006-09-11,11.989795918367346
2006-09-12,21.1734693877551
2006-09-13,19.642857142857142
2006-09-14,15.816326530612246
2006-09-15,19.387755102040817
2006-09-18,16.071428571428573
2006-09-19,11.479591836734695
2006-09-20,17.346938775510203
2006-09-21,13.010204081632654
2006-09-22,10.204081632653061
2006-09-25,15.051020408163266
2006-09-26,15.561224489795919
2006-09-27,14.030612244897958
2006-09-28,13.26530612244898
2006-09-29,12.755102040816327
2006-10-02,9.693877551020408
2006-10-03,9.948979591836734
2006-10-04,15.051020408163266
2006-10-05,16.3265306122449
2006-10-06,13.010204081632654
2006-10-09,13.26530612244898
2006-10-10,15.306122448979592
2006-10-11,13.010204081632654
2006-10-12,16.3265306122449
2006-10-13,18.367346938775512
2006-10-16,21.93877551020408
2006-10-17,18.622448979591837
2006-10-18,19.387755102040817
2006-10-19,18.367346938775512
2006-10-20,15.306122448979592
2006-10-23,19.897959183673468
2006-10-24,17.602040816326532
2006-10-25,20.153061224489797
2006-10-26,23.46938775510204
2006-10-27,20.153061224489797
2006-10-30,19.897959183673468
2006-10-31,17.091836734693878
2006-11-01,14.795918367346939
2006-11-02,12.977099236641221
2006-11-03,11.450381679389313
2006-11-06,14.50381679389313
2006-11-07,17.557251908396946
2006-11-08,19.083969465648856
2006-11-09,16.030534351145036
2006-11-10,16.28498727735369
2006-11-13,17.048346055979643
2006-11-14,17.8117048346056
2006-11-15,18.829516539440203
2006-11-16,17.8117048346056
2006-11-17,15.012722646310433
2006-11-20,17.8117048346056
2006-11-21,19.083969465648856
2006-11-22,18.575063613231553
2006-11-24,15.776081424936386
2006-11-27,9.669211195928753
2006-11-28,7.37913486005089
2006-11-29,11.959287531806616
2006-11-30,14.50381679389313
2006-12-01,11.704834605597965
2006-12-04,14.50381679389313
2006-12-05,17.302798982188293
2006-12-06,15.48223350253807
2006-12-07,14.467005076142131
2006-12-08,12.690355329949238
2006-12-11,12.436548223350254
2006-12-12,11.928934010152284
2006-12-13,10.406091370558377
2006-12-14,14.467005076142131
2006-12-15,13.705583756345177
2006-12-18,9.898477157360407
2006-12-19,7.1065989847715745
2006-12-20,9.137055837563452
2006-12-21,7.3604060913705585
2006-12-22,6.091370558375635
2006-12-26,5.0761421319796955
2006-12-27,6.345177664974619
2006-12-28,4.822335025380711
2006-12-29,4.060913705583756
2007-01-03,11.421319796954315
2007-01-04,9.137055837563452
2007-01-05,5.583756345177665
2007-01-08,5.83756345177665
2007-01-09,7.3604060913705585
2007-01-10,8.883248730964468
2007-01-11,12.18274111675127
2007-01-12,12.436548223350254
2007-01-16,15.736040609137056
2007-01-17,15.48223350253807
2007-01-18,12.436548223350254
2007-01-19,11.6751269035533
2007-01-22,9.137055837563452
2007-01-23,10.913705583756345
2007-01-24,15.989847715736042
2007-01-25,14.974619289340103
2007-01-26,13.451776649746192
2007-01-29,14.467005076142131
2007-01-30,16.243654822335024
2007-01-31,21.065989847715734
2007-02-01,26.903553299492383
2007-02-02,26.649746192893403
2007-02-05,24.36548223350254
2007-02-06,24.61928934010152
2007-02-07,24.111675126903553
2007-02-08,25.12690355329949
2007-02-09,18.781725888324875
2007-02-12,15.989847715736042
2007-02-13,18.781725888324875
2007-02-14,26.39593908629442
2007-02-15,23.85786802030457
2007-02-16,22.588832487309645
2007-02-20,23.85786802030457
2007-02-21,21.82741116751269
2007-02-22,22.081218274111674
2007-02-23,20.304568527918782
2007-02-26,20.304568527918782
2007-02-27,10.406091370558377
2007-02-28,7.868020304568528
2007-03-01,4.568527918781726
2007-03-02,4.314720812182741
2007-03-05,2.5380710659898478
2007-03-06,2.284263959390863
2007-03-07,3.0456852791878175
2007-03-08,2.7918781725888326
2007-03-09,3.807106598984772
2007-03-12,3.5532994923857872
2007-03-13,3.2994923857868024
2007-03-14,2.284263959390863
2007-03-15,2.7918781725888326
2007-03-16,1.7766497461928936
2007-03-19,2.284263959390863
2007-03-20,4.060913705583756
2007-03-21,10.406091370558377
2007-03-22,10.152284263959391
2007-03-23,9.898477157360407
2007-03-26,8.121827411167512
2007-03-27,7.614213197969544
2007-03-28,5.32994923857868
2007-03-29,6.345177664974619
2007-03-30,5.0761421319796955
2007-04-02,5.83756345177665
2007-04-03,7.868020304568528
2007-04-04,6.598984771573605
2007-04-05,8.629441624365482
2007-04-09,12.690355329949238
2007-04-10,11.89873417721519
2007-04-11,11.39240506329114
2007-04-12,10.379746835443038
2007-04-13,12.40506329113924
2007-04-16,19.240506329113924
2007-04-17,17.929292929292927
2007-04-18,17.67676767676768
2007-04-19,17.67676767676768
2007-04-20,24.242424242424242
2007-04-23,25.757575757575758
2007-04-24,23.98989898989899
2007-04-25,27.02020202020202
2007-04-26,28.535353535353536
2007-04-27,27.77777777777778
2007-04-30,24.242424242424242
2007-05-01,19.19191919191919
2007-05-02,24.747474747474747
2007-05-03,24.242424242424242
2007-05-04,24.494949494949495
2007-05-07,24.43324937027708
2007-05-08,22.418136020151135
2007-05-09,24.43324937027708
2007-05-10,19.899244332493705
2007-05-11,16.876574307304786
2007-05-14,15.869017632241814
2007-05-15,16.3727959697733
2007-05-16,16.624685138539043
2007-05-17,16.120906801007557
2007-05-18,15.113350125944585
2007-05-21,16.582914572864322
2007-05-22,19.298245614035086
2007-05-23,19.047619047619047
2007-05-24,14.285714285714285
2007-05-25,12.030075187969924
2007-05-29,11.779448621553884
2007-05-30,15.288220551378446
2007-05-31,17.042606516290725
2007-06-01,15.75
2007-06-04,16.75
2007-06-05,15.0
2007-06-06,10.0
2007-06-07,8.25
2007-06-08,6.25
2007-06-11,8.25
2007-06-12,7.249999999999999
2007-06-13,8.75
2007-06-14,9.0
2007-06-15,11.25
2007-06-18,11.0
2007-06-19,11.25
2007-06-20,10.75
2007-06-21,10.0
2007-06-22,8.0
2007-06-25,7.75
2007-06-26,6.75
2007-06-27,7.249999999999999
2007-06-28,8.5
2007-06-29,7.5
2007-07-02,7.98004987531172
2007-07-03,6.982543640897755
2007-07-05,8.728179551122196
2007-07-06,8.728179551122196
2007-07-09,13.715710723192021
2007-07-10,10.224438902743142
2007-07-11,8.208955223880597
2007-07-12,18.65671641791045
2007-07-13,19.402985074626866
2007-07-16,18.1592039800995
2007-07-17,18.90547263681592
2007-07-18,16.169154228855724
2007-07-19,18.407960199004975
2007-07-20,12.935323383084576
2007-07-23,11.194029850746269
2007-07-24,9.950248756218906
2007-07-25,8.955223880597014
2007-07-26,7.711442786069651
2007-07-27,5.472636815920398
2007-07-30,6.467661691542288
2007-07-31,7.213930348258707
2007-08-01,5.721393034825871
2007-08-02,5.223880597014925
2007-08-03,5.721393034825871
2007-08-06,4.975124378109453
2007-08-07,6.467661691542288
2007-08-08,12.189054726368159
2007-08-09,10.44776119402985
2007-08-10,5.721393034825871
2007-08-13,3.9800995024875623
2007-08-14,1.9851116625310175
2007-08-15,0.9925558312655087
2007-08-16,1.488833746898263
2007-08-17,5.459057071960298
2007-08-20,4.962779156327544
2007-08-21,4.218362282878412
2007-08-22,4.218362282878412
2007-08-23,3.4739454094292808
2007-08-24,3.4739454094292808
2007-08-27,2.481389578163772
2007-08-28,2.2332506203473943
2007-08-29,3.225806451612903
2007-08-30,3.4739454094292808
2007-08-31,4.466501240694789
2007-09-04,4.714640198511166
2007-09-05,3.225806451612903
2007-09-06,3.4739454094292808
2007-09-07,3.225806451612903
2007-09-10,2.481389578163772
2007-09-11,4.962779156327544
2007-09-12,5.707196029776675
2007-09-13,5.459057071960298
2007-09-14,4.218362282878412
2007-09-17,3.4739454094292808
2007-09-18,13.647642679900745
2007-09-19,11.662531017369728
2007-09-20,9.925558312655088
2007-09-21,10.918114143920596
2007-09-24,10.669975186104217
2007-09-25,11.41439205955335
2007-09-26,12.655086848635236
2007-09-27,13.151364764267989
2007-09-28,10.918114143920596
2007-10-01,18.11414392059553
2007-10-02,13.151364764267989
2007-10-03,12.40694789081886
2007-10-04,12.903225806451612
2007-10-05,17.866004962779154
2007-10-08,18.858560794044664
2007-10-09,19.35483870967742
2007-10-10,16.62531017369727
2007-10-11,17.3697270471464
2007-10-12,13.647642679900745
2007-10-15,10.669975186104217
2007-10-16,9.67741935483871
2007-10-17,8.188585607940446
2007-10-18,8.188585607940446
2007-10-19,4.962779156327544
2007-10-22,5.2109181141439205
2007-10-23,10.173697270471465
2007-10-24,7.444168734491314
2007-10-25,8.188585607940446
2007-10-26,7.6923076923076925
2007-10-29,8.6848635235732
2007-10-30,8.188585607940446
2007-10-31,11.662531017369728
2007-11-01,8.436724565756824
2007-11-02,7.444168734491314
2007-11-05,8.933002481389577
2007-11-06,8.6848635235732
2007-11-07,6.451612903225806
2007-11-08,6.451612903225806
2007-11-09,6.20347394540943
2007-11-12,4.702970297029703
2007-11-13,4.9504950495049505
2007-11-14,3.7128712871287126
2007-11-15,3.217821782178218
2007-11-16,3.9603960396039604
2007-11-19,2.4752475247524752
2007-11-20,2.9702970297029703
2007-11-21,1.4851485148514851
2007-11-23,1.2376237623762376
2007-11-26,1.7326732673267329
2007-11-27,2.2277227722772275
2007-11-28,6.683168316831684
2007-11-29,5.198019801980198
2007-11-30,6.683168316831684
2007-12-03,4.207920792079208
2007-12-04,4.444444444444445
2007-12-05,7.160493827160494
2007-12-06,11.851851851851853
2007-12-07,11.358024691358025
2007-12-10,13.086419753086421
2007-12-11,8.395061728395062
2007-12-12,4.938271604938271
2007-12-13,2.9629629629629632
2007-12-14,2.2222222222222223
2007-12-17,0.9876543209876543
2007-12-18,0.49382716049382713
2007-12-19,1.2345679012345678
2007-12-20,1.728395061728395
2007-12-21,5.9259259259259265
2007-12-24,5.185185185185185
2007-12-26,2.9629629629629632
2007-12-27,1.4814814814814816
2007-12-28,1.728395061728395
2007-12-31,0.9876543209876543
2008-01-02,0.9876543209876543
2008-01-03,1.9753086419753085
2008-01-04,0.7407407407407408
2008-01-07,0.9876543209876543
2008-01-08,2.4691358024691357
2008-01-09,2.4691358024691357
2008-01-10,3.45679012345679
2008-01-11,2.4691358024691357
2008-01-14,2.4691358024691357
2008-01-15,0.9876543209876543
2008-01-16,1.9753086419753085
2008-01-17,0.9876543209876543
2008-01-18,0.49382716049382713
2008-01-22,0.49382716049382713
2008-01-23,3.45679012345679
2008-01-24,3.7037037037037033
2008-01-25,3.7037037037037033
2008-01-28,2.7160493827160495
2008-01-29,4.691358024691358
2008-01-30,4.691358024691358
2008-01-31,5.432098765432099
2008-02-01,5.679012345679013
2008-02-04,4.444444444444445
2008-02-05,3.2098765432098766
2008-02-06,1.2345679012345678
2008-02-07,2.9629629629629632
2008-02-08,1.9753086419753085
2008-02-11,1.728395061728395
2008-02-12,2.4691358024691357
2008-02-13,2.4691358024691357
2008-02-14,2.2222222222222223
2008-02-15,2.2222222222222223
2008-02-19,3.950617283950617
2008-02-20,4.444444444444445
2008-02-21,3.950617283950617
2008-02-22,2.4691358024691357
2008-02-25,3.45679012345679
2008-02-26,6.666666666666667
2008-02-27,5.9259259259259265
2008-02-28,5.679012345679013
2008-02-29,4.444444444444445
2008-03-03,3.2098765432098766
2008-03-04,1.728395061728395
2008-03-05,1.728395061728395
2008-03-06,1.4814814814814816
2008-03-07,0.9876543209876543
2008-03-10,1.2345679012345678
2008-03-11,1.728395061728395
2008-03-12,2.2222222222222223
2008-03-13,1.9753086419753085
2008-03-14,0.9876543209876543
2008-03-17,0.49382716049382713
2008-03-18,2.9629629629629632
2008-03-19,1.728395061728395
2008-03-20,2.9629629629629632
2008-03-24,7.654320987654321
2008-03-25,6.419753086419753
2008-03-26,3.2098765432098766
2008-03-27,3.2098765432098766
2008-03-28,2.9629629629629632
2008-03-31,2.9629629629629632
2008-04-01,11.11111111111111
2008-04-02,9.876543209876543
2008-04-03,10.098522167487685
2008-04-04,9.35960591133005
2008-04-07,9.090909090909092
2008-04-08,6.142506142506143
2008-04-09,3.6855036855036856
2008-04-10,4.668304668304668
2008-04-11,2.457002457002457
2008-04-14,2.7027027027027026
2008-04-15,1.4742014742014742
2008-04-16,12.285012285012286
2008-04-17,6.6339066339066335
2008-04-18,19.164619164619165
2008-04-21,13.75921375921376
2008-04-22,11.056511056511056
2008-04-23,14.496314496314497
2008-04-24,18.42751842751843
2008-04-25,15.233415233415235
2008-04-28,14.250614250614252
2008-04-29,12.776412776412776
2008-04-30,14.496314496314497
2008-05-01,17.1990171990172
2008-05-02,17.444717444717444
2008-05-05,12.530712530712531
2008-05-06,13.022113022113022
2008-05-07,11.547911547911548
2008-05-08,9.582309582309582
2008-05-09,9.558823529411764
2008-05-12,10.784313725490197
2008-05-13,11.27450980392157
2008-05-14,14.460784313725492
2008-05-15,13.480392156862745
2008-05-16,12.745098039215685
2008-05-19,13.480392156862745
2008-05-20,10.784313725490197
2008-05-21,8.57843137254902
2008-05-22,7.598039215686274
2008-05-23,5.623471882640587
2008-05-27,6.356968215158925
2008-05-28,8.312958435207824
2008-05-29,11.98044009779951
2008-05-30,8.557457212713937
2008-06-02,6.601466992665037
2008-06-03,4.88997555012225
2008-06-04,7.090464547677261
2008-06-05,10.268948655256724
2008-06-06,6.601466992665037
2008-06-09,2.689486552567237
2008-06-10,2.444987775061125
2008-06-11,2.2004889975550124
2008-06-12,2.444987775061125
2008-06-13,2.689486552567237
2008-06-16,2.689486552567237
2008-06-17,2.93398533007335
2008-06-18,1.2224938875305624
2008-06-19,1.7114914425427872
2008-06-20,1.466992665036675
2008-06-23,0.9779951100244498
2008-06-24,0.7334963325183375
2008-06-25,1.466992665036675
2008-06-26,0.7334963325183375
2008-06-27,0.7334963325183375
2008-06-30,0.9779951100244498
2008-07-01,1.7114914425427872
2008-07-02,1.2224938875305624
2008-07-03,1.466992665036675
2008-07-07,1.7114914425427872
2008-07-08,2.2004889975550124
2008-07-09,2.689486552567237
2008-07-10,1.466992665036675
2008-07-11,1.466992665036675
2008-07-14,0.9779951100244498
2008-07-15,1.466992665036675
2008-07-16,2.689486552567237
2008-07-17,5.623471882640587
2008-07-18,5.378973105134474
2008-07-21,5.623471882640587
2008-07-22,7.579462102689487
2008-07-23,10.024449877750612
2008-07-24,8.312958435207824
2008-07-25,7.317073170731707
2008-07-28,6.585365853658537
2008-07-29,7.804878048780488
2008-07-30,8.292682926829269
2008-07-31,8.536585365853659
2008-08-01,6.829268292682928
2008-08-04,5.609756097560976
2008-08-05,10.975609756097562
2008-08-06,12.195121951219512
2008-08-07,8.292682926829269
2008-08-08,14.878048780487804
2008-08-11,19.024390243902438
2008-08-12,14.390243902439023
2008-08-13,10.975609756097562
2008-08-14,12.439024390243903
2008-08-15,12.926829268292684
2008-08-18,9.75609756097561
2008-08-19,6.585365853658537
2008-08-20,5.365853658536586
2008-08-21,5.365853658536586
2008-08-22,5.365853658536586
2008-08-25,4.146341463414634
2008-08-26,2.682926829268293
2008-08-27,3.6585365853658534
2008-08-28,6.585365853658537
2008-08-29,4.878048780487805
2008-09-02,13.902439024390246
2008-09-03,8.536585365853659
2008-09-04,6.829268292682928
2008-09-05,3.6585365853658534
2008-09-08,20.0
2008-09-09,14.878048780487804
2008-09-10,6.585365853658537
2008-09-11,7.073170731707316
2008-09-12,6.341463414634147
2008-09-15,3.414634146341464
2008-09-16,3.414634146341464
2008-09-17,0.975609756097561
2008-09-18,7.804878048780488
2008-09-19,21.463414634146343
2008-09-22,13.902439024390246
2008-09-23,10.975609756097562
2008-09-24,8.048780487804878
2008-09-25,7.804878048780488
2008-09-26,7.073170731707316
2008-09-29,2.195121951219512
2008-09-30,1.2195121951219512
2008-10-01,1.4634146341463417
2008-10-02,0.4878048780487805
2008-10-03,0.4878048780487805
2008-10-06,0.24390243902439024
2008-10-07,0.0
2008-10-08,0.24390243902439024
2008-10-09,0.24390243902439024
2008-10-10,0.7317073170731708
2008-10-13,1.2195121951219512
2008-10-14,1.707317073170732
2008-10-15,0.975609756097561
2008-10-16,0.4878048780487805
2008-10-17,0.7317073170731708
2008-10-20,0.975609756097561
2008-10-21,1.2195121951219512
2008-10-22,0.7317073170731708
2008-10-23,0.24390243902439024
2008-10-24,0.24390243902439024
2008-10-27,0.0
2008-10-28,0.4878048780487805
2008-10-29,0.975609756097561
2008-10-30,1.4634146341463417
2008-10-31,1.951219512195122
2008-11-03,1.2195121951219512
2008-11-04,1.4634146341463417
2008-11-05,0.4878048780487805
2008-11-06,0.4878048780487805
2008-11-07,0.4878048780487805
2008-11-10,0.4878048780487805
2008-11-11,0.4878048780487805
2008-11-12,0.0
2008-11-13,0.975609756097561
2008-11-14,0.24390243902439024
2008-11-17,0.24390243902439024
2008-11-18,0.0
2008-11-19,0.0
2008-11-20,0.0
2008-11-21,0.0
2008-11-24,0.24390243902439024
2008-11-25,0.0
2008-11-26,0.24390243902439024
2008-11-28,0.0
2008-12-01,0.0
2008-12-02,0.0
2008-12-03,0.24390243902439024
2008-12-04,1.707317073170732
2008-12-05,1.4634146341463417
2008-12-08,2.195121951219512
2008-12-09,2.682926829268293
2008-12-10,1.951219512195122
2008-12-11,0.975609756097561
2008-12-12,0.7317073170731708
2008-12-15,0.975609756097561
2008-12-16,1.2195121951219512
2008-12-17,1.707317073170732
2008-12-18,1.4634146341463417
2008-12-19,1.2195121951219512
2008-12-22,0.975609756097561
2008-12-23,0.4878048780487805
2008-12-24,0.24390243902439024
2008-12-26,0.4878048780487805
2008-12-29,0.4878048780487805
2008-12-30,1.2195121951219512
2008-12-31,2.4390243902439024
2009-01-02,5.121951219512195
2009-01-05,6.585365853658537
2009-01-06,10.731707317073171
2009-01-07,5.853658536585367
2009-01-08,4.146341463414634
2009-01-09,4.146341463414634
2009-01-12,2.4390243902439024
2009-01-13,2.195121951219512
2009-01-14,1.4634146341463417
2009-01-15,1.4634146341463417
2009-01-16,1.2195121951219512
2009-01-20,0.4878048780487805
2009-01-21,0.4878048780487805
2009-01-22,0.7317073170731708
2009-01-23,0.4878048780487805
2009-01-26,1.4634146341463417
2009-01-27,1.2195121951219512
2009-01-28,4.878048780487805
2009-01-29,2.682926829268293
2009-01-30,1.707317073170732
2009-02-02,1.2195121951219512
2009-02-03,2.682926829268293
2009-02-04,2.9268292682926833
2009-02-05,4.878048780487805
2009-02-06,5.609756097560976
2009-02-09,4.878048780487805
2009-02-10,2.682926829268293
2009-02-11,1.707317073170732
2009-02-12,2.195121951219512
2009-02-13,1.707317073170732
2009-02-17,0.975609756097561
2009-02-18,1.2195121951219512
2009-02-19,1.707317073170732
2009-02-20,0.7317073170731708
2009-02-23,0.4878048780487805
2009-02-24,1.707317073170732
2009-02-25,1.951219512195122
2009-02-26,0.4878048780487805
2009-02-27,0.7317073170731708
2009-03-02,0.4878048780487805
2009-03-03,1.2195121951219512
2009-03-04,1.2195121951219512
2009-03-05,0.975609756097561
2009-03-06,0.24390243902439024
2009-03-09,0.24390243902439024
2009-03-10,1.4634146341463417
2009-03-11,1.707317073170732
2009-03-12,2.682926829268293
2009-03-13,1.4634146341463417
2009-03-16,2.9268292682926833
2009-03-17,1.951219512195122
2009-03-18,7.317073170731707
2009-03-19,5.609756097560976
2009-03-20,3.902439024390244
2009-03-23,8.780487804878048
2009-03-24,8.536585365853659
2009-03-25,7.560975609756097
2009-03-26,7.804878048780488
2009-03-27,7.073170731707316
2009-03-30,4.390243902439024
2009-03-31,5.609756097560976
2009-04-01,3.902439024390244
2009-04-02,18.536585365853657
2009-04-03,16.097560975609756
2009-04-06,10.24390243902439
2009-04-07,6.341463414634147
2009-04-08,7.317073170731707
2009-04-09,30.24390243902439
2009-04-13,25.365853658536587
2009-04-14,18.536585365853657
2009-04-15,13.658536585365855
2009-04-16,25.365853658536587
2009-04-17,25.609756097560975
2009-04-20,15.609756097560975
2009-04-21,11.219512195121952
2009-04-22,22.439024390243905
2009-04-23,17.560975609756095
2009-04-24,21.463414634146343
2009-04-27,19.26829268292683
2009-04-28,16.82926829268293
2009-04-29,22.195121951219512
2009-04-30,23.902439024390244
2009-05-01,22.195121951219512
2009-05-04,34.390243902439025
2009-05-05,31.21951219512195
2009-05-06,31.21951219512195
2009-05-07,24.878048780487806
2009-05-08,22.926829268292686
2009-05-11,18.048780487804876
2009-05-12,14.146341463414632
2009-05-13,8.780487804878048
2009-05-14,8.048780487804878
2009-05-15,6.829268292682928
2009-05-18,6.585365853658537
2009-05-19,7.804878048780488
2009-05-20,6.585365853658537
2009-05-21,3.1707317073170733
2009-05-22,4.634146341463414
2009-05-26,8.780487804878048
2009-05-27,6.585365853658537
2009-05-28,3.414634146341464
2009-05-29,3.6585365853658534
2009-06-01,21.463414634146343
2009-06-02,19.51219512195122
2009-06-03,11.951219512195122
2009-06-04,13.414634146341465
2009-06-05,12.439024390243903
2009-06-08,9.024390243902438
2009-06-09,9.024390243902438
2009-06-10,8.536585365853659
2009-06-11,10.731707317073171
2009-06-12,6.585365853658537
2009-06-15,4.634146341463414
2009-06-16,2.9268292682926833
2009-06-17,2.195121951219512
2009-06-18,4.390243902439024
2009-06-19,5.365853658536586
2009-06-22,3.414634146341464
2009-06-23,2.195121951219512
2009-06-24,2.682926829268293
2009-06-25,5.365853658536586
2009-06-26,5.365853658536586
2009-06-29,5.853658536585367
2009-06-30,6.097560975609756
2009-07-01,5.609756097560976
2009-07-02,3.6585365853658534
2009-07-06,1.951219512195122
2009-07-07,2.4390243902439024
2009-07-08,2.195121951219512
2009-07-09,1.951219512195122
2009-07-10,1.707317073170732
2009-07-13,2.9268292682926833
2009-07-14,2.682926829268293
2009-07-15,12.926829268292684
2009-07-16,12.926829268292684
2009-07-17,10.24390243902439
2009-07-20,17.073170731707318
2009-07-21,16.82926829268293
2009-07-22,16.34146341463415
2009-07-23,36.34146341463415
2009-07-24,31.70731707317073
2009-07-27,27.073170731707318
2009-07-28,23.170731707317074
2009-07-29,19.75609756097561
2009-07-30,34.146341463414636
2009-07-31,26.34146341463415
2009-08-03,28.04878048780488
2009-08-04,30.975609756097562
2009-08-05,26.585365853658537
2009-08-06,24.878048780487806
2009-08-07,33.90243902439025
2009-08-10,28.536585365853657
2009-08-11,21.70731707317073
2009-08-12,25.853658536585368
2009-08-13,22.926829268292686
2009-08-14,16.585365853658537
2009-08-17,9.75609756097561
2009-08-18,10.24390243902439
2009-08-19,10.731707317073171
2009-08-20,13.414634146341465
2009-08-21,23.414634146341466
2009-08-24,21.654501216545015
2009-08-25,19.22141119221411
2009-08-26,15.328467153284672
2009-08-27,12.165450121654501
2009-08-28,13.138686131386862
2009-08-31,8.02919708029197
2009-09-01,6.81265206812652
2009-09-02,4.866180048661801
2009-09-03,5.109489051094891
2009-09-04,9.975669099756692
2009-09-08,12.652068126520682
2009-09-09,18.491484184914842
2009-09-10,20.92457420924574
2009-09-11,20.92457420924574
2009-09-14,18.004866180048662
2009-09-15,21.897810218978105
2009-09-16,32.846715328467155
2009-09-17,30.170316301703163
2009-09-18,25.790754257907544
2009-09-21,22.871046228710462
2009-09-22,22.62773722627737
2009-09-23,21.897810218978105
2009-09-24,10.70559610705596
2009-09-25,7.0559610705596105
2009-09-28,11.678832116788321
2009-09-29,9.732360097323602
2009-09-30,8.27250608272506
2009-10-01,5.109489051094891
2009-10-02,3.64963503649635
2009-10-05,4.37956204379562
2009-10-06,6.81265206812652
2009-10-07,6.326034063260341
2009-10-08,10.948905109489052
2009-10-09,10.70559610705596
2009-10-12,14.111922141119221
2009-10-13,9.245742092457421
2009-10-14,18.491484184914842
2009-10-15,19.464720194647203
2009-10-16,16.05839416058394
2009-10-19,19.464720194647203
2009-10-20,14.5985401459854
2009-10-21,15.571776155717762
2009-10-22,13.381995133819952
2009-10-23,11.407766990291263
2009-10-26,7.524271844660194
2009-10-27,5.339805825242718
2009-10-28,3.3980582524271843
2009-10-29,4.12621359223301
2009-10-30,3.8834951456310676
2009-11-02,4.12621359223301
2009-11-03,4.12621359223301
2009-11-04,5.825242718446602
2009-11-05,6.553398058252427
2009-11-06,7.038834951456311
2009-11-09,9.951456310679612
2009-11-10,8.25242718446602
2009-11-11,9.951456310679612
2009-11-12,6.796116504854369
2009-11-13,6.067961165048544
2009-11-16,13.349514563106796
2009-11-17,10.679611650485436
2009-11-18,9.70873786407767
2009-11-19,5.582524271844661
2009-11-20,4.611650485436893
2009-11-23,11.407766990291263
2009-11-24,9.951456310679612
2009-11-25,12.37864077669903
2009-11-27,4.368932038834951
2009-11-30,2.912621359223301
2009-12-01,10.679611650485436
2009-12-02,12.34866828087167
2009-12-03,13.317191283292978
2009-12-04,11.138014527845035
2009-12-07,8.937198067632849
2009-12-08,7.004830917874397
2009-12-09,4.1062801932367154
2009-12-10,7.487922705314009
2009-12-11,9.903381642512077
2009-12-14,10.869565217391305
2009-12-15,11.83574879227053
2009-12-16,11.11111111111111
2009-12-17,7.729468599033816
2009-12-18,7.971014492753622
2009-12-21,12.560386473429952
2009-12-22,11.594202898550725
2009-12-23,12.318840579710146
2009-12-24,12.077294685990339
2009-12-28,12.318840579710146
2009-12-29,9.178743961352657
2009-12-30,6.521739130434782
2009-12-31,3.864734299516908
2010-01-04,7.487922705314009
2010-01-05,10.869565217391305
2010-01-06,12.560386473429952
2010-01-07,17.391304347826086
2010-01-08,16.666666666666664
2010-01-11,18.357487922705314
2010-01-12,13.043478260869565
2010-01-13,13.526570048309178
2010-01-14,12.80193236714976
2010-01-15,11.352657004830919
2010-01-19,11.594202898550725
2010-01-20,10.144927536231885
2010-01-21,9.420289855072465
2010-01-22,5.301204819277109
2010-01-25,4.578313253012048
2010-01-26,3.614457831325301
2010-01-27,4.819277108433735
2010-01-28,4.096385542168675
2010-01-29,3.614457831325301
2010-02-01,3.132530120481928
2010-02-02,6.506024096385541
2010-02-03,7.228915662650602
2010-02-04,4.096385542168675
2010-02-05,2.891566265060241
2010-02-08,3.132530120481928
2010-02-09,4.578313253012048
2010-02-10,3.8554216867469884
2010-02-11,4.578313253012048
2010-02-12,4.096385542168675
2010-02-16,6.746987951807229
2010-02-17,6.746987951807229
2010-02-18,8.19277108433735
2010-02-19,12.289156626506024
2010-02-22,9.156626506024097
2010-02-23,6.024096385542169
2010-02-24,6.987951807228916
2010-02-25,5.783132530120482
2010-02-26,6.024096385542169
2010-03-01,13.734939759036143
2010-03-02,12.259615384615383
2010-03-03,10.817307692307693
2010-03-04,9.615384615384617
2010-03-05,17.307692307692307
2010-03-08,14.903846153846153
2010-03-09,15.865384615384615
2010-03-10,15.384615384615385
2010-03-11,14.423076923076922
2010-03-12,15.144230769230768
2010-03-15,12.259615384615383
2010-03-16,18.028846153846153
2010-03-17,24.759615384615387
2010-03-18,21.875
2010-03-19,18.990384615384613
2010-03-22,13.942307692307693
2010-03-23,14.663461538461538
2010-03-24,12.740384615384615
2010-03-25,15.384615384615385
2010-03-26,12.259615384615383
2010-03-29,11.538461538461538
2010-03-30,12.259615384615383
2010-03-31,9.85576923076923
2010-04-01,10.336538461538462
2010-04-05,16.346153846153847
2010-04-06,18.509615384615387
2010-04-07,14.663461538461538
2010-04-08,14.182692307692307
2010-04-09,14.423076923076922
2010-04-12,15.625
2010-04-13,16.826923076923077
2010-04-14,25.721153846153843
2010-04-15,24.278846153846153
2010-04-16,15.384615384615385
2010-04-19,11.298076923076923
2010-04-20,17.067307692307693
2010-04-21,16.105769230769234
2010-04-22,22.83653846153846
2010-04-23,25.48076923076923
2010-04-26,22.596153846153847
2010-04-27,15.144230769230768
2010-04-28,11.057692307692307
2010-04-29,20.192307692307693
2010-04-30,17.307692307692307
2010-05-03,13.942307692307693
2010-05-04,7.9326923076923075
2010-05-05,5.769230769230769
2010-05-06,1.6826923076923077
2010-05-07,1.201923076923077
2010-05-10,0.9615384615384616
2010-05-11,1.6826923076923077
2010-05-12,2.403846153846154
2010-05-13,2.403846153846154
2010-05-14,1.9184652278177456
2010-05-17,1.6786570743405276
2010-05-18,2.3980815347721824
2010-05-19,1.1990407673860912
2010-05-20,0.9592326139088728
2010-05-21,0.7194244604316548
2010-05-24,0.4796163069544364
2010-05-25,0.2398081534772182
2010-05-26,0.2398081534772182
2010-05-27,0.2398081534772182
2010-05-28,0.4796163069544364
2010-06-01,0.4796163069544364
2010-06-02,0.2398081534772182
2010-06-03,0.4796163069544364
2010-06-04,0.4796163069544364
2010-06-07,0.0
2010-06-08,0.2398081534772182
2010-06-09,0.4796163069544364
2010-06-10,0.0
2010-06-11,0.9592326139088728
2010-06-14,0.9592326139088728
2010-06-15,0.7194244604316548
2010-06-16,1.4388489208633095
2010-06-17,2.158273381294964
2010-06-18,2.158273381294964
2010-06-21,2.158273381294964
2010-06-22,1.6786570743405276
2010-06-23,1.1990407673860912
2010-06-24,1.4388489208633095
2010-06-25,1.9184652278177456
2010-06-28,1.1990407673860912
2010-06-29,0.4796163069544364
2010-06-30,0.4796163069544364
2010-07-01,0.4784688995215311
2010-07-02,0.23923444976076555
2010-07-06,0.7177033492822966
2010-07-07,1.4354066985645932
2010-07-08,1.9138755980861244
2010-07-09,2.3923444976076556
2010-07-12,1.9138755980861244
2010-07-13,4.30622009569378
2010-07-14,4.0669856459330145
2010-07-15,4.784688995215311
2010-07-16,1.9093078758949882
2010-07-19,1.431980906921241
2010-07-20,2.6252983293556085
2010-07-21,3.1026252983293556
2010-07-22,3.579952267303103
2010-07-23,5.011933174224343
2010-07-26,5.4892601431980905
2010-07-27,5.011933174224343
2010-07-28,3.8186157517899764
2010-07-29,3.579952267303103
2010-07-30,2.863961813842482
2010-08-02,5.714285714285714
2010-08-03,4.523809523809524
2010-08-04,5.476190476190476
2010-08-05,5.952380952380952
2010-08-06,6.190476190476191
2010-08-09,5.714285714285714
2010-08-10,5.0
2010-08-11,2.857142857142857
2010-08-12,1.6666666666666667
2010-08-13,2.380952380952381
2010-08-16,2.619047619047619
2010-08-17,5.0
2010-08-18,3.571428571428571
2010-08-19,2.380952380952381
2010-08-20,2.857142857142857
2010-08-23,3.3333333333333335
2010-08-24,1.9002375296912115
2010-08-25,2.137767220902613
2010-08-26,2.375296912114014
2010-08-27,2.375296912114014
2010-08-30,1.187648456057007
2010-08-31,1.4251781472684086
2010-09-01,4.750593824228028
2010-09-02,6.413301662707839
2010-09-03,8.551068883610451
2010-09-07,5.938242280285035
2010-09-08,9.263657957244655
2010-09-09,9.501187648456057
2010-09-10,9.026128266033254
2010-09-13,16.864608076009503
2010-09-14,16.152019002375297
2010-09-15,14.726840855106888
2010-09-16,13.064133016627078
2010-09-17,14.489311163895488
2010-09-20,23.51543942992874
2010-09-21,22.327790973871732
2010-09-22,15.914489311163896
2010-09-23,11.163895486935866
2010-09-24,15.914489311163896
2010-09-27,15.676959619952493
2010-09-28,14.251781472684085
2010-09-29,11.87648456057007
2010-09-30,14.964370546318289
2010-10-01,12.351543942992874
2010-10-04,6.88836104513064
2010-10-05,14.489311163895488
2010-10-06,10.21377672209026
2010-10-07,10.21377672209026
2010-10-08,10.688836104513063
2010-10-11,11.401425178147269
2010-10-12,10.688836104513063
2010-10-13,16.6270783847981
2010-10-14,11.63895486935867
2010-10-15,13.30166270783848
2010-10-18,11.63895486935867
2010-10-19,7.363420427553444
2010-10-20,9.263657957244655
2010-10-21,10.926365795724466
2010-10-22,9.73871733966746
2010-10-25,13.77672209026128
2010-10-26,12.351543942992874
2010-10-27,10.451306413301662
2010-10-28,12.589073634204276
2010-10-29,13.30166270783848
2010-11-01,13.539192399049881
2010-11-02,12.826603325415679
2010-11-03,10.688836104513063
2010-11-04,25.890736342042754
2010-11-05,27.315914489311165
2010-11-08,22.090261282660332
2010-11-09,19.47743467933492
2010-11-10,15.201900237529692
2010-11-11,12.114014251781473
2010-11-12,8.076009501187649
2010-11-15,6.65083135391924
2010-11-16,3.5629453681710213
2010-11-17,3.0878859857482186
2010-11-18,7.8384798099762465
2010-11-19,6.175771971496437
2010-11-22,7.8384798099762465
2010-11-23,6.65083135391924
2010-11-24,12.826603325415679
2010-11-26,9.97624703087886
2010-11-29,6.413301662707839
2010-11-30,7.1258907363420425
2010-12-01,15.914489311163896
2010-12-02,26.128266033254157
2010-12-03,23.27790973871734
2010-12-06,19.47743467933492
2010-12-07,24.407582938388625
2010-12-08,24.407582938388625
2010-12-09,22.985781990521325
2010-12-10,23.459715639810426
2010-12-13,24.881516587677723
2010-12-14,24.881516587677723
2010-12-15,22.274881516587676
2010-12-16,20.61611374407583
2010-12-17,22.985781990521325
2010-12-20,22.03791469194313
2010-12-21,24.407582938388625
2010-12-22,23.933649289099527
2010-12-23,20.56737588652482
2010-12-27,16.548463356973993
2010-12-28,13.947990543735225
2010-12-29,13.238770685579196
2010-12-30,11.347517730496454
2010-12-31,8.51063829787234
2011-01-03,23.349056603773587
2011-01-04,18.160377358490564
2011-01-05,16.745283018867923
2011-01-06,17.92452830188679
2011-01-07,15.330188679245282
2011-01-10,12.5
2011-01-11,12.971698113207546
2011-01-12,16.27358490566038
2011-01-13,15.80188679245283
2011-01-14,20.99056603773585
2011-01-18,22.40566037735849
2011-01-19,16.037735849056602
2011-01-20,12.735849056603774
2011-01-21,12.735849056603774
2011-01-24,10.849056603773585
2011-01-25,12.5
2011-01-26,18.867924528301888
2011-01-27,18.632075471698112
2011-01-28,12.735849056603774
2011-01-31,11.320754716981133
2011-02-01,20.99056603773585
2011-02-02,18.160377358490564
2011-02-03,16.9811320754717
2011-02-04,18.39622641509434
2011-02-07,20.047169811320757
2011-02-08,20.754716981132077
2011-02-09,21.462264150943398
2011-02-10,20.754716981132077
2011-02-11,21.462264150943398
2011-02-14,19.339622641509436
2011-02-15,17.92452830188679
2011-02-16,22.40566037735849
2011-02-17,24.056603773584907
2011-02-18,25.235849056603776
2011-02-22,17.452830188679243
2011-02-23,11.320754716981133
2011-02-24,9.669811320754718
2011-02-25,10.377358490566039
2011-02-28,13.20754716981132
2011-03-01,9.90566037735849
2011-03-02,8.235294117647058
2011-03-03,13.411764705882353
2011-03-04,11.058823529411764
2011-03-07,7.764705882352942
2011-03-08,9.176470588235293
2011-03-09,8.470588235294118
2011-03-10,5.411764705882352
2011-03-11,5.411764705882352
2011-03-14,3.7647058823529407
2011-03-15,3.058823529411765
2011-03-16,2.1176470588235294
2011-03-17,1.411764705882353
2011-03-18,2.3529411764705883
2011-03-21,4.235294117647059
2011-03-22,4.0
2011-03-23,2.3529411764705883
2011-03-24,5.411764705882352
2011-03-25,6.588235294117648
2011-03-28,5.868544600938967
2011-03-29,6.807511737089202
2011-03-30,9.859154929577464
2011-03-31,10.56338028169014
2011-04-01,15.023474178403756
2011-04-04,13.145539906103288
2011-04-05,11.502347417840376
2011-04-06,12.206572769953052
2011-04-07,11.241217798594848
2011-04-08,8.430913348946136
2011-04-11,8.665105386416862
2011-04-12,7.494145199063232
2011-04-13,7.494145199063232
2011-04-14,6.0889929742388755
2011-04-15,7.476635514018691
2011-04-18,4.906542056074766
2011-04-19,6.308411214953271
2011-04-20,11.91588785046729
2011-04-21,13.551401869158877
2011-04-25,11.214953271028037
2011-04-26,19.626168224299064
2011-04-27,22.66355140186916
2011-04-28,28.971962616822427
2011-04-29,25.46728971962617
2011-05-02,23.364485981308412
2011-05-03,20.794392523364486
2011-05-04,15.654205607476634
2011-05-05,14.485981308411214
2011-05-06,12.616822429906541
2011-05-09,10.74766355140187
2011-05-10,14.018691588785046
2011-05-11,11.682242990654206
2011-05-12,14.719626168224298
2011-05-13,11.448598130841122
2011-05-16,10.2803738317757
2011-05-17,8.177570093457943
2011-05-18,9.345794392523365
2011-05-19,9.345794392523365
2011-05-20,7.476635514018691
2011-05-23,4.439252336448598
2011-05-24,3.9719626168224296
2011-05-25,3.7383177570093453
2011-05-26,4.205607476635514
2011-05-27,4.906542056074766
2011-05-31,7.710280373831775
2011-06-01,5.14018691588785
2011-06-02,2.803738317757009
2011-06-03,1.1682242990654206
2011-06-06,0.46728971962616817
2011-06-07,0.7009345794392523
2011-06-08,0.7009345794392523
2011-06-09,1.4018691588785046
2011-06-10,1.1682242990654206
2011-06-13,1.1682242990654206
2011-06-14,3.2710280373831773
2011-06-15,1.1682242990654206
2011-06-16,0.23364485981308408
2011-06-17,1.4018691588785046
2011-06-20,2.102803738317757
2011-06-21,3.2710280373831773
2011-06-22,3.9719626168224296
2011-06-23,3.0373831775700935
2011-06-24,2.336448598130841
2011-06-27,2.102803738317757
2011-06-28,4.906542056074766
2011-06-29,6.5420560747663545
2011-06-30,10.514018691588785
2011-07-01,19.39252336448598
2011-07-05,15.887850467289718
2011-07-06,16.355140186915886
2011-07-07,22.429906542056074
2011-07-08,15.42056074766355
2011-07-11,8.411214953271028
2011-07-12,6.775700934579438
2011-07-13,7.459207459207459
2011-07-14,3.7296037296037294
2011-07-15,3.263403263403263
2011-07-18,2.797202797202797
2011-07-19,5.594405594405594
2011-07-20,6.0606060606060606
2011-07-21,11.655011655011654
2011-07-22,10.48951048951049
2011-07-25,9.79020979020979
2011-07-26,9.557109557109557
2011-07-27,7.459207459207459
2011-07-28,6.75990675990676
2011-07-29,4.428904428904429
2011-08-01,2.097902097902098
2011-08-02,0.6993006993006993
2011-08-03,1.1655011655011656
2011-08-04,1.3986013986013985
2011-08-05,0.6993006993006993
2011-08-08,0.0
2011-08-09,0.0
2011-08-10,0.0
2011-08-11,0.2331002331002331
2011-08-12,0.4662004662004662
2011-08-15,0.2331002331002331
2011-08-16,0.2331002331002331
2011-08-17,0.0
2011-08-18,0.0
2011-08-19,0.0
2011-08-22,0.0
2011-08-23,0.6993006993006993
2011-08-24,0.2331002331002331
2011-08-25,0.4662004662004662
2011-08-26,0.2331002331002331
2011-08-29,0.6993006993006993
2011-08-30,0.4662004662004662
2011-08-31,0.0
2011-09-01,0.0
2011-09-02,0.2331002331002331
2011-09-06,0.4662004662004662
2011-09-07,0.9324009324009324
2011-09-08,0.6993006993006993
2011-09-09,0.4662004662004662
2011-09-12,0.4662004662004662
2011-09-13,0.4662004662004662
2011-09-14,1.1655011655011656
2011-09-15,0.6993006993006993
2011-09-16,2.097902097902098
2011-09-19,1.6317016317016315
2011-09-20,3.4965034965034967
2011-09-21,1.8648018648018647
2011-09-22,0.6993006993006993
2011-09-23,0.6993006993006993
2011-09-26,2.331002331002331
2011-09-27,4.428904428904429
2011-09-28,2.331002331002331
2011-09-29,1.6317016317016315
2011-09-30,0.6993006993006993
2011-10-03,0.2331002331002331
2011-10-04,0.0
2011-10-05,0.6993006993006993
2011-10-06,1.8648018648018647
2011-10-07,1.8648018648018647
2011-10-10,0.6993006993006993
2011-10-11,0.9324009324009324
2011-10-12,1.6317016317016315
2011-10-13,1.6317016317016315
2011-10-14,2.797202797202797
2011-10-17,2.097902097902098
2011-10-18,2.564102564102564
2011-10-19,1.3986013986013985
2011-10-20,1.1655011655011656
2011-10-21,3.4965034965034967
2011-10-24,6.293706293706294
2011-10-25,5.361305361305361
2011-10-26,5.594405594405594
2011-10-27,26.573426573426573
2011-10-28,21.445221445221446
2011-10-31,15.348837209302326
2011-11-01,8.372093023255815
2011-11-02,9.30232558139535
2011-11-03,13.72093023255814
2011-11-04,11.627906976744185
2011-11-07,11.162790697674419
2011-11-08,12.093023255813954
2011-11-09,5.813953488372093
2011-11-10,3.488372093023256
2011-11-11,5.116279069767442
2011-11-14,4.186046511627907
2011-11-15,4.4186046511627906
2011-11-16,3.7209302325581395
2011-11-17,2.3255813953488373
2011-11-18,2.0930232558139537
2011-11-21,0.6976744186046512
2011-11-22,1.1627906976744187
2011-11-23,0.46511627906976744
2011-11-25,0.23255813953488372
2011-11-28,1.8604651162790697
2011-11-29,2.7906976744186047
2011-11-30,18.6046511627907
2011-12-01,15.813953488372093
2011-12-02,16.97674418604651
2011-12-05,20.46511627906977
2011-12-06,17.16937354988399
2011-12-07,14.385150812064964
2011-12-08,7.192575406032482
2011-12-09,8.120649651972158
2011-12-12,4.176334106728538
2011-12-13,3.0162412993039442
2011-12-14,1.8561484918793503
2011-12-15,2.784222737819025
2011-12-16,5.56844547563805
2011-12-19,2.5522041763341066
2011-12-20,5.104408352668213
2011-12-21,4.640371229698376
2011-12-22,6.2645011600928076
2011-12-23,5.800464037122969
2011-12-27,6.496519721577726
2011-12-28,4.176334106728538
2011-12-29,3.944315545243619
2011-12-30,2.784222737819025
2012-01-03,13.68909512761021
2012-01-04,9.51276102088167
2012-01-05,12.296983758700696
2012-01-06,11.1368909512761
2012-01-09,10.440835266821345
2012-01-10,20.417633410672853
2012-01-11,18.097447795823665
2012-01-12,20.417633410672853
2012-01-13,15.081206496519723
2012-01-17,19.02552204176334
2012-01-18,21.34570765661253
2012-01-19,25.754060324825982
2012-01-20,23.201856148491878
2012-01-23,20.185614849187935
2012-01-24,18.793503480278424
2012-01-25,24.593967517401392
2012-01-26,21.34570765661253
2012-01-27,17.865429234338748
2012-01-30,12.993039443155451
2012-01-31,14.617169373549885
2012-02-01,23.201856148491878
2012-02-02,20.649651972157773
2012-02-03,28.538283062645007
2012-02-06,24.825986078886313
2012-02-07,22.96983758700696
2012-02-08,22.2737819025522
2012-02-09,20.417633410672853
2012-02-10,16.937354988399072
2012-02-13,19.02552204176334
2012-02-14,14.849187935034802
2012-02-15,16.473317865429234
2012-02-16,19.489559164733176
2012-02-17,19.721577726218097
2012-02-21,17.16937354988399
2012-02-22,13.68909512761021
2012-02-23,15.777262180974477
2012-02-24,15.54524361948956
2012-02-27,14.120370370370368
2012-02-28,12.962962962962962
2012-02-29,12.962962962962962
2012-03-01,12.962962962962962
2012-03-02,9.722222222222223
2012-03-05,9.953703703703704
2012-03-06,5.787037037037037
2012-03-07,6.481481481481481
2012-03-08,10.185185185185185
2012-03-09,13.425925925925927
2012-03-12,12.5
2012-03-13,22.916666666666664
2012-03-14,19.212962962962962
2012-03-15,21.296296296296298
2012-03-16,17.824074074074073
2012-03-19,15.972222222222221
2012-03-20,13.194444444444445
2012-03-21,13.657407407407407
2012-03-22,9.953703703703704
2012-03-23,9.722222222222223
2012-03-26,16.666666666666664
2012-03-27,18.51851851851852
2012-03-28,13.657407407407407
2012-03-29,8.796296296296296
2012-03-30,12.5
2012-04-02,14.351851851851851
2012-04-03,11.11111111111111
2012-04-04,7.87037037037037
2012-04-05,7.175925925925926
2012-04-09,3.935185185185185
2012-04-10,1.8518518518518516
2012-04-11,3.009259259259259
2012-04-12,5.555555555555555
2012-04-13,3.935185185185185
2012-04-16,3.935185185185185
2012-04-17,7.638888888888889
2012-04-18,7.87037037037037
2012-04-19,9.49074074074074
2012-04-20,10.185185185185185
2012-04-23,4.398148148148148
2012-04-24,9.25925925925926
2012-04-25,14.814814814814813
2012-04-26,19.90740740740741
2012-04-27,20.60185185185185
2012-04-30,16.397228637413395
2012-05-01,24.249422632794456
2012-05-02,19.399538106235568
2012-05-03,18.475750577367204
2012-05-04,12.009237875288683
2012-05-07,11.778290993071593
2012-05-08,9.237875288683602
2012-05-09,7.159353348729793
2012-05-10,8.083140877598153
2012-05-11,7.390300230946882
2012-05-14,5.311778290993072
2012-05-15,4.387990762124711
2012-05-16,3.9260969976905313
2012-05-17,3.233256351039261
2012-05-18,1.6166281755196306
2012-05-21,2.0785219399538106
2012-05-22,3.0023094688221708
2012-05-23,2.5404157043879905
2012-05-24,3.4642032332563506
2012-05-25,3.233256351039261
2012-05-29,3.9260969976905313
2012-05-30,2.771362586605081
2012-05-31,3.0023094688221708
2012-06-01,1.8475750577367205
2012-06-04,1.1547344110854503
2012-06-05,1.6166281755196306
2012-06-06,5.0691244239631335
2012-06-07,4.827586206896552
2012-06-08,5.747126436781609
2012-06-11,4.827586206896552
2012-06-12,3.67816091954023
2012-06-13,3.9080459770114944
2012-06-14,4.597701149425287
2012-06-15,6.666666666666667
2012-06-18,8.505747126436782
2012-06-19,11.724137931034482
2012-06-20,9.655172413793103
2012-06-21,4.137931034482759
2012-06-22,2.7586206896551726
2012-06-25,2.528735632183908
2012-06-26,3.67816091954023
2012-06-27,5.287356321839081
2012-06-28,5.517241379310345
2012-06-29,15.632183908045977
2012-07-02,15.172413793103448
2012-07-03,13.10344827586207
2012-07-05,12.413793103448276
2012-07-06,8.735632183908045
2012-07-09,8.505747126436782
2012-07-10,6.896551724137931
2012-07-11,5.287356321839081
2012-07-12,5.747126436781609
2012-07-13,10.344827586206897
2012-07-16,7.816091954022989
2012-07-17,10.804597701149426
2012-07-18,13.302752293577983
2012-07-19,13.990825688073393
2012-07-20,10.550458715596331
2012-07-23,7.110091743119266
2012-07-24,6.8807339449541285
2012-07-25,6.8807339449541285
2012-07-26,14.678899082568808
2012-07-27,21.55963302752294
2012-07-30,18.34862385321101
2012-07-31,17.889908256880734
2012-08-01,15.36697247706422
2012-08-02,10.77981651376147
2012-08-03,14.220183486238533
2012-08-06,15.137614678899084
2012-08-07,17.620137299771166
2012-08-08,13.958810068649885
2012-08-09,14.187643020594965
2012-08-10,11.212814645308924
2012-08-13,11.441647597254006
2012-08-14,10.755148741418765
2012-08-15,11.441647597254006
2012-08-16,16.475972540045767
2012-08-17,13.272311212814644
2012-08-20,13.729977116704806
2012-08-21,14.645308924485127
2012-08-22,12.128146453089245
2012-08-23,9.839816933638444
2012-08-24,10.068649885583524
2012-08-27,8.924485125858125
2012-08-28,7.780320366132723
2012-08-29,6.864988558352403
2012-08-30,5.263157894736842
2012-08-31,6.636155606407322
2012-09-04,7.780320366132723
2012-09-05,7.093821510297483
2012-09-06,23.340961098398168
2012-09-07,21.96796338672769
2012-09-10,18.53546910755149
2012-09-11,14.874141876430205
2012-09-12,15.789473684210526
2012-09-13,29.290617848970253
2012-09-14,24.94279176201373
2012-09-17,18.306636155606405
2012-09-18,16.018306636155607
2012-09-19,19.908466819221967
2012-09-20,15.789473684210526
2012-09-21,18.306636155606405
2012-09-24,14.416475972540047
2012-09-25,13.043478260869565
2012-09-26,8.924485125858125
2012-09-27,10.526315789473683
2012-09-28,8.924485125858125
2012-10-01,13.958810068649885
2012-10-02,10.068649885583524
2012-10-03,13.958810068649885
2012-10-04,17.84897025171625
2012-10-05,18.306636155606405
2012-10-08,14.645308924485127
2012-10-09,9.382151029748284
2012-10-10,6.178489702517163
2012-10-11,8.237986270022883
2012-10-12,8.009153318077804
2012-10-15,9.382151029748284
2012-10-16,14.874141876430205
2012-10-17,16.933638443935926
2012-10-18,18.53546910755149
2012-10-19,12.356979405034325
2012-10-22,10.068649885583524
2012-10-23,5.949656750572083
2012-10-24,7.551487414187644
2012-10-25,9.839816933638444
2012-10-26,8.924485125858125
2012-10-31,12.128146453089245
2012-11-01,16.856492027334852
2012-11-02,14.80637813211845
2012-11-05,11.845102505694761
2012-11-06,19.362186788154897
2012-11-07,12.300683371298406
2012-11-08,9.567198177676538
2012-11-09,6.83371298405467
2012-11-12,7.289293849658314
2012-11-13,7.289293849658314
2012-11-14,4.328018223234624
2012-11-15,2.9612756264236904
2012-11-16,3.189066059225513
2012-11-19,6.150341685649203
2012-11-20,6.605922551252847
2012-11-21,6.83371298405467
2012-11-23,8.428246013667426
2012-11-26,8.428246013667426
2012-11-27,9.567198177676538
2012-11-28,7.289293849658314
2012-11-29,8.428246013667426
2012-11-30,7.972665148063782
2012-12-03,8.428246013667426
2012-12-04,5.922551252847381
2012-12-05,8.200455580865604
2012-12-06,7.289293849658314
2012-12-07,7.061503416856492
2012-12-10,8.88382687927107
2012-12-11,11.161731207289293
2012-12-12,11.389521640091116
2012-12-13,9.111617312072893
2012-12-14,7.972665148063782
2012-12-17,12.300683371298406
2012-12-18,21.184510250569478
2012-12-19,17.539863325740317
2012-12-20,14.350797266514807
2012-12-21,8.656036446469248
2012-12-24,8.656036446469248
2012-12-26,6.378132118451026
2012-12-27,3.8724373576309796
2012-12-28,2.5056947608200453
2012-12-31,6.150341685649203
2013-01-02,17.76765375854214
2013-01-03,16.856492027334852
2013-01-04,15.945330296127564
2013-01-07,14.80637813211845
2013-01-08,10.933940774487471
2013-01-09,14.80637813211845
2013-01-10,16.40091116173121
2013-01-11,13.895216400911162
2013-01-14,14.350797266514807
2013-01-15,13.211845102505695
2013-01-16,12.072892938496583
2013-01-17,19.81776765375854
2013-01-18,20.681818181818183
2013-01-22,23.636363636363637
2013-01-23,22.954545454545457
2013-01-24,30.681818181818183
2013-01-25,30.0
2013-01-28,29.772727272727273
2013-01-29,26.136363636363637
2013-01-30,22.727272727272727
2013-01-31,20.454545454545457
2013-02-01,28.18181818181818
2013-02-04,21.59090909090909
2013-02-05,21.818181818181817
2013-02-06,21.541950113378686
2013-02-07,21.541950113378686
2013-02-08,22.90249433106576
2013-02-11,21.768707482993197
2013-02-12,23.356009070294785
2013-02-13,20.861678004535147
2013-02-14,21.768707482993197
2013-02-15,19.954648526077097
2013-02-19,24.489795918367346
2013-02-20,19.90950226244344
2013-02-21,12.669683257918551
2013-02-22,16.063348416289593
2013-02-25,14.705882352941178
2013-02-26,9.728506787330318
2013-02-27,19.90950226244344
2013-02-28,17.194570135746606
2013-03-01,13.34841628959276
2013-03-04,15.610859728506787
2013-03-05,21.945701357466064
2013-03-06,17.873303167420815
2013-03-07,15.158371040723981
2013-03-08,16.515837104072396
2013-03-11,16.289592760180994
2013-03-12,13.122171945701359
2013-03-13,14.93212669683258
2013-03-14,16.7420814479638
2013-03-15,16.063348416289593
2013-03-18,9.276018099547512
2013-03-19,6.787330316742081
2013-03-20,12.44343891402715
2013-03-21,9.728506787330318
2013-03-22,11.538461538461538
2013-03-25,11.085972850678733
2013-03-26,12.217194570135746
2013-03-27,13.122171945701359
2013-03-28,17.420814479638008
2013-04-01,14.25339366515837
2013-04-02,15.384615384615385
2013-04-03,10.85972850678733
2013-04-04,11.312217194570136
2013-04-05,7.918552036199094
2013-04-08,10.180995475113122
2013-04-09,9.049773755656108
2013-04-10,16.289592760180994
2013-04-11,19.004524886877828
2013-04-12,17.420814479638008
2013-04-15,11.76470588235294
2013-04-16,8.597285067873303
2013-04-17,5.429864253393665
2013-04-18,3.619909502262444
2013-04-19,8.823529411764707
2013-04-22,8.3710407239819
2013-04-23,11.312217194570136
2013-04-24,12.44343891402715
2013-04-25,16.7420814479638
2013-04-26,14.25339366515837
2013-04-29,16.515837104072396
2013-04-30,18.32579185520362
2013-05-01,15.610859728506787
2013-05-02,16.063348416289593
2013-05-03,22.850678733031675
2013-05-06,22.624434389140273
2013-05-07,23.52941176470588
2013-05-08,22.850678733031675
2013-05-09,22.624434389140273
2013-05-10,22.39819004524887
2013-05-13,21.49321266968326
2013-05-14,31.90045248868778
2013-05-15,33.257918552036195
2013-05-16,29.86425339366516
2013-05-17,30.316742081447963
2013-05-20,27.601809954751133
2013-05-21,29.411764705882355
2013-05-22,22.624434389140273
2013-05-23,14.027149321266968
2013-05-24,9.502262443438914
2013-05-28,22.573363431151243
2013-05-29,14.89841986455982
2013-05-30,19.41309255079007
2013-05-31,14.89841986455982
2013-06-03,10.609480812641085
2013-06-04,9.706546275395034
2013-06-05,5.191873589164786
2013-06-06,3.837471783295711
2013-06-07,12.18961625282167
2013-06-10,9.255079006772009
2013-06-11,6.5462753950338595
2013-06-12,4.063205417607223
2013-06-13,3.837471783295711
2013-06-14,3.160270880361174
2013-06-17,5.191873589164786
2013-06-18,5.643340857787811
2013-06-19,4.288939051918736
2013-06-20,1.805869074492099
2013-06-21,1.580135440180587
2013-06-24,1.3544018058690745
2013-06-25,1.580135440180587
2013-06-26,2.708803611738149
2013-06-27,4.063205417607223
2013-06-28,4.288939051918736
2013-07-01,6.772009029345373
2013-07-02,6.094808126410835
2013-07-03,4.514672686230249
2013-07-05,6.772009029345373
2013-07-08,7.865168539325842
2013-07-09,10.337078651685392
2013-07-10,9.662921348314606
2013-07-11,15.280898876404494
2013-07-12,17.303370786516854
2013-07-15,17.97752808988764
2013-07-16,13.228699551569505
2013-07-17,11.210762331838566
2013-07-18,16.591928251121075
2013-07-19,16.143497757847534
2013-07-22,18.385650224215247
2013-07-23,15.695067264573993
2013-07-24,16.81614349775785
2013-07-25,14.573991031390134
2013-07-26,12.780269058295964
2013-07-29,10.762331838565023
2013-07-30,11.659192825112108
2013-07-31,14.349775784753364
2013-08-01,25.112107623318387
2013-08-02,22.19730941704036
2013-08-05,20.179372197309416
2013-08-06,14.573991031390134
2013-08-07,13.004484304932735
2013-08-08,16.143497757847534
2013-08-09,14.573991031390134
2013-08-12,13.901345291479823
2013-08-13,14.798206278026907
2013-08-14,11.434977578475337
2013-08-15,7.847533632286996
2013-08-16,5.381165919282512
2013-08-19,4.260089686098654
2013-08-20,4.708520179372197
2013-08-21,4.484304932735426
2013-08-22,6.950672645739911
2013-08-23,7.399103139013453
2013-08-26,8.74439461883408
2013-08-27,5.381165919282512
2013-08-28,5.829596412556054
2013-08-29,4.708520179372197
2013-08-30,3.587443946188341
2013-09-03,6.726457399103139
2013-09-04,8.295964125560538
2013-09-05,7.174887892376682
2013-09-06,7.847533632286996
2013-09-09,10.986547085201794
2013-09-10,15.695067264573993
2013-09-11,16.367713004484305
2013-09-12,14.125560538116591
2013-09-13,12.331838565022421
2013-09-16,22.6457399103139
2013-09-17,20.62780269058296
2013-09-18,36.09865470852018
2013-09-19,28.923766816143498
2013-09-20,22.421524663677133
2013-09-23,17.937219730941703
2013-09-24,15.246636771300448
2013-09-25,12.780269058295964
2013-09-26,10.31390134529148
2013-09-27,8.071748878923767
2013-09-30,5.829596412556054
2013-10-01,10.538116591928251
2013-10-02,9.192825112107624
2013-10-03,6.278026905829597
2013-10-04,6.950672645739911
2013-10-07,5.381165919282512
2013-10-08,3.811659192825112
2013-10-09,3.811659192825112
2013-10-10,7.399103139013453
2013-10-11,9.865470852017937
2013-10-14,7.623318385650224
2013-10-15,7.174887892376682
2013-10-16,9.417040358744394
2013-10-17,17.937219730941703
2013-10-18,19.282511210762333
2013-10-21,16.143497757847534
2013-10-22,24.2152466367713
2013-10-23,22.6457399103139
2013-10-24,22.421524663677133
2013-10-25,25.336322869955158
2013-10-28,26.23318385650224
2013-10-29,25.56053811659193
2013-10-30,22.421524663677133
2013-10-31,18.83408071748879
2013-11-01,17.040358744394617
2013-11-04,17.040358744394617
2013-11-05,16.367713004484305
2013-11-06,17.48878923766816
2013-11-07,15.919282511210762
2013-11-08,13.67713004484305
2013-11-11,12.780269058295964
2013-11-12,12.556053811659194
2013-11-13,13.228699551569505
2013-11-14,15.022421524663676
2013-11-15,15.695067264573993
2013-11-18,15.022421524663676
2013-11-19,12.556053811659194
2013-11-20,10.538116591928251
2013-11-21,10.986547085201794
2013-11-22,11.883408071748878
2013-11-25,13.67713004484305
2013-11-26,15.022421524663676
2013-11-27,14.573991031390134
2013-11-29,12.331838565022421
2013-12-02,12.331838565022421
2013-12-03,7.623318385650224
2013-12-04,6.950672645739911
2013-12-05,6.487695749440715
2013-12-06,10.290827740492169
2013-12-09,9.843400447427292
2013-12-10,7.606263982102908
2013-12-11,5.369127516778524
2013-12-12,4.026845637583892
2013-12-13,6.0402684563758395
2013-12-16,7.158836689038031
2013-12-17,6.263982102908278
2013-12-18,14.317673378076062
2013-12-19,10.961968680089486
2013-12-20,18.344519015659955
2013-12-23,16.331096196868007
2013-12-24,15.436241610738255
2013-12-26,15.659955257270694
2013-12-27,14.093959731543624
2013-12-30,12.97539149888143
2013-12-31,15.178571428571427
2014-01-02,10.714285714285714
2014-01-03,9.151785714285714
2014-01-06,8.035714285714286
2014-01-07,10.491071428571429
2014-01-08,11.607142857142858
2014-01-09,12.5
2014-01-10,14.0625
2014-01-13,13.169642857142858
2014-01-14,12.276785714285714
2014-01-15,14.508928571428573
2014-01-16,15.848214285714285
2014-01-17,14.732142857142858
2014-01-21,16.517857142857142
2014-01-22,15.625
2014-01-23,14.0625
2014-01-24,9.375
2014-01-27,6.026785714285714
2014-01-28,6.25
2014-01-29,6.25
2014-01-30,10.714285714285714
2014-01-31,11.607142857142858
2014-02-03,9.151785714285714
2014-02-04,7.5892857142857135
2014-02-05,5.357142857142857
2014-02-06,9.375
2014-02-07,11.160714285714286
2014-02-10,11.383928571428571
2014-02-11,15.848214285714285
2014-02-12,15.401785714285715
2014-02-13,18.303571428571427
2014-02-14,18.080357142857142
2014-02-18,20.089285714285715
2014-02-19,18.75
2014-02-20,16.294642857142858
2014-02-21,17.1875
2014-02-24,20.089285714285715
2014-02-25,15.401785714285715
2014-02-26,18.303571428571427
2014-02-27,16.071428571428573
2014-02-28,19.642857142857142
2014-03-03,15.178571428571427
2014-03-04,22.544642857142858
2014-03-05,19.196428571428573
2014-03-06,18.75
2014-03-07,17.633928571428573
2014-03-10,14.955357142857142
2014-03-11,11.160714285714286
2014-03-12,8.482142857142858
2014-03-13,9.151785714285714
2014-03-14,5.357142857142857
2014-03-17,8.035714285714286
2014-03-18,8.928571428571429
2014-03-19,9.821428571428571
2014-03-20,10.491071428571429
2014-03-21,13.616071428571427
2014-03-24,8.928571428571429
2014-03-25,6.4732142857142865
2014-03-26,4.464285714285714
2014-03-27,3.7946428571428568
2014-03-28,6.919642857142858
2014-03-31,9.375
2014-04-01,10.044642857142858
2014-04-02,11.607142857142858
2014-04-03,10.9375
2014-04-04,9.821428571428571
2014-04-07,5.803571428571429
2014-04-08,4.464285714285714
2014-04-09,5.357142857142857
2014-04-10,4.241071428571429
2014-04-11,1.7857142857142856
2014-04-14,2.9017857142857144
2014-04-15,4.910714285714286
2014-04-16,6.696428571428571
2014-04-17,5.580357142857143
2014-04-21,4.910714285714286
2014-04-22,6.696428571428571
2014-04-23,7.366071428571429
2014-04-24,8.482142857142858
2014-04-25,7.8125
2014-04-28,9.821428571428571
2014-04-29,10.267857142857142
2014-04-30,9.821428571428571
2014-05-01,11.607142857142858
2014-05-02,10.46770601336303
2014-05-05,8.017817371937639
2014-05-06,7.57238307349666
2014-05-07,10.690423162583519
2014-05-08,11.804008908685969
2014-05-09,8.908685968819599
2014-05-12,13.808463251670378
2014-05-13,12.694877505567929
2014-05-14,9.799554565701559
2014-05-15,6.6815144766147
2014-05-16,7.126948775055679
2014-05-19,10.913140311804009
2014-05-20,6.904231625835189
2014-05-21,6.23608017817372
2014-05-22,7.126948775055679
2014-05-23,9.35412026726058
2014-05-27,12.47216035634744
2014-05-28,11.1358574610245
2014-05-29,12.91759465478842
2014-05-30,10.913140311804009
2014-06-02,10.690423162583519
2014-06-03,10.244988864142538
2014-06-04,10.244988864142538
2014-06-05,18.262806236080177
2014-06-06,15.367483296213807
2014-06-09,18.485523385300667
2014-06-10,14.699331848552339
2014-06-11,12.24944320712695
2014-06-12,8.908685968819599
2014-06-13,7.795100222717149
2014-06-16,9.799554565701559
2014-06-17,11.58129175946548
2014-06-18,16.258351893095767
2014-06-19,14.03118040089087
2014-06-20,15.14476614699332
2014-06-23,14.03118040089087
2014-06-24,12.0
2014-06-25,11.11111111111111
2014-06-26,9.11111111111111
2014-06-27,8.444444444444445
2014-06-30,11.333333333333332
2014-07-01,16.22222222222222
2014-07-02,14.000000000000002
2014-07-03,13.333333333333334
2014-07-07,11.11111111111111
2014-07-08,7.777777777777778
2014-07-09,6.888888888888889
2014-07-10,5.111111111111112
2014-07-11,4.222222222222222
2014-07-14,5.777777777777778
2014-07-15,4.666666666666667
2014-07-16,5.333333333333334
2014-07-17,6.444444444444445
2014-07-18,5.555555555555555
2014-07-21,4.888888888888889
2014-07-22,9.333333333333334
2014-07-23,9.555555555555555
2014-07-24,14.000000000000002
2014-07-25,13.555555555555557
2014-07-28,10.222222222222223
2014-07-29,11.11111111111111
2014-07-30,13.555555555555557
2014-07-31,8.88888888888889
2014-08-01,7.555555555555555
2014-08-04,6.666666666666667
2014-08-05,6.888888888888889
2014-08-06,8.222222222222223
2014-08-07,6.666666666666667
2014-08-08,6.666666666666667
2014-08-11,7.555555555555555
2014-08-12,6.222222222222222
2014-08-13,7.333333333333333
2014-08-14,8.444444444444445
2014-08-15,11.11111111111111
2014-08-18,9.534368070953436
2014-08-19,11.751662971175167
2014-08-20,11.751662971175167
2014-08-21,12.86031042128603
2014-08-22,10.42128603104213
2014-08-25,10.643015521064301
2014-08-26,10.643015521064301
2014-08-27,9.75609756097561
2014-08-28,8.869179600886918
2014-08-29,9.977827050997783
2014-09-02,14.412416851441243
2014-09-03,11.751662971175167
2014-09-04,12.86031042128603
2014-09-05,9.977827050997783
2014-09-08,9.977827050997783
2014-09-09,7.982261640798225
2014-09-10,6.651884700665188
2014-09-11,7.317073170731707
2014-09-12,6.651884700665188
2014-09-15,5.764966740576496
2014-09-16,7.982261640798225
2014-09-17,8.647450110864744
2014-09-18,10.199556541019955
2014-09-19,10.864745011086473
2014-09-22,7.982261640798225
2014-09-23,5.321507760532151
2014-09-24,7.760532150776053
2014-09-25,4.212860310421286
2014-09-26,3.7694013303769403
2014-09-29,4.878048780487805
2014-09-30,5.099778270509978
2014-10-01,3.7694013303769403
2014-10-02,3.5476718403547673
2014-10-03,7.5388026607538805
2014-10-06,6.208425720620843
2014-10-07,4.878048780487805
2014-10-08,6.208425720620843
2014-10-09,4.434589800443459
2014-10-10,2.6548672566371683
2014-10-13,3.3185840707964607
2014-10-14,3.982300884955752
2014-10-15,1.5486725663716814
2014-10-16,1.5486725663716814
2014-10-17,1.7699115044247788
2014-10-20,3.3185840707964607
2014-10-21,7.079646017699115
2014-10-22,7.079646017699115
2014-10-23,8.628318584070795
2014-10-24,9.513274336283185
2014-10-27,8.628318584070795
2014-10-28,13.274336283185843
2014-10-29,12.831858407079647
2014-10-30,16.150442477876105
2014-10-31,19.911504424778762
2014-11-03,18.36283185840708
2014-11-04,17.035398230088493
2014-11-05,17.660044150110377
2014-11-06,18.101545253863137
2014-11-07,14.1280353200883
2014-11-10,15.45253863134658
2014-11-11,14.1280353200883
2014-11-12,13.024282560706402
2014-11-13,14.348785871964681
2014-11-14,12.141280353200882
2014-11-17,10.596026490066226
2014-11-18,14.348785871964681
2014-11-19,11.037527593818984
2014-11-20,13.245033112582782
2014-11-21,16.55629139072848
2014-11-24,13.90728476821192
2014-11-25,13.686534216335541
2014-11-26,14.348785871964681
2014-11-28,25.82781456953642
2014-12-01,20.52980132450331
2014-12-02,18.101545253863137
2014-12-03,18.984547461368653
2014-12-04,18.101545253863137
2014-12-05,18.76379690949227
2014-12-08,18.543046357615893
2014-12-09,12.141280353200882
2014-12-10,8.388520971302428
2014-12-11,8.167770419426049
2014-12-12,6.622516556291391
2014-12-15,3.9735099337748347
2014-12-16,2.869757174392936
2014-12-17,3.7527593818984544
2014-12-18,7.28476821192053
2014-12-19,7.72626931567329
2014-12-22,7.9470198675496695
2014-12-23,8.388520971302428
2014-12-24,7.505518763796909
2014-12-26,6.843267108167771
2014-12-29,7.06401766004415
2014-12-30,4.635761589403973
2014-12-31,2.869757174392936
2015-01-02,1.545253863134658
2015-01-05,0.44150110375275936
2015-01-06,1.1037527593818985
2015-01-07,4.635761589403973
2015-01-08,4.856512141280353
2015-01-09,3.3112582781456954
2015-01-12,3.090507726269316
2015-01-13,4.415011037527594
2015-01-14,2.869757174392936
2015-01-15,4.194260485651214
2015-01-16,3.9735099337748347
2015-01-20,3.9735099337748347
2015-01-21,3.9735099337748347
2015-01-22,10.375275938189846
2015-01-23,8.609271523178808
2015-01-26,7.505518763796909
2015-01-27,7.06401766004415
2015-01-28,7.28476821192053
2015-01-29,5.518763796909492
2015-01-30,5.518763796909492
2015-02-02,3.7527593818984544
2015-02-03,4.856512141280353
2015-02-04,6.622516556291391
2015-02-05,9.271523178807946
2015-02-06,11.479028697571744
2015-02-09,9.713024282560706
2015-02-10,12.582781456953644
2015-02-11,13.024282560706402
2015-02-12,17.439293598233995
2015-02-13,16.99779249448124
2015-02-17,16.777041942604857
2015-02-18,14.79028697571744
2015-02-19,15.45253863134658
2015-02-20,16.55629139072848
2015-02-23,14.56953642384106
2015-02-24,14.79028697571744
2015-02-25,15.673289183222957
2015-02-26,15.2317880794702
2015-02-27,13.46578366445916
2015-03-02,16.114790286975715
2015-03-03,12.362030905077264
2015-03-04,10.154525386313466
2015-03-05,8.830022075055188
2015-03-06,9.492273730684326
2015-03-09,7.9470198675496695
2015-03-10,3.9735099337748347
2015-03-11,3.3112582781456954
2015-03-12,8.830022075055188
2015-03-13,6.622516556291391
2015-03-16,13.686534216335541
2015-03-17,12.141280353200882
2015-03-18,18.322295805739515
2015-03-19,14.348785871964681
2015-03-20,20.309050772626932
2015-03-23,17.439293598233995
2015-03-24,13.46578366445916
2015-03-25,8.830022075055188
2015-03-26,6.181015452538632
2015-03-27,5.739514348785872
2015-03-30,12.362030905077264
2015-03-31,9.933774834437086
2015-04-01,5.960264900662252
2015-04-02,5.960264900662252
2015-04-06,9.492273730684326
2015-04-07,7.72626931567329
2015-04-08,6.401766004415011
2015-04-09,7.28476821192053
2015-04-10,8.609271523178808
2015-04-13,8.609271523178808
2015-04-14,8.830022075055188
2015-04-15,12.141280353200882
2015-04-16,10.375275938189846
2015-04-17,8.149779735682818
2015-04-20,9.911894273127754
2015-04-21,9.911894273127754
2015-04-22,11.233480176211454
2015-04-23,14.977973568281937
2015-04-24,15.638766519823788
2015-04-27,13.215859030837004
2015-04-28,10.572687224669604
2015-04-29,11.233480176211454
2015-04-30,11.013215859030836
2015-05-01,10.13215859030837
2015-05-04,10.352422907488986
2015-05-05,8.370044052863436
2015-05-06,8.149779735682818
2015-05-07,6.607929515418502
2015-05-08,11.674008810572687
2015-05-11,9.691629955947137
2015-05-12,8.81057268722467
2015-05-13,9.47136563876652
2015-05-14,12.555066079295155
2015-05-15,8.81057268722467
2015-05-18,10.13215859030837
2015-05-19,10.572687224669604
2015-05-20,10.352422907488986
2015-05-21,11.233480176211454
2015-05-22,10.13215859030837
2015-05-26,7.929515418502203
2015-05-27,8.590308370044053
2015-05-28,8.149779735682818
2015-05-29,8.81057268722467
2015-06-01,8.149779735682818
2015-06-02,5.726872246696035
2015-06-03,6.607929515418502
2015-06-04,6.167400881057269
2015-06-05,6.607929515418502
2015-06-08,4.6255506607929515
2015-06-09,3.7444933920704844
2015-06-10,8.370044052863436
2015-06-11,6.167400881057269
2015-06-12,4.6255506607929515
2015-06-15,3.7444933920704844
2015-06-16,3.9647577092511015
2015-06-17,4.845814977973569
2015-06-18,11.674008810572687
2015-06-19,10.13215859030837
2015-06-22,11.013215859030836
2015-06-23,9.251101321585903
2015-06-24,7.488986784140969
2015-06-25,7.929515418502203
2015-06-26,7.929515418502203
2015-06-29,4.6255506607929515
2015-06-30,5.286343612334802
2015-07-01,7.048458149779736
2015-07-02,6.607929515418502
2015-07-06,5.726872246696035
2015-07-07,10.79295154185022
2015-07-08,7.929515418502203
2015-07-09,7.048458149779736
2015-07-10,5.726872246696035
2015-07-13,8.149779735682818
2015-07-14,7.709251101321586
2015-07-15,7.488986784140969
2015-07-16,10.79295154185022
2015-07-17,9.47136563876652
2015-07-20,9.911894273127754
2015-07-21,7.488986784140969
2015-07-22,8.991228070175438
2015-07-23,11.403508771929824
2015-07-24,9.210526315789473
2015-07-27,8.114035087719298
2015-07-28,10.74561403508772
2015-07-29,13.596491228070176
2015-07-30,17.105263157894736
2015-07-31,17.982456140350877
2015-08-03,17.543859649122805
2015-08-04,17.982456140350877
2015-08-05,18.421052631578945
2015-08-06,16.447368421052634
2015-08-07,15.350877192982457
2015-08-10,17.982456140350877
2015-08-11,15.570175438596493
2015-08-12,11.18421052631579
2015-08-13,11.18421052631579
2015-08-14,9.649122807017543
2015-08-17,12.719298245614036
2015-08-18,10.964912280701753
2015-08-19,8.771929824561402
2015-08-20,6.578947368421052
2015-08-21,3.070175438596491
2015-08-24,0.6578947368421052
2015-08-25,1.3157894736842104
2015-08-26,0.8771929824561403
2015-08-27,1.3157894736842104
2015-08-28,1.5350877192982455
2015-08-31,0.8771929824561403
2015-09-01,0.21929824561403508
2015-09-02,0.43859649122807015
2015-09-03,1.0964912280701753
2015-09-04,0.6578947368421052
2015-09-08,1.7543859649122806
2015-09-09,2.4122807017543857
2015-09-10,2.1929824561403506
2015-09-11,2.4122807017543857
2015-09-14,1.9736842105263157
2015-09-15,2.631578947368421
2015-09-16,3.070175438596491
2015-09-17,7.236842105263158
2015-09-18,3.508771929824561
2015-09-21,2.850877192982456
2015-09-22,1.5350877192982455
2015-09-23,1.9736842105263157
2015-09-24,1.0964912280701753
2015-09-25,4.605263157894736
2015-09-28,1.7543859649122806
2015-09-29,1.0964912280701753
2015-09-30,6.578947368421052
2015-10-01,4.824561403508771
2015-10-02,5.263157894736842
2015-10-05,6.578947368421052
2015-10-06,4.824561403508771
2015-10-07,8.333333333333332
2015-10-08,11.842105263157894
2015-10-09,8.771929824561402
2015-10-12,7.456140350877193
2015-10-13,6.798245614035088
2015-10-14,5.701754385964912
2015-10-15,6.359649122807018
2015-10-16,5.921052631578947
2015-10-19,5.263157894736842
2015-10-20,7.017543859649122
2015-10-21,7.236842105263158
2015-10-22,15.350877192982457
2015-10-23,15.131578947368421
2015-10-26,12.938596491228072
2015-10-27,12.719298245614036
2015-10-28,18.640350877192983
2015-10-29,13.815789473684212
2015-10-30,14.25438596491228
2015-11-02,16.885964912280702
2015-11-03,14.473684210526317
2015-11-04,13.129102844638949
2015-11-05,13.129102844638949
2015-11-06,15.317286652078774
2015-11-09,10.50328227571116
2015-11-10,9.846827133479213
2015-11-11,9.62800875273523
2015-11-12,5.470459518599562
2015-11-13,3.938730853391685
2015-11-16,4.3763676148796495
2015-11-17,5.032822757111598
2015-11-18,5.689277899343545
2015-11-19,6.564551422319474
2015-11-20,9.190371991247265
2015-11-23,6.783369803063458
2015-11-24,7.439824945295405
2015-11-25,7.00218818380744
2015-11-27,5.689277899343545
2015-11-30,5.908096280087528
2015-12-01,7.87746170678337
2015-12-02,6.3457330415754925
2015-12-03,3.7199124726477026
2015-12-04,5.689277899343545
2015-12-07,4.157549234135667
2015-12-08,2.6200873362445414
2015-12-09,2.6200873362445414
2015-12-10,3.056768558951965
2015-12-11,1.9650655021834063
2015-12-14,0.8733624454148471
2015-12-15,2.8384279475982535
2015-12-16,4.366812227074235
2015-12-17,2.6200873362445414
2015-12-18,1.5283842794759825
2015-12-21,1.0917030567685588
2015-12-22,2.4017467248908297
2015-12-23,3.711790393013101
2015-12-24,2.6200873362445414
2015-12-28,2.6200873362445414
2015-12-29,5.021834061135371
2015-12-30,2.4017467248908297
2015-12-31,1.3100436681222707
2016-01-04,0.43668122270742354
2016-01-05,2.1834061135371177
2016-01-06,1.9650655021834063
2016-01-07,0.8733624454148471
2016-01-08,0.6550218340611353
2016-01-11,0.8733624454148471
2016-01-12,1.0917030567685588
2016-01-13,1.0917030567685588
2016-01-14,0.8733624454148471
2016-01-15,0.21834061135371177
2016-01-19,1.3100436681222707
2016-01-20,0.8733624454148471
2016-01-21,0.6550218340611353
2016-01-22,0.8733624454148471
2016-01-25,0.6550218340611353
2016-01-26,1.5283842794759825
2016-01-27,1.5283842794759825
2016-01-28,2.1834061135371177
2016-01-29,3.711790393013101
2016-02-01,4.585152838427948
2016-02-02,3.056768558951965
2016-02-03,5.676855895196507
2016-02-04,7.423580786026202
2016-02-05,6.11353711790393
2016-02-08,3.9301310043668125
2016-02-09,2.4017467248908297
2016-02-10,1.5283842794759825
2016-02-11,1.3100436681222707
2016-02-12,2.1834061135371177
2016-02-16,4.148471615720524
2016-02-17,6.550218340611353
2016-02-18,6.331877729257641
2016-02-19,4.366812227074235
2016-02-22,5.895196506550218
2016-02-23,5.676855895196507
2016-02-24,5.240174672489083
2016-02-25,5.458515283842795
2016-02-26,4.8034934497816595
2016-02-29,5.676855895196507
2016-03-01,7.423580786026202
2016-03-02,7.423580786026202
2016-03-03,8.51528384279476
2016-03-04,11.353711790393014
2016-03-07,9.82532751091703
2016-03-08,6.768558951965066
2016-03-09,5.458515283842795
2016-03-10,4.8034934497816595
2016-03-11,7.641921397379912
2016-03-14,5.676855895196507
2016-03-15,4.8034934497816595
2016-03-16,5.676855895196507
2016-03-17,14.847161572052403
2016-03-18,13.755458515283841
2016-03-21,10.698689956331878
2016-03-22,8.951965065502183
2016-03-23,6.331877729257641
2016-03-24,3.4934497816593884
2016-03-28,3.711790393013101
2016-03-29,9.82532751091703
2016-03-30,9.170305676855897
2016-03-31,8.078602620087336
2016-04-01,8.078602620087336
2016-04-04,6.768558951965066
2016-04-05,3.4934497816593884
2016-04-06,5.458515283842795
2016-04-07,3.2751091703056767
2016-04-08,4.148471615720524
2016-04-11,3.4934497816593884
2016-04-12,3.056768558951965
2016-04-13,8.51528384279476
2016-04-14,7.20524017467249
2016-04-15,4.8034934497816595
2016-04-18,7.20524017467249
2016-04-19,7.860262008733625
2016-04-20,8.951965065502183
2016-04-21,8.951965065502183
2016-04-22,8.078602620087336
2016-04-25,8.078602620087336
2016-04-26,8.951965065502183
2016-04-27,13.318777292576419
2016-04-28,12.008733624454148
2016-04-29,9.170305676855897
2016-05-02,9.82532751091703
2016-05-03,8.078602620087336
2016-05-04,9.606986899563319
2016-05-05,8.51528384279476
2016-05-06,7.20524017467249
2016-05-09,7.860262008733625
2016-05-10,11.135371179039302
2016-05-11,8.51528384279476
2016-05-12,7.641921397379912
2016-05-13,6.11353711790393
2016-05-16,6.331877729257641
2016-05-17,6.331877729257641
2016-05-18,4.366812227074235
2016-05-19,4.585152838427948
2016-05-20,5.458515283842795
2016-05-23,4.148471615720524
2016-05-24,9.82532751091703
2016-05-25,10.91703056768559
2016-05-26,8.078602620087336
2016-05-27,9.170305676855897
2016-05-31,8.951965065502183
2016-06-01,6.986899563318777
2016-06-02,8.73362445414847
2016-06-03,9.170305676855897
2016-06-06,10.262008733624455
2016-06-07,11.790393013100436
2016-06-08,12.445414847161572
2016-06-09,12.882096069868995
2016-06-10,7.641921397379912
2016-06-13,6.550218340611353
2016-06-14,4.366812227074235
2016-06-15,5.021834061135371
2016-06-16,3.711790393013101
2016-06-17,3.4934497816593884
2016-06-20,7.20524017467249
2016-06-21,5.240174672489083
2016-06-22,5.021834061135371
2016-06-23,8.51528384279476
2016-06-24,2.1834061135371177
2016-06-27,0.8733624454148471
2016-06-28,1.5283842794759825
2016-06-29,5.021834061135371
2016-06-30,13.755458515283841
2016-07-01,9.606986899563319
2016-07-05,8.296943231441048
2016-07-06,9.170305676855897
2016-07-07,8.078602620087336
2016-07-08,12.882096069868995
2016-07-11,10.043668122270741
2016-07-12,16.593886462882097
2016-07-13,13.100436681222707
2016-07-14,14.41048034934498
2016-07-15,12.22707423580786
2016-07-18,11.572052401746726
2016-07-19,9.82532751091703
2016-07-20,13.100436681222707
2016-07-21,10.675381263616558
2016-07-22,12.418300653594772
2016-07-25,11.546840958605664
2016-07-26,15.250544662309368
2016-07-27,15.904139433551197
2016-07-28,16.122004357298476
2016-07-29,17.647058823529413
2016-08-01,15.904139433551197
2016-08-02,13.071895424836603
2016-08-03,11.76470588235294
2016-08-04,13.725490196078432
2016-08-05,19.389978213507625
2016-08-08,17.86492374727669
2016-08-09,16.33986928104575
2016-08-10,14.161220043572984
2016-08-11,14.814814814814813
2016-08-12,12.854030501089325
2016-08-15,18.082788671023962
2016-08-16,14.596949891067537
2016-08-17,12.418300653594772
2016-08-18,14.814814814814813
2016-08-19,14.814814814814813
2016-08-22,12.636165577342048
2016-08-23,14.814814814814813
2016-08-24,12.418300653594772
2016-08-25,10.675381263616558
2016-08-26,13.071895424836603
2016-08-29,12.200435729847495
2016-08-30,9.803921568627452
2016-08-31,8.49673202614379
2016-09-01,9.15032679738562
2016-09-02,11.08695652173913
2016-09-06,11.08695652173913
2016-09-07,12.608695652173912
2016-09-08,9.130434782608695
2016-09-09,5.0
2016-09-12,3.260869565217391
2016-09-13,2.1739130434782608
2016-09-14,2.1739130434782608
2016-09-15,3.260869565217391
2016-09-16,3.6956521739130435
2016-09-19,3.6956521739130435
2016-09-20,1.956521739130435
2016-09-21,5.0
2016-09-22,5.217391304347826
2016-09-23,4.565217391304348
2016-09-26,3.0434782608695654
2016-09-27,3.91304347826087
2016-09-28,8.26086956521739
2016-09-29,6.304347826086956
2016-09-30,6.304347826086956
2016-10-03,6.086956521739131
2016-10-04,6.739130434782608
2016-10-05,6.521739130434782
2016-10-06,5.869565217391305
2016-10-07,3.9045553145336225
2016-10-10,5.206073752711497
2016-10-11,2.6030368763557483
2016-10-12,2.1691973969631237
2016-10-13,2.1691973969631237
2016-10-14,2.6030368763557483
2016-10-17,2.386117136659436
2016-10-18,3.68763557483731
2016-10-19,5.206073752711497
2016-10-20,5.856832971800434
2016-10-21,7.575757575757576
2016-10-24,8.658008658008658
2016-10-25,9.523809523809524
2016-10-26,9.090909090909092
2016-10-27,11.03896103896104
2016-10-28,10.38961038961039
2016-10-31,11.904761904761903
2016-11-01,9.956709956709958
2016-11-02,7.35930735930736
2016-11-03,6.493506493506493
2016-11-04,7.575757575757576
2016-11-07,9.523809523809524
2016-11-08,13.636363636363635
2016-11-09,26.623376623376622
2016-11-10,22.727272727272727
2016-11-11,18.398268398268396
2016-11-14,23.593073593073594
2016-11-15,20.12987012987013
2016-11-16,18.181818181818183
2016-11-17,19.00647948164147
2016-11-18,16.846652267818573
2016-11-21,17.71058315334773
2016-11-22,19.654427645788335
2016-11-23,20.734341252699785
2016-11-25,18.57451403887689
2016-11-28,16.630669546436287
2016-11-29,14.870689655172415
2016-11-30,17.45689655172414
2016-12-01,19.396551724137932
2016-12-02,16.594827586206897
2016-12-05,16.379310344827587
2016-12-06,15.948275862068966
2016-12-07,27.586206896551722
2016-12-08,28.663793103448278
2016-12-09,25.0
2016-12-12,24.78448275862069
2016-12-13,23.92241379310345
2016-12-14,20.25862068965517
2016-12-15,16.163793103448278
2016-12-16,13.577586206896552
2016-12-19,11.422413793103448
2016-12-20,12.284482758620689
2016-12-21,10.775862068965516
2016-12-22,9.482758620689655
2016-12-23,6.25
2016-12-27,7.543103448275862
2016-12-28,5.603448275862069
2016-12-29,3.6637931034482754
2016-12-30,3.0172413793103448
2017-01-03,6.4655172413793105
2017-01-04,10.129310344827585
2017-01-05,9.913793103448276
2017-01-06,8.620689655172415
2017-01-09,7.758620689655173
2017-01-10,10.344827586206897
2017-01-11,10.560344827586206
2017-01-12,8.405172413793103
2017-01-13,9.267241379310345
2017-01-17,9.267241379310345
2017-01-18,7.327586206896551
2017-01-19,6.896551724137931
2017-01-20,7.758620689655173
2017-01-23,7.974137931034483
2017-01-24,15.517241379310345
2017-01-25,19.82758620689655
2017-01-26,19.396551724137932
2017-01-27,16.594827586206897
2017-01-30,13.793103448275861
2017-01-31,13.14655172413793
2017-02-01,13.36206896551724
2017-02-02,12.5
2017-02-03,15.948275862068966
2017-02-06,13.793103448275861
2017-02-07,16.379310344827587
2017-02-08,17.025862068965516
2017-02-09,21.767241379310345
2017-02-10,21.120689655172413
2017-02-13,22.844827586206897
2017-02-14,23.70689655172414
2017-02-15,25.21551724137931
2017-02-16,23.275862068965516
2017-02-17,22.365591397849464
2017-02-21,27.956989247311824
2017-02-22,24.086021505376344
2017-02-23,24.086021505376344
2017-02-24,22.58064516129032
2017-02-27,19.78494623655914
2017-02-28,17.8494623655914
2017-03-01,32.25806451612903
2017-03-02,26.236559139784948
2017-03-03,20.86021505376344
2017-03-06,15.698924731182796
2017-03-07,12.688172043010754
2017-03-08,13.118279569892474
2017-03-09,11.612903225806452
2017-03-10,11.612903225806452
2017-03-13,12.043010752688172
2017-03-14,9.67741935483871
2017-03-15,19.13978494623656
2017-03-16,15.053763440860216
2017-03-17,12.473118279569892
2017-03-20,9.46236559139785
2017-03-21,9.46236559139785
2017-03-22,6.881720430107527
2017-03-23,6.236559139784946
2017-03-24,6.236559139784946
2017-03-27,5.376344086021505
2017-03-28,6.021505376344086
2017-03-29,6.666666666666667
2017-03-30,7.741935483870968
2017-03-31,7.526881720430108
2017-04-03,6.021505376344086
2017-04-04,3.655913978494624
2017-04-05,6.236559139784946
2017-04-06,5.591397849462366
2017-04-07,5.161290322580645
2017-04-10,4.086021505376344
2017-04-11,3.4408602150537635
2017-04-12,3.225806451612903
2017-04-13,2.1505376344086025
2017-04-17,2.5806451612903225
2017-04-18,4.516129032258064
2017-04-19,4.946236559139785
2017-04-20,8.817204301075268
2017-04-21,7.741935483870968
2017-04-24,13.978494623655912
2017-04-25,18.494623655913976
2017-04-26,18.064516129032256
2017-04-27,21.935483870967744
2017-04-28,20.86021505376344
2017-05-01,20.86021505376344
2017-05-02,21.29032258064516
2017-05-03,18.9247311827957
2017-05-04,22.1505376344086
2017-05-05,21.72043010752688
2017-05-08,18.9247311827957
2017-05-09,19.56989247311828
2017-05-10,17.634408602150536
2017-05-11,16.129032258064516
2017-05-12,13.978494623655912
2017-05-15,18.27956989247312
2017-05-16,17.634408602150536
2017-05-17,12.473118279569892
2017-05-18,9.46236559139785
2017-05-19,11.612903225806452
2017-05-22,13.978494623655912
2017-05-23,15.483870967741936
2017-05-24,16.344086021505376
2017-05-25,22.58064516129032
2017-05-26,20.0
2017-05-30,18.27956989247312
2017-05-31,19.098712446351932
2017-06-01,22.532188841201716
2017-06-02,24.034334763948497
2017-06-05,22.746781115879827
2017-06-06,18.025751072961373
2017-06-07,18.669527896995707
2017-06-08,16.09442060085837
2017-06-09,15.236051502145923
2017-06-12,10.300429184549357
2017-06-13,10.085836909871244
2017-06-14,11.802575107296137
2017-06-15,10.300429184549357
2017-06-16,10.515021459227468
2017-06-19,13.733905579399142
2017-06-20,12.446351931330472
2017-06-21,9.2274678111588
2017-06-22,9.656652360515022
2017-06-23,9.871244635193133
2017-06-26,9.656652360515022
2017-06-27,8.15450643776824
2017-06-28,6.866952789699571
2017-06-29,9.012875536480687
2017-06-30,6.866952789699571
2017-07-03,10.515021459227468
2017-07-05,7.510729613733906
2017-07-06,5.793991416309012
2017-07-07,5.793991416309012
2017-07-10,5.793991416309012
2017-07-11,4.721030042918455
2017-07-12,7.725321888412018
2017-07-13,7.296137339055794
2017-07-14,7.725321888412018
2017-07-17,8.369098712446352
2017-07-18,8.369098712446352
2017-07-19,11.587982832618025
2017-07-20,11.802575107296137
2017-07-21,12.017167381974248
2017-07-24,11.587982832618025
2017-07-25,18.4549356223176
2017-07-26,17.59656652360515
2017-07-27,15.450643776824036
2017-07-28,14.806866952789699
2017-07-31,13.090128755364807
2017-08-01,13.090128755364807
2017-08-02,13.733905579399142
2017-08-03,12.446351931330472
2017-08-04,12.446351931330472
2017-08-07,12.875536480686694
2017-08-08,14.592274678111588
2017-08-09,13.090128755364807
2017-08-10,10.515021459227468
2017-08-11,6.866952789699571
2017-08-14,8.369098712446352
2017-08-15,8.798283261802576
2017-08-16,10.515021459227468
2017-08-17,5.793991416309012
2017-08-18,4.291845493562231
2017-08-21,4.506437768240343
2017-08-22,8.583690987124463
2017-08-23,6.437768240343347
2017-08-24,6.008583690987124
2017-08-25,6.866952789699571
2017-08-28,6.652360515021459
2017-08-29,6.008583690987124
2017-08-30,9.44206008583691
2017-08-31,12.446351931330472
2017-09-01,12.231759656652361
2017-09-05,10.515021459227468
2017-09-06,9.656652360515022
2017-09-07,10.515021459227468
2017-09-08,13.090128755364807
2017-09-11,16.30901287553648
2017-09-12,15.450643776824036
2017-09-13,12.017167381974248
2017-09-14,13.519313304721031
2017-09-15,11.587982832618025
2017-09-18,13.304721030042918
2017-09-19,14.592274678111588
2017-09-20,14.163090128755366
2017-09-21,12.875536480686694
2017-09-22,14.377682403433475
2017-09-25,15.021459227467812
2017-09-26,14.377682403433475
2017-09-27,15.665236051502147
2017-09-28,15.021459227467812
2017-09-29,13.304721030042918
2017-10-02,17.59656652360515
2017-10-03,16.09442060085837
2017-10-04,17.167381974248926
2017-10-05,19.098712446351932
2017-10-06,17.167381974248926
2017-10-09,14.592274678111588
2017-10-10,15.021459227467812
2017-10-11,13.090128755364807
2017-10-12,15.021459227467812
2017-10-13,18.669527896995707
2017-10-16,15.450643776824036
2017-10-17,11.587982832618025
2017-10-18,13.519313304721031
2017-10-19,13.519313304721031
2017-10-20,18.025751072961373
2017-10-23,15.879828326180256
2017-10-24,15.879828326180256
2017-10-25,12.660944206008583
2017-10-26,16.09442060085837
2017-10-27,18.669527896995707
2017-10-30,16.09442060085837
2017-10-31,15.236051502145923
2017-11-01,16.523605150214593
2017-11-02,19.313304721030043
2017-11-03,18.240343347639485
2017-11-06,18.4549356223176
2017-11-07,16.738197424892704
2017-11-08,17.381974248927037
2017-11-09,14.592274678111588
2017-11-10,12.660944206008583
2017-11-13,13.733905579399142
2017-11-14,14.163090128755366
2017-11-15,10.085836909871244
2017-11-16,11.802575107296137
2017-11-17,11.587982832618025
2017-11-20,12.875536480686694
2017-11-21,16.95278969957082
2017-11-22,14.806866952789699
2017-11-24,13.090128755364807
2017-11-27,12.231759656652361
2017-11-28,19.098712446351932
2017-11-29,27.467811158798284
2017-11-30,29.399141630901287
2017-12-01,22.317596566523605
2017-12-04,21.030042918454935
2017-12-05,16.738197424892704
2017-12-06,14.592274678111588
2017-12-07,15.450643776824036
2017-12-08,15.879828326180256
2017-12-11,14.806866952789699
2017-12-12,15.665236051502147
2017-12-13,13.519313304721031
2017-12-14,10.515021459227468
2017-12-15,12.017167381974248
2017-12-18,16.30901287553648
2017-12-19,13.090128755364807
2017-12-20,14.163090128755366
2017-12-21,15.665236051502147
2017-12-22,12.875536480686694
2017-12-26,13.519313304721031
2017-12-27,12.231759656652361
2017-12-28,10.72961373390558
2017-12-29,10.085836909871244
2018-01-02,12.446351931330472
2018-01-03,15.879828326180256
2018-01-04,18.669527896995707
2018-01-05,18.88412017167382
2018-01-08,20.600858369098713
2018-01-09,23.605150214592275
2018-01-10,19.95708154506438
2018-01-11,24.678111587982833
2018-01-12,30.257510729613735
2018-01-16,30.042918454935624
2018-01-17,27.467811158798284
2018-01-18,25.10729613733906
2018-01-19,26.124197002141326
2018-01-22,27.8372591006424
2018-01-23,29.764453961456105
2018-01-24,29.550321199143468
2018-01-25,29.1220556745182
2018-01-26,29.764453961456105
2018-01-29,26.124197002141326
2018-01-30,17.558886509635975
2018-01-31,17.34475374732334
2018-02-01,16.916488222698074
2018-02-02,13.49036402569593
2018-02-05,5.567451820128479
2018-02-06,3.640256959314775
2018-02-07,3.854389721627409
2018-02-08,2.9978586723768736
2018-02-09,1.7130620985010707
2018-02-12,1.284796573875803
2018-02-13,0.6423982869379015
2018-02-14,1.4989293361884368
2018-02-15,3.640256959314775
2018-02-16,2.9978586723768736
2018-02-20,2.569593147751606
2018-02-21,2.9978586723768736
2018-02-22,2.7837259100642395
2018-02-23,3.4261241970021414
2018-02-26,5.139186295503212
2018-02-27,4.282655246252676
2018-02-28,3.854389721627409
2018-03-01,2.569593147751606
2018-03-02,1.9271948608137044
2018-03-05,2.7837259100642395
2018-03-06,3.854389721627409
2018-03-07,4.282655246252676
2018-03-08,4.068522483940043
2018-03-09,9.207708779443255
2018-03-12,7.494646680942184
2018-03-13,6.423982869379015
2018-03-14,4.925053533190578
2018-03-15,3.854389721627409
2018-03-16,4.282655246252676
2018-03-19,2.7837259100642395
2018-03-20,2.355460385438972
2018-03-21,3.4261241970021414
2018-03-22,1.7130620985010707
2018-03-23,0.8565310492505354
2018-03-26,0.6423982869379015
2018-03-27,2.141327623126338
2018-03-28,1.070663811563169
2018-03-29,1.284796573875803
2018-04-02,1.284796573875803
2018-04-03,1.070663811563169
2018-04-04,1.070663811563169
2018-04-05,1.9271948608137044
2018-04-06,0.4282655246252677
2018-04-09,0.6423982869379015
2018-04-10,1.070663811563169
2018-04-11,0.6423982869379015
2018-04-12,0.6423982869379015
2018-04-13,1.284796573875803
2018-04-16,2.9978586723768736
2018-04-17,4.282655246252676
2018-04-18,5.139186295503212
2018-04-19,3.854389721627409
2018-04-20,3.4261241970021414
2018-04-23,3.2119914346895073
2018-04-24,3.640256959314775
2018-04-25,2.9978586723768736
2018-04-26,7.28051391862955
2018-04-27,9.421841541755889
2018-04-30,7.066381156316917
2018-05-01,5.781584582441114
2018-05-02,7.708779443254818
2018-05-03,5.353319057815846
2018-05-04,7.922912205567452
2018-05-07,7.922912205567452
2018-05-08,7.066381156316917
2018-05-09,9.635974304068522
2018-05-10,9.421841541755889
2018-05-11,10.278372591006423
2018-05-14,7.708779443254818
2018-05-15,6.209850107066381
2018-05-16,8.993576017130621
2018-05-17,9.421841541755889
2018-05-18,7.922912205567452
2018-05-21,11.563169164882227
2018-05-22,9.635974304068522
2018-05-23,7.066381156316917
2018-05-24,7.066381156316917
2018-05-25,7.708779443254818
2018-05-29,5.995717344753747
2018-05-30,9.635974304068522
2018-05-31,8.35117773019272
2018-06-01,8.993576017130621
2018-06-04,9.850107066381156
2018-06-05,11.777301927194861
2018-06-06,13.276231263383298
2018-06-07,10.920770877944326
2018-06-08,10.278372591006423
2018-06-11,13.49036402569593
2018-06-12,14.346895074946467
2018-06-13,12.205567451820128
2018-06-14,12.419700214132762
2018-06-15,10.706638115631693
2018-06-18,9.635974304068522
2018-06-19,8.779443254817988
2018-06-20,8.565310492505352
2018-06-21,7.922912205567452
2018-06-22,8.779443254817988
2018-06-25,10.06423982869379
2018-06-26,8.993576017130621
2018-06-27,7.494646680942184
2018-06-28,7.28051391862955
2018-06-29,5.567451820128479
2018-07-02,4.710920770877944
2018-07-03,6.638115631691649
2018-07-05,7.494646680942184
2018-07-06,8.35117773019272
2018-07-09,8.137044967880087
2018-07-10,7.28051391862955
2018-07-11,5.567451820128479
2018-07-12,7.494646680942184
2018-07-13,7.922912205567452
2018-07-16,6.852248394004283
2018-07-17,6.852248394004283
2018-07-18,10.706638115631693
2018-07-19,10.278372591006423
2018-07-20,10.278372591006423
2018-07-23,9.421841541755889
2018-07-24,11.349036402569594
2018-07-25,13.276231263383298
2018-07-26,17.987152034261243
2018-07-27,16.274089935760173
2018-07-30,13.9186295503212
2018-07-31,15.845824411134904
2018-08-01,15.417558886509635
2018-08-02,17.130620985010705
2018-08-03,17.130620985010705
2018-08-06,16.488222698072803
2018-08-07,17.558886509635975
2018-08-08,16.274089935760173
2018-08-09,13.276231263383298
2018-08-10,10.706638115631693
2018-08-13,9.207708779443255
2018-08-14,10.706638115631693
2018-08-15,10.278372591006423
2018-08-16,11.777301927194861
2018-08-17,12.84796573875803
2018-08-20,14.775160599571734
2018-08-21,15.845824411134904
2018-08-22,13.062098501070663
2018-08-23,11.563169164882227
2018-08-24,11.991434689507495
2018-08-27,17.558886509635975
2018-08-28,16.059957173447536
2018-08-29,15.203426124197003
2018-08-30,11.134903640256958
2018-08-31,10.920770877944326
2018-09-04,13.276231263383298
2018-09-05,12.419700214132762
2018-09-06,11.777301927194861
2018-09-07,10.278372591006423
2018-09-10,11.991434689507495
2018-09-11,9.850107066381156
2018-09-12,9.421841541755889
2018-09-13,11.991434689507495
2018-09-14,11.349036402569594
2018-09-17,11.349036402569594
2018-09-18,10.920770877944326
2018-09-19,11.349036402569594
2018-09-20,12.84796573875803
2018-09-21,13.49036402569593
2018-09-24,9.635974304068522
2018-09-25,8.993576017130621
2018-09-26,7.066381156316917
2018-09-27,5.995717344753747
2018-09-28,5.781584582441114
2018-10-01,7.066381156316917
2018-10-02,7.066381156316917
2018-10-03,8.35117773019272
2018-10-04,4.496788008565311
2018-10-05,3.854389721627409
2018-10-08,3.854389721627409
2018-10-09,4.282655246252676
2018-10-10,2.7837259100642395
2018-10-11,1.9271948608137044
2018-10-12,0.4282655246252677
2018-10-15,1.4989293361884368
2018-10-16,2.7837259100642395
2018-10-17,3.640256959314775
2018-10-18,3.2119914346895073
2018-10-19,3.2119914346895073
2018-10-22,2.9978586723768736
2018-10-23,2.7837259100642395
2018-10-24,4.710920770877944
2018-10-25,3.4261241970021414
2018-10-26,1.9271948608137044
2018-10-29,2.9978586723768736
2018-10-30,4.710920770877944
2018-10-31,5.353319057815846
2018-11-01,5.567451820128479
2018-11-02,5.995717344753747
2018-11-05,4.496788008565311
2018-11-06,5.567451820128479
2018-11-07,10.706638115631693
2018-11-08,9.635974304068522
2018-11-09,8.779443254817988
2018-11-12,8.993576017130621
2018-11-13,5.995717344753747
2018-11-14,4.068522483940043
2018-11-15,2.569593147751606
2018-11-16,3.854389721627409
2018-11-19,2.141327623126338
2018-11-20,1.070663811563169
2018-11-21,1.070663811563169
2018-11-23,0.8565310492505354
2018-11-26,1.7130620985010707
2018-11-27,2.355460385438972
2018-11-28,5.353319057815846
2018-11-29,4.710920770877944
2018-11-30,6.638115631691649
2018-12-03,11.991434689507495
2018-12-04,5.567451820128479
2018-12-06,2.7837259100642395
2018-12-07,2.569593147751606
2018-12-10,0.6423982869379015
2018-12-11,0.8565310492505354
2018-12-12,0.6423982869379015
2018-12-13,0.8565310492505354
2018-12-14,0.0
2018-12-17,0.0
2018-12-18,0.0
2018-12-19,0.21413276231263384
2018-12-20,0.21413276231263384
2018-12-21,0.21413276231263384
2018-12-24,0.21413276231263384
2018-12-26,0.641025641025641
2018-12-27,0.0
2018-12-28,0.0
2018-12-31,0.2136752136752137
2019-01-02,0.4273504273504274
2019-01-03,0.4273504273504274
2019-01-04,0.2136752136752137
2019-01-07,1.7094017094017095
2019-01-08,1.7094017094017095
2019-01-09,2.564102564102564
2019-01-10,2.1367521367521367
2019-01-11,2.1367521367521367
2019-01-14,1.4957264957264957
2019-01-15,2.3504273504273505
2019-01-16,2.7777777777777777
2019-01-17,3.205128205128205
2019-01-18,7.051282051282051
2019-01-22,4.273504273504273
2019-01-23,4.487179487179487
2019-01-24,4.914529914529915
2019-01-25,7.905982905982905
2019-01-28,6.196581196581197
2019-01-29,8.11965811965812
2019-01-30,12.393162393162394
2019-01-31,14.957264957264957
2019-02-01,15.81196581196581
2019-02-04,15.384615384615385
2019-02-05,17.52136752136752
2019-02-06,16.88034188034188
2019-02-07,14.957264957264957
2019-02-08,14.957264957264957
2019-02-11,14.743589743589745
2019-02-12,23.717948717948715
2019-02-13,21.153846153846153
2019-02-14,19.444444444444446
2019-02-15,21.367521367521366
2019-02-19,21.367521367521366
2019-02-20,21.794871794871796
2019-02-21,17.52136752136752
2019-02-22,18.162393162393162
2019-02-25,21.794871794871796
2019-02-26,16.88034188034188
2019-02-27,16.025641025641026
2019-02-28,15.598290598290598
2019-03-01,20.51282051282051
2019-03-04,14.316239316239315
2019-03-05,11.11111111111111
2019-03-06,7.905982905982905
2019-03-07,5.769230769230769
2019-03-08,4.273504273504273
2019-03-11,8.547008547008547
2019-03-12,7.6923076923076925
2019-03-13,11.538461538461538
2019-03-14,8.333333333333332
2019-03-15,13.675213675213676
2019-03-18,14.743589743589745
2019-03-19,13.247863247863249
2019-03-20,11.11111111111111
2019-03-21,17.52136752136752
2019-03-22,10.683760683760683
2019-03-25,6.196581196581197
2019-03-26,8.76068376068376
2019-03-27,7.264957264957266
2019-03-28,7.675906183368871
2019-03-29,10.212765957446807
2019-04-01,18.93617021276596
2019-04-02,14.893617021276595
2019-04-03,19.574468085106382
2019-04-04,17.659574468085108
2019-04-05,17.197452229299362
2019-04-08,14.8619957537155
2019-04-09,10.615711252653929
2019-04-10,12.101910828025478
2019-04-11,13.800424628450106
2019-04-12,19.745222929936308
2019-04-15,16.985138004246284
2019-04-16,17.8343949044586
2019-04-17,18.683651804670912
2019-04-18,18.259023354564754
2019-04-22,15.286624203821656
2019-04-23,21.231422505307858
2019-04-24,21.019108280254777
2019-04-25,18.895966029723994
2019-04-26,17.40976645435244
2019-04-29,17.40976645435244
2019-04-30,20.382165605095544
2019-05-01,19.53290870488323
2019-05-02,15.074309978768577
2019-05-03,17.40976645435244
2019-05-06,12.951167728237792
2019-05-07,8.70488322717622
2019-05-08,7.43099787685775
2019-05-09,6.1571125265392785
2019-05-10,6.794055201698514
2019-05-13,3.821656050955414
2019-05-14,4.8832271762208075
2019-05-15,4.670912951167728
2019-05-16,7.006369426751593
2019-05-17,6.1571125265392785
2019-05-20,4.033970276008493
2019-05-21,4.45859872611465
2019-05-22,4.45859872611465
2019-05-23,3.821656050955414
2019-05-24,3.6093418259023355
2019-05-28,3.821656050955414
2019-05-29,2.11864406779661
2019-05-30,2.9661016949152543
2019-05-31,2.5423728813559325
2019-06-03,4.025423728813559
2019-06-04,7.838983050847458
2019-06-05,11.016949152542372
2019-06-06,11.440677966101696
2019-06-07,12.711864406779661
2019-06-10,14.194915254237289
2019-06-11,12.5
2019-06-12,8.879492600422834
2019-06-13,9.090909090909092
2019-06-14,9.725158562367865
2019-06-17,7.399577167019028
2019-06-18,11.839323467230443
2019-06-19,11.20507399577167
2019-06-20,17.547568710359407
2019-06-21,15.010570824524313
2019-06-24,12.684989429175475
2019-06-25,9.725158562367865
2019-06-26,8.24524312896406
2019-06-27,8.24524312896406
2019-06-28,11.39240506329114
2019-07-01,20.464135021097047
2019-07-02,16.244725738396625
2019-07-03,17.72151898734177
2019-07-05,12.869198312236287
2019-07-08,10.337552742616033
2019-07-09,8.649789029535865
2019-07-10,12.025316455696203
2019-07-11,11.39240506329114
2019-07-12,15.822784810126583
2019-07-15,13.080168776371309
2019-07-16,12.869198312236287
2019-07-17,9.071729957805907
2019-07-18,8.438818565400844
2019-07-19,10.337552742616033
2019-07-22,9.071729957805907
2019-07-23,14.345991561181433
2019-07-24,20.675105485232066
2019-07-25,15.400843881856542
2019-07-26,17.088607594936708
2019-07-29,13.291139240506327
2019-07-30,13.924050632911392
2019-07-31,13.71308016877637
2019-08-01,12.236286919831224
2019-08-02,10.126582278481013
2019-08-05,5.9071729957805905
2019-08-06,6.329113924050633
2019-08-07,5.69620253164557
2019-08-08,8.860759493670885
2019-08-09,7.805907172995781
2019-08-12,4.641350210970464
2019-08-13,7.172995780590717
2019-08-14,2.9535864978902953
2019-08-15,2.5316455696202533
2019-08-16,5.063291139240507
2019-08-19,5.9071729957805905
2019-08-20,4.641350210970464
2019-08-21,5.063291139240507
2019-08-22,5.274261603375527
2019-08-23,3.1645569620253164
2019-08-26,2.7426160337552745
2019-08-27,2.320675105485232
2019-08-28,1.6877637130801686
2019-08-29,2.7426160337552745
2019-08-30,2.9535864978902953
2019-09-03,3.5864978902953584
2019-09-04,4.219409282700422
2019-09-05,6.5400843881856545
2019-09-06,6.329113924050633
2019-09-09,12.869198312236287
2019-09-10,15.18987341772152
2019-09-11,16.877637130801688
2019-09-12,17.088607594936708
2019-09-13,12.658227848101266
2019-09-16,12.869198312236287
2019-09-17,10.337552742616033
2019-09-18,8.438818565400844
2019-09-19,6.5400843881856545
2019-09-20,5.274261603375527
2019-09-23,3.5864978902953584
2019-09-24,4.430379746835443
2019-09-25,3.79746835443038
2019-09-26,3.5864978902953584
2019-09-27,3.1645569620253164
2019-09-30,2.9535864978902953
2019-10-01,2.7426160337552745
2019-10-02,1.6877637130801686
2019-10-03,1.2658227848101267
2019-10-04,2.5316455696202533
2019-10-07,1.6842105263157894
2019-10-08,1.4736842105263157
2019-10-09,1.263157894736842
2019-10-10,0.8421052631578947
2019-10-11,8.842105263157894
2019-10-14,6.947368421052631
2019-10-15,11.789473684210526
2019-10-16,10.73684210526316
2019-10-17,12.842105263157894
2019-10-18,13.263157894736842
2019-10-21,14.315789473684209
2019-10-22,16.42105263157895
2019-10-23,14.526315789473685
2019-10-24,16.0
2019-10-25,16.210526315789473
2019-10-28,17.684210526315788
2019-10-29,18.736842105263158
2019-10-30,16.42105263157895
2019-10-31,13.473684210526315
2019-11-01,17.473684210526315
2019-11-04,19.57894736842105
2019-11-05,21.684210526315788
2019-11-06,19.36842105263158
2019-11-07,23.157894736842106
2019-11-08,20.210526315789473
2019-11-11,18.10526315789474
2019-11-12,18.10526315789474
2019-11-13,17.473684210526315
2019-11-14,14.947368421052632
2019-11-15,19.57894736842105
2019-11-18,18.736842105263158
2019-11-19,17.05263157894737
2019-11-20,13.894736842105262
2019-11-21,10.31578947368421
2019-11-22,10.526315789473683
2019-11-25,14.736842105263156
2019-11-26,13.894736842105262
2019-11-27,12.842105263157894
2019-11-29,10.526315789473683
2019-12-02,7.157894736842104
2019-12-03,4.631578947368421
2019-12-04,6.526315789473684
2019-12-05,5.473684210526316
2019-12-06,7.7894736842105265
2019-12-09,7.157894736842104
2019-12-10,6.7368421052631575
2019-12-11,8.631578947368421
2019-12-12,20.842105263157894
2019-12-13,16.210526315789473
2019-12-16,15.789473684210526
2019-12-17,13.894736842105262
2019-12-18,12.0
2019-12-19,12.0
2019-12-20,18.526315789473685
2019-12-23,15.157894736842106
2019-12-24,13.684210526315791
2019-12-26,13.684210526315791
2019-12-27,13.263157894736842
2019-12-30,8.842105263157894
2019-12-31,6.947368421052631
2020-01-02,17.894736842105264
2020-01-03,10.947368421052632
2020-01-06,10.105263157894736
2020-01-07,11.157894736842106
2020-01-08,15.578947368421053
2020-01-09,12.0
2020-01-10,11.368421052631579
2020-01-13,15.578947368421053
2020-01-14,18.10526315789474
2020-01-15,18.947368421052634
2020-01-16,18.31578947368421
2020-01-17,22.94736842105263
2020-01-21,20.842105263157894
2020-01-22,19.789473684210527
2020-01-23,17.894736842105264
2020-01-24,16.42105263157895
2020-01-27,8.421052631578947
2020-01-28,9.68421052631579
2020-01-29,10.947368421052632
2020-01-30,11.578947368421053
2020-01-31,9.894736842105264
2020-02-03,8.842105263157894
2020-02-04,12.210526315789473
2020-02-05,15.368421052631579
2020-02-06,14.736842105263156
2020-02-07,13.684210526315791
2020-02-10,13.263157894736842
2020-02-11,18.31578947368421
2020-02-12,18.736842105263158
2020-02-13,17.473684210526315
2020-02-14,15.789473684210526
2020-02-18,14.526315789473685
2020-02-19,17.473684210526315
2020-02-20,15.368421052631579
2020-02-21,12.421052631578949
2020-02-24,8.0
2020-02-25,5.684210526315789
2020-02-26,4.421052631578947
2020-02-27,2.526315789473684
2020-02-28,0.8421052631578947
2020-03-02,5.684210526315789
2020-03-03,4.2105263157894735
2020-03-04,6.7368421052631575
2020-03-05,4.631578947368421
2020-03-06,1.8947368421052633
2020-03-09,0.631578947368421
2020-03-10,0.631578947368421
2020-03-11,0.0
2020-03-12,0.0
2020-03-13,0.21052631578947367
2020-03-16,0.631578947368421
2020-03-17,0.8421052631578947
2020-03-18,1.0526315789473684
2020-03-19,0.8421052631578947
2020-03-20,0.631578947368421
2020-03-23,0.21052631578947367
2020-03-24,0.0
2020-03-25,1.8947368421052633
2020-03-26,0.8421052631578947
2020-03-27,0.42105263157894735
2020-03-30,0.42105263157894735
2020-03-31,0.21052631578947367
2020-04-01,0.21052631578947367
2020-04-02,0.21052631578947367
2020-04-03,0.21052631578947367
2020-04-06,1.6771488469601679
2020-04-07,6.498951781970649
2020-04-08,4.821802935010482
2020-04-09,11.530398322851152
2020-04-13,7.337526205450734
2020-04-14,9.014675052410901
2020-04-15,4.821802935010482
2020-04-16,5.450733752620545
2020-04-17,7.127882599580712
2020-04-20,5.660377358490567
2020-04-21,2.9350104821802936
2020-04-22,3.563941299790356
2020-04-23,5.2410901467505235
2020-04-24,5.2410901467505235
2020-04-27,9.433962264150944
2020-04-28,14.675052410901468
2020-04-29,16.771488469601678
2020-04-30,12.78825995807128
2020-05-01,7.547169811320755
2020-05-04,5.660377358490567
2020-05-05,10.90146750524109
2020-05-06,8.80503144654088
2020-05-07,9.643605870020965
2020-05-08,11.740041928721174
2020-05-11,12.159329140461216
2020-05-12,10.062893081761008
2020-05-13,5.450733752620545
2020-05-14,4.1928721174004195
2020-05-15,4.1928721174004195
2020-05-18,16.352201257861633
2020-05-19,13.417190775681343
2020-05-20,11.740041928721174
2020-05-21,10.062893081761008
2020-05-22,8.80503144654088
2020-05-26,29.979035639413
2020-05-27,32.914046121593294
2020-05-28,28.930817610062892
2020-05-29,24.737945492662476
2020-06-01,24.10901467505241
2020-06-02,26.41509433962264
2020-06-03,40.041928721174
2020-06-04,36.477987421383645
2020-06-05,52.83018867924528
2020-06-08,51.36268343815513
2020-06-09,43.18658280922432
2020-06-10,36.477987421383645
2020-06-11,16.561844863731658
2020-06-12,10.90146750524109
2020-06-15,7.756813417190776
2020-06-16,9.014675052410901
2020-06-17,5.450733752620545
2020-06-18,3.9832285115303985
2020-06-19,5.031446540880504
2020-06-22,2.9350104821802936
2020-06-23,3.1446540880503147
2020-06-24,1.6771488469601679
2020-06-25,1.4675052410901468
2020-06-26,1.6771488469601679
2020-06-29,1.0482180293501049
2020-06-30,1.8867924528301887
2020-07-01,3.563941299790356
2020-07-02,3.1446540880503147
2020-07-06,4.40251572327044
2020-07-07,5.031446540880504
2020-07-08,3.7735849056603774
2020-07-09,5.660377358490567
2020-07-10,4.821802935010482
2020-07-13,6.289308176100629
2020-07-14,5.870020964360587
2020-07-15,9.224318658280922
2020-07-16,8.176100628930817
2020-07-17,9.433962264150944
2020-07-20,9.014675052410901
2020-07-21,9.643605870020965
2020-07-22,11.949685534591195
2020-07-23,12.368972746331238
2020-07-24,8.59538784067086
2020-07-27,10.90146750524109
2020-07-28,10.482180293501047
2020-07-29,13.417190775681343
2020-07-30,11.11111111111111
2020-07-31,11.740041928721174
2020-08-03,13.20754716981132
2020-08-04,14.884696016771489
2020-08-05,17.61006289308176
2020-08-06,16.9811320754717
2020-08-07,20.125786163522015
2020-08-10,23.48008385744235
2020-08-11,29.559748427672954
2020-08-12,24.31865828092243
2020-08-13,20.545073375262053
2020-08-14,18.029350104821802
2020-08-17,15.932914046121594
2020-08-18,14.884696016771489
2020-08-19,12.368972746331238
2020-08-20,10.062893081761008
2020-08-21,9.853249475890985
2020-08-24,16.142557651991616
2020-08-25,15.09433962264151
2020-08-26,16.352201257861633
2020-08-27,19.91614255765199
2020-08-28,18.658280922431867
2020-08-31,17.81970649895178
2020-09-01,18.658280922431867
2020-09-02,29.769392033542978
2020-09-03,22.22222222222222
2020-09-04,11.11111111111111
2020-09-08,4.821802935010482
2020-09-09,8.176100628930817
2020-09-10,6.498951781970649
2020-09-11,3.9832285115303985
2020-09-14,9.433962264150944
2020-09-15,9.014675052410901
2020-09-16,11.740041928721174
2020-09-17,7.756813417190776
2020-09-18,5.031446540880504
2020-09-21,2.0964360587002098
2020-09-22,2.0964360587002098
2020-09-23,2.7253668763102725
2020-09-24,2.3060796645702304
2020-09-25,2.515723270440252
2020-09-28,3.7735849056603774
2020-09-29,2.9350104821802936
2020-09-30,4.1928721174004195
2020-10-01,5.450733752620545
2020-10-02,4.612159329140461
2020-10-05,3.1446540880503147
2020-10-06,5.450733752620545
2020-10-07,5.2410901467505235
2020-10-08,7.966457023060797
2020-10-09,9.433962264150944
2020-10-12,11.949685534591195
2020-10-13,9.853249475890985
2020-10-14,8.59538784067086
2020-10-15,4.612159329140461
2020-10-16,5.648535564853557
2020-10-19,4.811715481171548
2020-10-20,4.393305439330543
2020-10-21,4.811715481171548
2020-10-22,7.740585774058577
2020-10-23,6.066945606694561
2020-10-26,3.556485355648536
2020-10-27,3.9748953974895396
2020-10-28,2.7196652719665275
2020-10-29,3.765690376569038
2020-10-30,3.556485355648536
2020-11-02,5.648535564853557
2020-11-03,11.715481171548117
2020-11-04,16.527196652719663
2020-11-05,19.456066945606697
2020-11-06,16.736401673640167
2020-11-09,60.66945606694561
2020-11-10,52.928870292887034
2020-11-11,46.86192468619247
2020-11-12,38.912133891213394
2020-11-13,40.58577405857741
2020-11-16,48.74476987447699
2020-11-17,41.42259414225941
2020-11-18,39.53974895397489
2020-11-19,32.63598326359833
2020-11-20,28.870292887029287
2020-11-23,34.30962343096235
2020-11-24,44.14225941422594
2020-11-25,37.65690376569037
2020-11-27,35.77405857740586
2020-11-30,28.870292887029287
2020-12-01,29.707112970711297
2020-12-02,26.569037656903767
2020-12-03,26.569037656903767
2020-12-04,28.03347280334728
2020-12-07,24.267782426778243
2020-12-08,21.548117154811717
2020-12-09,21.338912133891213
2020-12-10,17.99163179916318
2020-12-11,14.435146443514643
2020-12-14,14.225941422594143
2020-12-15,10.87866108786611
2020-12-16,11.715481171548117
2020-12-17,12.133891213389122
2020-12-18,11.715481171548117
2020-12-21,9.414225941422593
2020-12-22,8.368200836820083
2020-12-23,7.322175732217573
2020-12-24,6.2761506276150625
2020-12-28,10.647181628392484
2020-12-29,7.5
2020-12-30,6.666666666666667
2020-12-31,9.166666666666666
2021-01-04,8.541666666666666
2021-01-05,7.708333333333334
2021-01-06,29.583333333333332
2021-01-07,25.416666666666664
2021-01-08,21.458333333333332
2021-01-11,18.333333333333332
2021-01-12,20.833333333333336
2021-01-13,17.916666666666668
2021-01-14,19.375
2021-01-15,14.166666666666666
2021-01-19,14.791666666666666
2021-01-20,15.208333333333332
2021-01-21,12.291666666666666
2021-01-22,9.791666666666666
2021-01-25,11.458333333333332
2021-01-26,11.458333333333332
2021-01-27,12.291666666666666
2021-01-28,10.833333333333334
2021-01-29,8.333333333333332
2021-02-01,7.5
2021-02-02,9.375
2021-02-03,8.75
2021-02-04,15.0
2021-02-05,15.0
2021-02-08,18.958333333333332
2021-02-09,17.083333333333332
2021-02-10,17.083333333333332
2021-02-11,17.5
2021-02-12,16.875
2021-02-16,18.541666666666668
2021-02-17,15.208333333333332
2021-02-18,12.916666666666668
2021-02-19,17.5
2021-02-22,20.833333333333336
2021-02-23,18.125
2021-02-24,23.125
2021-02-25,18.333333333333332
2021-02-26,12.083333333333334
2021-03-01,12.889812889812891
2021-03-02,10.81081081081081
2021-03-03,13.721413721413722
2021-03-04,9.147609147609149
2021-03-05,8.108108108108109
2021-03-08,12.266112266112266
2021-03-09,9.563409563409564
2021-03-10,8.108108108108109
2021-03-11,5.197505197505198
2021-03-12,4.5738045738045745
2021-03-15,7.900207900207901
2021-03-16,6.860706860706861
2021-03-17,6.652806652806653
2021-03-18,7.484407484407485
2021-03-19,5.613305613305614
2021-03-22,3.9501039501039505
2021-03-23,2.079002079002079
2021-03-24,2.494802494802495
2021-03-25,3.118503118503119
2021-03-26,6.4449064449064455
2021-03-29,7.484407484407485
2021-03-30,5.405405405405405
2021-03-31,5.405405405405405
2021-04-01,5.405405405405405
2021-04-05,8.93970893970894
2021-04-06,7.0686070686070686
2021-04-07,6.4449064449064455
2021-04-08,6.237006237006238
2021-04-09,6.237006237006238
2021-04-12,5.8212058212058215
2021-04-13,5.8212058212058215
2021-04-14,5.405405405405405
2021-04-15,9.563409563409564
2021-04-16,10.81081081081081
2021-04-19,9.147609147609149
2021-04-20,12.474012474012476
2021-04-21,11.642411642411643
2021-04-22,11.642411642411643
2021-04-23,10.187110187110187
2021-04-26,7.6923076923076925
2021-04-27,7.900207900207901
2021-04-28,8.523908523908524
2021-04-29,13.097713097713099
2021-04-30,11.618257261410788
2021-05-03,14.285714285714285
2021-05-04,13.457556935817806
2021-05-05,12.008281573498964
2021-05-06,12.422360248447205
2021-05-07,16.149068322981368
2021-05-10,21.532091097308488
2021-05-11,14.078674948240167
2021-05-12,8.488612836438923
2021-05-13,6.211180124223603
2021-05-14,5.797101449275362
2021-05-17,6.625258799171843
2021-05-18,5.590062111801243
2021-05-19,3.3126293995859215
2021-05-20,6.211180124223603
2021-05-21,4.968944099378882
2021-05-24,4.968944099378882
2021-05-25,4.140786749482402
2021-05-26,3.9337474120082816
2021-05-27,5.797101449275362
2021-05-28,4.761904761904762
2021-06-01,6.418219461697723
2021-06-02,8.488612836438923
2021-06-03,7.246376811594203
2021-06-04,7.453416149068323
2021-06-07,6.004140786749482
2021-06-08,7.246376811594203
2021-06-09,6.418219461697723
2021-06-10,8.281573498964804
2021-06-11,6.625258799171843
2021-06-14,7.039337474120083
2021-06-15,5.797101449275362
2021-06-16,6.004140786749482
2021-06-17,5.590062111801243
2021-06-18,4.3478260869565215
2021-06-21,5.797101449275362
2021-06-22,4.140786749482402
2021-06-23,4.761904761904762
2021-06-24,4.3478260869565215
2021-06-25,6.004140786749482
2021-06-28,6.832298136645963
2021-06-29,7.6604554865424435
2021-06-30,4.140786749482402
2021-07-01,4.968944099378882
2021-07-02,7.6604554865424435
2021-07-06,7.246376811594203
2021-07-07,8.281573498964804
2021-07-08,5.590062111801243
2021-07-09,5.590062111801243
2021-07-12,5.175983436853002
2021-07-13,4.554865424430641
2021-07-14,4.761904761904762
2021-07-15,3.9337474120082816
2021-07-16,4.761904761904762
2021-07-19,2.070393374741201
2021-07-20,7.6604554865424435
2021-07-21,6.004140786749482
2021-07-22,7.039337474120083
2021-07-23,12.422360248447205
2021-07-26,10.351966873706004
2021-07-27,10.144927536231885
2021-07-28,7.6604554865424435
2021-07-29,11.387163561076605
2021-07-30,12.008281573498964
2021-08-02,12.629399585921325
2021-08-03,11.801242236024844
2021-08-04,11.801242236024844
2021-08-05,11.801242236024844
2021-08-06,11.594202898550725
2021-08-09,10.973084886128365
2021-08-10,11.387163561076605
2021-08-11,11.180124223602485
2021-08-12,10.559006211180124
2021-08-13,11.180124223602485
2021-08-16,10.12396694214876
2021-08-17,8.884297520661157
2021-08-18,6.8181818181818175
2021-08-19,6.6115702479338845
2021-08-20,5.785123966942149
2021-08-23,5.371900826446281
2021-08-24,6.6115702479338845
2021-08-25,7.644628099173553
2021-08-26,7.644628099173553
2021-08-27,10.537190082644628
2021-08-30,9.297520661157025
2021-08-31,7.231404958677685
2021-09-01,9.090909090909092
2021-09-02,9.710743801652892
2021-09-03,8.884297520661157
2021-09-07,6.6115702479338845
2021-09-08,6.198347107438017
2021-09-09,7.851239669421488
2021-09-10,5.1652892561983474
2021-09-13,5.1652892561983474
2021-09-14,4.132231404958678
2021-09-15,4.132231404958678
2021-09-16,3.925619834710744
2021-09-17,3.512396694214876
2021-09-20,2.066115702479339
2021-09-21,2.272727272727273
2021-09-22,3.71900826446281
2021-09-23,6.6115702479338845
2021-09-24,5.991735537190083
2021-09-27,9.090909090909092
2021-09-28,7.43801652892562
2021-09-29,5.991735537190083
2021-09-30,4.338842975206612
2021-10-01,7.231404958677685
2021-10-04,6.6115702479338845
2021-10-05,6.198347107438017
2021-10-06,4.75206611570248
2021-10-07,3.71900826446281
2021-10-08,4.958677685950414
2021-10-11,5.578512396694215
2021-10-12,4.75206611570248
2021-10-13,4.545454545454546
2021-10-14,6.198347107438017
2021-10-15,7.024793388429752
2021-10-18,6.8181818181818175
2021-10-19,7.43801652892562
2021-10-20,10.537190082644628
2021-10-21,10.950413223140496
2021-10-22,13.016528925619836
2021-10-25,12.396694214876034
2021-10-26,13.016528925619836
2021-10-27,12.190082644628099
2021-10-28,11.363636363636363
2021-10-29,13.223140495867769
2021-11-01,12.396694214876034
2021-11-02,14.049586776859504
2021-11-03,15.909090909090908
2021-11-04,18.181818181818183
2021-11-05,22.727272727272727
2021-11-08,20.041322314049587
2021-11-09,17.56198347107438
2021-11-10,14.46280991735537
2021-11-11,13.223140495867769
2021-11-12,13.636363636363635
2021-11-15,14.46280991735537
2021-11-16,16.115702479338843
2021-11-17,13.636363636363635
2021-11-18,10.950413223140496
2021-11-19,11.15702479338843
2021-11-22,12.8099173553719
2021-11-23,9.297520661157025
2021-11-24,6.6115702479338845
2021-11-26,4.545454545454546
2021-11-29,5.991735537190083
2021-11-30,4.132231404958678
2021-12-01,4.75206611570248
2021-12-02,3.0991735537190084
2021-12-03,2.066115702479339
2021-12-06,3.512396694214876
2021-12-07,4.338842975206612
2021-12-08,4.338842975206612
2021-12-09,3.71900826446281
2021-12-10,5.785123966942149
2021-12-13,6.6115702479338845
2021-12-14,4.132231404958678
2021-12-15,7.644628099173553
2021-12-16,10.330578512396695
2021-12-17,7.231404958677685
2021-12-20,4.545454545454546
2021-12-21,5.1652892561983474
2021-12-22,5.371900826446281
2021-12-23,7.024793388429752
2021-12-27,9.50413223140496
2021-12-28,7.43801652892562
2021-12-29,7.644628099173553
2021-12-30,7.644628099173553
2021-12-31,5.991735537190083
2022-01-03,7.43801652892562
2022-01-04,16.735537190082646
2022-01-05,15.082644628099173
2022-01-06,10.12396694214876
2022-01-07,10.330578512396695
2022-01-10,8.057851239669422
2022-01-11,9.090909090909092
2022-01-12,7.231404958677685
2022-01-13,7.644628099173553
2022-01-14,6.6115702479338845
2022-01-18,5.371900826446281
2022-01-19,4.338842975206612
2022-01-20,1.859504132231405
2022-01-21,1.0330578512396695
2022-01-24,0.2066115702479339
2022-01-25,2.066115702479339
2022-01-26,1.4462809917355373
2022-01-27,1.4462809917355373
2022-01-28,1.6528925619834711
2022-01-31,1.859504132231405
2022-02-01,3.3057851239669422
2022-02-02,3.3057851239669422
2022-02-03,3.71900826446281
2022-02-04,3.2989690721649487
2022-02-07,2.6804123711340204
2022-02-08,4.123711340206185
2022-02-09,5.154639175257731
2022-02-10,5.154639175257731
2022-02-11,3.5051546391752577
2022-02-14,2.0618556701030926
2022-02-15,2.4742268041237114
2022-02-16,3.5051546391752577
2022-02-17,2.4742268041237114
2022-02-18,2.0618556701030926
2022-02-22,1.2371134020618557
2022-02-23,0.8247422680412372
2022-02-24,1.0309278350515463
2022-02-25,1.8556701030927836
2022-02-28,2.0618556701030926
2022-03-01,1.8556701030927836
2022-03-02,1.8556701030927836
2022-03-03,2.0618556701030926
2022-03-04,5.567010309278351
2022-03-07,5.77319587628866
2022-03-08,4.742268041237113
2022-03-09,3.711340206185567
2022-03-10,2.4742268041237114
2022-03-11,2.4742268041237114
2022-03-14,1.443298969072165
2022-03-15,1.2371134020618557
2022-03-16,1.443298969072165
2022-03-17,3.0927835051546393
2022-03-18,4.123711340206185
2022-03-21,5.567010309278351
2022-03-22,4.742268041237113
2022-03-23,4.742268041237113
2022-03-24,3.711340206185567
2022-03-25,5.567010309278351
2022-03-28,3.917525773195876
2022-03-29,10.103092783505154
2022-03-30,7.216494845360824
2022-03-31,6.391752577319587
2022-04-01,4.948453608247423
2022-04-04,4.742268041237113
2022-04-05,5.567010309278351
2022-04-06,5.567010309278351
2022-04-07,8.24742268041237
2022-04-08,7.628865979381444
2022-04-11,5.567010309278351
2022-04-12,3.917525773195876
2022-04-13,4.329896907216495
2022-04-14,4.536082474226804
2022-04-18,4.123711340206185
2022-04-19,6.391752577319587
2022-04-20,9.072164948453608
2022-04-21,9.072164948453608
2022-04-22,4.948453608247423
2022-04-25,3.917525773195876
2022-04-26,3.711340206185567
2022-04-27,2.0618556701030926
2022-04-28,3.711340206185567
2022-04-29,2.4742268041237114
2022-05-02,1.6494845360824744
2022-05-03,3.2989690721649487
2022-05-04,7.216494845360824
2022-05-05,3.917525773195876
2022-05-06,3.711340206185567
2022-05-09,3.5051546391752577
2022-05-10,2.6804123711340204
2022-05-11,3.0927835051546393
2022-05-12,1.443298969072165
2022-05-13,2.268041237113402
2022-05-16,3.711340206185567
2022-05-17,4.948453608247423
2022-05-18,3.0927835051546393
2022-05-19,2.4742268041237114
2022-05-20,1.0309278350515463
2022-05-23,1.0309278350515463
2022-05-24,0.8247422680412372
2022-05-25,1.6494845360824744
2022-05-26,2.268041237113402
2022-05-27,3.2989690721649487
2022-05-31,3.5051546391752577
2022-06-01,2.88659793814433
2022-06-02,2.6804123711340204
2022-06-03,1.6494845360824744
2022-06-06,3.0927835051546393
2022-06-07,3.711340206185567
2022-06-08,3.5051546391752577
2022-06-09,2.268041237113402
2022-06-10,0.2061855670103093
2022-06-13,0.2061855670103093
2022-06-14,0.8247422680412372
2022-06-15,1.0309278350515463
2022-06-16,0.6185567010309279
2022-06-17,0.8247422680412372
2022-06-21,1.6494845360824744
2022-06-22,1.6494845360824744
2022-06-23,2.268041237113402
2022-06-24,5.154639175257731
2022-06-27,5.154639175257731
2022-06-28,3.5051546391752577
2022-06-29,3.0927835051546393
2022-06-30,2.268041237113402
2022-07-01,3.0927835051546393
2022-07-05,2.6804123711340204
2022-07-06,2.268041237113402
2022-07-07,1.6494845360824744
2022-07-08,1.6494845360824744
2022-07-11,0.8247422680412372
2022-07-12,1.0309278350515463
2022-07-13,1.0309278350515463
2022-07-14,0.2061855670103093
2022-07-15,1.443298969072165
2022-07-18,2.4742268041237114
2022-07-19,3.711340206185567
2022-07-20,6.5979381443298974
2022-07-21,7.010309278350515
2022-07-22,6.804123711340206
2022-07-25,5.360824742268041
2022-07-26,4.536082474226804
2022-07-27,12.164948453608247
2022-07-28,20.20618556701031
2022-07-29,19.175257731958766
2022-08-01,16.082474226804123
2022-08-02,15.051546391752577
2022-08-03,16.90721649484536
2022-08-04,15.463917525773196
2022-08-05,12.371134020618557
2022-08-08,15.463917525773196
2022-08-09,13.195876288659795
2022-08-10,22.061855670103093
2022-08-11,22.474226804123713
2022-08-12,22.68041237113402
2022-08-15,23.505154639175256
2022-08-16,23.917525773195877
2022-08-17,17.938144329896907
2022-08-18,15.876288659793813
2022-08-19,10.103092783505154
2022-08-22,5.154639175257731
2022-08-23,6.391752577319587
2022-08-24,7.216494845360824
2022-08-25,9.278350515463918
2022-08-26,6.391752577319587
2022-08-29,5.154639175257731
2022-08-30,2.6804123711340204
2022-08-31,1.8556701030927836
2022-09-01,0.8247422680412372
2022-09-02,3.0927835051546393
2022-09-06,1.2371134020618557
2022-09-07,5.979381443298969
2022-09-08,7.010309278350515
2022-09-09,7.010309278350515
2022-09-12,9.278350515463918
2022-09-13,4.123711340206185
2022-09-14,2.268041237113402
2022-09-15,4.536082474226804
2022-09-16,1.6494845360824744
2022-09-19,2.88659793814433
2022-09-20,1.6494845360824744
2022-09-21,1.8556701030927836
2022-09-22,1.0309278350515463
2022-09-23,0.6185567010309279
2022-09-26,1.0309278350515463
2022-09-27,0.6185567010309279
2022-09-28,1.443298969072165
2022-09-29,1.443298969072165
2022-09-30,1.2371134020618557
2022-10-03,1.443298969072165
2022-10-04,5.979381443298969
2022-10-05,5.154639175257731
2022-10-06,3.5051546391752577
2022-10-07,3.2989690721649487
2022-10-10,3.0927835051546393
2022-10-11,3.5051546391752577
2022-10-12,2.268041237113402
2022-10-13,3.0927835051546393
2022-10-14,2.0618556701030926
2022-10-17,1.443298969072165
2022-10-18,2.6804123711340204
2022-10-19,3.2989690721649487
2022-10-20,2.6804123711340204
2022-10-21,4.329896907216495
2022-10-24,3.917525773195876
2022-10-25,5.979381443298969
2022-10-26,9.278350515463918
2022-10-27,10.927835051546392
2022-10-28,14.22680412371134
2022-10-31,12.164948453608247
2022-11-01,14.432989690721648
2022-11-02,11.958762886597938
2022-11-03,7.010309278350515
2022-11-04,12.577319587628866
2022-11-07,10.309278350515463
2022-11-08,13.814432989690722
2022-11-09,10.103092783505154
2022-11-10,31.34020618556701
2022-11-11,32.16494845360825
2022-11-14,29.27835051546392
2022-11-15,26.804123711340207
2022-11-16,19.79381443298969
2022-11-17,14.845360824742269
2022-11-18,14.63917525773196
2022-11-21,11.958762886597938
2022-11-22,14.02061855670103
2022-11-23,14.432989690721648
2022-11-25,13.195876288659795
2022-11-28,8.45360824742268
2022-11-29,6.5979381443298974
2022-11-30,22.88659793814433
2022-12-01,17.7319587628866
2022-12-02,13.195876288659795
2022-12-05,7.628865979381444
2022-12-06,4.329896907216495
2022-12-07,3.711340206185567
2022-12-08,5.979381443298969
2022-12-09,4.742268041237113
2022-12-12,4.742268041237113
2022-12-13,33.608247422680414
2022-12-14,23.09278350515464
2022-12-15,9.278350515463918
2022-12-16,6.185567010309279
2022-12-19,3.5051546391752577
2022-12-20,1.6494845360824744
2022-12-21,8.45360824742268
2022-12-22,2.88659793814433
2022-12-23,2.0618556701030926
2022-12-27,3.0927835051546393
2022-12-28,1.2371134020618557
2022-12-29,1.2371134020618557
2022-12-30,0.8247422680412372
2023-01-03,5.567010309278351
2023-01-04,9.670781893004115
2023-01-05,7.20164609053498
2023-01-06,18.106995884773664
2023-01-09,17.28395061728395
2023-01-10,12.962962962962962
2023-01-11,19.958847736625515
2023-01-12,18.930041152263374
2023-01-13,15.843621399176955
2023-01-17,13.37448559670782
2023-01-18,12.345679012345679
2023-01-19,8.436213991769549
2023-01-20,12.345679012345679
2023-01-23,19.958847736625515
2023-01-24,18.51851851851852
2023-01-25,13.580246913580247
2023-01-26,16.255144032921812
2023-01-27,18.31275720164609
2023-01-30,15.843621399176955
2023-01-31,15.843621399176955
2023-02-01,29.4238683127572
2023-02-02,29.4238683127572
2023-02-03,23.456790123456788
2023-02-06,17.078189300411523
2023-02-07,18.930041152263374
2023-02-08,16.46090534979424
2023-02-09,14.40329218106996
2023-02-10,11.316872427983538
2023-02-13,13.37448559670782
2023-02-14,15.22633744855967
2023-02-15,14.814814814814813
2023-02-16,12.345679012345679
2023-02-17,10.493827160493826
2023-02-21,8.23045267489712
2023-02-22,6.172839506172839
2023-02-23,7.4074074074074066
2023-02-24,6.172839506172839
2023-02-27,6.172839506172839
2023-02-28,6.378600823045268
2023-03-01,6.584362139917696
2023-03-02,5.967078189300412
2023-03-03,6.172839506172839
2023-03-06,7.4074074074074066
2023-03-07,5.349794238683128
2023-03-08,4.526748971193416
2023-03-09,4.526748971193416
2023-03-10,2.263374485596708
2023-03-13,2.263374485596708
2023-03-14,2.05761316872428
2023-03-15,2.263374485596708
2023-03-16,4.320987654320987
2023-03-17,3.0864197530864197
2023-03-20,2.674897119341564
2023-03-21,4.732510288065844
2023-03-22,3.909465020576132
2023-03-23,3.0864197530864197
2023-03-24,2.880658436213992
2023-03-27,2.880658436213992
2023-03-28,1.440329218106996
2023-03-29,2.4691358024691357
2023-03-30,4.526748971193416
2023-03-31,6.790123456790123
2023-04-03,8.024691358024691
2023-04-04,6.995884773662551
2023-04-05,7.818930041152264
2023-04-06,6.172839506172839
2023-04-10,5.1440329218107
2023-04-11,6.584362139917696
2023-04-12,5.761316872427984
2023-04-13,6.172839506172839
2023-04-14,5.349794238683128
2023-04-17,5.555555555555555
2023-04-18,7.4074074074074066
2023-04-19,6.995884773662551
2023-04-20,8.024691358024691
2023-04-21,8.23045267489712
2023-04-24,6.378600823045268
2023-04-25,5.967078189300412
2023-04-26,4.732510288065844
2023-04-27,11.316872427983538
2023-04-28,11.11111111111111
2023-05-01,13.168724279835391
2023-05-02,10.905349794238683
2023-05-03,11.728395061728394
2023-05-04,10.08230452674897
2023-05-05,11.522633744855968
2023-05-08,10.2880658436214
2023-05-09,8.847736625514404
2023-05-10,9.876543209876543
2023-05-11,7.818930041152264
2023-05-12,8.641975308641975
2023-05-15,8.23045267489712
2023-05-16,8.847736625514404
2023-05-17,9.465020576131687
2023-05-18,12.551440329218108
2023-05-19,11.522633744855968
2023-05-22,10.677618069815194
2023-05-23,10.266940451745379
2023-05-24,6.981519507186857
2023-05-25,10.266940451745379
2023-05-26,12.93634496919918
2023-05-30,11.704312114989733
2023-05-31,10.266940451745379
2023-06-01,11.90965092402464
2023-06-02,18.480492813141684
2023-06-05,16.83778234086242
2023-06-06,17.864476386036962
2023-06-07,21.971252566735114
2023-06-08,16.2217659137577
2023-06-09,13.75770020533881
2023-06-12,13.75770020533881
2023-06-13,19.301848049281315
2023-06-14,19.301848049281315
2023-06-15,20.533880903490758
2023-06-16,17.659137577002053
2023-06-20,12.320328542094455
2023-06-21,11.704312114989733
2023-06-22,9.650924024640657
2023-06-23,6.981519507186857
2023-06-26,8.624229979466119
2023-06-27,15.400410677618071
2023-06-28,13.963039014373715
2023-06-29,16.01642710472279
2023-06-30,18.069815195071868
2023-07-03,16.83778234086242
2023-07-05,11.293634496919918
2023-07-06,5.749486652977413
2023-07-07,13.552361396303903
2023-07-10,14.579055441478438
2023-07-11,18.069815195071868
2023-07-12,21.35523613963039
2023-07-13,20.944558521560573
2023-07-14,17.659137577002053
2023-07-17,20.32854209445585
2023-07-18,23.613963039014372
2023-07-19,20.739219712525667
2023-07-20,17.659137577002053
2023-07-21,17.659137577002053
2023-07-24,17.659137577002053
2023-07-25,19.301848049281315
2023-07-26,20.32854209445585
2023-07-27,23.203285420944557
2023-07-28,20.32854209445585
2023-07-31,17.659137577002053
2023-08-01,15.605749486652979
2023-08-02,12.73100616016427
2023-08-03,14.579055441478438
2023-08-04,13.75770020533881
2023-08-07,11.90965092402464
2023-08-08,11.498973305954825
2023-08-09,11.293634496919918
2023-08-10,11.90965092402464
2023-08-11,8.829568788501026
2023-08-14,8.624229979466119
2023-08-15,6.7761806981519515
2023-08-16,6.570841889117044
2023-08-17,5.133470225872689
2023-08-18,4.1067761806981515
2023-08-21,3.9014373716632447
2023-08-22,3.285420944558522
2023-08-23,4.9281314168377826
2023-08-24,5.133470225872689
2023-08-25,3.285420944558522
2023-08-28,4.9281314168377826
2023-08-29,6.570841889117044
2023-08-30,6.7761806981519515
2023-08-31,7.186858316221765
2023-09-01,7.392197125256674
2023-09-05,6.570841889117044
2023-09-06,4.9281314168377826
2023-09-07,4.312114989733059
2023-09-08,3.9014373716632447
2023-09-11,4.9281314168377826
2023-09-12,4.9281314168377826
2023-09-13,4.1067761806981515
2023-09-14,4.9281314168377826
2023-09-15,3.9014373716632447
2023-09-18,3.4907597535934287
2023-09-19,2.4640657084188913
2023-09-20,4.722792607802875
2023-09-21,4.517453798767967
2023-09-22,3.0800821355236137
2023-09-25,3.4907597535934287
2023-09-26,2.4640657084188913
2023-09-27,2.4640657084188913
2023-09-28,3.9014373716632447
2023-09-29,1.642710472279261
2023-10-02,1.0266940451745379
2023-10-03,0.6160164271047228
2023-10-04,1.2320328542094456
2023-10-05,1.8480492813141685
2023-10-06,3.696098562628337
2023-10-09,4.9281314168377826
2023-10-10,4.9281314168377826
2023-10-11,4.312114989733059
2023-10-12,4.722792607802875
2023-10-13,5.544147843942506
2023-10-16,5.338809034907597
2023-10-17,7.597535934291582
2023-10-18,5.338809034907597
2023-10-19,3.696098562628337
2023-10-20,2.663934426229508
2023-10-23,2.2540983606557377
2023-10-24,2.663934426229508
2023-10-25,2.8688524590163933
2023-10-26,5.122950819672131
2023-10-27,3.8934426229508197
2023-10-30,3.6885245901639343
2023-10-31,4.30327868852459
2023-11-01,6.557377049180328
2023-11-02,14.344262295081966
2023-11-03,19.672131147540984
2023-11-06,14.754098360655737
2023-11-07,15.368852459016393
2023-11-08,14.139344262295081
2023-11-09,13.729508196721312
2023-11-10,13.934426229508196
2023-11-13,14.139344262295081
2023-11-14,32.78688524590164
2023-11-15,32.78688524590164
2023-11-16,27.25409836065574
2023-11-17,24.795081967213115
2023-11-20,23.770491803278688
2023-11-21,21.311475409836063
2023-11-22,20.901639344262296
2023-11-24,19.057377049180328
2023-11-27,18.647540983606557
2023-11-28,17.62295081967213
2023-11-29,24.795081967213115
2023-11-30,23.15573770491803
2023-12-01,35.040983606557376
2023-12-04,30.122950819672127
2023-12-05,24.795081967213115
2023-12-06,26.639344262295083
2023-12-07,24.59016393442623
2023-12-08,25.40983606557377
2023-12-11,31.762295081967213
2023-12-12,30.532786885245898
2023-12-13,51.63934426229508
2023-12-14,46.92622950819672
2023-12-15,37.5
2023-12-18,33.81147540983606
2023-12-19,34.22131147540984
2023-12-20,28.48360655737705
2023-12-21,23.770491803278688
2023-12-22,23.975409836065573
2023-12-26,23.975409836065573
2023-12-27,21.51639344262295
2023-12-28,21.51639344262295
2023-12-29,17.827868852459016
2024-01-02,19.262295081967213
2024-01-03,13.729508196721312
2024-01-04,11.270491803278688
2024-01-05,10.245901639344263
2024-01-08,11.475409836065573
2024-01-09,10.245901639344263
2024-01-10,9.426229508196721
2024-01-11,9.01639344262295
2024-01-12,8.811475409836065
2024-01-16,8.19672131147541
2024-01-17,6.967213114754098
2024-01-18,7.377049180327869
2024-01-19,12.295081967213115
2024-01-22,14.754098360655737
2024-01-23,13.934426229508196
2024-01-24,14.139344262295081
2024-01-25,14.549180327868852
2024-01-26,14.549180327868852
2024-01-29,13.524590163934427
2024-01-30,16.598360655737704
2024-01-31,14.754098360655737
2024-02-01,15.368852459016393
2024-02-02,16.80327868852459
2024-02-05,16.598360655737704
2024-02-06,15.573770491803279
2024-02-07,18.237704918032787
2024-02-08,18.442622950819672
2024-02-09,18.647540983606557
2024-02-12,19.87704918032787
2024-02-13,13.729508196721312
2024-02-14,14.959016393442623
2024-02-15,21.10655737704918
2024-02-16,20.081967213114755
2024-02-20,17.62295081967213
2024-02-21,15.368852459016393
2024-02-22,24.795081967213115
2024-02-23,24.385245901639344
2024-02-26,23.36065573770492
2024-02-27,23.36065573770492
2024-02-28,23.15573770491803
2024-02-29,23.770491803278688
2024-03-01,24.59016393442623
2024-03-04,27.66393442622951
2024-03-05,25.204918032786882
2024-03-06,23.565573770491806
2024-03-07,24.59016393442623
2024-03-08,23.15573770491803
2024-03-11,19.672131147540984
2024-03-12,20.69672131147541
2024-03-13,22.540983606557376
2024-03-14,19.057377049180328
2024-03-15,15.778688524590164
2024-03-18,13.524590163934427
2024-03-19,13.319672131147541
2024-03-20,19.87704918032787
2024-03-21,23.770491803278688
2024-03-22,19.057377049180328
2024-03-25,18.0327868852459
2024-03-26,17.418032786885245
2024-03-27,19.4672131147541
2024-03-28,19.057377049180328
2024-04-01,18.0327868852459
2024-04-02,14.139344262295081
2024-04-03,14.549180327868852
2024-04-04,17.008196721311474
2024-04-05,12.90983606557377
2024-04-08,12.295081967213115
2024-04-09,10.245901639344263
2024-04-10,7.581967213114754
2024-04-11,6.352459016393443
2024-04-12,5.112474437627812
2024-04-15,3.061224489795918
2024-04-16,1.8367346938775513
2024-04-17,2.4489795918367347
2024-04-18,2.857142857142857
2024-04-19,4.081632653061225
2024-04-22,3.877551020408163
2024-04-23,6.122448979591836
2024-04-24,6.938775510204081
2024-04-25,6.73469387755102
2024-04-26,8.36734693877551
2024-04-29,8.571428571428571
2024-04-30,8.571428571428571
2024-05-01,9.183673469387756
2024-05-02,8.571428571428571
2024-05-03,11.020408163265307
2024-05-06,10.0
2024-05-07,12.448979591836734
2024-05-08,12.244897959183673
2024-05-09,13.26530612244898
2024-05-10,14.081632653061224
2024-05-13,12.653061224489795
2024-05-14,13.877551020408163
2024-05-15,16.73469387755102
2024-05-16,18.367346938775512
2024-05-17,14.69387755102041
2024-05-20,14.897959183673471
2024-05-21,13.26530612244898
2024-05-22,13.673469387755102
2024-05-23,10.204081632653061
2024-05-24,8.979591836734693
2024-05-28,9.183673469387756
2024-05-29,5.918367346938775
2024-05-30,6.530612244897959
2024-05-31,12.653061224489795
2024-06-03,12.244897959183673
2024-06-04,12.448979591836734
2024-06-05,11.224489795918368
2024-06-06,10.612244897959183
2024-06-07,8.571428571428571
2024-06-10,8.571428571428571
2024-06-11,7.755102040816326
2024-06-12,15.306122448979592
2024-06-13,12.448979591836734
2024-06-14,9.183673469387756
2024-06-17,13.26530612244898
2024-06-18,12.448979591836734
2024-06-20,12.040816326530612
2024-06-21,12.244897959183673
2024-06-24,15.918367346938775
2024-06-25,11.428571428571429
2024-06-26,7.959183673469387
2024-06-27,6.530612244897959
2024-06-28,11.83673469387755
2024-07-01,7.551020408163265
2024-07-02,6.938775510204081
2024-07-03,6.530612244897959
2024-07-05,7.755102040816326
2024-07-08,9.591836734693878
2024-07-09,10.0
2024-07-10,10.0
2024-07-11,22.244897959183675
2024-07-12,24.285714285714285
2024-07-15,25.102040816326532
2024-07-16,34.08163265306122
2024-07-17,37.95918367346939
2024-07-18,32.04081632653061
2024-07-19,24.489795918367346
2024-07-22,22.448979591836736
2024-07-23,20.408163265306122
2024-07-24,18.367346938775512
2024-07-25,25.30612244897959
2024-07-26,23.26530612244898
2024-07-29,21.224489795918366
2024-07-30,27.755102040816325
2024-07-31,26.53061224489796
2024-08-01,25.102040816326532
2024-08-02,21.836734693877553
2024-08-05,15.714285714285714
2024-08-06,16.3265306122449
2024-08-07,12.653061224489795
2024-08-08,11.63265306122449
2024-08-09,9.387755102040817
2024-08-12,8.36734693877551
2024-08-13,8.36734693877551
2024-08-14,10.408163265306122
2024-08-15,10.408163265306122
2024-08-16,8.571428571428571
2024-08-19,10.408163265306122
2024-08-20,9.795918367346939
2024-08-21,11.83673469387755
2024-08-22,10.204081632653061
2024-08-23,18.367346938775512
2024-08-26,18.571428571428573
2024-08-27,15.918367346938775
2024-08-28,15.714285714285714
2024-08-29,17.551020408163264
2024-08-30,14.489795918367346
2024-09-03,16.3265306122449
2024-09-04,12.857142857142856
2024-09-05,8.979591836734693
2024-09-06,6.326530612244897
2024-09-09,8.36734693877551
2024-09-10,8.36734693877551
2024-09-11,5.918367346938775
2024-09-12,4.081632653061225
2024-09-13,6.73469387755102
2024-09-16,8.36734693877551
2024-09-17,8.979591836734693
2024-09-18,9.795918367346939
2024-09-19,9.795918367346939
2024-09-20,7.959183673469387
2024-09-23,8.775510204081632
2024-09-24,9.795918367346939
2024-09-25,7.959183673469387
2024-09-26,11.83673469387755
2024-09-27,12.857142857142856
2024-09-30,10.204081632653061
2024-10-01,10.612244897959183
2024-10-02,7.959183673469387
2024-10-03,7.346938775510205
2024-10-04,9.591836734693878
2024-10-07,8.775510204081632
2024-10-08,8.775510204081632
2024-10-09,9.387755102040817
2024-10-10,8.16326530612245
2024-10-11,14.285714285714285
2024-10-14,14.081632653061224
2024-10-15,18.16326530612245
2024-10-16,15.918367346938775
2024-10-17,16.3265306122449
2024-10-18,15.714285714285714
2024-10-21,13.26530612244898
2024-10-22,10.816326530612246
2024-10-23,10.408163265306122
2024-10-24,12.040816326530612
2024-10-25,12.244897959183673
2024-10-28,10.408163265306122
2024-10-29,12.040816326530612
2024-10-30,15.10204081632653
2024-10-31,14.285714285714285
2024-11-01,15.510204081632653
2024-11-04,14.489795918367346
2024-11-05,16.73469387755102
2024-11-06,45.714285714285715
2024-11-07,43.87755102040816
2024-11-08,43.46938775510204
2024-11-11,42.6530612244898
2024-11-12,40.0
2024-11-13,40.40816326530612
2024-11-14,34.48979591836735
2024-11-15,29.795918367346943
2024-11-18,28.775510204081634
2024-11-19,24.285714285714285
2024-11-20,22.448979591836736
2024-11-21,33.265306122448976
2024-11-22,31.63265306122449
2024-11-25,38.163265306122454
2024-11-26,34.285714285714285
2024-11-27,28.97959183673469
2024-11-29,24.897959183673468
2024-12-02,22.040816326530614
2024-12-03,17.551020408163264
2024-12-04,18.979591836734695
2024-12-05,19.79591836734694
2024-12-06,16.93877551020408
2024-12-09,13.877551020408163
2024-12-10,11.83673469387755
2024-12-11,11.428571428571429
2024-12-12,10.204081632653061
2024-12-13,7.142857142857142
2024-12-16,9.183673469387756
2024-12-17,7.142857142857142
2024-12-18,4.081632653061225
2024-12-19,3.061224489795918
2024-12-20,4.285714285714286
2024-12-23,2.857142857142857
2024-12-24,2.6530612244897958
2024-12-26,3.4693877551020407
2024-12-27,2.2448979591836733
2024-12-30,1.6326530612244898
2024-12-31,1.4285714285714286
2025-01-02,2.0408163265306123
2025-01-03,1.6326530612244898
2025-01-06,4.8979591836734695
2025-01-07,3.2653061224489797
2025-01-08,2.6530612244897958
2025-01-10,4.489795918367347
2025-01-13,5.510204081632653
2025-01-14,5.1020408163265305
2025-01-15,9.183673469387756
2025-01-16,10.612244897959183
2025-01-17,10.816326530612246
2025-01-21,15.10204081632653
2025-01-22,17.346938775510203
2025-01-23,16.53061224489796
2025-01-24,15.714285714285714
2025-01-27,24.693877551020407
2025-01-28,20.612244897959183
2025-01-29,14.897959183673471
2025-01-30,19.387755102040817
2025-01-31,17.346938775510203
2025-02-03,12.448979591836734
2025-02-04,11.63265306122449
2025-02-05,13.061224489795919
2025-02-06,12.040816326530612
2025-02-07,13.46938775510204
2025-02-10,13.26530612244898
2025-02-11,13.46938775510204
2025-02-12,12.040816326530612
2025-02-13,15.10204081632653
2025-02-14,14.69387755102041
2025-02-18,12.448979591836734
2025-02-19,14.285714285714285
2025-02-20,12.244897959183673
2025-02-21,12.244897959183673
2025-02-24,12.448979591836734
2025-02-25,12.244897959183673
2025-02-26,10.0
2025-02-27,8.16326530612245
2025-02-28,6.530612244897959
2025-03-03,13.26530612244898
2025-03-04,9.795918367346939
2025-03-05,6.73469387755102
2025-03-06,6.122448979591836
2025-03-07,11.83673469387755
2025-03-10,14.081632653061224
2025-03-11,9.387755102040817
2025-03-12,5.510204081632653
2025-03-13,5.1020408163265305
2025-03-14,4.6938775510204085
2025-03-17,8.16326530612245
2025-03-18,5.918367346938775
2025-03-19,4.8979591836734695
2025-03-20,4.8979591836734695
2025-03-21,2.2448979591836733
2025-03-24,4.6938775510204085
2025-03-25,4.285714285714286
2025-03-26,4.489795918367347
2025-03-27,3.877551020408163
2025-03-28,3.877551020408163
2025-03-31,5.510204081632653
2025-04-01,3.2653061224489797
2025-04-02,2.6530612244897958
2025-04-03,8.36734693877551
2025-04-04,3.2653061224489797
2025-04-07,0.8163265306122449
2025-04-08,1.4285714285714286
2025-04-09,1.0204081632653061
2025-04-10,0.8163265306122449
2025-04-11,0.8163265306122449
2025-04-14,0.20408163265306123
2025-04-15,0.20408163265306123
2025-04-16,0.20408163265306123
2025-04-17,0.20408163265306123
2025-04-21,0.0
2025-04-22,0.6122448979591837
2025-04-23,2.0408163265306123
2025-04-24,2.4489795918367347
2025-04-25,2.4489795918367347
2025-04-28,2.2448979591836733
2025-04-29,2.0408163265306123
2025-04-30,2.0408163265306123
2025-05-01,3.4693877551020407
2025-05-02,4.6938775510204085
2025-05-05,4.285714285714286
2025-05-06,2.6530612244897958
2025-05-07,4.8979591836734695
2025-05-08,9.795918367346939
2025-05-09,9.183673469387756
2025-05-12,35.30612244897959
2025-05-13,35.10204081632653
2025-05-14,31.22448979591837
2025-05-15,29.795918367346943
2025-05-16,29.795918367346943
2025-05-19,25.510204081632654
2025-05-20,23.26530612244898
2025-05-21,14.081632653061224
2025-05-22,9.795918367346939
2025-05-23,5.3061224489795915
2025-05-27,17.959183673469386
2025-05-28,14.69387755102041
2025-05-29,11.63265306122449
2025-05-30,9.387755102040817
2025-06-02,8.979591836734693
2025-06-03,12.857142857142856
2025-06-04,11.428571428571429
2025-06-05,10.612244897959183
2025-06-06,11.428571428571429
2025-06-09,13.46938775510204
2025-06-10,15.510204081632653
2025-06-11,14.285714285714285
2025-06-12,11.020408163265307
2025-06-13,8.571428571428571
2025-06-16,12.448979591836734
2025-06-17,9.591836734693878
2025-06-18,8.775510204081632
2025-06-20,8.16326530612245
2025-06-23,5.918367346938775
2025-06-24,7.346938775510205
2025-06-25,5.3061224489795915
2025-06-26,8.979591836734693
2025-06-27,9.183673469387756
2025-06-30,10.408163265306122
2025-07-01,23.877551020408163
2025-07-02,19.387755102040817
2025-07-03,17.346938775510203
2025-07-07,11.428571428571429
2025-07-08,10.0
2025-07-09,10.408163265306122
2025-07-10,19.387755102040817
2025-07-11,14.897959183673471
2025-07-14,12.244897959183673
2025-07-15,8.775510204081632
2025-07-16,6.73469387755102
2025-07-17,10.204081632653061
2025-07-18,10.204081632653061
2025-07-21,11.224489795918368
2025-07-22,13.26530612244898
2025-07-23,15.510204081632653
2025-07-24,18.775510204081634
2025-07-25,17.959183673469386
2025-07-28,16.93877551020408
2025-07-29,15.714285714285714
2025-07-30,14.69387755102041
2025-07-31,14.897959183673471
2025-08-01,12.448979591836734
2025-08-04,13.673469387755102
2025-08-05,14.285714285714285
2025-08-06,15.918367346938775
2025-08-07,13.46938775510204
2025-08-08,14.081632653061224
2025-08-11,12.448979591836734
2025-08-12,14.489795918367346
2025-08-13,17.142857142857142
2025-08-14,15.10204081632653
2025-08-15,14.69387755102041
2025-08-18,12.857142857142856
2025-08-19,15.918367346938775
2025-08-20,14.489795918367346
2025-08-21,10.612244897959183
2025-08-22,34.08163265306122
2025-08-25,27.346938775510203
2025-08-26,22.040816326530614
2025-08-27,24.081632653061224
2025-08-28,19.387755102040817
2025-08-29,18.16326530612245
2025-09-02,11.224489795918368
2025-09-03,11.020408163265307
2025-09-04,14.081632653061224
2025-09-05,16.3265306122449
2025-09-08,12.448979591836734
2025-09-09,10.204081632653061
2025-09-10,9.387755102040817
2025-09-11,19.183673469387756
2025-09-12,13.26530612244898
2025-09-15,13.061224489795919
2025-09-16,10.204081632653061
2025-09-17,14.081632653061224
2025-09-18,12.857142857142856
2025-09-19,10.816326530612246
2025-09-22,11.83673469387755
2025-09-23,12.857142857142856
2025-09-24,10.612244897959183
2025-09-25,8.16326530612245
2025-09-26,10.0
2025-09-29,11.428571428571429
2025-09-30,12.040816326530612
2025-10-01,15.306122448979592
2025-10-02,14.081632653061224
2025-10-03,17.346938775510203
2025-10-06,17.142857142857142
2025-10-07,15.306122448979592
2025-10-08,13.061224489795919
2025-10-09,11.428571428571429
2025-10-10,7.142857142857142
2025-10-13,4.489795918367347
2025-10-14,5.510204081632653
2025-10-15,6.326530612244897
2025-10-16,6.326530612244897
2025-10-17,4.6938775510204085
2025-10-20,5.3061224489795915
2025-10-21,7.959183673469387
2025-10-22,6.938775510204081
2025-10-23,7.346938775510205
2025-10-24,7.551020408163265
2025-10-27,7.755102040816326
2025-10-28,8.979591836734693
2025-10-29,10.204081632653061
2025-10-30,13.061224489795919
2025-10-31,10.408163265306122
2025-11-03,9.183673469387756
2025-11-04,10.0
2025-11-05,11.63265306122449
2025-11-06,11.020408163265307
2025-11-07,10.612244897959183
2025-11-10,11.020408163265307
2025-11-11,11.83673469387755
2025-11-12,11.428571428571429
2025-11-13,10.0
2025-11-14,6.938775510204081
2025-11-17,5.510204081632653
2025-11-18,4.081632653061225
2025-11-19,4.081632653061225
2025-11-20,5.3061224489795915
2025-11-21,7.755102040816326
2025-11-24,7.346938775510205
2025-11-25,12.653061224489795
2025-11-26,11.224489795918368
2025-11-28,8.775510204081632
2025-12-01,9.183673469387756
2025-12-02,7.346938775510205
2025-12-03,10.408163265306122
2025-12-04,10.0
2025-12-05,11.63265306122449
2025-12-08,9.591836734693878
2025-12-09,10.408163265306122
2025-12-10,16.73469387755102
2025-12-11,16.53061224489796
2025-12-12,13.877551020408163
2025-12-15,13.673469387755102
2025-12-16,7.755102040816326
2025-12-17,7.551020408163265
2025-12-18,6.938775510204081
2025-12-19,6.530612244897959
2025-12-22,7.346938775510205
2025-12-23,5.918367346938775
2025-12-24,5.1020408163265305
2025-12-26,5.1020408163265305
2025-12-29,4.8979591836734695
2025-12-30,3.877551020408163
2025-12-31,3.061224489795918
2026-01-02,5.918367346938775
2026-01-05,20.408163265306122
2026-01-06,21.63265306122449
2026-01-07,16.3265306122449
2026-01-08,17.551020408163264
2026-01-09,15.306122448979592
2026-01-12,11.428571428571429
2026-01-13,13.061224489795919
2026-01-14,13.46938775510204
2026-01-15,12.857142857142856
2026-01-16,13.46938775510204
2026-01-20,10.612244897959183
2026-01-21,15.10204081632653
2026-01-22,14.081632653061224
2026-01-23,10.816326530612246
2026-01-26,12.857142857142856
2026-01-27,11.428571428571429
2026-01-28,11.428571428571429
2026-01-29,16.3265306122449
2026-01-30,12.857142857142856
2026-02-02,15.10204081632653
2026-02-03,19.387755102040817
2026-02-04,22.653061224489797
2026-02-05,19.183673469387756
2026-02-06,20.20408163265306
2026-02-09,16.93877551020408
2026-02-10,18.775510204081634
2026-02-11,22.653061224489797
2026-02-12,25.102040816326532
2026-02-13,20.612244897959183
2026-02-17,16.93877551020408
2026-02-18,14.897959183673471
2026-02-19,12.857142857142856
2026-02-20,13.46938775510204
2026-02-23,13.877551020408163
2026-02-24,12.448979591836734
2026-02-25,8.571428571428571
2026-02-26,6.938775510204081
2026-02-27,9.591836734693878
2026-03-02,9.795918367346939
2026-03-03,5.714285714285714
2026-03-04,6.326530612244897
2026-03-05,5.1020408163265305
2026-03-06,4.081632653061225
2026-03-09,4.285714285714286
2026-03-10,3.2653061224489797
2026-03-11,2.4489795918367347
2026-03-12,3.6734693877551026
2026-03-13,3.061224489795918
2026-03-16,2.6530612244897958
2026-03-17,3.6734693877551026
2026-03-18,3.061224489795918
2026-03-19,3.2653061224489797
2026-03-20,2.4489795918367347
2026-03-23,2.0408163265306123
2026-03-24,1.8367346938775513
2026-03-25,2.2448979591836733
2026-03-26,2.6530612244897958
2026-03-27,2.6530612244897958
2026-03-30,2.2448979591836733
2026-03-31,1.0204081632653061
2026-04-01,1.8367346938775513
2026-04-02,1.6326530612244898
2026-04-06,1.8367346938775513
2026-04-07,3.2653061224489797
2026-04-08,6.326530612244897
2026-04-09,6.122448979591836
2026-04-10,4.6938775510204085
2026-04-13,3.877551020408163
2026-04-14,6.326530612244897
2026-04-15,5.918367346938775
2026-04-16,7.346938775510205
2026-04-17,13.061224489795919
2026-04-20,11.83673469387755
2026-04-21,13.877551020408163
2026-04-22,10.0
2026-04-23,11.020408163265307
2026-04-24,9.795918367346939
2026-04-27,8.571428571428571
2026-04-28,7.959183673469387
2026-04-29,10.0
2026-04-30,12.244897959183673
2026-05-01,12.653061224489795
2026-05-04,11.428571428571429
2026-05-05,12.448979591836734
2026-05-06,14.69387755102041
2026-05-07,13.673469387755102
2026-05-08,13.877551020408163
2026-05-11,12.857142857142856
2026-05-12,11.83673469387755
2026-05-13,10.612244897959183
2026-05-14,11.020408163265307
2026-05-15,9.387755102040817
2026-05-18,11.020408163265307
2026-05-19,9.591836734693878
2026-05-20,9.183673469387756
2026-05-21,8.775510204081632
2026-05-22,10.408163265306122
2026-05-26,10.816326530612246
2026-05-27,12.448979591836734
2026-05-28,11.83673469387755
2026-05-29,11.63265306122449
2026-06-01,12.857142857142856
2026-06-02,13.877551020408163
2026-06-03,13.673469387755102
2026-06-04,14.489795918367346
2026-06-05,10.612244897959183
2026-06-08,7.959183673469387
2026-06-09,10.816326530612246
2026-06-10,9.795918367346939
2026-06-11,8.979591836734693
2026-06-12,7.551020408163265
2026-06-15,8.571428571428571
2026-06-16,7.551020408163265
2026-06-17,4.081632653061225
2026-06-18,4.081632653061225
2026-06-22,4.081632653061225
2026-06-23,3.2653061224489797
2026-06-24,9.795918367346939
2026-06-25,11.020408163265307
2026-06-26,11.428571428571429
2026-06-29,10.408163265306122
2026-06-30,9.387755102040817
2026-07-01,13.061224489795919
2026-07-02,14.081632653061224
2026-07-06,10.612244897959183
2026-07-07,10.816326530612246
2026-07-08,7.755102040816326
2026-07-09,6.530612244897959
2026-07-10,5.1020408163265305
2026-07-13,6.530612244897959
2026-07-14,6.326530612244897
2026-07-15,5.918367346938775
2026-07-16,9.591836734693878
2026-07-17,10.408163265306122
2026-07-20,6.73469387755102
2026-07-21,5.3061224489795915
2026-07-22,8.16326530612245
2026-07-23,9.387755102040817
2026-07-24,13.26530612244898
2026-07-27,14.897959183673471
2026-07-28,27.95918367346939
2026-07-29,24.693877551020407
2026-07-30,18.16326530612245
2026-07-31,15.10204081632653
2026-08-03,18.775510204081634
2026-08-04,19.591836734693878
2026-08-05,18.979591836734695
2026-08-06,16.3265306122449
2026-08-07,17.346938775510203
2026-08-10,17.346938775510203
2026-08-11,15.918367346938775
2026-08-12,13.877551020408163
2026-08-13,17.142857142857142
2026-08-14,14.69387755102041
2026-08-17,11.63265306122449
2026-08-18,11.224489795918368
2026-08-19,18.367346938775512
2026-08-20,15.10204081632653
2026-08-21,13.673469387755102
2026-08-24,13.877551020408163
2026-08-25,12.448979591836734
2026-08-26,9.795918367346939
2026-08-27,9.387755102040817
2026-08-28,7.959183673469387
2026-08-31,7.959183673469387
2026-09-01,6.530612244897959
2026-09-02,7.959183673469387
2026-09-03,8.36734693877551
2026-09-04,5.510204081632653
2026-09-08,5.714285714285714
2026-09-09,3.6734693877551026
2026-09-10,2.2448979591836733
2026-09-11,2.6530612244897958
2026-09-14,7.551020408163265
2026-09-15,6.938775510204081
2026-09-16,5.510204081632653
2026-09-17,4.081632653061225
2026-09-18,3.4693877551020407
2026-09-21,3.6734693877551026
2026-09-22,5.714285714285714
2026-09-23,4.6938775510204085
2026-09-24,4.6938775510204085
2026-09-25,4.8979591836734695
2026-09-28,4.6938775510204085
2026-09-29,3.6734693877551026
2026-09-30,3.877551020408163
2026-10-01,3.877551020408163
2026-10-02,4.6938775510204085
2026-10-05,5.3061224489795915
