Date,M21_Breadth,M21_MA10
2003-01-02,59.89010989010989,
2003-01-03,57.417582417582416,
2003-01-06,56.86813186813187,
2003-01-07,57.534246575342465,
2003-01-08,56.986301369863014,
2003-01-09,57.534246575342465,
2003-01-10,56.986301369863014,
2003-01-13,57.80821917808219,
2003-01-14,56.71232876712329,
2003-01-15,57.26027397260274,57.49977419840434
2003-01-16,57.26027397260274,57.23679060665362
2003-01-17,56.16438356164384,57.11147072105977
2003-01-21,56.71232876712329,57.09589041095891
2003-01-22,55.342465753424655,56.87671232876712
2003-01-23,52.87671232876713,56.465753424657535
2003-01-24,49.04109589041096,55.61643835616438
2003-01-27,45.75342465753425,54.493150684931514
2003-01-28,43.56164383561644,53.06849315068494
2003-01-29,44.109589041095894,51.80821917808218
2003-01-30,42.73972602739726,50.35616438356165
2003-01-31,42.19178082191781,48.84931506849315
2003-02-03,40.273972602739725,47.26027397260274
2003-02-04,37.26027397260274,45.31506849315069
2003-02-05,34.24657534246575,43.205479452054796
2003-02-06,32.602739726027394,41.178082191780824
2003-02-07,31.232876712328768,39.397260273972606
2003-02-10,29.315068493150687,37.75342465753425
2003-02-11,27.123287671232877,36.10958904109589
2003-02-12,23.835616438356162,34.082191780821915
2003-02-13,21.643835616438356,31.972602739726028
2003-02-14,21.095890410958905,29.86301369863014
2003-02-18,19.45205479452055,27.78082191780822
2003-02-19,18.30601092896175,25.88539561344412
2003-02-20,18.0327868852459,24.264016767722136
2003-02-21,18.0327868852459,22.807021483643986
2003-02-24,17.43869209809264,21.427603022220374
2003-02-25,18.256130790190735,20.32170925192438
2003-02-26,19.346049046321525,19.543985389433242
2003-02-27,20.16348773841962,19.176772519439588
2003-02-28,21.525885558583106,19.164977513654062
2003-03-03,22.3433242506812,19.289720897626292
2003-03-04,22.070844686648503,19.55159988683909
2003-03-05,21.798365122615802,19.900835306204492
2003-03-06,22.615803814713896,20.359136999151293
2003-03-07,23.705722070844686,20.926430517711175
2003-03-10,23.43324250681199,21.525885558583106
2003-03-11,24.250681198910083,22.12534059945504
2003-03-12,24.250681198910083,22.615803814713896
2003-03-13,24.795640326975477,23.079019073569484
2003-03-14,26.430517711171664,23.56948228882834
2003-03-17,28.337874659400548,24.168937329700274
2003-03-18,29.70027247956403,24.931880108991827
2003-03-19,31.062670299727518,25.858310626702995
2003-03-20,32.15258855585831,26.811989100817435
2003-03-21,34.332425068119896,27.87465940054496
2003-03-24,35.694822888283376,29.100817438692097
2003-03-25,38.69209809264305,30.544959128065397
2003-03-26,41.41689373297003,32.26158038147139
2003-03-27,45.776566757493185,34.35967302452316
2003-03-28,49.863760217983646,36.70299727520436
2003-03-31,51.49863760217984,39.01907356948229
2003-04-01,53.67847411444142,41.416893732970024
2003-04-02,56.94822888283378,44.00544959128065
2003-04-03,60.49046321525886,46.83923705722071
2003-04-04,64.03269754768392,49.80926430517711
2003-04-07,65.66757493188011,52.80653950953679
2003-04-08,67.8474114441417,55.722070844686655
2003-04-09,69.48228882833789,58.52861035422344
2003-04-10,72.75204359673025,61.22615803814715
2003-04-11,74.65940054495913,63.70572207084469
2003-04-14,76.29427792915531,66.18528610354224
2003-04-15,77.65667574931881,68.58310626702998
2003-04-16,78.4741144414169,70.73569482288829
2003-04-17,78.7465940054496,72.56130790190737
2003-04-21,80.38147138964578,74.19618528610354
2003-04-22,79.56403269754769,75.58583106267031
2003-04-23,80.65395095367847,76.86648501362399
2003-04-24,81.74386920980926,78.09264305177112
2003-04-25,82.56130790190736,79.07356948228883
2003-04-28,83.37874659400545,79.94550408719347
2003-04-29,84.46866485013625,80.76294277929155
2003-04-30,86.10354223433242,81.60762942779292
2003-05-01,86.37602179836512,82.39782016348775
2003-05-02,85.83106267029973,83.10626702997276
2003-05-05,86.10354223433242,83.67847411444141
2003-05-06,87.19346049046321,84.44141689373296
2003-05-07,88.8283378746594,85.25885558583107
2003-05-08,89.3732970027248,86.0217983651226
2003-05-09,89.91825613079018,86.7574931880109
2003-05-12,91.55313351498637,87.574931880109
2003-05-13,91.55313351498637,88.28337874659401
2003-05-14,91.55313351498637,88.82833787465941
2003-05-15,91.28065395095368,89.31880108991825
2003-05-16,91.82561307901908,89.91825613079018
2003-05-19,92.09809264305177,90.51771117166211
2003-05-20,91.55313351498637,90.95367847411443
2003-05-21,90.73569482288828,91.14441416893733
2003-05-22,90.73569482288828,91.28065395095368
2003-05-23,90.73569482288828,91.36239782016348
2003-05-27,92.37057220708446,91.4441416893733
2003-05-28,92.91553133514986,91.58038147138964
2003-05-29,92.37057220708446,91.66212534059945
2003-05-30,92.09809264305177,91.74386920980928
2003-06-02,92.09809264305177,91.77111716621252
2003-06-03,91.82561307901908,91.74386920980928
2003-06-04,91.28065395095368,91.71662125340599
2003-06-05,91.28065395095368,91.77111716621253
2003-06-06,91.55313351498637,91.85286103542234
2003-06-09,91.82561307901908,91.96185286103541
2003-06-10,91.82561307901908,91.90735694822888
2003-06-11,90.73569482288828,91.68937329700273
2003-06-12,90.73569482288828,91.5258855585831
2003-06-13,90.46321525885558,91.36239782016348
2003-06-16,90.46321525885558,91.19891008174388
2003-06-17,90.46321525885558,91.06267029972751
2003-06-18,91.00817438692098,91.03542234332426
2003-06-19,91.28065395095368,91.03542234332426
2003-06-20,92.09809264305177,91.0899182561308
2003-06-23,92.09809264305177,91.11716621253404
2003-06-24,91.55313351498637,91.08991825613079
2003-06-25,91.00817438692098,91.11716621253406
2003-06-26,91.55313351498637,91.19891008174388
2003-06-27,90.46321525885558,91.19891008174388
2003-06-30,89.10081743869209,91.06267029972751
2003-07-01,88.28337874659401,90.84468664850137
2003-07-02,87.73841961852861,90.51771117166213
2003-07-03,87.73841961852861,90.16348773841962
2003-07-07,88.0108991825613,89.75476839237056
2003-07-08,87.46594005449592,89.291553133515
2003-07-09,86.92098092643052,88.82833787465941
2003-07-10,86.10354223433242,88.33787465940054
2003-07-11,84.74114441416893,87.6566757493188
2003-07-14,84.46866485013625,87.05722070844686
2003-07-15,82.83378746594006,86.43051771117166
2003-07-16,79.83651226158038,85.5858310626703
2003-07-17,76.83923705722071,84.49591280653951
2003-07-18,76.02179836512262,83.3242506811989
2003-07-21,73.56948228882834,81.88010899182561
2003-07-22,71.38964577656675,80.2724795640327
2003-07-23,70.84468664850137,78.66485013623978
2003-07-24,70.02724795640327,77.05722070844686
2003-07-25,70.02724795640327,75.5858310626703
2003-07-28,69.48228882833789,74.08719346049047
2003-07-29,70.29972752043598,72.83378746594006
2003-07-30,70.29972752043598,71.88010899182561
2003-07-31,69.75476839237056,71.1716621253406
2003-08-01,66.4850136239782,70.21798365122616
2003-08-04,66.21253405994551,69.48228882833789
2003-08-05,64.85013623978202,68.82833787465941
2003-08-06,62.39782016348774,67.98365122615805
2003-08-07,60.49046321525886,67.0299727520436
2003-08-08,58.58310626702997,65.88555858310627
2003-08-11,56.675749318801095,64.6049046321526
2003-08-12,56.13079019073569,63.188010899182565
2003-08-13,55.5858310626703,61.71662125340599
2003-08-14,56.403269754768395,60.381471389645775
2003-08-15,56.675749318801095,59.400544959128055
2003-08-18,56.94822888283378,58.474114441416894
2003-08-19,56.675749318801095,57.6566757493188
2003-08-20,57.765667574931875,57.19346049046321
2003-08-21,58.58310626702997,57.002724795640326
2003-08-22,60.49046321525886,57.19346049046321
2003-08-25,60.49046321525886,57.57493188010899
2003-08-26,61.03542234332425,58.06539509536784
2003-08-27,61.58038147138964,58.66485013623977
2003-08-28,62.67029972752044,59.291553133514995
2003-08-29,64.30517711171662,60.054495912806544
2003-09-02,65.12261580381471,60.87193460490463
2003-09-03,66.21253405994551,61.82561307901907
2003-09-04,67.8474114441417,62.833787465940055
2003-09-05,70.29972752043598,64.00544959128067
2003-09-08,71.66212534059946,65.12261580381472
2003-09-09,74.11444141689373,66.48501362397819
2003-09-10,74.38692098092643,67.82016348773843
2003-09-11,74.45652173913044,69.1077775145125
2003-09-12,74.72826086956522,70.31357362871697
2003-09-15,77.17391304347827,71.60044722189315
2003-09-16,77.98913043478261,72.88709868498992
2003-09-17,80.16304347826086,74.28214962682146
2003-09-18,80.70652173913044,75.56806065632034
2003-09-19,81.25,76.66308790427675
2003-09-22,81.52173913043478,77.64904928326027
2003-09-23,82.6086956521739,78.4984747067883
2003-09-24,82.6086956521739,79.32065217391305
2003-09-25,83.15217391304348,80.19021739130434
2003-09-26,83.15217391304348,81.03260869565216
2003-09-29,82.6086956521739,81.57608695652173
2003-09-30,81.52173913043478,81.92934782608695
2003-10-01,79.61956521739131,81.875
2003-10-02,77.71739130434783,81.57608695652173
2003-10-03,75.54347826086956,81.0054347826087
2003-10-06,75.0,80.35326086956522
2003-10-07,74.72826086956522,79.56521739130434
2003-10-08,73.6413043478261,78.66847826086956
2003-10-09,74.18478260869566,77.77173913043478
2003-10-10,73.91304347826086,76.84782608695653
2003-10-13,73.91304347826086,75.97826086956522
2003-10-14,73.6413043478261,75.19021739130434
2003-10-15,73.36956521739131,74.56521739130434
2003-10-16,72.01086956521739,73.9945652173913
2003-10-17,70.92391304347827,73.53260869565217
2003-10-20,69.83695652173914,73.0163043478261
2003-10-21,70.1086956521739,72.55434782608697
2003-10-22,69.29347826086956,72.1195652173913
2003-10-23,70.92391304347827,71.79347826086958
2003-10-24,70.65217391304348,71.46739130434783
2003-10-27,72.01086956521739,71.27717391304347
2003-10-28,74.18478260869566,71.33152173913044
2003-10-29,76.08695652173914,71.60326086956522
2003-10-30,77.17391304347827,72.11956521739131
2003-10-31,79.07608695652173,72.93478260869566
2003-11-03,77.44565217391305,73.69565217391303
2003-11-04,76.3586956521739,74.32065217391305
2003-11-05,77.17391304347827,75.10869565217392
2003-11-06,76.90217391304348,75.70652173913045
2003-11-07,76.3586956521739,76.27717391304348
2003-11-10,76.3586956521739,76.71195652173914
2003-11-11,74.45652173913044,76.7391304347826
2003-11-12,74.18478260869566,76.54891304347827
2003-11-13,74.72826086956522,76.30434782608695
2003-11-14,74.45652173913044,75.84239130434783
2003-11-17,74.45652173913044,75.54347826086958
2003-11-18,73.36956521739131,75.2445652173913
2003-11-19,72.55434782608695,74.78260869565217
2003-11-20,73.09782608695652,74.40217391304347
2003-11-21,72.82608695652173,74.04891304347827
2003-11-24,74.72826086956522,73.88586956521739
2003-11-25,73.6413043478261,73.80434782608697
2003-11-26,74.18478260869566,73.80434782608695
2003-11-28,74.18478260869566,73.75
2003-12-01,73.91304347826086,73.69565217391305
2003-12-02,73.91304347826086,73.64130434782608
2003-12-03,72.28260869565217,73.53260869565217
2003-12-04,72.55434782608695,73.53260869565216
2003-12-05,73.09782608695652,73.53260869565217
2003-12-08,73.36956521739131,73.58695652173913
2003-12-09,71.73913043478261,73.28804347826087
2003-12-10,71.46739130434783,73.07065217391305
2003-12-11,71.46739130434783,72.79891304347827
2003-12-12,72.55434782608695,72.63586956521739
2003-12-15,73.98373983739837,72.64293920113114
2003-12-16,73.71273712737127,72.62290856604218
2003-12-17,75.06775067750678,72.90142276422765
2003-12-18,76.15176151761518,73.26116413338048
2003-12-19,76.96476964769647,73.64785848945446
2003-12-22,77.23577235772358,74.03447920348768
2003-12-23,78.59078590785907,74.71964475079533
2003-12-24,79.67479674796748,75.54038529515731
2003-12-26,77.77777777777779,76.1714239425003
2003-12-29,77.77777777777779,76.69376693766938
2003-12-30,78.31978319783198,77.12737127371273
2003-12-31,79.13279132791328,77.66937669376694
2004-01-02,77.77777777777779,77.94037940379404
2004-01-05,77.50677506775068,78.07588075880759
2004-01-06,76.96476964769647,78.07588075880759
2004-01-07,77.77777777777779,78.13008130081302
2004-01-08,78.31978319783198,78.10298102981031
2004-01-09,79.40379403794037,78.07588075880759
2004-01-12,81.30081300813008,78.42818428184282
2004-01-13,81.30081300813008,78.78048780487805
2004-01-14,81.57181571815718,79.10569105691057
2004-01-15,81.57181571815718,79.34959349593495
2004-01-16,82.11382113821138,79.78319783197831
2004-01-20,84.28184281842819,80.46070460704607
2004-01-21,85.63685636856368,81.32791327913279
2004-01-22,85.09485094850947,82.05962059620596
2004-01-23,85.90785907859079,82.81842818428184
2004-01-26,85.90785907859079,83.46883468834687
2004-01-27,86.1788617886179,83.95663956639567
2004-01-28,85.09485094850947,84.3360433604336
2004-01-29,84.28184281842819,84.60704607046071
2004-01-30,84.28184281842819,84.8780487804878
2004-02-02,84.01084010840108,85.06775067750678
2004-02-03,82.38482384823848,84.8780487804878
2004-02-04,79.94579945799458,84.3089430894309
2004-02-05,79.13279132791328,83.71273712737128
2004-02-06,80.48780487804879,83.17073170731707
2004-02-09,79.94579945799458,82.57452574525746
2004-02-10,79.13279132791328,81.869918699187
2004-02-11,78.59078590785907,81.21951219512195
2004-02-12,79.72972972972973,80.7643008862521
2004-02-13,78.91891891891892,80.22800849630119
2004-02-17,78.10810810810811,79.63773529627188
2004-02-18,77.83783783783784,79.18303669523182
2004-02-19,77.02702702702703,78.89115945213506
2004-02-20,75.13513513513513,78.49139383285726
2004-02-23,73.24324324324324,77.76693766937669
2004-02-24,72.16216216216216,76.98857393979344
2004-02-25,69.45945945945947,76.02124075294806
2004-02-26,68.91891891891892,75.05405405405405
2004-02-27,68.91891891891892,73.97297297297298
2004-03-01,70.0,73.08108108108108
2004-03-02,69.72972972972973,72.24324324324324
2004-03-03,68.64864864864865,71.32432432432432
2004-03-04,68.10810810810811,70.43243243243244
2004-03-05,70.8108108108108,70.0
2004-03-08,70.54054054054055,69.72972972972973
2004-03-09,70.27027027027027,69.54054054054055
2004-03-10,70.54054054054055,69.64864864864866
2004-03-11,67.56756756756756,69.51351351351352
2004-03-12,66.48648648648648,69.27027027027027
2004-03-15,64.5945945945946,68.72972972972973
2004-03-16,63.78378378378379,68.13513513513513
2004-03-17,62.43243243243243,67.51351351351352
2004-03-18,61.08108108108108,66.8108108108108
2004-03-19,59.189189189189186,65.64864864864865
2004-03-22,58.37837837837838,64.43243243243242
2004-03-23,57.2972972972973,63.13513513513512
2004-03-24,56.486486486486484,61.729729729729726
2004-03-25,55.13513513513514,60.48648648648649
2004-03-26,54.59459459459459,59.29729729729729
2004-03-29,53.783783783783775,58.21621621621621
2004-03-30,52.16216216216216,57.05405405405405
2004-03-31,51.08108108108108,55.91891891891892
2004-04-01,50.0,54.810810810810814
2004-04-02,48.91891891891892,53.78378378378378
2004-04-05,48.64864864864865,52.810810810810814
2004-04-06,47.56756756756757,51.83783783783783
2004-04-07,48.37837837837838,51.02702702702703
2004-04-08,49.18918918918919,50.432432432432435
2004-04-12,52.43243243243243,50.21621621621622
2004-04-13,52.972972972972975,50.13513513513514
2004-04-14,53.51351351351351,50.270270270270274
2004-04-15,54.054054054054056,50.567567567567565
2004-04-16,54.44743935309974,51.012311502877544
2004-04-19,53.36927223719676,51.45734683470532
2004-04-20,52.56064690026954,51.84854665986742
2004-04-21,54.71698113207547,52.5634880163182
2004-04-22,57.68194070080862,53.49384424856123
2004-04-23,59.83827493261455,54.55875282290376
2004-04-26,61.725067385444746,55.488016318205
2004-04-27,63.881401617250674,56.57885918263277
2004-04-28,64.6900269541779,57.69651052669919
2004-04-29,65.22911051212938,58.814016172506726
2004-04-30,65.22911051212938,59.892183288409704
2004-05-03,64.6900269541779,61.02425876010782
2004-05-04,61.45552560646901,61.91374663072777
2004-05-05,59.02964959568733,62.34501347708895
2004-05-06,57.68194070080862,62.34501347708895
2004-05-07,55.525606469002696,61.91374663072777
2004-05-10,53.36927223719676,61.078167115902964
2004-05-11,51.482479784366575,59.83827493261456
2004-05-12,50.673854447439346,58.4366576819407
2004-05-13,48.78706199460917,56.79245283018868
2004-05-14,46.900269541778975,54.95956873315364
2004-05-17,45.28301886792453,53.01886792452831
2004-05-18,43.126684636118604,51.18598382749327
2004-05-19,42.318059299191376,49.514824797843666
2004-05-20,39.892183288409704,47.735849056603776
2004-05-21,37.735849056603776,45.956873315363886
2004-05-24,36.118598382749326,44.23180592991913
2004-05-25,35.57951482479784,42.64150943396227
2004-05-26,34.23180592991914,40.99730458221025
2004-05-27,34.50134770889488,39.56873315363881
2004-05-28,34.50134770889488,38.328840970350406
2004-06-01,34.23180592991914,37.22371967654986
2004-06-02,33.42318059299191,36.253369272237194
2004-06-03,32.34501347708895,35.25606469002695
2004-06-04,31.805929919137466,34.44743935309973
2004-06-07,31.536388140161726,33.82749326145553
2004-06-08,32.34501347708895,33.450134770889484
2004-06-09,36.118598382749326,33.504043126684635
2004-06-10,38.274932614555254,33.908355795148246
2004-06-14,41.77897574123989,34.63611859838275
2004-06-15,44.20485175202156,35.60646900269542
2004-06-16,47.16981132075472,36.900269541778975
2004-06-17,53.09973045822103,38.867924528301884
2004-06-18,56.8733153638814,41.320754716981135
2004-06-21,62.264150943396224,44.36657681940701
2004-06-22,65.49865229110512,47.76280323450135
2004-06-23,69.54177897574124,51.48247978436657
2004-06-24,73.31536388140162,55.202156334231816
2004-06-25,74.39353099730458,58.81401617250674
2004-06-28,77.088948787062,62.34501347708895
2004-06-29,78.4366576819407,65.76819407008085
2004-06-30,79.24528301886792,68.97574123989219
2004-07-01,80.3234501347709,71.69811320754717
2004-07-02,80.05390835579514,74.01617250673854
2004-07-06,81.13207547169812,75.90296495956873
2004-07-07,81.6711590296496,77.52021563342319
2004-07-08,80.3234501347709,78.59838274932615
2004-07-09,79.51482479784366,79.21832884097034
2004-07-12,77.89757412398922,79.56873315363882
2004-07-13,75.74123989218329,79.43396226415095
2004-07-14,74.66307277628033,79.0566037735849
2004-07-15,73.58490566037736,78.49056603773586
2004-07-16,72.77628032345014,77.73584905660377
2004-07-19,71.69811320754717,76.90026954177898
2004-07-20,70.35040431266847,75.82210242587601
2004-07-21,68.46361185983828,74.50134770889488
2004-07-22,67.38544474393531,73.20754716981132
2004-07-23,64.42048517520216,71.69811320754718
2004-07-26,61.45552560646901,70.05390835579516
2004-07-27,58.760107816711596,68.35579514824798
2004-07-28,56.8733153638814,66.57681940700809
2004-07-29,54.17789757412399,64.63611859838275
2004-07-30,50.673854447439346,62.425876010781664
2004-08-02,48.517520215633425,60.107816711590296
2004-08-03,46.36118598382749,57.708894878706204
2004-08-04,44.74393530997305,55.33692722371967
2004-08-05,41.509433962264154,52.74932614555256
2004-08-06,39.892183288409704,50.296495956873315
2004-08-09,38.81401617250674,48.03234501347709
2004-08-10,37.46630727762803,45.902964959568735
2004-08-11,35.84905660377358,43.80053908355795
2004-08-12,33.692722371967655,41.75202156334232
2004-08-13,33.692722371967655,40.053908355795144
2004-08-16,32.075471698113205,38.40970350404312
2004-08-17,30.997304582210244,36.8733153638814
2004-08-18,30.45822102425876,35.44474393530997
2004-08-19,29.110512129380055,34.20485175202156
2004-08-20,30.107526881720432,33.22638611135264
2004-08-23,31.451612903225808,32.49014578442454
2004-08-24,32.795698924731184,32.023084949134855
2004-08-25,34.13978494623656,31.852157783381152
2004-08-26,35.483870967741936,32.031272642958584
2004-08-27,37.096774193548384,32.371677825116656
2004-08-30,38.44086021505376,33.00821667681071
2004-08-31,39.516129032258064,33.860099121815495
2004-09-01,40.21447721179624,34.83572474056925
2004-09-02,41.01876675603217,36.02655020323446
2004-09-03,42.62734584450402,37.278532099512816
2004-09-07,45.30831099195711,38.66420190838595
2004-09-08,49.597855227882036,40.34441753870102
2004-09-09,52.81501340482574,42.211940384559945
2004-09-10,57.37265415549599,44.400818703335354
2004-09-13,60.85790884718498,46.77693216869901
2004-09-14,64.343163538874,49.36716250108104
2004-09-15,68.09651474530831,52.225201072386064
2004-09-16,71.31367292225201,55.33512064343163
2004-09-17,74.53083109919572,58.68632707774799
2004-09-20,76.67560321715817,62.0911528150134
2004-09-21,79.67914438502673,65.52823615432037
2004-09-22,81.28342245989305,68.69679287752146
2004-09-23,83.15508021390374,71.73079955842927
2004-09-24,83.15508021390374,74.30904216427004
2004-09-27,82.88770053475936,76.51202133302748
2004-09-28,82.35294117647058,78.31299909678714
2004-09-29,83.68983957219251,79.87233157947557
2004-09-30,84.49197860962568,81.19016214821292
2004-10-01,85.56149732620321,82.29322877091367
2004-10-04,86.63101604278076,83.28877005347593
2004-10-05,86.09625668449198,83.93048128342245
2004-10-06,86.36363636363636,84.43850267379679
2004-10-07,84.75935828877004,84.59893048128342
2004-10-08,83.68983957219251,84.6524064171123
2004-10-11,83.42245989304813,84.70588235294117
2004-10-12,81.81818181818183,84.6524064171123
2004-10-13,80.4812834224599,84.33155080213903
2004-10-14,80.21390374331551,83.90374331550802
2004-10-15,78.07486631016043,83.15508021390374
2004-10-18,77.00534759358288,82.19251336898397
2004-10-19,75.1336898395722,81.09625668449198
2004-10-20,73.79679144385027,79.83957219251337
2004-10-21,71.3903743315508,78.50267379679144
2004-10-22,70.32085561497327,77.16577540106951
2004-10-25,68.8,75.7035294117647
2004-10-26,67.73333333333333,74.29504456327986
2004-10-27,68.0,73.04691622103387
2004-10-28,67.63925729442971,71.7894515761453
2004-10-29,67.63925729442971,70.74589067457222
2004-11-01,67.37400530503979,69.78275644571791
2004-11-02,66.3129973474801,68.9006871965087
2004-11-03,66.57824933687002,68.17883298581067
2004-11-04,64.45623342175067,67.48541889483066
2004-11-05,66.3129973474801,67.08463306808135
2004-11-08,67.37400530503979,66.94203359858533
2004-11-09,67.10875331564988,66.87957559681698
2004-11-10,67.90450928381962,66.87002652519894
2004-11-11,70.82228116710876,67.18832891246684
2004-11-12,72.67904509283821,67.6923076923077
2004-11-15,75.06631299734748,68.46153846153847
2004-11-16,77.18832891246684,69.54907161803715
2004-11-17,79.84084880636605,70.87533156498674
2004-11-18,80.90185676392572,72.51989389920425
2004-11-19,81.43236074270557,74.03183023872678
2004-11-22,83.55437665782493,75.64986737400531
2004-11-23,84.61538461538461,77.40053050397879
2004-11-24,86.47214854111405,79.25729442970822
2004-11-26,87.0026525198939,80.87533156498674
2004-11-29,87.79840848806366,82.38726790450929
2004-11-30,88.59416445623343,83.74005305039788
2004-12-01,88.85941644562334,84.90716180371354
2004-12-02,89.38992042440319,85.86206896551724
2004-12-03,89.38992042440319,86.71087533156499
2004-12-06,89.92042440318302,87.55968169761273
2004-12-07,89.92042440318302,88.19628647214854
2004-12-08,90.18567639257294,88.75331564986737
2004-12-09,89.92042440318302,89.09814323607426
2004-12-10,90.45092838196287,89.44297082228117
2004-12-13,90.45092838196287,89.70822281167109
2004-12-14,90.18567639257294,89.86737400530504
2004-12-15,90.45092838196287,90.026525198939
2004-12-16,89.38992042440319,90.02652519893898
2004-12-17,90.18567639257294,90.10610079575596
2004-12-20,90.45092838196287,90.15915119363396
2004-12-21,90.45092838196287,90.21220159151194
2004-12-22,90.98143236074272,90.29177718832891
2004-12-23,90.45092838196287,90.34482758620689
2004-12-27,90.18567639257294,90.3183023872679
2004-12-28,89.65517241379311,90.23872679045094
2004-12-29,88.85941644562334,90.10610079575596
2004-12-30,88.85941644562334,89.94694960212202
2004-12-31,88.59416445623343,89.86737400530504
2005-01-03,88.3289124668435,89.6816976127321
2005-01-04,86.73740053050398,89.3103448275862
2005-01-05,83.28912466843501,88.59416445623341
2005-01-06,82.22811671087533,87.71883289124669
2005-01-07,80.63660477453581,86.73740053050398
2005-01-10,79.8941798941799,85.70825088066468
2005-01-11,78.57142857142857,84.59987649642822
2005-01-12,74.60317460317461,83.17425231218334
2005-01-13,71.95767195767195,81.48407786338821
2005-01-14,69.57671957671958,79.58233337543683
2005-01-18,67.46031746031747,77.49547387478422
2005-01-19,67.46031746031747,75.56776556776558
2005-01-20,65.07936507936508,73.74678960885858
2005-01-21,61.904761904761905,71.71445412824724
2005-01-24,57.67195767195767,69.41798941798943
2005-01-25,54.4973544973545,66.87830687830687
2005-01-26,51.32275132275132,64.15343915343917
2005-01-27,48.148148148148145,61.507936507936506
2005-01-28,45.767195767195766,58.88888888888889
2005-01-31,44.70899470899471,56.40211640211639
2005-02-01,44.327176781002635,54.088802334184926
2005-02-02,41.68865435356201,51.51163602350938
2005-02-03,43.007915567282325,49.304491072301104
2005-02-04,44.327176781002635,47.54673255992517
2005-02-07,45.382585751978894,46.317795367927296
2005-02-08,45.91029023746702,45.45908894193854
2005-02-09,45.382585751978894,44.86507238486131
2005-02-10,45.382585751978894,44.58851614524438
2005-02-11,46.437994722955146,44.65559604082032
2005-02-14,48.02110817941953,44.9868073878628
2005-02-15,49.07651715039577,45.46174142480211
2005-02-16,49.86807387862797,46.27968337730871
2005-02-17,50.131926121372025,46.992084432717675
2005-02-18,51.45118733509235,47.70448548812665
2005-02-22,52.5065963060686,48.416886543535625
2005-02-23,53.825857519788926,49.20844327176781
2005-02-24,54.61741424802111,50.13192612137203
2005-02-25,56.57894736842105,51.251562283016256
2005-02-28,57.10526315789474,52.31828912651021
2005-03-01,59.210526315789465,53.437230940147195
2005-03-02,59.73684210526316,54.50326343563394
2005-03-03,60.0,55.51645604777114
2005-03-04,61.578947368421055,56.66115817247604
2005-03-07,62.89473684210526,57.80551312317734
2005-03-08,64.21052631578948,58.975906124149425
2005-03-09,65.0,60.09332037217054
2005-03-10,66.3157894736842,61.26315789473684
2005-03-11,67.10526315789474,62.315789473684205
2005-03-14,68.6842105263158,63.473684210526315
2005-03-15,69.47368421052632,64.5
2005-03-16,68.42105263157895,65.36842105263159
2005-03-17,67.36842105263158,66.10526315789474
2005-03-18,66.3157894736842,66.57894736842105
2005-03-21,65.0,66.78947368421052
2005-03-22,64.47368421052632,66.8157894736842
2005-03-23,64.21052631578948,66.73684210526315
2005-03-24,62.63157894736842,66.36842105263159
2005-03-28,62.10526315789474,65.86842105263158
2005-03-29,59.210526315789465,64.92105263157895
2005-03-30,58.684210526315795,63.8421052631579
2005-03-31,56.57894736842105,62.6578947368421
2005-04-01,54.736842105263165,61.39473684210526
2005-04-04,52.368421052631575,60.0
2005-04-05,50.0,58.5
2005-04-06,48.68421052631579,56.921052631578945
2005-04-07,46.31578947368421,55.13157894736842
2005-04-08,44.473684210526315,53.315789473684205
2005-04-11,41.578947368421055,51.26315789473684
2005-04-12,38.421052631578945,49.184210526315795
2005-04-13,36.31578947368421,46.94736842105264
2005-04-14,33.94736842105263,44.684210526315795
2005-04-15,32.10526315789474,42.421052631578945
2005-04-18,30.263157894736842,40.21052631578948
2005-04-19,29.47368421052631,38.15789473684211
2005-04-20,28.421052631578945,36.13157894736842
2005-04-21,28.947368421052634,34.39473684210527
2005-04-22,30.0,32.94736842105263
2005-04-25,28.947368421052634,31.68421052631579
2005-04-26,28.421052631578945,30.684210526315788
2005-04-27,28.947368421052634,29.94736842105263
2005-04-28,27.89473684210526,29.342105263157897
2005-04-29,27.368421052631582,28.86842105263158
2005-05-02,28.68421052631579,28.710526315789473
2005-05-03,30.0,28.76315789473684
2005-05-04,31.57894736842105,29.07894736842106
2005-05-05,31.842105263157894,29.36842105263158
2005-05-06,31.31578947368421,29.5
2005-05-09,33.1578947368421,29.92105263157894
2005-05-10,33.1578947368421,30.394736842105267
2005-05-11,34.73684210526316,30.97368421052631
2005-05-12,35.0,31.684210526315788
2005-05-13,36.84210526315789,32.631578947368425
2005-05-16,38.421052631578945,33.60526315789474
2005-05-17,41.31578947368421,34.73684210526316
2005-05-18,44.73684210526316,36.05263157894736
2005-05-19,47.368421052631575,37.60526315789473
2005-05-20,50.26315789473684,39.5
2005-05-23,52.89473684210526,41.473684210526315
2005-05-24,54.21052631578947,43.578947368421055
2005-05-25,57.36842105263158,45.8421052631579
2005-05-26,59.73684210526316,48.31578947368421
2005-05-27,62.10526315789474,50.8421052631579
2005-05-31,64.47368421052632,53.44736842105262
2005-06-01,65.52631578947368,55.86842105263158
2005-06-02,66.57894736842105,58.05263157894736
2005-06-03,68.6842105263158,60.184210526315795
2005-06-06,69.73684210526315,62.131578947368425
2005-06-07,71.84210526315789,64.02631578947368
2005-06-08,72.89473684210527,65.89473684210526
2005-06-09,73.42105263157895,67.5
2005-06-10,74.21052631578947,68.94736842105263
2005-06-13,75.78947368421053,70.3157894736842
2005-06-14,77.63157894736842,71.63157894736842
2005-06-15,79.21052631578948,73.0
2005-06-16,80.78947368421052,74.42105263157895
2005-06-17,82.63157894736842,75.8157894736842
2005-06-20,82.89473684210526,77.13157894736841
2005-06-21,82.89473684210526,78.23684210526315
2005-06-22,83.6842105263158,79.3157894736842
2005-06-23,85.03937007874016,80.47762121840034
2005-06-24,84.51443569553805,81.5080121563752
2005-06-27,82.67716535433071,82.19678132338721
2005-06-28,80.5774278215223,82.4913662108026
2005-06-29,80.83989501312337,82.65430308053598
2005-06-30,79.79002624671917,82.55435833678685
2005-07-01,79.00262467191601,82.19146290924161
2005-07-05,78.74015748031496,81.77600497306258
2005-07-06,79.00262467191601,81.38679375604366
2005-07-07,78.4776902887139,80.86614173228347
2005-07-08,77.16535433070865,80.07874015748031
2005-07-11,75.8530183727034,79.21259842519684
2005-07-12,75.8530183727034,78.53018372703411
2005-07-13,75.8530183727034,78.05774278215223
2005-07-14,74.80314960629921,77.45406824146981
2005-07-15,75.32808398950131,77.00787401574803
2005-07-18,75.06561679790026,76.61417322834646
2005-07-19,73.49081364829397,76.08923884514435
2005-07-20,73.75328083989501,75.56430446194226
2005-07-21,73.75328083989501,75.09186351706036
2005-07-22,72.96587926509186,74.67191601049868
2005-07-25,72.96587926509186,74.38320209973753
2005-07-26,72.96587926509186,74.09448818897638
2005-07-27,74.2782152230971,73.93700787401573
2005-07-28,75.32808398950131,73.98950131233595
2005-07-29,76.11548556430446,74.06824146981627
2005-08-01,78.21522309711287,74.38320209973753
2005-08-02,79.52755905511812,74.98687664041995
2005-08-03,80.31496062992126,75.64304461942257
2005-08-04,81.36482939632546,76.40419947506561
2005-08-05,80.5774278215223,77.16535433070867
2005-08-08,80.83989501312337,77.95275590551181
2005-08-09,78.4776902887139,78.50393700787401
2005-08-10,78.74015748031496,78.95013123359581
2005-08-11,78.21522309711287,79.23884514435696
2005-08-12,78.21522309711287,79.4488188976378
2005-08-15,77.16535433070865,79.34383202099738
2005-08-16,76.11548556430446,79.00262467191601
2005-08-17,74.2782152230971,78.39895013123359
2005-08-18,70.86614173228347,77.3490813648294
2005-08-19,69.81627296587926,76.2729658792651
2005-08-22,69.02887139107612,75.09186351706037
2005-08-23,67.19160104986877,73.96325459317586
2005-08-24,65.09186351706036,72.5984251968504
2005-08-25,62.99212598425197,71.07611548556432
2005-08-26,59.580052493438316,69.21259842519684
2005-08-29,56.95538057742782,67.19160104986877
2005-08-30,55.118110236220474,65.09186351706037
2005-08-31,54.330708661417326,63.09711286089239
2005-09-01,51.96850393700787,61.207349081364825
2005-09-02,49.08136482939632,59.13385826771654
2005-09-06,48.818897637795274,57.11286089238845
2005-09-07,48.42931937172775,55.23663272457435
2005-09-08,47.64397905759162,53.49184427862748
2005-09-09,46.8586387434555,51.878495554547825
2005-09-12,46.07329842931937,50.52782014813594
2005-09-13,46.8586387434555,49.51814596473871
2005-09-14,44.50261780104712,48.456596721221366
2005-09-15,45.54973821989529,47.57849967706916
2005-09-16,46.33507853403142,47.01515713677152
2005-09-19,48.42931937172775,46.94995259100466
2005-09-20,49.73821989528796,47.04188481675393
2005-09-21,49.21465968586388,47.12041884816754
2005-09-22,49.47643979057592,47.30366492146597
2005-09-23,48.69109947643979,47.4869109947644
2005-09-26,48.167539267015705,47.696335078534034
2005-09-27,48.167539267015705,47.82722513089006
2005-09-28,49.47643979057592,48.324607329842934
2005-09-29,50.91383812010444,48.86101731986385
2005-09-30,51.174934725848566,49.34500293904556
2005-10-03,51.958224543080945,49.697893456180886
2005-10-04,51.697127937336816,49.89378426038577
2005-10-05,51.697127937336816,50.142031085533056
2005-10-06,50.65274151436031,50.2596612579115
2005-10-07,50.391644908616186,50.42971580112914
2005-10-10,50.13054830287206,50.62601670471478
2005-10-11,48.56396866840731,50.66565964485393
2005-10-12,45.43080939947781,50.26109660574413
2005-10-13,45.16971279373368,49.68668407310705
2005-10-14,43.86422976501306,48.9556135770235
2005-10-17,42.297650130548305,47.98955613577023
2005-10-18,40.2088772845953,46.84073107049608
2005-10-19,40.73107049608355,45.744125326370764
2005-10-20,39.32291666666667,44.61114284160139
2005-10-21,38.28125,43.40010335073977
2005-10-24,39.32291666666667,42.31934018711924
2005-10-25,40.10416666666667,41.47335998694517
2005-10-26,40.10416666666667,40.940695713664056
2005-10-27,38.02083333333333,40.225807767624026
2005-10-28,35.9375,39.43313479112272
2005-10-31,34.89583333333333,38.69295311140122
2005-11-01,34.63541666666667,38.13560704960836
2005-11-02,34.89583333333333,37.55208333333333
2005-11-03,35.9375,37.21354166666667
2005-11-04,37.23958333333333,37.109375
2005-11-07,40.10416666666667,37.1875
2005-11-08,41.92708333333333,37.369791666666664
2005-11-09,44.01041666666667,37.76041666666667
2005-11-10,45.57291666666667,38.515625
2005-11-11,49.47916666666667,39.869791666666664
2005-11-14,50.520833333333336,41.43229166666667
2005-11-15,53.125,43.28125
2005-11-16,54.947916666666664,45.286458333333336
2005-11-17,56.25,47.317708333333336
2005-11-18,60.15625,49.609375
2005-11-21,62.760416666666664,51.875
2005-11-22,64.84375,54.16666666666667
2005-11-23,66.75324675324676,56.44094967532468
2005-11-25,68.83116883116884,58.7667748917749
2005-11-28,71.68831168831169,60.98768939393939
2005-11-29,74.28571428571429,63.36417748917749
2005-11-30,74.54545454545455,65.50622294372295
2005-12-01,75.84415584415585,67.59584686147187
2005-12-02,76.36363636363637,69.6072104978355
2005-12-05,77.66233766233766,71.35781926406926
2005-12-06,78.96103896103897,72.97788149350649
2005-12-07,81.81818181818183,74.67532467532467
2005-12-08,84.15584415584415,76.41558441558442
2005-12-09,84.67532467532467,78.0
2005-12-12,85.19480519480518,79.35064935064936
2005-12-13,87.53246753246754,80.67532467532467
2005-12-14,87.53246753246754,81.97402597402598
2005-12-15,89.35064935064935,83.32467532467533
2005-12-16,90.38961038961038,84.72727272727272
2005-12-19,90.64935064935065,86.02597402597402
2005-12-20,91.16883116883116,87.24675324675324
2005-12-21,90.64935064935065,88.12987012987013
2005-12-22,90.64935064935065,88.77922077922076
2005-12-23,89.87012987012987,89.29870129870129
2005-12-27,89.0909090909091,89.68831168831169
2005-12-28,88.57142857142857,89.79220779220779
2005-12-29,87.53246753246754,89.79220779220779
2005-12-30,85.45454545454545,89.40259740259741
2006-01-03,83.11688311688312,88.67532467532467
2006-01-04,80.0,87.6103896103896
2006-01-05,78.70129870129871,86.36363636363637
2006-01-06,78.44155844155844,85.14285714285714
2006-01-09,78.44155844155844,83.92207792207793
2006-01-10,77.40259740259741,82.67532467532467
2006-01-11,77.66233766233766,81.53246753246754
2006-01-12,77.92207792207793,80.46753246753248
2006-01-13,75.58441558441558,79.27272727272728
2006-01-17,74.8051948051948,78.20779220779221
2006-01-18,74.28571428571429,77.32467532467533
2006-01-19,73.76623376623377,76.70129870129871
2006-01-20,73.24675324675324,76.15584415584416
2006-01-23,72.72727272727273,75.58441558441558
2006-01-24,72.46753246753246,74.98701298701299
2006-01-25,71.68831168831169,74.41558441558442
2006-01-26,71.16883116883118,73.76623376623377
2006-01-27,71.16883116883118,73.0909090909091
2006-01-30,71.76165803108809,72.70863333557635
2006-01-31,72.7979274611399,72.50790660117086
2006-02-01,73.05699481865285,72.3850346544647
2006-02-02,72.02072538860104,72.21048381670144
2006-02-03,69.94818652849742,71.88062714487586
2006-02-06,70.72538860103627,71.68043873225221
2006-02-07,68.9119170984456,71.32487719534353
2006-02-08,68.39378238341969,70.99542426485432
2006-02-09,67.09844559585493,70.5883857075567
2006-02-10,65.02590673575129,69.97409326424871
2006-02-13,62.69430051813472,69.06735751295336
2006-02-14,61.917098445595855,67.97927461139896
2006-02-15,63.212435233160626,66.99481865284974
2006-02-16,63.47150259067358,66.139896373057
2006-02-17,62.95336787564767,65.44041450777202
2006-02-21,63.47150259067358,64.71502590673575
2006-02-22,63.98963730569949,64.22279792746113
2006-02-23,64.76683937823834,63.86010362694301
2006-02-24,64.76683937823834,63.62694300518135
2006-02-27,65.28497409326425,63.65284974093264
2006-02-28,64.76683937823834,63.86010362694301
2006-03-01,66.83937823834198,64.35233160621762
2006-03-02,67.35751295336787,64.76683937823834
2006-03-03,67.61658031088082,65.18134715025907
2006-03-06,67.44186046511628,65.63019640920594
2006-03-07,68.47545219638242,66.13059136977682
2006-03-08,67.95865633074936,66.52749327228182
2006-03-09,68.9922480620155,66.95003414065953
2006-03-10,69.76744186046511,67.45009438888219
2006-03-13,70.28423772609818,67.9500207521656
2006-03-14,70.02583979328165,68.47592079366993
2006-03-15,71.83462532299741,68.97544550213546
2006-03-16,71.57622739018088,69.39731694581675
2006-03-17,71.31782945736434,69.76744186046511
2006-03-20,71.0594315245478,70.12919896640827
2006-03-21,71.0594315245478,70.3875968992248
2006-03-22,71.31782945736434,70.7235142118863
2006-03-23,71.83462532299741,71.0077519379845
2006-03-24,71.31782945736434,71.16279069767441
2006-03-27,71.0594315245478,71.24031007751937
2006-03-28,70.54263565891473,71.29198966408268
2006-03-29,71.0594315245478,71.21447028423772
2006-03-30,70.80103359173127,71.13695090439276
2006-03-31,70.54263565891473,71.0594315245478
2006-04-03,69.76744186046511,70.93023255813954
2006-04-04,69.50904392764858,70.77519379844962
2006-04-05,69.50904392764858,70.59431524547804
2006-04-06,70.61855670103093,70.47270838328139
2006-04-07,70.36082474226805,70.37700791177176
2006-04-10,70.87628865979381,70.35869362529635
2006-04-11,70.61855670103093,70.36628572950798
2006-04-12,69.58762886597938,70.21910546365113
2006-04-13,68.81443298969072,70.02044540344708
2006-04-17,67.0103092783505,69.66721276539066
2006-04-18,67.09511568123393,69.39998014746753
2006-04-19,66.32390745501286,69.08146650020396
2006-04-20,65.29562982005142,68.66012508944425
2006-04-21,64.01028277634961,67.99929769697613
2006-04-24,64.01028277634961,67.36424350038428
2006-04-25,61.43958868894601,66.4205735032995
2006-04-26,59.6401028277635,65.32272811597275
2006-04-27,60.66838046272493,64.4308032756473
2006-04-28,59.6401028277635,63.51337025945459
2006-05-01,59.12596401028277,62.724935732647815
2006-05-02,59.383033419023135,61.953727506426745
2006-05-03,60.15424164524421,61.336760925449866
2006-05-04,59.89717223650386,60.79691516709512
2006-05-05,59.6401028277635,60.3598971722365
2006-05-08,59.6401028277635,59.9228791773779
2006-05-09,60.15424164524421,59.79434447300771
2006-05-10,59.6401028277635,59.79434447300771
2006-05-11,59.89717223650386,59.717223650385606
2006-05-12,60.411311053984576,59.79434447300772
2006-05-15,60.15424164524421,59.897172236503856
2006-05-16,60.66838046272493,60.02570694087403
2006-05-17,59.383033419023135,59.94858611825193
2006-05-18,57.326478149100254,59.69151670951156
2006-05-19,55.78406169665809,59.30591259640103
2006-05-22,54.24164524421594,58.766066838046264
2006-05-23,51.670951156812336,57.91773778920309
2006-05-24,48.97435897435897,56.85116340386262
2006-05-25,46.41025641025641,55.50247182123788
2006-05-26,45.38461538461539,53.999802254300974
2006-05-30,43.07692307692308,52.292070397468855
2006-05-31,41.53846153846154,50.379078505042514
2006-06-01,40.256410256410255,48.466416188781224
2006-06-02,39.23076923076923,46.65684529694813
2006-06-05,36.92307692307693,44.77074681959
2006-06-06,34.87179487179487,42.8337617823479
2006-06-07,33.589743589743584,41.02564102564102
2006-06-08,31.025641025641026,39.23076923076923
2006-06-09,27.94871794871795,37.38461538461539
2006-06-12,26.666666666666668,35.51282051282051
2006-06-13,25.128205128205128,33.717948717948715
2006-06-14,24.615384615384617,32.02564102564103
2006-06-15,25.8974358974359,30.58974358974359
2006-06-16,26.153846153846157,29.28205128205128
2006-06-19,25.128205128205128,28.102564102564106
2006-06-20,25.8974358974359,27.205128205128204
2006-06-21,25.384615384615383,26.384615384615387
2006-06-22,26.153846153846157,25.8974358974359
2006-06-23,26.666666666666668,25.769230769230774
2006-06-26,25.8974358974359,25.69230769230769
2006-06-27,24.615384615384617,25.641025641025646
2006-06-28,25.384615384615383,25.71794871794872
2006-06-29,25.64102564102564,25.692307692307697
2006-06-30,25.8974358974359,25.666666666666668
2006-07-03,26.666666666666668,25.820512820512825
2006-07-05,27.17948717948718,25.94871794871795
2006-07-06,27.692307692307693,26.179487179487182
2006-07-07,27.435897435897438,26.30769230769231
2006-07-10,29.230769230769234,26.564102564102562
2006-07-11,30.512820512820515,27.02564102564103
2006-07-12,31.025641025641026,27.666666666666668
2006-07-13,34.35897435897436,28.564102564102562
2006-07-14,36.41025641025641,29.641025641025642
2006-07-17,37.43589743589744,30.794871794871796
2006-07-18,37.94871794871795,31.923076923076923
2006-07-19,39.48717948717949,33.15384615384615
2006-07-20,41.794871794871796,34.56410256410256
2006-07-21,43.07692307692308,36.12820512820513
2006-07-24,45.8974358974359,37.7948717948718
2006-07-25,47.43589743589743,39.48717948717949
2006-07-26,48.97435897435897,41.282051282051285
2006-07-27,51.7948717948718,43.02564102564103
2006-07-28,53.07692307692308,44.69230769230769
2006-07-31,52.307692307692314,46.17948717948718
2006-08-01,52.307692307692314,47.61538461538462
2006-08-02,50.76923076923077,48.743589743589745
2006-08-03,50.76923076923077,49.64102564102564
2006-08-04,51.406649616368284,50.47399829497016
2006-08-07,51.406649616368284,51.0249196668634
2006-08-08,51.406649616368284,51.42199488491049
2006-08-09,50.89514066496164,51.614073053970756
2006-08-10,51.91815856777494,51.62640173126107
2006-08-11,53.70843989769821,51.68955341333858
2006-08-14,54.987212276214834,51.957505410190834
2006-08-15,56.52173913043478,52.378910092465084
2006-08-16,58.567774936061376,53.158764509148135
2006-08-17,59.590792838874684,54.04092071611253
2006-08-18,60.35805626598465,54.93606138107416
2006-08-21,61.125319693094625,55.907928388746804
2006-08-22,61.38107416879796,56.90537084398977
2006-08-23,61.892583120204606,58.005115089514064
2006-08-24,61.63682864450127,58.976982097186706
2006-08-25,61.63682864450127,59.76982097186701
2006-08-28,62.40409207161125,60.51150895140664
2006-08-29,61.38107416879796,60.99744245524297
2006-08-30,62.65984654731458,61.406649616368284
2006-08-31,64.45012787723785,61.892583120204606
2006-09-01,64.70588235294117,62.32736572890025
2006-09-05,65.72890025575447,62.78772378516625
2006-09-06,66.75191815856778,63.324808184143215
2006-09-07,67.0076726342711,63.83631713554987
2006-09-08,69.56521739130434,64.62915601023018
2006-09-11,70.84398976982096,65.54987212276214
2006-09-12,72.89002557544757,66.59846547314578
2006-09-13,77.49360613810742,68.20971867007673
2006-09-14,78.51662404092072,69.79539641943734
2006-09-15,79.28388746803068,71.2787723785166
2006-09-18,79.02813299232737,72.71099744245524
2006-09-19,80.05115089514067,74.14322250639387
2006-09-20,80.56265984654732,75.52429667519182
2006-09-21,80.81841432225065,76.90537084398977
2006-09-22,81.84143222506394,78.13299232736573
2006-09-25,82.09718670076727,79.25831202046035
2006-09-26,82.09718670076727,80.17902813299233
2006-09-27,81.07416879795396,80.53708439897699
2006-09-28,81.84143222506394,80.86956521739131
2006-09-29,82.09718670076727,81.15089514066497
2006-10-02,81.32992327365729,81.38107416879795
2006-10-03,80.05115089514067,81.38107416879797
2006-10-04,80.30690537084399,81.35549872122763
2006-10-05,82.09718670076727,81.48337595907928
2006-10-06,82.35294117647058,81.53452685421995
2006-10-09,83.63171355498721,81.68797953964194
2006-10-10,83.37595907928389,81.81585677749361
2006-10-11,83.63171355498721,82.07161125319693
2006-10-12,83.88746803069054,82.2762148337596
2006-10-13,85.6777493606138,82.63427109974425
2006-10-16,85.42199488491049,83.04347826086956
2006-10-17,85.6777493606138,83.60613810741687
2006-10-18,86.70076726342711,84.24552429667519
2006-10-19,86.70076726342711,84.70588235294117
2006-10-20,86.44501278772378,85.1150895140665
2006-10-23,86.18925831202046,85.37084398976982
2006-10-24,85.6777493606138,85.6010230179028
2006-10-25,85.42199488491049,85.78005115089513
2006-10-26,86.44501278772378,86.03580562659846
2006-10-27,86.44501278772378,86.11253196930946
2006-10-30,86.70076726342711,86.24040920716114
2006-10-31,87.21227621483376,86.39386189258312
2006-11-01,86.95652173913044,86.41943734015345
2006-11-02,86.18925831202046,86.36828644501279
2006-11-03,84.65473145780051,86.18925831202046
2006-11-06,85.16624040920716,86.08695652173913
2006-11-07,85.42199488491049,86.06138107416879
2006-11-08,86.44501278772378,86.16368286445012
2006-11-09,85.42199488491049,86.06138107416879
2006-11-10,85.42199488491049,85.95907928388748
2006-11-13,84.14322250639387,85.70332480818415
2006-11-14,82.86445012787725,85.26854219948851
2006-11-15,82.6086956521739,84.83375959079284
2006-11-16,81.58567774936061,84.37340153452685
2006-11-17,81.32992327365729,84.04092071611254
2006-11-20,80.05115089514067,83.52941176470588
2006-11-21,80.05115089514067,82.9923273657289
2006-11-22,78.77237851662404,82.22506393861893
2006-11-24,77.74936061381074,81.45780051150896
2006-11-27,75.95907928388746,80.51150895140664
2006-11-28,74.68030690537084,79.56521739130434
2006-11-29,74.68030690537084,78.7468030690537
2006-11-30,73.65728900255755,77.85166240409208
2006-12-01,73.65728900255755,77.05882352941177
2006-12-04,74.68030690537084,76.39386189258312
2006-12-05,75.1918158567775,75.9079283887468
2006-12-06,75.44757033248082,75.44757033248082
2006-12-07,75.70332480818415,75.14066496163683
2006-12-08,76.21483375959079,74.98721227621482
2006-12-11,76.47058823529412,75.0383631713555
2006-12-12,77.49360613810742,75.31969309462916
2006-12-13,76.98209718670077,75.54987212276214
2006-12-14,76.21483375959079,75.80562659846548
2006-12-15,75.70332480818415,76.01023017902813
2006-12-18,74.68030690537084,76.01023017902814
2006-12-19,73.91304347826086,75.88235294117646
2006-12-20,74.42455242966753,75.78005115089513
2006-12-21,73.65728900255755,75.57544757033249
2006-12-22,72.63427109974424,75.21739130434783
2006-12-26,72.63427109974424,74.83375959079284
2006-12-27,73.72448979591837,74.45684795657392
2006-12-28,73.72448979591837,74.13108721749569
2006-12-29,72.70408163265306,73.78001200480192
2007-01-03,72.70408163265306,73.48008768724881
2007-01-04,72.1938775510204,73.23144475181377
2007-01-05,70.66326530612244,72.90646693459993
2007-01-08,69.38775510204081,72.40278720183726
2007-01-09,68.87755102040816,71.92481340362232
2007-01-10,67.85714285714286,71.44710057936217
2007-01-11,67.60204081632652,70.9438775510204
2007-01-12,66.58163265306123,70.2295918367347
2007-01-16,66.83673469387756,69.54081632653062
2007-01-17,66.3265306122449,68.90306122448979
2007-01-18,66.07142857142857,68.23979591836734
2007-01-19,64.54081632653062,67.47448979591836
2007-01-22,63.775510204081634,66.78571428571429
2007-01-23,62.5,66.09693877551021
2007-01-24,61.47959183673469,65.35714285714286
2007-01-25,61.73469387755102,64.74489795918367
2007-01-26,62.5,64.23469387755101
2007-01-29,62.755102040816325,63.85204081632653
2007-01-30,61.224489795918366,63.2908163265306
2007-01-31,62.244897959183675,62.882653061224495
2007-02-01,63.104325699745544,62.58594277405619
2007-02-02,63.61323155216285,62.493184296619404
2007-02-05,65.13994910941476,62.62962818715273
2007-02-06,66.15776081424937,62.99540426857766
2007-02-07,67.68447837150127,63.61589292205432
2007-02-08,68.19338422391857,64.26176195669107
2007-02-09,68.95674300254453,64.90743625694553
2007-02-12,69.72010178117048,65.60393623098095
2007-02-13,70.99236641221374,66.5807238926105
2007-02-14,70.73791348600508,67.43002544529261
2007-02-15,71.2468193384224,68.2442748091603
2007-02-16,73.02798982188295,69.18575063613233
2007-02-20,74.55470737913485,70.12722646310432
2007-02-21,75.31806615776081,71.04325699745547
2007-02-22,76.08142493638677,71.88295165394402
2007-02-23,77.09923664122137,72.77353689567431
2007-02-26,77.09923664122137,73.58778625954199
2007-02-27,76.08142493638677,74.2239185750636
2007-02-28,76.59033078880407,74.78371501272265
2007-03-01,75.82697201017811,75.29262086513995
2007-03-02,74.04580152671755,75.57251908396947
2007-03-05,71.50127226463104,75.41984732824427
2007-03-06,70.73791348600508,75.0381679389313
2007-03-07,67.93893129770993,74.30025445292621
2007-03-08,66.15776081424937,73.30788804071247
2007-03-09,64.12213740458014,72.01017811704835
2007-03-12,60.81424936386769,70.38167938931298
2007-03-13,57.76081424936387,68.54961832061069
2007-03-14,56.48854961832062,66.53944020356235
2007-03-15,55.470737913486005,64.50381679389312
2007-03-16,53.43511450381679,62.442748091603065
2007-03-19,49.61832061068702,60.25445292620865
2007-03-20,46.0559796437659,57.786259541984734
2007-03-21,43.51145038167939,55.34351145038168
2007-03-22,41.221374045801525,52.84987277353689
2007-03-23,39.94910941475827,50.43256997455471
2007-03-26,37.913486005089055,48.14249363867684
2007-03-27,36.38676844783715,46.00508905852417
2007-03-28,35.6234096692112,43.91857506361323
2007-03-29,35.6234096692112,41.93384223918575
2007-03-30,35.36895674300254,40.12722646310432
2007-04-02,37.150127226463106,38.88040712468193
2007-04-03,38.16793893129771,38.091603053435115
2007-04-04,39.94910941475827,37.735368956743
2007-04-05,41.98473282442748,37.8117048346056
2007-04-09,44.02035623409669,38.21882951653944
2007-04-10,45.29262086513995,38.956743002544535
2007-04-11,46.56488549618321,39.97455470737914
2007-04-12,48.346055979643765,41.24681933842239
2007-04-13,51.653944020356235,42.849872773536894
2007-04-16,54.961832061068705,44.80916030534352
2007-04-17,58.269720101781175,46.92111959287532
2007-04-18,61.32315521628499,49.23664122137405
2007-04-19,64.12213740458014,51.653944020356235
2007-04-20,66.66666666666666,54.12213740458016
2007-04-23,67.68447837150127,56.48854961832061
2007-04-24,69.46564885496184,58.905852417302796
2007-04-25,70.48346055979644,61.297709923664115
2007-04-26,73.53689567430025,63.81679389312977
2007-04-27,75.57251908396947,66.20865139949109
2007-04-30,76.84478371501272,68.3969465648855
2007-05-01,78.62595419847328,70.4325699745547
2007-05-02,81.42493638676844,72.44274809160306
2007-05-03,82.1882951653944,74.24936386768448
2007-05-04,82.69720101781171,75.85241730279897
2007-05-07,83.20610687022901,77.40458015267176
2007-05-08,83.7150127226463,78.8295165394402
2007-05-09,83.96946564885496,80.17811704834605
2007-05-10,83.96946564885496,81.22137404580153
2007-05-11,83.7150127226463,82.03562340966921
2007-05-14,83.46055979643766,82.6972010178117
2007-05-15,82.44274809160305,83.07888040712469
2007-05-16,81.67938931297711,83.10432569974554
2007-05-17,81.67938931297711,83.05343511450381
2007-05-18,80.91603053435115,82.87531806615777
2007-05-21,80.6615776081425,82.62086513994912
2007-05-22,79.89821882951654,82.23918575063614
2007-05-23,78.88040712468194,81.73027989821882
2007-05-24,76.33587786259542,80.96692111959288
2007-05-25,73.79134860050891,79.97455470737914
2007-05-29,73.2824427480916,78.95674300254453
2007-05-30,72.7735368956743,77.98982188295165
2007-05-31,73.2824427480916,77.15012722646311
2007-06-01,73.60406091370558,76.34259438653595
2007-06-04,74.11167512690355,75.6621588457912
2007-06-05,73.85786802030458,74.9817878870074
2007-06-06,73.09644670050761,74.30161067410651
2007-06-07,72.58883248730965,73.67245321036928
2007-06-08,72.15189873417721,73.25405529752746
2007-06-11,70.37974683544303,72.91289512102087
2007-06-12,69.11392405063292,72.496043251275
2007-06-13,67.84810126582278,72.00349968828985
2007-06-14,66.07594936708861,71.28285035018955
2007-06-15,66.32911392405063,70.55535565122406
2007-06-18,65.0632911392405,69.65051725245775
2007-06-19,62.278481012658226,68.49257855169313
2007-06-20,62.0253164556962,67.38546552721198
2007-06-21,61.77215189873417,66.30379746835442
2007-06-22,60.0,65.0886075949367
2007-06-25,58.22784810126582,63.87341772151899
2007-06-26,56.9620253164557,62.65822784810126
2007-06-27,56.45569620253165,61.51898734177215
2007-06-28,56.060606060606055,60.51745301112389
2007-06-29,53.28282828282829,59.212824447001665
2007-07-02,52.52525252525253,57.959020585602865
2007-07-03,51.26262626262626,56.85743511059966
2007-07-05,51.26262626262626,55.781166091292675
2007-07-06,50.505050505050505,54.654455951924305
2007-07-09,51.010101010101,53.75546605293441
2007-07-10,49.494949494949495,52.88217619230278
2007-07-11,50.0,52.185973660657204
2007-07-12,51.26262626262626,51.66666666666667
2007-07-13,51.63727959697732,51.2243340203038
2007-07-16,52.26130653266332,51.1221818452873
2007-07-17,51.75879396984925,51.045535989746966
2007-07-18,52.26130653266332,51.145404016750675
2007-07-19,52.26130653266332,51.24527204375438
2007-07-20,52.76381909547738,51.471148902797076
2007-07-23,53.266331658291456,51.69677196761611
2007-07-24,54.2713567839196,52.17441269651313
2007-07-25,54.88721804511278,52.6631345010244
2007-07-26,54.385964912280706,52.97546836598984
2007-07-27,53.383458646616546,53.150086270953764
2007-07-30,51.8796992481203,53.11192554249946
2007-07-31,51.127819548872175,53.048828100401764
2007-08-01,49.373433583959894,52.76004080553141
2007-08-02,47.86967418546366,52.32087757081145
2007-08-03,46.616541353383454,51.70614979660206
2007-08-06,45.363408521303256,50.915857482903235
2007-08-07,43.609022556390975,49.849624060150376
2007-08-08,43.10776942355889,48.67167919799499
2007-08-09,41.35338345864661,47.368421052631575
2007-08-10,40.35087719298245,46.06516290726817
2007-08-13,37.59398496240601,44.63659147869674
2007-08-14,35.338345864661655,43.05764411027568
2007-08-15,33.08270676691729,41.42857142857143
2007-08-16,30.82706766917293,39.724310776942346
2007-08-17,27.819548872180448,37.84461152882206
2007-08-20,25.81453634085213,35.88972431077694
2007-08-21,24.561403508771928,33.984962406015036
2007-08-22,24.561403508771928,32.130325814536334
2007-08-23,23.25,30.319987468671677
2007-08-24,23.75,28.65989974937343
2007-08-27,24.25,27.32550125313283
2007-08-28,24.0,26.191666666666663
2007-08-29,25.25,25.408395989974938
2007-08-30,25.5,24.87568922305764
2007-08-31,25.187032418952622,24.61243757773486
2007-09-04,27.680798004987533,24.799063744148402
2007-09-05,27.18204488778055,25.061127882049263
2007-09-06,26.683291770573565,25.273316708229427
2007-09-07,25.6857855361596,25.516895261845384
2007-09-10,26.184538653366584,25.760349127182046
2007-09-11,27.18204488778055,26.0535536159601
2007-09-12,27.93017456359102,26.446571072319205
2007-09-13,29.67581047381546,26.889152119700746
2007-09-14,32.16957605985037,27.556109725685786
2007-09-17,34.66334164588529,28.50374064837905
2007-09-18,38.65336658354115,29.600997506234414
2007-09-19,44.13965087281795,31.296758104738153
2007-09-20,47.381546134663346,33.366583541147136
2007-09-21,50.87281795511222,35.885286783042396
2007-09-24,53.36658354114713,38.60349127182045
2007-09-25,56.35910224438903,41.5211970074813
2007-09-26,60.349127182044896,44.763092269326684
2007-09-27,65.08728179551122,48.30423940149626
2007-09-28,67.33167082294264,51.82044887780548
2007-10-01,71.07231920199501,55.46134663341646
2007-10-02,73.56608478802993,58.95261845386534
2007-10-03,74.81296758104739,62.01995012468827
2007-10-04,75.06234413965088,64.78802992518703
2007-10-05,76.11940298507463,67.31268842818328
2007-10-08,79.35323383084577,69.91135345715314
2007-10-09,80.59701492537313,72.33514472525155
2007-10-10,81.34328358208955,74.43456036525602
2007-10-11,83.08457711442786,76.23428989714768
2007-10-12,83.5820895522388,77.85933177007729
2007-10-15,84.5771144278607,79.20981129266386
2007-10-16,84.32835820895522,80.2860386347564
2007-10-17,84.32835820895522,81.23757769754718
2007-10-18,83.5820895522388,82.08955223880596
2007-10-19,83.83084577114428,82.86069651741293
2007-10-22,83.33333333333334,83.2587064676617
2007-10-23,83.08457711442786,83.50746268656715
2007-10-24,82.33830845771143,83.60696517412936
2007-10-25,81.09452736318407,83.40796019900498
2007-10-26,80.59701492537313,83.1094527363184
2007-10-29,80.09950248756219,82.66169154228855
2007-10-30,79.1044776119403,82.13930348258707
2007-10-31,76.86567164179104,81.39303482587064
2007-11-01,75.12437810945273,80.54726368159204
2007-11-02,73.38308457711443,79.50248756218905
2007-11-05,71.39303482587064,78.30845771144278
2007-11-06,69.90049751243781,76.99004975124379
2007-11-07,65.92039800995025,75.34825870646765
2007-11-08,61.19402985074627,73.35820895522389
2007-11-09,57.711442786069654,71.06965174129354
2007-11-12,53.233830845771145,68.38308457711443
2007-11-13,51.49253731343284,65.62189054726367
2007-11-14,49.004975124378106,62.83582089552239
2007-11-15,47.76119402985074,60.09950248756219
2007-11-16,45.77114427860697,57.33830845771145
2007-11-19,44.527363184079604,54.65174129353234
2007-11-20,42.28855721393035,51.8905472636816
2007-11-21,40.049751243781095,49.30348258706468
2007-11-23,39.0547263681592,47.08955223880597
2007-11-26,37.81094527363184,45.09950248756219
2007-11-27,35.32338308457712,43.308457711442784
2007-11-28,33.08457711442786,41.46766169154229
2007-11-29,32.58706467661692,39.82587064676618
2007-11-30,31.094527363184078,38.159203980099505
2007-12-03,31.094527363184078,36.691542288557216
2007-12-04,31.094527363184078,35.34825870646766
2007-12-05,31.343283582089555,34.25373134328358
2007-12-06,30.845771144278604,33.333333333333336
2007-12-07,32.58706467661692,32.6865671641791
2007-12-10,33.83084577114428,32.28855721393035
2007-12-11,34.57711442786069,32.21393034825871
2007-12-12,35.32338308457712,32.43781094527363
2007-12-13,35.82089552238806,32.76119402985074
2007-12-14,35.57213930348259,33.208955223880594
2007-12-17,36.069651741293534,33.70646766169155
2007-12-18,36.318407960199,34.22885572139303
2007-12-19,37.56218905472637,34.850746268656714
2007-12-20,39.800995024875625,35.74626865671642
2007-12-21,42.53731343283582,36.74129353233831
2007-12-24,45.024875621890544,37.86069651741293
2007-12-26,48.756218905472636,39.27860696517413
2007-12-27,50.74626865671642,40.82089552238806
2007-12-28,52.23880597014925,42.46268656716418
2007-12-31,52.48756218905473,44.1542288557214
2008-01-02,52.736318407960205,45.82089552238806
2008-01-03,53.233830845771145,47.51243781094527
2008-01-04,53.482587064676615,49.104477611940304
2008-01-07,51.86104218362283,50.31048232781502
2008-01-08,49.62779156327544,51.019530140858976
2008-01-09,47.146401985111666,51.23168277718109
2008-01-10,42.4317617866005,50.59923706529388
2008-01-11,40.198511166253105,49.54446131624754
2008-01-14,37.468982630272954,48.06747898225992
2008-01-15,34.49131513647642,46.26785427700209
2008-01-16,33.99503722084367,44.393726158290434
2008-01-17,32.00992555831266,42.27133562954459
2008-01-18,28.78411910669975,39.801488833746895
2008-01-22,25.55831265508685,37.1712158808933
2008-01-23,23.076923076923077,34.516129032258064
2008-01-24,20.595533498759306,31.86104218362283
2008-01-25,17.121588089330025,29.33002481389578
2008-01-28,14.392059553349876,26.749379652605462
2008-01-29,14.108910891089108,24.413372478687073
2008-01-30,12.871287128712872,22.25136967791072
2008-01-31,12.623762376237623,20.114242193450117
2008-02-01,12.128712871287128,18.12612092474756
2008-02-04,11.633663366336634,16.41107535071125
2008-02-05,12.871287128712872,15.142372798073854
2008-02-06,12.623762376237623,14.097056728005304
2008-02-07,11.881188118811881,13.225622190010563
2008-02-08,12.376237623762377,12.7510871434538
2008-02-11,13.613861386138614,12.673267326732674
2008-02-12,15.099009900990099,12.772277227722771
2008-02-13,15.841584158415841,13.06930693069307
2008-02-14,15.346534653465346,13.341584158415841
2008-02-15,16.584158415841586,13.787128712871288
2008-02-19,20.2970297029703,14.653465346534654
2008-02-20,23.762376237623762,15.74257425742574
2008-02-21,27.22772277227723,17.202970297029704
2008-02-22,30.198019801980198,19.034653465346537
2008-02-25,30.94059405940594,20.89108910891089
2008-02-26,33.16831683168317,22.846534653465348
2008-02-27,34.4059405940594,24.777227722772277
2008-02-28,35.89108910891089,26.78217821782178
2008-02-29,36.633663366336634,28.91089108910891
2008-03-03,37.37623762376238,30.99009900990099
2008-03-04,37.12871287128713,32.67326732673267
2008-03-05,36.633663366336634,33.960396039603964
2008-03-06,37.62376237623762,35.0
2008-03-07,38.86138613861386,35.866336633663366
2008-03-10,38.366336633663366,36.60891089108911
2008-03-11,39.851485148514854,37.277227722772274
2008-03-12,42.07920792079208,38.04455445544555
2008-03-13,42.57425742574257,38.71287128712871
2008-03-14,41.089108910891085,39.15841584158416
2008-03-17,41.336633663366335,39.554455445544555
2008-03-18,40.84158415841584,39.92574257425743
2008-03-19,40.84158415841584,40.34653465346535
2008-03-20,39.603960396039604,40.54455445544554
2008-03-24,39.851485148514854,40.64356435643565
2008-03-25,39.603960396039604,40.76732673267327
2008-03-26,38.613861386138616,40.64356435643565
2008-03-27,37.62376237623762,40.198019801980195
2008-03-28,35.64356435643564,39.5049504950495
2008-03-31,34.900990099009896,38.886138613861384
2008-04-01,35.396039603960396,38.29207920792079
2008-04-02,36.386138613861384,37.84653465346535
2008-04-03,36.633663366336634,37.42574257425743
2008-04-04,37.62376237623762,37.22772277227723
2008-04-07,40.34653465346535,37.277227722772274
2008-04-08,43.06930693069307,37.62376237623762
2008-04-09,47.02970297029702,38.46534653465346
2008-04-10,48.51485148514851,39.55445544554455
2008-04-11,51.23762376237624,41.113861386138616
2008-04-14,52.722772277227726,42.896039603960396
2008-04-15,56.683168316831676,45.024752475247524
2008-04-16,62.87128712871287,47.67326732673267
2008-04-17,64.10891089108911,50.420792079207914
2008-04-18,67.82178217821783,53.44059405940594
2008-04-21,68.8118811881188,56.28712871287129
2008-04-22,70.04950495049505,58.98514851485148
2008-04-23,70.04950495049505,61.28712871287128
2008-04-24,72.27722772277228,63.66336633663366
2008-04-25,73.76237623762376,65.91584158415841
2008-04-28,75.99009900990099,68.24257425742574
2008-04-29,77.72277227722772,70.34653465346534
2008-04-30,77.22772277227723,71.78217821782178
2008-05-01,78.96039603960396,73.26732673267327
2008-05-02,79.45544554455446,74.43069306930694
2008-05-05,79.45544554455446,75.4950495049505
2008-05-06,79.95049504950495,76.48514851485149
2008-05-07,79.20792079207921,77.40099009900992
2008-05-08,79.20792079207921,78.0940594059406
2008-05-09,79.20792079207921,78.63861386138613
2008-05-12,80.6930693069307,79.10891089108911
2008-05-13,82.67326732673267,79.60396039603961
2008-05-14,82.92079207920791,80.17326732673267
2008-05-15,82.67326732673267,80.54455445544555
2008-05-16,82.17821782178217,80.81683168316832
2008-05-19,81.43564356435643,81.01485148514851
2008-05-20,80.6930693069307,81.08910891089108
2008-05-21,80.94059405940595,81.26237623762376
2008-05-22,80.6930693069307,81.41089108910892
2008-05-23,80.19801980198021,81.50990099009901
2008-05-27,80.0,81.44059405940594
2008-05-28,77.53086419753087,80.92635374648576
2008-05-29,76.10837438423646,80.24511197698862
2008-05-30,74.63054187192118,79.44083943150746
2008-06-02,73.64532019704434,78.58754966903368
2008-06-03,72.16748768472905,77.66073408107096
2008-06-04,71.18226600985221,76.7096537513631
2008-06-05,69.21182266009852,75.53677661143236
2008-06-06,67.98029556650246,74.26549923738953
2008-06-09,65.27093596059113,72.77279085325063
2008-06-10,64.5320197044335,71.22599282369397
2008-06-11,62.315270935960584,69.70443349753694
2008-06-12,60.3448275862069,68.12807881773398
2008-06-13,59.11330049261084,66.57635467980296
2008-06-16,58.128078817733986,65.02463054187191
2008-06-17,55.66502463054187,63.3743842364532
2008-06-18,51.231527093596064,61.37931034482758
2008-06-19,51.231527093596064,59.58128078817733
2008-06-20,49.75369458128079,57.75862068965516
2008-06-23,48.029556650246306,56.0344827586207
2008-06-24,47.53694581280788,54.33497536945813
2008-06-25,44.827586206896555,52.58620689655172
2008-06-26,41.13300492610838,50.66502463054187
2008-06-27,35.960591133004925,48.34975369458128
2008-06-30,33.497536945812804,45.88669950738917
2008-07-01,31.03448275862069,43.423645320197046
2008-07-02,29.484029484029485,41.24889555924039
2008-07-03,26.044226044226043,38.73016545430339
2008-07-07,23.34152334152334,36.08894833032764
2008-07-08,21.62162162162162,33.44815482746517
2008-07-09,19.164619164619165,30.6109221626463
2008-07-10,18.181818181818183,27.946345360138462
2008-07-11,17.1990171990172,25.552946587429346
2008-07-14,15.970515970515969,23.55393907118045
2008-07-15,14.004914004914005,21.604676777090567
2008-07-16,12.776412776412776,19.77886977886978
2008-07-17,11.029411764705882,17.93340800693742
2008-07-18,10.294117647058822,16.358397167220694
2008-07-21,10.294117647058822,15.053656597774244
2008-07-22,9.803921568627452,13.871886592474828
2008-07-23,9.313725490196079,12.886797225032518
2008-07-24,8.57843137254902,11.926458544105602
2008-07-25,8.57843137254902,11.064399961458784
2008-07-28,9.558823529411764,10.423230717348364
2008-07-29,11.27450980392157,10.150190297249122
2008-07-30,14.705882352941178,10.343137254901961
2008-07-31,15.686274509803921,10.808823529411764
2008-08-01,18.627450980392158,11.642156862745098
2008-08-04,20.098039215686274,12.622549019607842
2008-08-05,23.03921568627451,13.94607843137255
2008-08-06,26.47058823529412,15.661764705882353
2008-08-07,29.901960784313726,17.794117647058822
2008-08-08,32.84313725490196,20.22058823529412
2008-08-11,37.745098039215684,23.03921568627451
2008-08-12,41.66666666666667,26.078431372549023
2008-08-13,46.07843137254902,29.215686274509807
2008-08-14,48.77450980392157,32.52450980392157
2008-08-15,52.20588235294118,35.88235294117648
2008-08-18,54.41176470588235,39.31372549019608
2008-08-19,57.107843137254896,42.72058823529412
2008-08-20,57.107843137254896,45.78431372549019
2008-08-21,58.08823529411765,48.602941176470594
2008-08-22,61.029411764705884,51.42156862745098
2008-08-25,62.254901960784316,53.872549019607845
2008-08-26,63.56968215158925,56.0628505681001
2008-08-27,64.54767726161369,57.90977515700657
2008-08-28,66.25916870415648,59.65824104703006
2008-08-29,67.97066014669927,61.23471882640587
2008-09-02,69.43765281173594,62.737307636991225
2008-09-03,70.6601466992665,64.0925379931924
2008-09-04,70.4156479217604,65.42331847164294
2008-09-05,70.17114914425427,66.6316098566566
2008-09-08,70.6601466992665,67.59468335011266
2008-09-09,69.68215158924205,68.33740831295844
2008-09-10,66.99266503667481,68.67970660146699
2008-09-11,66.25916870415648,68.85085574572128
2008-09-12,64.05867970660147,68.63080684596578
2008-09-15,61.61369193154034,67.99511002444987
2008-09-16,59.65770171149144,67.01711491442542
2008-09-17,56.96821515892421,65.6479217603912
2008-09-18,56.234718826405874,64.22982885085574
2008-09-19,55.501222493887525,62.76283618581907
2008-09-22,53.30073349633252,61.026894865525676
2008-09-23,48.655256723716384,58.9242053789731
2008-09-24,46.21026894865526,56.845965770171155
2008-09-25,44.00977995110024,54.62102689486553
2008-09-26,41.80929095354523,52.3960880195599
2008-09-29,38.87530562347188,50.122249388753055
2008-09-30,35.45232273838631,47.70171149144254
2008-10-01,33.98533007334964,45.40342298288509
2008-10-02,32.27383863080684,43.007334963325185
2008-10-03,30.073349633251834,40.46454767726161
2008-10-06,28.117359413202937,37.94621026894866
2008-10-07,22.00488997555012,35.28117359413203
2008-10-08,18.82640586797066,32.542787286063565
2008-10-09,15.892420537897312,29.731051344743275
2008-10-10,12.224938875305623,26.772616136919318
2008-10-13,10.268948655256724,23.9119804400978
2008-10-14,9.7799511002445,21.344743276283616
2008-10-15,7.334963325183375,18.679706601466993
2008-10-16,5.378973105134474,15.990220048899754
2008-10-17,3.9119804400977993,13.374083129584353
2008-10-20,2.93398533007335,10.855745721271393
2008-10-21,2.689486552567237,8.924205378973106
2008-10-22,2.689486552567237,7.310513447432763
2008-10-23,2.444987775061125,5.965770171149144
2008-10-24,1.7114914425427872,4.91442542787286
2008-10-27,1.7114914425427872,4.058679706601467
2008-10-28,1.466992665036675,3.2273838630806844
2008-10-29,1.2224938875305624,2.6161369193154034
2008-10-30,0.24449877750611246,2.1026894865525674
2008-10-31,0.24449877750611246,1.7359413202933986
2008-11-03,0.24449877750611246,1.4669926650366747
2008-11-04,0.4889975550122249,1.2469437652811737
2008-11-05,0.7334963325183375,1.0513447432762837
2008-11-06,0.7334963325183375,0.8801955990220047
2008-11-07,0.7334963325183375,0.7823960880195598
2008-11-10,0.9779951100244498,0.7090464547677262
2008-11-11,0.9779951100244498,0.6601466992665037
2008-11-12,0.9779951100244498,0.6356968215158924
2008-11-13,1.7114914425427872,0.7823960880195598
2008-11-14,1.9559902200488997,0.9535452322738387
2008-11-17,2.689486552567237,1.198044009779951
2008-11-18,2.689486552567237,1.4180929095354524
2008-11-19,2.689486552567237,1.6136919315403422
2008-11-20,2.444987775061125,1.784841075794621
2008-11-21,3.1784841075794623,2.0293398533007334
2008-11-24,4.156479217603912,2.34718826405868
2008-11-25,5.134474327628362,2.762836185819071
2008-11-26,6.356968215158925,3.3007334963325183
2008-11-28,8.06845965770171,3.936430317848411
2008-12-01,8.557457212713937,4.596577017114914
2008-12-02,8.80195599022005,5.207823960880196
2008-12-03,9.535452322738386,5.89242053789731
2008-12-04,9.535452322738386,6.577017114914426
2008-12-05,11.246943765281173,7.457212713936431
2008-12-08,12.224938875305623,8.361858190709047
2008-12-09,14.180929095354522,9.364303178484107
2008-12-10,16.13691931540342,10.464547677261614
2008-12-11,17.359413202933986,11.56479217603912
2008-12-12,18.82640586797066,12.640586797066014
2008-12-15,18.82640586797066,13.667481662591687
2008-12-16,20.537897310513447,14.841075794621025
2008-12-17,22.249388753056234,16.112469437652813
2008-12-18,23.227383863080682,17.48166259168704
2008-12-19,25.4278728606357,18.899755501222494
2008-12-22,31.784841075794624,20.855745721271393
2008-12-23,36.91931540342298,23.12958435207824
2008-12-24,38.87530562347188,25.403422982885083
2008-12-26,41.32029339853301,27.79951100244499
2008-12-29,42.298288508557455,30.146699266503667
2008-12-30,44.987775061124694,32.76283618581907
2008-12-31,51.1002444987775,35.81907090464547
2009-01-02,55.256723716381416,39.11980440097799
2009-01-05,58.43520782396088,42.640586797066014
2009-01-06,62.59168704156479,46.35696821515892
2009-01-07,64.05867970660147,49.58435207823961
2009-01-08,64.79217603911981,52.371638141809285
2009-01-09,68.7041564792176,55.35452322738386
2009-01-12,68.21515892420538,58.044009779951104
2009-01-13,69.92665036674816,60.80684596577017
2009-01-14,70.6601466992665,63.374083129584356
2009-01-15,72.6161369193154,65.52567237163814
2009-01-16,72.86063569682152,67.28606356968216
2009-01-20,71.14914425427872,68.55745721271394
2009-01-21,70.6601466992665,69.3643031784841
2009-01-22,69.92665036674816,69.95110024449878
2009-01-23,71.14914425427872,70.58679706601467
2009-01-26,71.88264058679707,70.90464547677263
2009-01-27,71.88264058679707,71.27139364303179
2009-01-28,71.88264058679707,71.46699266503667
2009-01-29,70.17114914425427,71.41809290953545
2009-01-30,66.99266503667481,70.85574572127139
2009-02-02,63.56968215158925,69.92665036674816
2009-02-03,59.168704156479215,68.72860635696821
2009-02-04,52.81173594132029,66.9437652811736
2009-02-05,47.67726161369193,64.71882640586797
2009-02-06,47.43276283618582,62.34718826405869
2009-02-09,45.72127139364303,59.73105134474328
2009-02-10,43.03178484107579,56.84596577017114
2009-02-11,44.00977995110024,54.05867970660147
2009-02-12,42.298288508557455,51.271393643031786
2009-02-13,41.56479217603912,48.728606356968214
2009-02-17,41.32029339853301,46.50366748166259
2009-02-18,39.36430317848411,44.52322738386308
2009-02-19,40.34229828850856,43.27628361858191
2009-02-20,38.87530562347188,42.3960880195599
2009-02-23,37.163814180929094,41.36919315403423
2009-02-24,36.674816625916876,40.46454767726161
2009-02-25,34.474327628361856,39.60880195599022
2009-02-26,32.27383863080684,38.43520782396088
2009-02-27,28.850855745721272,37.09046454767726
2009-03-02,25.67237163814181,35.50122249388753
2009-03-03,22.73838630806846,33.64303178484108
2009-03-04,20.78239608801956,31.784841075794624
2009-03-05,19.315403422982886,29.68215158924205
2009-03-06,18.82640586797066,27.677261613691932
2009-03-09,16.381418092909534,25.599022004889974
2009-03-10,14.180929095354522,23.34963325183374
2009-03-11,13.202933985330073,21.22249388753056
2009-03-12,12.71393643031785,19.266503667481665
2009-03-13,11.7359413202934,17.555012224938874
2009-03-16,10.513447432762836,16.039119804400976
2009-03-17,10.513447432762836,14.816625916870416
2009-03-18,11.246943765281173,13.863080684596577
2009-03-19,12.469437652811736,13.178484107579461
2009-03-20,13.447432762836186,12.640586797066014
2009-03-23,15.403422982885084,12.54278728606357
2009-03-24,17.359413202933986,12.860635696821515
2009-03-25,18.581907090464547,13.398533007334965
2009-03-26,19.80440097799511,14.107579462102688
2009-03-27,20.78239608801956,15.012224938875306
2009-03-30,22.00488997555012,16.161369193154037
2009-03-31,26.405867970660147,17.750611246943766
2009-04-01,30.317848410757946,19.657701711491445
2009-04-02,35.45232273838631,21.9559902200489
2009-04-03,40.34229828850856,24.64547677261614
2009-04-06,45.72127139364303,27.677261613691932
2009-04-07,55.256723716381416,31.466992665036674
2009-04-08,59.65770171149144,35.57457212713937
2009-04-09,67.72616136919315,40.36674816625917
2009-04-13,72.12713936430319,45.50122249388753
2009-04-14,77.50611246943765,51.05134474327629
2009-04-15,80.92909535452323,56.50366748166259
2009-04-16,82.88508557457213,61.76039119804401
2009-04-17,84.59657701711491,66.67481662591686
2009-04-20,86.55256723716381,71.29584352078238
2009-04-21,88.75305623471883,75.59902200488997
2009-04-22,89.24205378973105,78.99755501222494
2009-04-23,90.2200488997555,82.05378973105135
2009-04-24,91.68704156479217,84.44987775061125
2009-04-27,91.44254278728606,86.38141809290953
2009-04-28,92.42053789731052,87.87286063569682
2009-04-29,93.39853300733496,89.119804400978
2009-04-30,94.13202933985329,90.24449877750611
2009-05-01,93.64303178484109,91.14914425427872
2009-05-04,94.13202933985329,91.90709046454768
2009-05-05,93.64303178484109,92.3960880195599
2009-05-06,93.8875305623472,92.86063569682152
2009-05-07,93.39853300733496,93.17848410757946
2009-05-08,94.13202933985329,93.42298288508559
2009-05-11,93.64303178484109,93.64303178484107
2009-05-12,93.39853300733496,93.74083129584352
2009-05-13,92.42053789731052,93.64303178484107
2009-05-14,91.44254278728606,93.37408312958435
2009-05-15,90.2200488997555,93.03178484107579
2009-05-18,89.97555012224939,92.6161369193154
2009-05-19,88.75305623471883,92.12713936430319
2009-05-20,86.55256723716381,91.39364303178483
2009-05-21,85.81907090464547,90.6356968215159
2009-05-22,85.08557457212714,89.73105134474328
2009-05-26,83.61858190709046,88.72860635696821
2009-05-27,82.88508557457213,87.67726161369193
2009-05-28,81.17359413202934,86.55256723716381
2009-05-29,80.92909535452323,85.50122249388752
2009-06-01,81.41809290953546,84.62102689486554
2009-06-02,81.17359413202934,83.74083129584352
2009-06-03,81.17359413202934,82.98288508557457
2009-06-04,80.1955990220049,82.34718826405869
2009-06-05,79.21760391198043,81.68704156479217
2009-06-08,78.72860635696821,81.05134474327629
2009-06-09,77.75061124694376,80.4645476772616
2009-06-10,76.5281173594132,79.82885085574573
2009-06-11,76.28361858190709,79.3398533007335
2009-06-12,77.01711491442543,78.94865525672371
2009-06-15,77.75061124694376,78.58190709046454
2009-06-16,78.4841075794621,78.31295843520783
2009-06-17,78.72860635696821,78.06845965770171
2009-06-18,77.50611246943765,77.79951100244497
2009-06-19,76.5281173594132,77.53056234718827
2009-06-22,76.28361858190709,77.28606356968216
2009-06-23,76.5281173594132,77.16381418092911
2009-06-24,76.03911980440098,77.11491442542787
2009-06-25,76.28361858190709,77.11491442542788
2009-06-26,75.79462102689487,76.99266503667482
2009-06-29,75.06112469437653,76.7237163814181
2009-06-30,72.12713936430319,76.08801955990221
2009-07-01,68.94865525672371,75.11002444987776
2009-07-02,65.52567237163814,73.91198044009779
2009-07-06,62.59168704156479,72.51833740831296
2009-07-07,58.679706601467,70.75794621026895
2009-07-08,56.234718826405874,68.72860635696821
2009-07-09,53.0562347188264,66.43031784841077
2009-07-10,47.92176039119804,63.59413202933986
2009-07-13,47.43276283618582,60.75794621026895
2009-07-14,45.72127139364303,57.82396088019559
2009-07-15,45.2322738386308,55.134474327628354
2009-07-16,45.965770171149146,52.836185819070906
2009-07-17,47.67726161369193,51.05134474327629
2009-07-20,49.877750611246945,49.7799511002445
2009-07-21,51.83374083129584,49.095354523227385
2009-07-22,53.54523227383863,48.82640586797066
2009-07-23,55.501222493887525,49.07090464547677
2009-07-24,59.65770171149144,50.24449877750611
2009-07-27,60.63569682151589,51.56479217603912
2009-07-28,61.858190709046454,53.17848410757946
2009-07-29,63.81418092909536,55.03667481662592
2009-07-30,66.74816625916871,57.11491442542788
2009-07-31,69.19315403422983,59.266503667481665
2009-08-03,72.12713936430319,61.49144254278728
2009-08-04,76.5281173594132,63.96088019559902
2009-08-05,78.97310513447434,66.50366748166259
2009-08-06,81.90709046454768,69.14425427872861
2009-08-07,85.33007334963325,71.71149144254278
2009-08-10,87.28606356968214,74.37652811735941
2009-08-11,89.24205378973105,77.11491442542787
2009-08-12,89.97555012224939,79.73105134474328
2009-08-13,90.95354523227384,82.1515892420538
2009-08-14,91.44254278728606,84.37652811735941
2009-08-17,91.19804400977995,86.28361858190709
2009-08-18,91.44254278728606,87.77506112469437
2009-08-19,91.93154034229829,89.07090464547677
2009-08-20,91.68704156479217,90.04889975550122
2009-08-21,91.68704156479217,90.68459657701712
2009-08-24,92.1760391198044,91.17359413202934
2009-08-25,91.93154034229829,91.44254278728606
2009-08-26,91.44254278728606,91.58924205378973
2009-08-27,90.95354523227384,91.58924205378972
2009-08-28,91.44254278728606,91.58924205378973
2009-08-31,90.4645476772616,91.5158924205379
2009-09-01,89.97555012224939,91.36919315403422
2009-09-02,88.26405867970661,91.00244498777505
2009-09-03,88.50855745721272,90.68459657701712
2009-09-04,88.75305623471883,90.39119804400977
2009-09-08,88.50855745721272,90.02444987775061
2009-09-09,88.50855745721272,89.68215158924207
2009-09-10,88.99755501222494,89.43765281173594
2009-09-11,89.73105134474328,89.31540342298288
2009-09-14,89.48655256723717,89.11980440097798
2009-09-15,89.24205378973105,88.99755501222495
2009-09-16,89.73105134474328,88.97310513447432
2009-09-17,89.97555012224939,89.14425427872861
2009-09-18,89.73105134474328,89.26650366748166
2009-09-21,88.75305623471883,89.26650366748166
2009-09-22,88.75305623471883,89.29095354523227
2009-09-23,88.26405867970661,89.26650366748166
2009-09-24,87.53056234718827,89.119804400978
2009-09-25,87.77506112469437,88.9242053789731
2009-09-28,87.28606356968214,88.70415647921762
2009-09-29,87.04156479217605,88.4841075794621
2009-09-30,86.3080684596577,88.14180929095355
2009-10-01,84.84107579462102,87.6283618581907
2009-10-02,84.10757946210269,87.06601466992666
2009-10-05,83.86308068459658,86.57701711491443
2009-10-06,83.86308068459658,86.08801955990221
2009-10-07,84.10757946210269,85.67237163814181
2009-10-08,83.12958435207824,85.2322738386308
2009-10-09,82.3960880195599,84.69437652811736
2009-10-12,81.66259168704157,84.13202933985329
2009-10-13,81.17359413202934,83.54523227383864
2009-10-14,81.66259168704157,83.08068459657702
2009-10-15,80.48780487804879,82.6453575049198
2009-10-16,79.51219512195122,82.18581907090464
2009-10-19,79.02439024390245,81.70195002683523
2009-10-20,78.53658536585367,81.16930049496094
2009-10-21,76.09756097560975,80.36829864631166
2009-10-22,75.60975609756098,79.61631582085991
2009-10-23,75.85365853658537,78.96207287256246
2009-10-26,74.39024390243902,78.23483809410222
2009-10-27,72.6829268292683,77.38577136382611
2009-10-28,69.7560975609756,76.19512195121952
2009-10-29,69.02439024390243,75.04878048780488
2009-10-30,68.29268292682927,73.92682926829268
2009-11-02,67.8048780487805,72.8048780487805
2009-11-03,66.58536585365854,71.60975609756098
2009-11-04,65.1219512195122,70.51219512195122
2009-11-05,65.1219512195122,69.46341463414635
2009-11-06,64.14634146341463,68.29268292682927
2009-11-09,63.65853658536585,67.21951219512195
2009-11-10,62.926829268292686,66.24390243902438
2009-11-11,60.731707317073166,65.34146341463415
2009-11-12,59.26829268292683,64.36585365853658
2009-11-13,57.56097560975609,63.29268292682927
2009-11-16,57.56097560975609,62.26829268292683
2009-11-17,56.82926829268292,61.292682926829265
2009-11-18,56.34146341463414,60.41463414634145
2009-11-19,55.60975609756098,59.46341463414633
2009-11-20,55.60975609756098,58.60975609756097
2009-11-23,55.60975609756098,57.80487804878048
2009-11-24,56.09756097560976,57.1219512195122
2009-11-25,59.02439024390244,56.951219512195124
2009-11-27,61.951219512195124,57.21951219512194
2009-11-30,63.41463414634146,57.804878048780495
2009-12-01,66.58536585365854,58.70731707317073
2009-12-02,68.29268292682927,59.85365853658537
2009-12-03,68.78048780487805,61.09756097560976
2009-12-04,72.1951219512195,62.75609756097562
2009-12-07,71.21951219512195,64.3170731707317
2009-12-08,71.95121951219512,65.95121951219512
2009-12-09,71.95121951219512,67.53658536585365
2009-12-10,72.1951219512195,68.85365853658536
2009-12-11,70.48780487804878,69.70731707317074
2009-12-14,70.97560975609755,70.46341463414635
2009-12-15,71.46341463414633,70.95121951219511
2009-12-16,72.50608272506082,71.37255949201827
2009-12-17,71.04622871046229,71.5991335825767
2009-12-18,71.04622871046229,71.48424425850098
2009-12-21,72.26277372262774,71.58857041125155
2009-12-22,73.47931873479318,71.74138033351136
2009-12-23,74.69586374695864,72.01584475698772
2009-12-24,74.93917274939173,72.29024983680493
2009-12-28,76.88564476885644,72.9300338258857
2009-12-29,78.34549878345499,73.66702272862145
2009-12-30,79.31873479318735,74.45255474452554
2009-12-31,79.31873479318735,75.1338199513382
2010-01-04,79.31873479318735,75.9610705596107
2010-01-05,79.56204379562044,76.81265206812652
2010-01-06,80.5352798053528,77.63990267639903
2010-01-07,81.50851581508516,78.44282238442823
2010-01-08,82.9683698296837,79.27007299270073
2010-01-11,82.9683698296837,80.07299270072993
2010-01-12,83.94160583941606,80.7785888077859
2010-01-13,84.67153284671532,81.41119221411192
2010-01-14,85.40145985401459,82.01946472019465
2010-01-15,85.88807785888078,82.67639902676399
2010-01-19,84.67153284671532,83.21167883211679
2010-01-20,84.91484184914842,83.74695863746959
2010-01-21,84.91484184914842,84.18491484184915
2010-01-22,85.40145985401459,84.57420924574208
2010-01-25,85.40145985401459,84.81751824817518
2010-01-26,84.42822384428223,84.96350364963504
2010-01-27,82.76699029126213,84.84604209481964
2010-01-28,78.39805825242718,84.21869463539083
2010-01-29,74.27184466019418,83.10573311600878
2010-02-01,71.42857142857143,81.65978247297785
2010-02-02,69.73365617433413,80.16599480573973
2010-02-03,65.85956416464892,78.26046703728977
2010-02-04,61.743341404358354,75.94331699281078
2010-02-05,59.07990314769975,73.31116132217929
2010-02-08,54.9636803874092,70.26738337551875
2010-02-09,51.81598062953995,67.00615905404452
2010-02-10,45.27845036319613,63.25730506123792
2010-02-11,41.404358353510894,59.557935071346286
2010-02-12,37.530266343825666,55.883777239709445
2010-02-16,34.624697336561745,52.20338983050848
2010-02-17,32.92978208232446,48.52300242130751
2010-02-18,30.024213075060537,44.93946731234867
2010-02-19,28.329297820823246,41.598062953995154
2010-02-22,27.845036319612593,38.47457627118644
2010-02-23,28.57142857142857,35.83535108958838
2010-02-24,29.055690072639223,33.559322033898304
2010-02-25,30.26634382566586,32.05811138014528
2010-02-26,31.234866828087167,31.04116222760291
2010-03-01,31.719128329297817,30.46004842615012
2010-03-02,33.89830508474576,30.387409200968523
2010-03-03,35.59322033898305,30.653753026634384
2010-03-04,36.077481840193705,31.2590799031477
2010-03-05,39.22518159806295,32.34866828087167
2010-03-08,44.55205811138014,34.01937046004842
2010-03-09,46.246973365617436,35.78692493946731
2010-03-10,54.9636803874092,38.37772397094431
2010-03-11,61.016949152542374,41.45278450363196
2010-03-12,65.85956416464892,44.91525423728813
2010-03-15,69.49152542372882,48.69249394673123
2010-03-16,73.8498789346247,52.68765133171913
2010-03-17,76.32850241545893,56.76117953936671
2010-03-18,78.98550724637681,61.051982079985024
2010-03-19,80.43478260869566,65.17294218104828
2010-03-22,83.09178743961353,69.02691511387164
2010-03-23,84.54106280193237,72.85632405750313
2010-03-24,86.47342995169082,76.0072990139313
2010-03-25,88.40579710144928,78.74618380882198
2010-03-26,90.33816425120773,81.19404381747786
2010-03-29,92.27053140096618,83.47194441520159
2010-03-30,92.7536231884058,85.3623188405797
2010-03-31,93.23671497584542,87.05314009661836
2010-04-01,94.68599033816425,88.6231884057971
2010-04-05,94.68599033816425,90.04830917874396
2010-04-06,94.68599033816425,91.20772946859903
2010-04-07,94.68599033816425,92.22222222222221
2010-04-08,94.68599033816425,93.04347826086956
2010-04-09,93.96135265700482,93.59903381642512
2010-04-12,94.20289855072464,93.98550724637681
2010-04-13,93.47826086956522,94.10628019323671
2010-04-14,93.47826086956522,94.17874396135267
2010-04-15,93.23671497584542,94.17874396135267
2010-04-16,92.7536231884058,93.98550724637681
2010-04-19,92.02898550724638,93.71980676328502
2010-04-20,91.06280193236715,93.35748792270532
2010-04-21,90.33816425120773,92.92270531400966
2010-04-22,89.3719806763285,92.3913043478261
2010-04-23,88.67469879518072,91.86263896164368
2010-04-26,88.43373493975903,91.28572260054712
2010-04-27,87.95180722891565,90.73307723648216
2010-04-28,86.98795180722891,90.08404633024853
2010-04-29,86.98795180722891,89.45917001338687
2010-04-30,86.98795180722891,88.88260287526919
2010-05-03,84.81927710843374,88.16163203538792
2010-05-04,84.33734939759037,87.48908678191025
2010-05-05,82.40963855421687,86.69623421221117
2010-05-06,81.20481927710843,85.87951807228914
2010-05-07,79.75903614457832,84.98795180722891
2010-05-10,77.10843373493977,83.855421686747
2010-05-11,75.90361445783132,82.65060240963855
2010-05-12,74.69879518072288,81.42168674698794
2010-05-13,72.04819277108435,79.92771084337349
2010-05-14,68.43373493975903,78.07228915662651
2010-05-17,66.50602409638554,76.24096385542168
2010-05-18,63.132530120481924,74.12048192771084
2010-05-19,58.554216867469876,71.73493975903615
2010-05-20,51.80722891566265,68.79518072289156
2010-05-21,46.74698795180723,65.49397590361446
2010-05-24,41.68674698795181,61.95180722891566
2010-05-25,37.83132530120482,58.14457831325301
2010-05-26,33.734939759036145,54.04819277108434
2010-05-27,30.602409638554217,49.903614457831324
2010-05-28,25.060240963855424,45.566265060240966
2010-06-01,22.16867469879518,41.132530120481924
2010-06-02,19.03614457831325,36.72289156626506
2010-06-03,17.83132530120482,32.65060240963855
2010-06-04,16.3855421686747,29.10843373493976
2010-06-07,16.3855421686747,26.072289156626503
2010-06-08,15.903614457831324,23.49397590361446
2010-06-09,14.698795180722893,21.180722891566266
2010-06-10,14.216867469879519,19.2289156626506
2010-06-11,13.012048192771083,17.46987951807229
2010-06-14,11.80722891566265,16.144578313253014
2010-06-15,11.80722891566265,15.10843373493976
2010-06-16,12.048192771084338,14.409638554216865
2010-06-17,11.566265060240964,13.783132530120483
2010-06-18,12.530120481927712,13.397590361445783
2010-06-21,13.975903614457833,13.156626506024097
2010-06-22,15.421686746987953,13.10843373493976
2010-06-23,17.83132530120482,13.42168674698795
2010-06-24,19.27710843373494,13.927710843373495
2010-06-25,20.481927710843372,14.674698795180722
2010-06-28,20.722891566265062,15.566265060240966
2010-06-29,21.686746987951807,16.554216867469883
2010-06-30,23.6144578313253,17.71084337349398
2010-07-01,23.6144578313253,18.91566265060241
2010-07-02,23.132530120481928,19.97590361445783
2010-07-06,24.337349397590362,21.012048192771086
2010-07-07,26.024096385542165,22.072289156626503
2010-07-08,27.884615384615387,23.077618164967564
2010-07-09,31.009615384615387,24.250868860055608
2010-07-12,32.93269230769231,25.495945319740503
2010-07-13,34.375,26.861156163113993
2010-07-14,37.980769230769226,28.490558387395737
2010-07-15,38.46153846153847,29.975266450417053
2010-07-16,36.05769230769231,31.219589898053755
2010-07-19,33.894230769230774,32.29575996292864
2010-07-20,32.21153846153847,33.08317886932345
2010-07-21,32.45192307692308,33.72596153846154
2010-07-22,33.17307692307692,34.25480769230769
2010-07-23,34.855769230769226,34.63942307692308
2010-07-26,36.53846153846153,35.0
2010-07-27,40.38461538461539,35.60096153846153
2010-07-28,42.54807692307692,36.05769230769231
2010-07-29,46.875,36.89903846153847
2010-07-30,52.16346153846154,38.50961538461538
2010-08-02,56.97115384615385,40.81730769230769
2010-08-03,61.057692307692314,43.70192307692308
2010-08-04,66.10576923076923,47.06730769230769
2010-08-05,68.99038461538461,50.64903846153847
2010-08-06,69.47115384615384,54.11057692307693
2010-08-09,70.1923076923077,57.47596153846153
2010-08-10,72.11538461538461,60.64903846153847
2010-08-11,72.11538461538461,63.60576923076924
2010-08-12,71.15384615384616,66.03365384615384
2010-08-13,71.15384615384616,67.9326923076923
2010-08-16,71.39423076923077,69.37500000000001
2010-08-17,71.63461538461539,70.4326923076923
2010-08-18,71.63461538461539,70.98557692307692
2010-08-19,71.63461538461539,71.25
2010-08-20,71.39423076923077,71.44230769230771
2010-08-23,69.47115384615384,71.3701923076923
2010-08-24,66.66666666666666,70.82532051282051
2010-08-25,64.98800959232614,70.11258301051467
2010-08-26,62.35011990407674,69.23221038553773
2010-08-27,60.431654676258994,68.15999123777901
2010-08-30,59.47242206235012,66.96781036709095
2010-08-31,58.033573141486805,65.60770614277808
2010-09-01,57.07434052757794,64.15167865707434
2010-09-02,54.196642685851316,62.40788138719794
2010-09-03,52.27817745803357,60.4962760560782
2010-09-07,49.88009592326139,58.53717026378897
2010-09-08,48.08612440191388,56.67911603731369
2010-09-09,46.411483253588514,54.82146340343993
2010-09-10,46.889952153110045,53.27544662834325
2010-09-13,47.84688995215311,52.01697015593267
2010-09-14,49.04306220095694,50.97403416979335
2010-09-15,49.760765550239235,50.14675341066859
2010-09-16,50.0,49.439319357910804
2010-09-17,50.717703349282296,49.0914254242539
2010-09-20,52.63157894736842,49.126765573187384
2010-09-21,54.30622009569378,49.569377990430624
2010-09-22,56.698564593301434,50.430622009569376
2010-09-23,62.05250596658711,51.99472428086924
2010-09-24,64.20047732696898,53.725776798255126
2010-09-27,68.73508353221956,55.81459615626177
2010-09-28,72.0763723150358,58.11792716766966
2010-09-29,75.89498806682577,60.73134941932831
2010-09-30,78.99761336515513,63.63111075584383
2010-10-01,81.14558472553699,66.6738988934693
2010-10-04,82.10023866348448,69.6207648650809
2010-10-05,82.57756563245823,72.44789941875734
2010-10-06,85.44152744630071,75.32219570405728
2010-10-07,88.06682577565633,77.9236276849642
2010-10-08,89.02147971360382,80.40572792362768
2010-10-11,90.45346062052506,82.57756563245825
2010-10-12,92.12410501193318,84.58233890214797
2010-10-13,92.36276849642005,86.22911694510739
2010-10-14,92.84009546539379,87.61336515513126
2010-10-15,93.57142857142857,88.85594953972041
2010-10-18,94.04761904761905,90.05068757813387
2010-10-19,93.57142857142857,91.15007387203092
2010-10-20,93.57142857142857,91.96306398454371
2010-10-21,94.04761904761905,92.56114331173998
2010-10-22,94.04761904761905,93.06375724514149
2010-10-25,94.28571428571428,93.4469826116604
2010-10-26,93.80952380952381,93.61552449141948
2010-10-27,93.0952380952381,93.68877145130128
2010-10-28,93.57142857142857,93.76190476190477
2010-10-29,93.0952380952381,93.71428571428572
2010-11-01,92.38095238095238,93.54761904761904
2010-11-02,92.14285714285714,93.4047619047619
2010-11-03,91.66666666666666,93.21428571428571
2010-11-04,90.95238095238095,92.9047619047619
2010-11-05,90.47619047619048,92.54761904761905
2010-11-08,90.47619047619048,92.16666666666666
2010-11-09,89.28571428571429,91.71428571428571
2010-11-10,88.80952380952381,91.28571428571429
2010-11-11,87.38095238095238,90.66666666666666
2010-11-12,86.42857142857143,90.0
2010-11-15,85.71428571428571,89.33333333333334
2010-11-16,83.57142857142857,88.47619047619047
2010-11-17,82.38095238095238,87.54761904761905
2010-11-18,81.19047619047619,86.57142857142857
2010-11-19,80.71428571428572,85.5952380952381
2010-11-22,78.80952380952381,84.42857142857142
2010-11-23,77.61904761904762,83.26190476190477
2010-11-24,75.71428571428571,81.95238095238095
2010-11-26,75.23809523809524,80.73809523809524
2010-11-29,75.71428571428571,79.66666666666666
2010-11-30,75.47619047619048,78.64285714285714
2010-12-01,76.19047619047619,77.9047619047619
2010-12-02,76.19047619047619,77.28571428571429
2010-12-03,75.71428571428571,76.73809523809524
2010-12-06,74.76190476190476,76.14285714285714
2010-12-07,72.61904761904762,75.52380952380953
2010-12-08,72.38095238095238,75.0
2010-12-09,71.9047619047619,74.61904761904762
2010-12-10,71.19047619047619,74.21428571428571
2010-12-13,71.19047619047619,73.76190476190476
2010-12-14,69.04761904761905,73.11904761904762
2010-12-15,69.28571428571428,72.42857142857143
2010-12-16,70.23809523809523,71.83333333333333
2010-12-17,70.95238095238095,71.35714285714286
2010-12-20,72.14285714285714,71.09523809523809
2010-12-21,72.85714285714285,71.11904761904762
2010-12-22,73.09523809523809,71.19047619047618
2010-12-23,74.28571428571429,71.42857142857143
2010-12-27,75.23809523809524,71.83333333333333
2010-12-28,77.38095238095238,72.45238095238095
2010-12-29,77.85714285714286,73.33333333333334
2010-12-30,79.52380952380952,74.35714285714286
2010-12-31,81.42857142857143,75.47619047619048
2011-01-03,82.14285714285714,76.5952380952381
2011-01-04,82.14285714285714,77.5952380952381
2011-01-05,83.0952380952381,78.61904761904762
2011-01-06,83.57142857142857,79.66666666666666
2011-01-07,84.76190476190476,80.71428571428571
2011-01-10,85.23809523809524,81.71428571428571
2011-01-11,85.47619047619047,82.52380952380952
2011-01-12,85.71428571428571,83.30952380952381
2011-01-13,86.19047619047619,83.97619047619047
2011-01-14,86.42857142857143,84.47619047619047
2011-01-18,86.66666666666667,84.92857142857142
2011-01-19,86.90476190476191,85.4047619047619
2011-01-20,86.90476190476191,85.78571428571429
2011-01-21,86.42857142857143,86.07142857142858
2011-01-24,85.23809523809524,86.11904761904762
2011-01-25,85.47619047619047,86.14285714285714
2011-01-26,85.0,86.0952380952381
2011-01-27,85.47619047619047,86.07142857142857
2011-01-28,83.80952380952381,85.83333333333334
2011-01-31,82.42280285035629,85.43275647551181
2011-02-01,81.47268408551069,84.91335821739622
2011-02-02,81.47268408551069,84.3701504354711
2011-02-03,81.23515439429929,83.80318968442484
2011-02-04,80.52256532066508,83.2125890736342
2011-02-07,80.52256532066508,82.7410360818912
2011-02-08,79.33491686460808,82.12690872073294
2011-02-09,79.09738717339667,81.53664743807262
2011-02-10,79.33491686460808,80.92252007691437
2011-02-11,79.09738717339667,80.45130641330165
2011-02-14,78.62232779097387,80.07125890736343
2011-02-15,78.14726840855107,79.73871733966746
2011-02-16,78.19905213270142,79.41135414438654
2011-02-17,78.67298578199052,79.15513728315565
2011-02-18,79.38388625592417,79.04126937668156
2011-02-22,80.09478672985783,78.99849151760084
2011-02-23,78.90995260663507,78.95599509180354
2011-02-24,78.19905213270142,78.86616158773401
2011-02-25,77.54137115839244,78.68680701711244
2011-02-28,77.54137115839244,78.53120541561204
2011-03-01,77.54137115839244,78.42310975235388
2011-03-02,77.77777777777779,78.38616068927656
2011-03-03,78.4869976359338,78.41495523959979
2011-03-04,79.43262411347519,78.49091907274826
2011-03-07,79.66903073286052,78.5194335204419
2011-03-08,78.95981087470449,78.40593593492656
2011-03-09,78.01418439716312,78.31635911397936
2011-03-10,77.30496453900709,78.22695035460993
2011-03-11,76.8321513002364,78.15602836879432
2011-03-14,74.94089834515366,77.89598108747045
2011-03-15,72.3404255319149,77.37588652482269
2011-03-16,70.6855791962175,76.66666666666666
2011-03-17,68.32151300236407,75.65011820330969
2011-03-18,65.72104018912529,74.2789598108747
2011-03-21,62.174940898345156,72.52955082742317
2011-03-22,59.10165484633569,70.54373522458629
2011-03-23,56.973995271867615,68.43971631205673
2011-03-24,56.73758865248227,66.38297872340425
2011-03-25,56.26477541371159,64.32624113475177
2011-03-28,54.1371158392435,62.24586288416076
2011-03-29,53.191489361702125,60.33096926713948
2011-03-30,54.1371158392435,58.67612293144208
2011-03-31,54.60992907801418,57.304964539007095
2011-04-01,55.55555555555556,56.28841607565012
2011-04-04,55.55555555555556,55.62647754137116
2011-04-05,56.973995271867615,55.41371158392435
2011-04-06,55.08274231678487,55.22458628841607
2011-04-07,54.37352245862884,54.98817966903073
2011-04-08,56.26477541371159,54.98817966903074
2011-04-11,56.02836879432624,55.177304964539005
2011-04-12,57.21040189125296,55.5791962174941
2011-04-13,60.520094562647756,56.21749408983452
2011-04-14,62.64775413711584,57.02127659574468
2011-04-15,65.72104018912529,58.03782505910166
2011-04-18,66.43026004728132,59.125295508274235
2011-04-19,67.61229314420804,60.18912529550827
2011-04-20,69.73995271867612,61.6548463356974
2011-04-21,70.44917257683215,63.26241134751774
2011-04-25,71.93396226415094,64.82933003256167
2011-04-26,73.34905660377359,66.5613988135064
2011-04-27,75.0,68.34035862438111
2011-04-28,75.70754716981132,69.85910388509747
2011-04-29,76.65094339622641,71.25942281100853
2011-05-02,76.88679245283019,72.375998037379
2011-05-03,77.59433962264151,73.49240599491503
2011-05-04,77.59433962264151,74.49061064275838
2011-05-05,77.35849056603774,75.25246442749453
2011-05-06,76.17924528301887,75.8254716981132
2011-05-09,75.70754716981132,76.20283018867926
2011-05-10,76.41509433962264,76.50943396226415
2011-05-11,75.70754716981132,76.58018867924528
2011-05-12,77.35849056603774,76.74528301886792
2011-05-13,77.83018867924528,76.86320754716981
2011-05-16,78.06603773584906,76.9811320754717
2011-05-17,78.30188679245283,77.05188679245283
2011-05-18,78.5377358490566,77.14622641509433
2011-05-19,79.05882352941175,77.31625971143174
2011-05-20,78.3529411764706,77.53362930077691
2011-05-23,77.64705882352942,77.72758046614872
2011-05-24,76.70588235294117,77.75665926748057
2011-05-25,75.76470588235294,77.76237513873474
2011-05-26,71.52941176470588,77.17946725860155
2011-05-27,68.70588235294117,76.26703662597114
2011-05-31,65.88235294117646,75.04866814650389
2011-06-01,64.31924882629107,73.65040434988771
2011-06-02,62.20657276995305,72.01728804197735
2011-06-03,59.38967136150235,70.05037282518641
2011-06-06,55.633802816901415,67.7784589892295
2011-06-07,53.286384976525824,65.34239160452914
2011-06-08,51.40845070422535,62.81264843965755
2011-06-09,48.711943793911004,60.10737223081336
2011-06-10,46.8384074941452,57.6382718037573
2011-06-13,43.79391100702576,55.14707466916575
2011-06-14,42.38875878220141,52.797715253268244
2011-06-15,40.98360655737705,50.46415102637684
2011-06-16,39.34426229508197,48.17791997888973
2011-06-17,35.36299765807963,45.77525260854746
2011-06-20,32.31850117096019,43.44372244395334
2011-06-21,29.7423887587822,41.08932282217898
2011-06-22,27.86885245901639,38.73536299765808
2011-06-23,26.229508196721312,36.487119437939114
2011-06-24,24.121779859484775,34.21545667447307
2011-06-27,21.779859484777518,32.014051522248245
2011-06-28,19.906323185011708,29.765807962529273
2011-06-29,17.798594847775178,27.447306791569087
2011-06-30,16.39344262295082,25.152224824355972
2011-07-01,17.096018735362996,23.32552693208431
2011-07-05,18.26697892271663,21.920374707259953
2011-07-06,19.437939110070257,20.88992974238876
2011-07-07,23.185011709601874,20.421545667447305
2011-07-08,28.337236533957842,20.63231850117096
2011-07-11,32.08430913348946,21.428571428571427
2011-07-12,35.597189695550355,22.810304449648715
2011-07-13,38.17330210772833,24.637002341920372
2011-07-14,42.15456674473068,27.072599531615925
2011-07-15,46.13583138173302,30.046838407494146
2011-07-18,48.24355971896955,33.161592505854806
2011-07-19,51.75644028103045,36.51053864168618
2011-07-20,54.56674473067916,40.023419203747075
2011-07-21,55.73770491803278,43.27868852459016
2011-07-22,59.250585480093676,46.37002341920375
2011-07-25,61.82669789227167,49.34426229508197
2011-07-26,65.57377049180327,52.341920374707264
2011-07-27,67.21311475409836,55.24590163934427
2011-07-28,67.91569086651053,57.82201405152225
2011-07-29,66.27634660421545,59.83606557377048
2011-08-01,64.16861826697892,61.42857142857142
2011-08-02,58.31381733021077,62.084309133489455
2011-08-03,54.09836065573771,62.037470725995306
2011-08-04,45.90163934426229,61.05386416861826
2011-08-05,37.93911007025761,58.92271662763466
2011-08-08,31.147540983606557,55.85480093676815
2011-08-09,25.76112412177986,51.8735362997658
2011-08-10,22.482435597189696,47.40046838407494
2011-08-11,20.374707259953162,42.6463700234192
2011-08-12,18.26697892271663,37.84543325526933
2011-08-15,16.861826697892273,33.114754098360656
2011-08-16,14.754098360655737,28.758782201405154
2011-08-17,12.88056206088993,24.637002341920372
2011-08-18,11.7096018735363,21.21779859484778
2011-08-19,9.601873536299765,18.384074941451992
2011-08-22,6.791569086651054,15.948477751756439
2011-08-23,5.620608899297424,13.934426229508196
2011-08-24,5.152224824355972,12.201405152224826
2011-08-25,4.449648711943794,10.608899297423887
2011-08-26,3.278688524590164,9.110070257611241
2011-08-29,3.278688524590164,7.751756440281031
2011-08-30,2.810304449648712,6.557377049180329
2011-08-31,3.0444964871194378,5.573770491803279
2011-09-01,3.278688524590164,4.730679156908666
2011-09-02,4.439252336448598,4.214417036923548
2011-09-06,4.672897196261682,4.002549847884611
2011-09-07,6.5420560747663545,4.094694565431505
2011-09-08,8.411214953271028,4.420593578323009
2011-09-09,10.046728971962617,4.980301604324891
2011-09-12,11.682242990654206,5.820657050931296
2011-09-13,13.084112149532709,6.80119941342555
2011-09-14,14.252336448598129,7.945402613320494
2011-09-15,15.887850467289718,9.22973801133752
2011-09-16,17.990654205607477,10.700934579439252
2011-09-19,23.130841121495326,12.570093457943925
2011-09-20,26.401869158878505,14.742990654205608
2011-09-21,30.60747663551402,17.149532710280376
2011-09-22,31.308411214953267,19.439252336448597
2011-09-23,32.476635514018696,21.682242990654203
2011-09-26,33.8785046728972,23.901869158878505
2011-09-27,35.981308411214954,26.19158878504673
2011-09-28,35.280373831775705,28.294392523364486
2011-09-29,36.44859813084112,30.350467289719624
2011-09-30,35.74766355140187,32.126168224299064
2011-10-03,35.280373831775705,33.3411214953271
2011-10-04,36.915887850467286,34.39252336448598
2011-10-05,38.084112149532714,35.14018691588785
2011-10-06,38.78504672897196,35.88785046728972
2011-10-07,39.25233644859813,36.56542056074767
2011-10-10,42.99065420560748,37.47663551401869
2011-10-11,46.96261682242991,38.57476635514019
2011-10-12,48.831775700934585,39.92990654205608
2011-10-13,49.76635514018692,41.26168224299065
2011-10-14,49.532710280373834,42.64018691588785
2011-10-17,48.36448598130841,43.94859813084112
2011-10-18,46.728971962616825,44.929906542056074
2011-10-19,46.26168224299065,45.74766355140187
2011-10-20,46.26168224299065,46.49532710280374
2011-10-21,52.570093457943926,47.82710280373832
2011-10-24,57.009345794392516,49.228971962616825
2011-10-25,60.51401869158879,50.584112149532714
2011-10-26,62.616822429906534,51.9626168224299
2011-10-27,66.58878504672897,53.64485981308411
2011-10-28,68.92523364485982,55.584112149532714
2011-10-31,71.49532710280374,57.89719626168225
2011-11-01,74.76635514018692,60.70093457943925
2011-11-02,79.2056074766355,63.99532710280373
2011-11-03,83.41121495327103,67.71028037383176
2011-11-04,84.81308411214953,70.93457943925233
2011-11-07,87.61682242990653,73.99532710280373
2011-11-08,87.85046728971963,76.72897196261682
2011-11-09,88.55140186915888,79.32242990654206
2011-11-10,89.48598130841121,81.61214953271028
2011-11-11,90.65420560747664,83.78504672897196
2011-11-14,90.88785046728972,85.72429906542055
2011-11-15,91.1214953271028,87.35981308411215
2011-11-16,90.65420560747664,88.50467289719626
2011-11-17,90.42056074766354,89.20560747663552
2011-11-18,89.7196261682243,89.69626168224299
2011-11-21,88.55140186915888,89.78971962616824
2011-11-22,87.38317757009347,89.74299065420561
2011-11-23,85.98130841121495,89.48598130841121
2011-11-25,85.2803738317757,89.06542056074765
2011-11-28,82.4766355140187,88.24766355140187
2011-11-29,79.2056074766355,87.07943925233646
2011-11-30,78.27102803738318,85.7943925233645
2011-12-01,77.80373831775701,84.50934579439252
2011-12-02,77.33644859813083,83.20093457943925
2011-12-05,75.70093457943925,81.79906542056075
2011-12-06,73.36448598130842,80.28037383177569
2011-12-07,71.96261682242991,78.73831775700936
2011-12-08,68.69158878504673,77.00934579439253
2011-12-09,66.58878504672897,75.14018691588785
2011-12-12,64.95327102803739,73.38785046728972
2011-12-13,62.383177570093466,71.7056074766355
2011-12-14,57.943925233644855,69.67289719626169
2011-12-15,54.4392523364486,67.33644859813084
2011-12-16,50.70093457943925,64.67289719626169
2011-12-19,49.29906542056075,62.03271028037383
2011-12-20,49.532710280373834,59.64953271028038
2011-12-21,50.467289719626166,57.5
2011-12-22,52.44755244755245,55.87559636625057
2011-12-23,56.87645687645687,54.90436354922336
2011-12-27,60.83916083916085,54.49295253033571
2011-12-28,61.771561771561764,54.43179095048254
2011-12-29,64.33566433566433,55.07096486068449
2011-12-30,63.17016317016317,55.94405594405595
2012-01-03,63.63636363636363,57.23759884974838
2012-01-04,63.4032634032634,58.64801864801865
2012-01-05,63.86946386946387,60.08169400692765
2012-01-06,62.47086247086248,61.282051282051285
2012-01-09,62.93706293706294,62.33100233100233
2012-01-10,65.26806526806527,63.170163170163164
2012-01-11,67.36596736596736,63.82284382284382
2012-01-12,69.23076923076923,64.56876456876456
2012-01-13,71.0955710955711,65.24475524475524
2012-01-17,73.65967365967366,66.2937062937063
2012-01-18,77.15617715617715,67.64568764568764
2012-01-19,79.72027972027972,69.27738927738929
2012-01-20,82.51748251748252,71.14219114219114
2012-01-23,84.84848484848484,73.37995337995338
2012-01-24,86.01398601398601,75.6876456876457
2012-01-25,86.94638694638695,77.85547785547786
2012-01-26,87.87878787878788,79.9067599067599
2012-01-27,88.81118881118881,81.86480186480188
2012-01-30,89.5104895104895,83.7062937062937
2012-01-31,89.06976744186046,85.24730308451238
2012-02-01,89.06976744186046,86.43866211308071
2012-02-02,89.53488372093024,87.42012251314576
2012-02-03,90.0,88.16837426139752
2012-02-06,90.0,88.68352577654903
2012-02-07,90.23255813953487,89.10538298910392
2012-02-08,90.0,89.41074429446522
2012-02-09,89.53488372093024,89.57635387867946
2012-02-10,89.76744186046511,89.67197918360708
2012-02-13,89.53488372093024,89.67441860465117
2012-02-14,90.0,89.76744186046513
2012-02-15,89.76744186046511,89.83720930232559
2012-02-16,89.76744186046511,89.86046511627907
2012-02-17,88.83720930232558,89.74418604651163
2012-02-21,88.60465116279069,89.6046511627907
2012-02-22,88.13953488372093,89.3953488372093
2012-02-23,88.13953488372093,89.20930232558139
2012-02-24,87.90697674418605,89.04651162790698
2012-02-27,87.90697674418605,88.86046511627907
2012-02-28,87.44186046511628,88.65116279069767
2012-02-29,87.44186046511628,88.3953488372093
2012-03-01,87.20930232558139,88.13953488372093
2012-03-02,85.5813953488372,87.72093023255815
2012-03-05,85.34883720930233,87.37209302325581
2012-03-06,84.18604651162791,86.93023255813954
2012-03-07,82.7906976744186,86.3953488372093
2012-03-08,81.3953488372093,85.72093023255813
2012-03-09,79.53488372093022,84.88372093023256
2012-03-12,78.37209302325581,83.93023255813954
2012-03-13,78.6046511627907,83.04651162790698
2012-03-14,78.37209302325581,82.13953488372093
2012-03-15,79.76744186046511,81.3953488372093
2012-03-16,80.0,80.83720930232558
2012-03-19,78.37209302325581,80.13953488372093
2012-03-20,76.9767441860465,79.41860465116278
2012-03-21,76.51162790697674,78.79069767441861
2012-03-22,76.51162790697674,78.30232558139535
2012-03-23,76.04651162790698,77.95348837209302
2012-03-26,75.81395348837209,77.69767441860465
2012-03-27,75.11627906976744,77.34883720930233
2012-03-28,75.81395348837209,77.09302325581396
2012-03-29,75.11627906976744,76.62790697674419
2012-03-30,74.65116279069768,76.09302325581396
2012-04-02,75.81395348837209,75.83720930232559
2012-04-03,77.20930232558139,75.86046511627907
2012-04-04,79.30232558139535,76.13953488372093
2012-04-05,80.0,76.48837209302326
2012-04-09,79.53488372093022,76.83720930232559
2012-04-10,78.6046511627907,77.11627906976744
2012-04-11,77.20930232558139,77.32558139534883
2012-04-12,74.4186046511628,77.1860465116279
2012-04-13,72.55813953488372,76.93023255813952
2012-04-16,70.93023255813954,76.55813953488372
2012-04-17,69.30232558139535,75.90697674418604
2012-04-18,69.06976744186046,75.09302325581396
2012-04-19,66.5893271461717,73.82172341229159
2012-04-20,65.89327146171694,72.41105055846329
2012-04-23,64.73317865429235,70.93088005179949
2012-04-24,64.03712296983758,69.47412723250417
2012-04-25,61.25290023201856,67.87848702314791
2012-04-26,59.164733178654295,66.35309987589706
2012-04-27,57.076566125290014,64.80494253493768
2012-04-30,55.68445475638051,63.280364754761784
2012-05-01,54.988399071925755,61.84897210381482
2012-05-02,54.75638051044084,60.41763341067285
2012-05-03,53.596287703016245,59.11832946635731
2012-05-04,53.596287703016245,57.88863109048724
2012-05-07,53.82830626450116,56.79814385150812
2012-05-08,52.90023201856149,55.68445475638051
2012-05-09,52.90023201856149,54.849187935034806
2012-05-10,53.36426914153132,54.26914153132251
2012-05-11,51.972157772621806,53.75870069605569
2012-05-14,51.27610208816705,53.31786542923434
2012-05-15,50.580046403712295,52.87703016241299
2012-05-16,48.49187935034803,52.250580046403705
2012-05-17,46.17169373549884,51.50812064965197
2012-05-18,43.38747099767982,50.48723897911833
2012-05-21,42.459396751740144,49.35034802784223
2012-05-22,42.22737819025522,48.2830626450116
2012-05-23,42.22737819025522,47.21577726218098
2012-05-24,41.29930394431555,46.009280742459396
2012-05-25,39.90719257540603,44.80278422273782
2012-05-29,38.74709976798144,43.549883990719266
2012-05-30,37.35498839907193,42.227378190255216
2012-05-31,35.498839907192576,40.92807424593967
2012-06-01,31.786542923433874,39.48955916473318
2012-06-04,29.698375870069604,38.12064965197216
2012-06-05,28.074245939675173,36.68213457076566
2012-06-06,27.842227378190255,35.243619489559165
2012-06-07,27.610208816705335,33.78190255220417
2012-06-08,26.91415313225058,32.343387470997676
2012-06-11,26.218097447795824,30.974477958236662
2012-06-12,25.290023201856147,29.628770301624126
2012-06-13,24.593967517401392,28.352668213457076
2012-06-14,24.361948955916475,27.238979118329468
2012-06-15,24.825986078886313,26.542923433874712
2012-06-18,26.218097447795824,26.19489559164733
2012-06-19,27.842227378190255,26.17169373549884
2012-06-20,28.538283062645007,26.24129930394431
2012-06-21,30.09259259259259,26.48953768153304
2012-06-22,30.324074074074076,26.830529775715387
2012-06-25,31.01851851851852,27.310571882787663
2012-06-26,31.01851851851852,27.8834214144539
2012-06-27,31.712962962962965,28.595320959010053
2012-06-28,32.63888888888889,29.423014952307295
2012-06-29,34.25925925925926,30.366342270344592
2012-07-02,37.73148148148148,31.51768067371315
2012-07-03,43.28703703703704,33.06216163959783
2012-07-05,48.61111111111111,35.06944444444444
2012-07-06,50.46296296296296,37.10648148148148
2012-07-09,53.93518518518518,39.467592592592595
2012-07-10,55.55555555555556,41.92129629629629
2012-07-11,57.17592592592593,44.53703703703704
2012-07-12,59.02777777777778,47.26851851851852
2012-07-13,61.342592592592595,50.13888888888889
2012-07-16,64.12037037037037,53.125
2012-07-17,66.20370370370371,55.972222222222214
2012-07-18,67.36111111111111,58.37962962962963
2012-07-19,68.98148148148148,60.416666666666664
2012-07-20,68.51851851851852,62.222222222222214
2012-07-23,69.67592592592592,63.79629629629629
2012-07-24,71.06481481481481,65.34722222222221
2012-07-25,72.05542725173211,66.83517235480284
2012-07-26,72.2863741339492,68.16103199041999
2012-07-27,73.21016166281755,69.34778889744248
2012-07-30,73.963133640553,70.33206522446075
2012-07-31,73.04147465437788,71.01584231952816
2012-08-01,72.35023041474655,71.51475424989171
2012-08-02,71.42857142857143,71.7594632446007
2012-08-03,70.96774193548387,72.00438558629723
2012-08-06,70.50691244239631,72.08748423794427
2012-08-07,71.19815668202764,72.10081842466556
2012-08-08,72.58064516129032,72.15334021562138
2012-08-09,72.58064516129032,72.18276731835547
2012-08-10,74.42396313364056,72.3041474654378
2012-08-13,73.27188940092167,72.23502304147465
2012-08-14,73.27188940092167,72.25806451612904
2012-08-15,72.35023041474655,72.25806451612902
2012-08-16,71.6589861751152,72.28110599078342
2012-08-17,71.19815668202764,72.3041474654378
2012-08-20,71.6589861751152,72.41935483870967
2012-08-21,73.04147465437788,72.6036866359447
2012-08-22,73.27188940092167,72.67281105990783
2012-08-23,74.42396313364056,72.85714285714286
2012-08-24,74.88479262672811,72.90322580645162
2012-08-27,74.65437788018433,73.04147465437788
2012-08-28,73.963133640553,73.11059907834101
2012-08-29,73.50230414746544,73.2258064516129
2012-08-30,74.42396313364056,73.50230414746542
2012-08-31,75.11520737327189,73.89400921658986
2012-09-04,74.88479262672811,74.21658986175116
2012-09-05,74.42396313364056,74.35483870967742
2012-09-06,73.73271889400922,74.40092165898618
2012-09-07,73.73271889400922,74.33179723502305
2012-09-10,74.25287356321839,74.26860532867207
2012-09-11,74.48275862068967,74.2514434027226
2012-09-12,76.0919540229885,74.46432544096616
2012-09-13,77.47126436781609,74.86122146300121
2012-09-14,79.08045977011494,75.32687112664865
2012-09-17,79.3103448275862,75.74638487208009
2012-09-18,79.3103448275862,76.1889400921659
2012-09-19,79.54022988505747,76.70056676730759
2012-09-20,78.62068965517241,77.18936384342392
2012-09-21,79.08045977011494,77.72413793103448
2012-09-24,79.54022988505747,78.25287356321839
2012-09-25,78.62068965517241,78.66666666666666
2012-09-26,78.62068965517241,78.91954022988506
2012-09-27,79.08045977011494,79.08045977011494
2012-09-28,79.12844036697247,79.0852578298007
2012-10-01,78.44036697247707,78.99826004428978
2012-10-02,78.21100917431193,78.88832647896234
2012-10-03,77.75229357798165,78.70953284825477
2012-10-04,77.98165137614679,78.6456290203522
2012-10-05,77.75229357798165,78.51281240113887
2012-10-08,77.29357798165137,78.28814721079827
2012-10-09,76.8348623853211,78.10956448381314
2012-10-10,75.68807339449542,77.81630285774544
2012-10-11,75.45871559633028,77.45412844036699
2012-10-12,72.70642201834863,76.81192660550458
2012-10-15,70.41284403669725,76.00917431192661
2012-10-16,69.72477064220183,75.1605504587156
2012-10-17,68.11926605504587,74.19724770642202
2012-10-18,68.11926605504587,73.21100917431193
2012-10-19,66.05504587155964,72.04128440366972
2012-10-22,65.36697247706422,70.84862385321101
2012-10-23,63.30275229357798,69.4954128440367
2012-10-24,60.321100917431195,67.95871559633028
2012-10-25,60.550458715596335,66.46788990825688
2012-10-26,60.09174311926605,65.20642201834862
2012-10-31,59.63302752293578,64.12844036697247
2012-11-01,59.174311926605505,63.07339449541284
2012-11-02,57.56880733944955,62.018348623853214
2012-11-05,56.88073394495413,60.89449541284404
2012-11-06,55.96330275229357,59.88532110091744
2012-11-07,54.12844036697248,58.76146788990826
2012-11-08,52.752293577981646,57.70642201834862
2012-11-09,51.37614678899083,56.81192660550458
2012-11-12,49.77064220183486,55.73394495412845
2012-11-13,47.935779816513765,54.51834862385321
2012-11-14,45.412844036697244,53.096330275229356
2012-11-15,44.03669724770643,51.582568807339456
2012-11-16,41.51376146788991,49.977064220183486
2012-11-19,38.76146788990826,48.1651376146789
2012-11-20,39.678899082568805,46.53669724770642
2012-11-21,39.22018348623853,45.04587155963303
2012-11-23,38.53211009174312,43.62385321100918
2012-11-26,38.99082568807339,42.38532110091743
2012-11-27,40.137614678899084,41.42201834862385
2012-11-28,41.284403669724774,40.75688073394495
2012-11-29,43.34862385321101,40.550458715596335
2012-11-30,44.26605504587156,40.57339449541284
2012-12-03,44.4954128440367,40.87155963302753
2012-12-04,44.95412844036697,41.4908256880734
2012-12-05,44.26605504587156,41.94954128440367
2012-12-06,43.11926605504588,42.33944954128441
2012-12-07,45.87155963302752,43.07339449541284
2012-12-10,47.018348623853214,43.87614678899083
2012-12-11,48.62385321100918,44.72477064220183
2012-12-12,50.22935779816514,45.61926605504588
2012-12-13,52.981651376146786,46.58256880733945
2012-12-14,56.88073394495413,47.84403669724771
2012-12-17,61.00917431192661,49.49541284403669
2012-12-18,66.05504587155964,51.60550458715596
2012-12-19,68.80733944954129,54.05963302752294
2012-12-20,71.78899082568807,56.92660550458716
2012-12-21,75.0,59.83944954128441
2012-12-24,77.06422018348624,62.8440366972477
2012-12-26,78.08219178082192,65.78987055422898
2012-12-27,77.85388127853882,68.55232290226635
2012-12-28,78.99543378995433,71.15370114364711
2012-12-31,79.90867579908677,73.45649532906037
2013-01-02,80.59360730593608,75.41493862846131
2013-01-03,82.42009132420091,77.05144317372545
2013-01-04,83.33333333333334,78.50404256210466
2013-01-07,84.47488584474885,79.77263206401072
2013-01-08,85.15981735159818,80.78861379917055
2013-01-09,86.5296803652968,81.73515981735162
2013-01-10,85.84474885844749,82.51141552511416
2013-01-11,86.0730593607306,83.33333333333334
2013-01-14,86.5296803652968,84.08675799086758
2013-01-15,87.21461187214612,84.81735159817352
2013-01-16,87.89954337899543,85.54794520547945
2013-01-17,88.81278538812786,86.18721461187215
2013-01-18,89.26940639269407,86.78082191780823
2013-01-22,89.72602739726028,87.30593607305937
2013-01-23,89.95433789954338,87.78538812785388
2013-01-24,89.95433789954338,88.12785388127854
2013-01-25,89.72602739726028,88.51598173515981
2013-01-28,90.18264840182648,88.92694063926942
2013-01-29,90.41095890410958,89.31506849315068
2013-01-30,91.55251141552512,89.74885844748859
2013-01-31,91.78082191780823,90.13698630136987
2013-02-01,92.69406392694064,90.52511415525115
2013-02-04,92.46575342465754,90.84474885844749
2013-02-05,92.00913242009132,91.0730593607306
2013-02-06,92.00913242009132,91.2785388127854
2013-02-07,92.23744292237443,91.5068493150685
2013-02-08,92.46575342465754,91.78082191780823
2013-02-11,92.00913242009132,91.9634703196347
2013-02-12,92.46575342465754,92.1689497716895
2013-02-13,92.69406392694064,92.28310502283105
2013-02-14,92.69406392694064,92.37442922374429
2013-02-15,92.46575342465754,92.35159817351598
2013-02-19,91.55251141552512,92.26027397260275
2013-02-20,91.0958904109589,92.1689497716895
2013-02-21,91.0958904109589,92.07762557077625
2013-02-22,90.41095890410958,91.89497716894978
2013-02-25,90.18264840182648,91.66666666666666
2013-02-26,89.04109589041096,91.36986301369862
2013-02-27,87.67123287671232,90.89041095890411
2013-02-28,86.7579908675799,90.29680365296804
2013-03-01,86.0730593607306,89.63470319634703
2013-03-04,85.84474885844749,88.97260273972601
2013-03-05,85.15981735159818,88.33333333333334
2013-03-06,84.24657534246576,87.64840182648402
2013-03-07,83.33333333333334,86.87214611872146
2013-03-08,82.1917808219178,86.05022831050229
2013-03-11,82.42009132420091,85.27397260273973
2013-03-12,80.82191780821918,84.45205479452055
2013-03-13,79.45205479452055,83.63013698630138
2013-03-14,78.5876993166287,82.81310783120625
2013-03-15,77.22095671981776,81.92789756711497
2013-03-18,77.44874715261959,81.08829739653218
2013-03-19,76.08200455580865,80.18051611695323
2013-03-20,75.62642369020502,79.31850095172715
2013-03-21,75.85421412300684,78.5705890306945
2013-03-22,76.08200455580865,77.95961140408357
2013-03-25,76.30979498861048,77.34858177052453
2013-03-26,77.67653758542141,77.03404374824477
2013-03-27,78.81548974943053,76.97038724373576
2013-03-28,79.04328018223235,77.01594533029613
2013-04-01,79.49886104783599,77.24373576309794
2013-04-02,79.77272727272727,77.4761337751087
2013-04-03,80.9090909090909,77.95884241043696
2013-04-04,79.77272727272727,78.37347276868917
2013-04-05,79.31818181818183,78.71986953820667
2013-04-08,79.54545454545455,79.06621453717126
2013-04-09,78.63636363636364,79.29887140194657
2013-04-10,77.95454545454545,79.32667218885896
2013-04-11,78.4090909090909,79.28603230482501
2013-04-12,77.72727272727272,79.15443155932904
2013-04-15,75.73696145124717,78.77824159967017
2013-04-16,75.05668934240363,78.30663780663781
2013-04-17,73.24263038548753,77.53999175427745
2013-04-18,71.42857142857143,76.70557616986187
2013-04-19,69.61451247165533,75.73520923520924
2013-04-22,68.70748299319727,74.6514120799835
2013-04-23,68.02721088435374,73.59049680478252
2013-04-24,68.25396825396825,72.62043908472481
2013-04-25,67.3469387755102,71.51422387136672
2013-04-26,66.21315192743764,70.36281179138322
2013-04-29,65.75963718820861,69.36507936507937
2013-04-30,66.43990929705215,68.50340136054422
2013-05-01,66.66666666666666,67.84580498866214
2013-05-02,67.57369614512471,67.46031746031746
2013-05-03,68.70748299319727,67.36961451247166
2013-05-06,70.52154195011337,67.55102040816327
2013-05-07,71.20181405895691,67.86848072562358
2013-05-08,72.10884353741497,68.25396825396824
2013-05-09,71.20181405895691,68.63945578231292
2013-05-10,71.42857142857143,69.1609977324263
2013-05-13,70.74829931972789,69.65986394557822
2013-05-14,72.78911564625851,70.29478458049887
2013-05-15,74.14965986394559,71.04308390022676
2013-05-16,77.09750566893425,71.99546485260771
2013-05-17,81.63265306122449,73.28798185941044
2013-05-20,84.58049886621315,74.6938775510204
2013-05-21,86.84807256235828,76.25850340136054
2013-05-22,87.52834467120182,77.80045351473923
2013-05-23,89.56916099773242,79.63718820861678
2013-05-24,90.02267573696146,81.49659863945578
2013-05-28,90.47619047619048,83.46938775510205
2013-05-29,90.02267573696146,85.19274376417233
2013-05-30,89.34240362811792,86.71201814058958
2013-05-31,88.43537414965986,87.84580498866214
2013-06-03,87.07482993197279,88.39002267573696
2013-06-04,85.71428571428571,88.50340136054422
2013-06-05,84.35374149659864,88.25396825396827
2013-06-06,82.99319727891157,87.80045351473923
2013-06-07,81.63265306122449,87.00680272108843
2013-06-10,80.04535147392289,86.00907029478458
2013-06-11,78.91156462585033,84.85260770975057
2013-06-12,76.19047619047619,83.46938775510203
2013-06-13,73.69614512471655,81.9047619047619
2013-06-14,71.65532879818595,80.22675736961452
2013-06-17,69.61451247165533,78.48072562358276
2013-06-18,68.25396825396825,76.73469387755102
2013-06-19,65.98639455782312,74.89795918367346
2013-06-20,63.26530612244898,72.9251700680272
2013-06-21,62.131519274376416,70.9750566893424
2013-06-24,59.410430839002274,68.91156462585033
2013-06-25,55.10204081632652,66.53061224489795
2013-06-26,52.38095238095239,64.14965986394557
2013-06-27,49.2063492063492,61.70068027210884
2013-06-28,46.25850340136054,59.1609977324263
2013-07-01,43.76417233560091,56.575963718820866
2013-07-02,43.53741496598639,54.10430839002267
2013-07-03,41.950113378684804,51.70068027210884
2013-07-05,41.723356009070294,49.54648526077098
2013-07-08,42.40362811791383,47.573696145124714
2013-07-09,41.723356009070294,45.80498866213152
2013-07-10,41.49659863945578,44.44444444444444
2013-07-11,42.40362811791383,43.44671201814059
2013-07-12,45.3514739229025,43.06122448979592
2013-07-15,45.3514739229025,42.97052154195011
2013-07-16,47.3922902494331,43.333333333333336
2013-07-17,49.65986394557823,43.945578231292515
2013-07-18,50.11337868480725,44.76190476190476
2013-07-19,53.39366515837104,45.92893567683483
2013-07-22,59.502262443438916,47.63879910938735
2013-07-23,64.02714932126696,49.869178440607016
2013-07-24,68.09954751131222,52.52947332779265
2013-07-25,73.52941176470588,55.64205169247187
2013-07-26,77.37556561085974,58.84446086126758
2013-07-29,79.18552036199095,62.22786550517642
2013-07-30,81.67420814479638,65.65605729471277
2013-07-31,83.93665158371041,69.08373605852597
2013-08-01,85.74660633484163,72.64705882352942
2013-08-02,87.33031674208145,76.04072398190046
2013-08-05,87.78280542986425,78.86877828054298
2013-08-06,88.00904977375565,81.26696832579185
2013-08-07,88.91402714932126,83.34841628959276
2013-08-08,89.14027149321268,84.90950226244344
2013-08-09,88.46153846153845,86.01809954751131
2013-08-12,88.00904977375565,86.90045248868779
2013-08-13,87.55656108597285,87.48868778280543
2013-08-14,87.55656108597285,87.85067873303167
2013-08-15,85.52036199095022,87.82805429864253
2013-08-16,83.93665158371041,87.48868778280543
2013-08-19,83.0316742081448,87.01357466063348
2013-08-20,81.22171945701358,86.33484162895927
2013-08-21,78.50678733031674,85.29411764705883
2013-08-22,77.14932126696833,84.09502262443439
2013-08-23,76.01809954751131,82.85067873303169
2013-08-26,73.98190045248869,81.44796380090497
2013-08-27,72.62443438914026,79.95475113122173
2013-08-28,69.81981981981981,78.18107700460641
2013-08-29,66.21621621621621,76.25066242713301
2013-08-30,62.387387387387385,74.09573600750072
2013-09-03,57.20720720720721,71.51328930740695
2013-09-04,53.153153153153156,68.70643267702091
2013-09-05,48.873873873873876,65.74314133137662
2013-09-06,45.61797752808989,62.59000695748879
2013-09-09,44.71910112359551,59.460107115097195
2013-09-10,44.04494382022472,56.466411451870805
2013-09-11,43.37078651685393,53.54104666464217
2013-09-12,41.79775280898876,50.738839963559066
2013-09-13,40.67415730337079,48.18463407227453
2013-09-16,41.12359550561798,46.058254884097586
2013-09-17,42.247191011235955,44.562253264500455
2013-09-18,43.82022471910113,43.62896042109525
2013-09-19,46.51685393258427,43.39325842696629
2013-09-20,48.764044943820224,43.70786516853933
2013-09-23,51.460674157303366,44.38202247191011
2013-09-24,52.80898876404494,45.258426966292134
2013-09-25,53.48314606741573,46.26966292134831
2013-09-26,56.62921348314607,47.752808988764045
2013-09-27,59.325842696629216,49.61797752808989
2013-09-30,61.79775280898876,51.68539325842696
2013-10-01,65.1685393258427,53.97752808988764
2013-10-02,67.64044943820224,56.359550561797754
2013-10-03,69.43820224719101,58.65168539325843
2013-10-04,71.23595505617978,60.898876404494374
2013-10-07,72.13483146067415,62.96629213483146
2013-10-08,73.48314606741573,65.03370786516854
2013-10-09,73.70786516853933,67.05617977528091
2013-10-10,74.38202247191012,68.8314606741573
2013-10-11,75.0561797752809,70.40449438202248
2013-10-14,76.85393258426966,71.91011235955057
2013-10-15,77.30337078651685,73.12359550561798
2013-10-16,78.20224719101122,74.17977528089887
2013-10-17,77.75280898876404,75.01123595505618
2013-10-18,77.07865168539327,75.59550561797752
2013-10-21,78.87640449438203,76.26966292134833
2013-10-22,80.0,76.92134831460673
2013-10-23,80.4494382022472,77.59550561797752
2013-10-24,80.89887640449437,78.24719101123596
2013-10-25,81.57303370786518,78.89887640449439
2013-10-28,83.14606741573034,79.52808988764045
2013-10-29,84.49438202247191,80.24719101123597
2013-10-30,83.59550561797752,80.78651685393258
2013-10-31,83.59550561797752,81.37078651685394
2013-11-01,84.9438202247191,82.15730337078652
2013-11-04,85.1685393258427,82.78651685393258
2013-11-05,85.1685393258427,83.30337078651687
2013-11-06,85.61797752808988,83.82022471910112
2013-11-07,85.84269662921349,84.31460674157304
2013-11-08,85.39325842696628,84.69662921348315
2013-11-11,84.49438202247191,84.8314606741573
2013-11-12,84.26966292134831,84.80898876404494
2013-11-13,83.82022471910112,84.8314606741573
2013-11-14,84.04494382022472,84.87640449438203
2013-11-15,83.59550561797752,84.74157303370787
2013-11-18,83.37078651685394,84.56179775280899
2013-11-19,82.69662921348313,84.31460674157304
2013-11-20,81.79775280898876,83.93258426966291
2013-11-21,81.57303370786518,83.50561797752809
2013-11-22,81.57303370786518,83.12359550561797
2013-11-25,81.12359550561797,82.78651685393258
2013-11-26,80.2247191011236,82.38202247191012
2013-11-27,79.32584269662921,81.93258426966291
2013-11-29,80.0,81.52808988764045
2013-12-02,79.32584269662921,81.10112359550563
2013-12-03,79.32584269662921,80.69662921348315
2013-12-04,78.20224719101122,80.24719101123596
2013-12-05,77.52808988764045,79.82022471910112
2013-12-06,77.97752808988764,79.46067415730337
2013-12-09,78.20224719101122,79.12359550561797
2013-12-10,76.85393258426966,78.69662921348313
2013-12-11,76.17977528089888,78.29213483146067
2013-12-12,75.28089887640449,77.88764044943821
2013-12-13,73.25842696629213,77.21348314606742
2013-12-16,71.23595505617978,76.40449438202248
2013-12-17,68.76404494382022,75.34831460674157
2013-12-18,67.86516853932584,74.31460674157303
2013-12-19,66.51685393258427,73.21348314606742
2013-12-20,67.86516853932584,72.20224719101124
2013-12-23,67.64044943820224,71.14606741573034
2013-12-24,66.96629213483146,70.15730337078651
2013-12-26,65.84269662921348,69.12359550561797
2013-12-27,65.3932584269663,68.13483146067416
2013-12-30,65.3932584269663,67.34831460674158
2013-12-31,65.84269662921348,66.80898876404494
2014-01-02,66.51685393258427,66.58426966292134
2014-01-03,67.19101123595506,66.51685393258427
2014-01-06,68.08988764044945,66.67415730337079
2014-01-07,69.66292134831461,66.85393258426966
2014-01-08,69.88764044943821,67.07865168539327
2014-01-09,70.78651685393258,67.46067415730337
2014-01-10,70.33707865168539,67.91011235955057
2014-01-13,71.68539325842697,68.53932584269663
2014-01-14,72.58426966292136,69.25842696629213
2014-01-15,74.8314606741573,70.15730337078652
2014-01-16,76.17977528089888,71.12359550561798
2014-01-17,77.30337078651685,72.13483146067415
2014-01-21,76.85393258426966,73.01123595505618
2014-01-22,76.40449438202246,73.68539325842696
2014-01-23,76.62921348314606,74.35955056179776
2014-01-24,76.40449438202246,74.92134831460673
2014-01-27,74.15730337078652,75.30337078651685
2014-01-28,72.58426966292136,75.3932584269663
2014-01-29,71.23595505617978,75.25842696629213
2014-01-30,70.62780269058297,74.8380611679347
2014-01-31,68.60986547085201,74.08107018693002
2014-02-03,67.48878923766816,73.09961203204514
2014-02-04,66.59192825112108,72.07341159873029
2014-02-05,62.10762331838565,70.6437244923666
2014-02-06,60.53811659192825,69.03461480324482
2014-02-07,58.96860986547085,67.29102635158966
2014-02-10,57.847533632286996,65.66004937773971
2014-02-11,55.15695067264574,63.91731747871214
2014-02-12,54.932735426008975,62.28699551569507
2014-02-13,54.035874439461885,60.62780269058295
2014-02-14,53.36322869955157,59.10313901345292
2014-02-18,51.79372197309418,57.53363228699552
2014-02-19,50.672645739910315,55.941704035874444
2014-02-20,50.44843049327354,54.77578475336323
2014-02-21,50.44843049327354,53.76681614349776
2014-02-24,50.44843049327354,52.914798206278036
2014-02-25,50.55928411633109,52.18597325468244
2014-02-26,50.78299776286354,51.748577963704214
2014-02-27,52.12527964205817,51.46783238530914
2014-02-28,53.691275167785236,51.43337245814147
2014-03-03,54.80984340044742,51.57803392823106
2014-03-04,57.04697986577181,52.103359717498826
2014-03-05,60.40268456375839,53.076363599883635
2014-03-06,62.19239373601789,54.25075992415806
2014-03-07,65.1006711409396,55.71598398892466
2014-03-10,67.56152125279642,57.42729306487696
2014-03-11,70.69351230425056,59.44071588366891
2014-03-12,72.7069351230425,61.6331096196868
2014-03-13,74.72035794183445,63.89261744966443
2014-03-14,75.39149888143176,66.06263982102908
2014-03-17,76.51006711409396,68.23266219239373
2014-03-18,78.97091722595079,70.42505592841164
2014-03-19,79.64205816554811,72.3489932885906
2014-03-20,80.76062639821029,74.20581655480984
2014-03-21,82.10290827740492,75.90604026845638
2014-03-24,83.66890380313198,77.51677852348993
2014-03-25,83.89261744966443,78.83668903803132
2014-03-26,83.44519015659955,79.91051454138702
2014-03-27,82.5503355704698,80.69351230425056
2014-03-28,82.77404921700223,81.4317673378076
2014-03-31,82.32662192393735,82.01342281879195
2014-04-01,82.32662192393735,82.3489932885906
2014-04-02,82.32662192393735,82.61744966442953
2014-04-03,81.87919463087249,82.72930648769575
2014-04-04,80.98434004474274,82.61744966442953
2014-04-07,79.41834451901566,82.1923937360179
2014-04-08,77.40492170022371,81.54362416107382
2014-04-09,74.9440715883669,80.69351230425056
2014-04-10,70.917225950783,79.53020134228187
2014-04-11,68.90380313199105,78.14317673378076
2014-04-14,65.77181208053692,76.48769574944072
2014-04-15,63.31096196868009,74.58612975391499
2014-04-16,60.85011185682326,72.43847874720359
2014-04-17,59.06040268456376,70.15659955257271
2014-04-21,56.82326621923938,67.74049217002238
2014-04-22,56.59955257270693,65.4586129753915
2014-04-23,55.48098434004475,63.266219239373605
2014-04-24,54.36241610738255,61.20805369127517
2014-04-25,53.46756152125279,59.463087248322154
2014-04-28,52.79642058165548,57.852348993288594
2014-04-29,53.02013422818792,56.577181208053695
2014-04-30,51.67785234899329,55.41387024608501
2014-05-01,49.21700223713646,54.250559284116335
2014-05-02,47.651006711409394,53.1096196868009
2014-05-05,46.085011185682326,52.03579418344519
2014-05-06,44.966442953020135,50.872483221476514
2014-05-07,46.308724832214764,49.95525727069351
2014-05-08,45.41387024608501,49.060402684563755
2014-05-09,45.63758389261745,48.277404921700224
2014-05-12,47.651006711409394,47.76286353467562
2014-05-13,50.55928411633109,47.51677852348993
2014-05-14,53.46756152125279,47.695749440715886
2014-05-15,55.033557046979865,48.277404921700224
2014-05-16,56.59955257270693,49.17225950782997
2014-05-19,57.04697986577181,50.26845637583892
2014-05-20,57.494407158836694,51.52125279642058
2014-05-21,57.494407158836694,52.63982102908277
2014-05-22,58.836689038031324,53.9821029082774
2014-05-23,59.28411633109619,55.34675615212527
2014-05-27,60.62639821029083,56.644295302013425
2014-05-28,60.62639821029083,57.6510067114094
2014-05-29,63.31096196868009,58.635346756152124
2014-05-30,63.758389261744966,59.50782997762864
2014-06-02,63.31096196868009,60.17897091722595
2014-06-03,63.758389261744966,60.85011185682326
2014-06-04,65.1006711409396,61.61073825503356
2014-06-05,69.79865771812081,62.841163310961974
2014-06-06,71.14093959731544,64.07158836689038
2014-06-09,73.15436241610739,65.4586129753915
2014-06-10,74.04921700223713,66.80089485458612
2014-06-11,74.72035794183445,68.21029082774048
2014-06-12,75.39149888143176,69.41834451901566
2014-06-13,77.85234899328859,70.82774049217002
2014-06-16,80.08948545861297,72.5055928411633
2014-06-17,80.98434004474274,74.22818791946308
2014-06-18,82.32662192393735,75.95078299776286
2014-06-19,83.44519015659955,77.31543624161074
2014-06-20,86.35346756152126,78.83668903803132
2014-06-23,86.57718120805369,80.17897091722595
2014-06-24,86.35346756152126,81.40939597315437
2014-06-25,86.38392857142857,82.57575303611378
2014-06-26,86.60714285714286,83.69731743368487
2014-06-27,87.27678571428571,84.6397611057846
2014-06-30,87.72321428571429,85.40313398849472
2014-07-01,87.72321428571429,86.07702141259189
2014-07-02,87.94642857142857,86.639002077341
2014-07-03,88.39285714285714,87.13376877596676
2014-07-07,87.05357142857143,87.20377916267178
2014-07-08,85.9375,87.13981104186641
2014-07-09,84.375,86.94196428571429
2014-07-10,83.70535714285714,86.67410714285714
2014-07-11,83.70535714285714,86.38392857142858
2014-07-14,83.48214285714286,86.00446428571429
2014-07-15,82.36607142857143,85.46875
2014-07-16,82.14285714285714,84.91071428571429
2014-07-17,81.47321428571429,84.26339285714286
2014-07-18,81.02678571428571,83.52678571428572
2014-07-21,79.91071428571429,82.8125
2014-07-22,78.79464285714286,82.09821428571429
2014-07-23,77.67857142857143,81.42857142857143
2014-07-24,77.67857142857143,80.82589285714286
2014-07-25,77.45535714285714,80.20089285714286
2014-07-28,75.44642857142857,79.39732142857143
2014-07-29,74.55357142857143,78.61607142857143
2014-07-30,72.32142857142857,77.63392857142857
2014-07-31,69.19642857142857,76.40625
2014-08-01,66.07142857142857,74.91071428571428
2014-08-04,61.60714285714286,73.08035714285714
2014-08-05,57.58928571428571,70.95982142857142
2014-08-06,53.79464285714286,68.57142857142857
2014-08-07,50.22321428571429,65.82589285714286
2014-08-08,47.767857142857146,62.857142857142854
2014-08-11,45.982142857142854,59.91071428571429
2014-08-12,44.19642857142857,56.875
2014-08-13,43.526785714285715,53.99553571428571
2014-08-14,42.1875,51.294642857142854
2014-08-15,42.53897550111358,48.941397550111354
2014-08-18,41.648106904231625,46.945493954820236
2014-08-19,42.761692650334076,45.46273464842507
2014-08-20,44.097995545657014,44.493069917276486
2014-08-21,43.207126948775056,43.79146118358256
2014-08-22,43.652561247216035,43.37993159401846
2014-08-25,42.31625835189309,43.01334314349348
2014-08-26,42.093541202672604,42.803054406617875
2014-08-27,43.207126948775056,42.77108853006681
2014-08-28,44.097995545657014,42.962138084632514
2014-08-29,45.87973273942094,43.29621380846326
2014-09-02,49.220489977728285,44.05345211581292
2014-09-03,51.89309576837417,44.96659242761693
2014-09-04,55.45657015590201,46.10244988864143
2014-09-05,59.24276169265033,47.70601336302896
2014-09-08,63.69710467706013,49.71046770601336
2014-09-09,66.36971046770601,52.11581291759465
2014-09-10,69.04231625835189,54.81069042316259
2014-09-11,72.16035634743875,57.70601336302896
2014-09-12,74.16481069042317,60.71269487750558
2014-09-15,75.50111358574611,63.67483296213809
2014-09-16,77.06013363028953,66.45879732739421
2014-09-17,78.39643652561247,69.10913140311804
2014-09-18,78.39643652561247,71.40311804008908
2014-09-19,77.9510022271715,73.2739420935412
2014-09-22,77.06013363028953,74.61024498886414
2014-09-23,76.83741648106904,75.65701559020044
2014-09-24,76.39198218262806,76.39198218262807
2014-09-25,75.05567928730513,76.6815144766147
2014-09-26,73.05122494432071,76.57015590200444
2014-09-29,71.71492204899778,76.19153674832963
2014-09-30,69.71046770601336,75.45657015590201
2014-10-01,68.59688195991092,74.47661469933185
2014-10-02,67.03786191536749,73.34075723830735
2014-10-03,64.58797327394208,72.00445434298442
2014-10-06,62.1380846325167,70.51224944320712
2014-10-07,58.12917594654788,68.64142538975501
2014-10-08,56.347438752783965,66.6369710467706
2014-10-09,53.77777777777778,64.50918089581788
2014-10-10,48.66666666666667,62.07072506805247
2014-10-13,42.0,59.09923286315269
2014-10-14,40.88888888888889,56.217074981440234
2014-10-15,37.111111111111114,53.06849789656026
2014-10-16,33.33333333333333,49.698045038356845
2014-10-17,29.11111111111111,46.15035882207375
2014-10-20,26.222222222222225,42.558772581044295
2014-10-21,25.333333333333336,39.27918831972284
2014-10-22,23.555555555555554,36.0
2014-10-23,23.77777777777778,33.0
2014-10-24,23.77777777777778,30.51111111111111
2014-10-27,24.666666666666668,28.77777777777778
2014-10-28,27.555555555555557,27.444444444444446
2014-10-29,29.777777777777775,26.71111111111111
2014-10-30,32.0,26.577777777777776
2014-10-31,34.0,27.06666666666667
2014-11-03,36.44444444444444,28.088888888888892
2014-11-04,38.44444444444444,29.4
2014-11-05,41.55555555555556,31.2
2014-11-06,43.55555555555555,33.17777777777778
2014-11-07,46.44444444444444,35.44444444444444
2014-11-10,50.888888888888886,38.06666666666666
2014-11-11,56.44444444444444,40.955555555555556
2014-11-12,62.0,44.17777777777778
2014-11-13,68.22222222222221,47.8
2014-11-14,74.44444444444444,51.84444444444445
2014-11-17,77.77777777777779,55.97777777777778
2014-11-18,81.77777777777779,60.31111111111111
2014-11-19,83.77777777777777,64.53333333333333
2014-11-20,84.66666666666667,68.64444444444445
2014-11-21,86.44444444444444,72.64444444444445
2014-11-24,87.77777777777777,76.33333333333333
2014-11-25,89.33333333333333,79.62222222222222
2014-11-26,89.77777777777777,82.4
2014-11-28,91.11111111111111,84.6888888888889
2014-12-01,91.55555555555556,86.4
2014-12-02,91.55555555555556,87.77777777777777
2014-12-03,91.7960088691796,88.77960088691796
2014-12-04,92.01773835920177,89.60359694506035
2014-12-05,92.01773835920177,90.33870411431387
2014-12-08,91.7960088691796,90.87386055678738
2014-12-09,92.01773835920177,91.29785661492978
2014-12-10,91.35254988913526,91.49977827050998
2014-12-11,91.13082039911308,91.63508253264351
2014-12-12,89.80044345898004,91.50401576743039
2014-12-15,88.470066518847,91.19546686375955
2014-12-16,88.24833702882484,90.86474501108647
2014-12-17,87.36141906873614,90.42128603104213
2014-12-18,87.13968957871397,89.93348115299335
2014-12-19,86.69623059866962,89.40133037694014
2014-12-22,86.47450110864744,88.86917960088691
2014-12-23,84.92239467849224,88.15964523281596
2014-12-24,83.5920177383592,87.38359201773835
2014-12-26,83.14855875831486,86.58536585365854
2014-12-29,81.81818181818183,85.78713968957871
2014-12-30,80.30973451327434,84.97110648902145
2014-12-31,78.98230088495575,84.04450287463455
2015-01-02,77.65486725663717,83.07384769342464
2015-01-05,74.5575221238938,81.81563094794262
2015-01-06,71.90265486725663,80.33627337480132
2015-01-07,69.91150442477876,78.67997370641447
2015-01-08,68.80530973451327,77.06826521201656
2015-01-09,68.36283185840708,75.54534662402135
2015-01-12,67.69911504424779,74.00040225261463
2015-01-13,65.7079646017699,72.38938053097345
2015-01-14,64.60176991150442,70.81858407079645
2015-01-15,65.04424778761062,69.42477876106194
2015-01-16,65.48672566371681,68.2079646017699
2015-01-20,64.38053097345133,67.19026548672566
2015-01-21,63.716814159292035,66.3716814159292
2015-01-22,61.504424778761056,65.53097345132743
2015-01-23,60.17699115044248,64.66814159292035
2015-01-26,57.52212389380531,63.584070796460175
2015-01-27,55.75221238938053,62.38938053097345
2015-01-28,52.43362831858407,61.06194690265487
2015-01-29,50.22123893805309,59.62389380530974
2015-01-30,47.78761061946903,57.89823008849557
2015-02-02,47.56637168141593,56.10619469026549
2015-02-03,46.46017699115044,54.3141592920354
2015-02-04,48.008849557522126,52.743362831858406
2015-02-05,49.557522123893804,51.54867256637168
2015-02-06,51.991150442477874,50.73008849557522
2015-02-09,51.32743362831859,50.110619469026545
2015-02-10,51.54867256637168,49.690265486725664
2015-02-11,53.31858407079646,49.7787610619469
2015-02-12,54.86725663716814,50.243362831858406
2015-02-13,57.9646017699115,51.26106194690266
2015-02-17,62.16814159292036,52.72123893805309
2015-02-18,65.7079646017699,54.64601769911504
2015-02-19,67.69911504424779,56.615044247787615
2015-02-20,68.36283185840708,58.49557522123894
2015-02-23,69.46902654867256,60.243362831858406
2015-02-24,68.36283185840708,61.94690265486726
2015-02-25,67.92035398230088,63.584070796460175
2015-02-26,68.36283185840708,65.08849557522123
2015-02-27,69.46902654867256,66.54867256637166
2015-03-02,70.35398230088495,67.78761061946902
2015-03-03,72.34513274336283,68.80530973451327
2015-03-04,73.00884955752213,69.53539823008849
2015-03-05,73.00884955752213,70.06637168141592
2015-03-06,73.23008849557522,70.55309734513273
2015-03-09,73.45132743362832,70.95132743362831
2015-03-10,73.45132743362832,71.46017699115045
2015-03-11,74.11504424778761,72.0796460176991
2015-03-12,74.11504424778761,72.65486725663717
2015-03-13,75.0,73.20796460176992
2015-03-16,74.11504424778761,73.58407079646017
2015-03-17,72.78761061946902,73.6283185840708
2015-03-18,72.12389380530973,73.53982300884955
2015-03-19,71.46017699115043,73.38495575221239
2015-03-20,71.23893805309734,73.1858407079646
2015-03-23,70.35398230088495,72.87610619469027
2015-03-24,69.46902654867256,72.47787610619469
2015-03-25,68.14159292035397,71.88053097345133
2015-03-26,66.5929203539823,71.1283185840708
2015-03-27,64.60176991150442,70.08849557522123
2015-03-30,63.05309734513275,68.98230088495575
2015-03-31,61.72566371681416,67.87610619469027
2015-04-01,59.95575221238938,66.65929203539822
2015-04-02,59.070796460176986,65.42035398230088
2015-04-06,58.849557522123895,64.18141592920355
2015-04-07,58.4070796460177,62.98672566371681
2015-04-08,59.070796460176986,61.94690265486726
2015-04-09,59.95575221238938,61.128318584070804
2015-04-10,61.504424778761056,60.61946902654868
2015-04-13,61.283185840707965,60.28761061946902
2015-04-14,60.84070796460177,60.06637168141592
2015-04-15,61.72566371681416,60.06637168141593
2015-04-16,60.39823008849557,60.11061946902655
2015-04-17,58.1858407079646,60.022123893805315
2015-04-20,58.62831858407079,59.999999999999986
2015-04-21,57.52212389380531,59.911504424778755
2015-04-22,55.75221238938053,59.57964601769911
2015-04-23,56.19469026548673,59.20353982300884
2015-04-24,56.415929203539825,58.69469026548673
2015-04-27,58.849557522123895,58.45132743362832
2015-04-28,59.51327433628318,58.31858407079646
2015-04-29,57.9646017699115,57.942477876106196
2015-04-30,57.52212389380531,57.65486725663717
2015-05-01,58.1858407079646,57.65486725663716
2015-05-04,58.1858407079646,57.61061946902655
2015-05-05,57.52212389380531,57.61061946902655
2015-05-06,57.743362831858406,57.809734513274336
2015-05-07,57.9646017699115,57.986725663716825
2015-05-08,57.30088495575221,58.07522123893805
2015-05-11,55.530973451327434,57.743362831858406
2015-05-12,54.86725663716814,57.278761061946895
2015-05-13,54.86725663716814,56.96902654867256
2015-05-14,53.98230088495575,56.6150442477876
2015-05-15,53.98230088495575,56.19469026548673
2015-05-18,54.86725663716814,55.862831858407084
2015-05-19,54.20353982300885,55.53097345132743
2015-05-20,54.424778761061944,55.19911504424779
2015-05-21,53.09734513274337,54.71238938053098
2015-05-22,52.21238938053098,54.20353982300885
2015-05-26,51.991150442477874,53.849557522123895
2015-05-27,53.31858407079646,53.69469026548673
2015-05-28,53.76106194690266,53.584070796460175
2015-05-29,54.20353982300885,53.60619469026549
2015-06-01,55.97345132743363,53.80530973451327
2015-06-02,56.415929203539825,53.96017699115045
2015-06-03,56.63716814159292,54.20353982300885
2015-06-04,56.415929203539825,54.402654867256636
2015-06-05,57.07964601769911,54.80088495575221
2015-06-08,56.85840707964602,55.26548672566372
2015-06-09,56.19469026548673,55.6858407079646
2015-06-10,56.5121412803532,56.00519642892027
2015-06-11,57.17439293598234,56.34652952782824
2015-06-12,56.07064017660044,56.53323956318741
2015-06-15,54.746136865342166,56.41050811697826
2015-06-16,55.18763796909493,56.28767899353377
2015-06-17,54.52538631346579,56.07650081072105
2015-06-18,53.20088300220751,55.754996190587825
2015-06-19,52.317880794701985,55.27881966828811
2015-06-22,51.434878587196465,54.73646681904315
2015-06-23,51.65562913907284,54.28256070640176
2015-06-24,52.09713024282561,53.84105960264901
2015-06-25,51.434878587196465,53.267108167770424
2015-06-26,50.77262693156733,52.737306843267106
2015-06-29,50.11037527593819,52.27373068432671
2015-06-30,49.88962472406181,51.743929359823404
2015-07-01,49.448123620309055,51.23620309050773
2015-07-02,47.90286975717439,50.70640176600441
2015-07-06,47.90286975717439,50.264900662251655
2015-07-07,48.12362030905077,49.93377483443709
2015-07-08,47.682119205298015,49.5364238410596
2015-07-09,47.46136865342163,49.0728476821192
2015-07-10,45.033112582781456,48.432671081677704
2015-07-13,43.70860927152318,47.72626931567329
2015-07-14,43.4878587196468,47.06401766004415
2015-07-15,43.4878587196468,46.42384105960265
2015-07-16,44.150110375275936,45.894039735099334
2015-07-17,44.5916114790287,45.562913907284766
2015-07-20,43.04635761589404,45.07726269315673
2015-07-21,43.04635761589404,44.56953642384106
2015-07-22,42.82560706401766,44.083885209713024
2015-07-23,42.60485651214128,43.59823399558499
2015-07-24,43.92935982339956,43.4878587196468
2015-07-27,43.26710816777042,43.443708609271525
2015-07-28,44.5916114790287,43.554083885209714
2015-07-29,46.35761589403973,43.841059602649004
2015-07-30,48.56512141280353,44.28256070640177
2015-07-31,51.87637969094923,45.01103752759382
2015-08-03,52.317880794701985,45.93818984547461
2015-08-04,53.64238410596026,46.99779249448123
2015-08-05,54.746136865342166,48.18984547461368
2015-08-06,56.5121412803532,49.58057395143488
2015-08-07,57.615894039735096,50.94922737306843
2015-08-10,58.498896247240616,52.472406181015444
2015-08-11,58.05739514348785,53.81898454746137
2015-08-12,57.395143487858725,54.922737306843274
2015-08-13,57.615894039735096,55.827814569536415
2015-08-14,56.5121412803532,56.29139072847681
2015-08-17,56.5121412803532,56.71081677704194
2015-08-18,56.07064017660044,56.953642384105954
2015-08-19,56.5121412803532,57.130242825607056
2015-08-20,55.40838852097131,57.01986754966888
2015-08-21,53.20088300220751,56.57836644591612
2015-08-24,50.55187637969095,55.78366445916115
2015-08-25,48.34437086092716,54.81236203090508
2015-08-26,46.799116997792495,53.75275938189846
2015-08-27,44.81236203090508,52.47240618101546
2015-08-28,43.26710816777042,51.147902869757175
2015-08-31,42.384105960264904,49.735099337748345
2015-09-01,39.95584988962472,48.12362030905077
2015-09-02,36.86534216335541,46.158940397350996
2015-09-03,33.77483443708609,43.99558498896248
2015-09-04,31.567328918322296,41.83222958057395
2015-09-08,28.2560706401766,39.602649006622514
2015-09-09,25.607064017660043,37.328918322295806
2015-09-10,22.516556291390728,34.90066225165563
2015-09-11,20.97130242825607,32.51655629139073
2015-09-14,17.802197802197803,29.970065254833468
2015-09-15,14.725274725274726,27.20418213133445
2015-09-16,13.846153846153847,24.593212526987365
2015-09-17,12.307692307692308,22.13744754142105
2015-09-18,10.54945054945055,19.8149091526575
2015-09-21,9.010989010989011,17.55927516192417
2015-09-22,9.010989010989011,15.63476699900541
2015-09-23,10.76923076923077,14.150983674162484
2015-09-24,12.967032967032969,13.196031341726705
2015-09-25,14.065934065934066,12.505494505494505
2015-09-28,14.065934065934066,12.131868131868133
2015-09-29,13.846153846153847,12.043956043956044
2015-09-30,13.626373626373626,12.021978021978024
2015-10-01,14.945054945054945,12.285714285714286
2015-10-02,16.263736263736263,12.857142857142858
2015-10-05,18.681318681318682,13.824175824175825
2015-10-06,21.318681318681318,15.054945054945055
2015-10-07,22.41758241758242,16.21978021978022
2015-10-08,26.373626373626376,17.56043956043956
2015-10-09,29.010989010989015,19.054945054945055
2015-10-12,32.527472527472526,20.9010989010989
2015-10-13,33.84615384615385,22.901098901098898
2015-10-14,33.84615384615385,24.923076923076923
2015-10-15,35.38461538461539,26.96703296703297
2015-10-16,38.24175824175824,29.164835164835164
2015-10-19,40.65934065934066,31.362637362637365
2015-10-20,43.2967032967033,33.56043956043956
2015-10-21,45.494505494505496,35.86813186813187
2015-10-22,47.91208791208791,38.02197802197802
2015-10-23,51.868131868131876,40.30769230769231
2015-10-26,54.505494505494504,42.505494505494504
2015-10-27,61.31868131868132,45.252747252747255
2015-10-28,69.23076923076923,48.791208791208796
2015-10-29,73.18681318681318,52.57142857142858
2015-10-30,76.70329670329672,56.41758241758242
2015-11-02,78.24175824175825,60.17582417582419
2015-11-03,79.34065934065934,63.78021978021978
2015-11-04,80.0,67.23076923076923
2015-11-05,80.43956043956044,70.48351648351648
2015-11-06,80.43956043956044,73.34065934065934
2015-11-09,80.87912087912088,75.97802197802199
2015-11-10,80.43956043956044,77.8901098901099
2015-11-11,79.78021978021978,78.94505494505495
2015-11-12,79.78021978021978,79.60439560439559
2015-11-13,79.78021978021978,79.91208791208791
2015-11-16,78.46153846153847,79.93406593406593
2015-11-17,77.36263736263737,79.73626373626374
2015-11-18,76.92307692307693,79.42857142857143
2015-11-19,76.70329670329672,79.05494505494505
2015-11-20,76.70329670329672,78.68131868131869
2015-11-23,76.70329670329672,78.26373626373626
2015-11-24,76.48351648351648,77.86813186813187
2015-11-25,75.6043956043956,77.45054945054946
2015-11-27,75.38461538461539,77.01098901098902
2015-11-30,74.28571428571429,76.46153846153848
2015-12-01,74.50549450549451,76.06593406593407
2015-12-02,72.52747252747253,75.58241758241759
2015-12-03,71.42857142857143,75.03296703296704
2015-12-04,70.54945054945055,74.41758241758242
2015-12-07,68.35164835164835,73.58241758241759
2015-12-08,66.8131868131868,72.5934065934066
2015-12-09,65.27472527472527,71.47252747252747
2015-12-10,63.51648351648351,70.26373626373626
2015-12-11,60.43956043956044,68.76923076923077
2015-12-14,60.21978021978022,67.36263736263736
2015-12-15,60.21978021978022,65.93406593406594
2015-12-16,60.21978021978022,64.7032967032967
2015-12-17,59.78021978021978,63.53846153846153
2015-12-18,57.36263736263736,62.21978021978022
2015-12-21,54.505494505494504,60.83516483516483
2015-12-22,52.74725274725275,59.42857142857143
2015-12-23,51.42857142857142,58.043956043956044
2015-12-24,50.10989010989011,56.7032967032967
2015-12-28,48.35164835164835,55.494505494505496
2015-12-29,46.92982456140351,54.165509928667824
2015-12-30,46.92982456140351,52.836514362830144
2015-12-31,45.83333333333333,51.39786967418546
2016-01-04,42.10526315789473,49.63037401195295
2016-01-05,41.228070175438596,48.01691729323308
2016-01-06,40.35087719298245,46.60145556198187
2016-01-07,37.280701754385966,45.0548004626952
2016-01-08,35.526315789473685,43.46457489878542
2016-01-11,33.33333333333333,41.78691922112974
2016-01-12,31.798245614035086,40.13157894736842
2016-01-13,30.701754385964914,38.50877192982456
2016-01-14,28.947368421052634,36.71052631578947
2016-01-15,27.631578947368425,34.89035087719298
2016-01-19,25.219298245614034,33.20175438596491
2016-01-20,25.0,31.57894736842105
2016-01-21,22.149122807017545,29.758771929824565
2016-01-22,21.052631578947366,28.135964912280702
2016-01-25,20.175438596491226,26.600877192982455
2016-01-26,19.298245614035086,25.19736842105263
2016-01-27,18.201754385964914,23.837719298245613
2016-01-28,16.666666666666664,22.434210526315788
2016-01-29,15.570175438596493,21.096491228070175
2016-02-01,15.570175438596493,19.89035087719298
2016-02-02,15.098468271334792,18.87826787976506
2016-02-03,15.098468271334792,17.888114706898538
2016-02-04,15.098468271334792,17.18304925333026
2016-02-05,14.442013129102845,16.52198740834581
2016-02-08,14.87964989059081,15.992408537755768
2016-02-09,15.317286652078774,15.59431264156014
2016-02-10,14.660831509846828,15.240220353948327
2016-02-11,14.660831509846828,15.039636838266343
2016-02-12,16.630196936542667,15.145638988060963
2016-02-16,16.849015317286653,15.273522975929978
2016-02-17,18.599562363238512,15.623632385120349
2016-02-18,21.88183807439825,16.301969365426693
2016-02-19,26.258205689277897,17.417943107221006
2016-02-22,29.540481400437635,18.927789934354486
2016-02-23,30.196936542669583,20.459518599562365
2016-02-24,32.822757111597376,22.21006564551422
2016-02-25,35.44857768052516,24.288840262582056
2016-02-26,37.199124726477024,26.54266958424508
2016-02-29,38.51203501094092,28.7308533916849
2016-03-01,40.48140043763676,31.094091903719907
2016-03-02,43.10722100656455,33.544857768052516
2016-03-03,47.26477024070022,36.08315098468271
2016-03-04,49.671772428884026,38.42450765864332
2016-03-07,52.078774617067836,40.67833698030634
2016-03-08,54.92341356673961,43.15098468271334
2016-03-09,59.29978118161926,45.798687089715536
2016-03-10,61.70678336980306,48.42450765864333
2016-03-11,66.52078774617067,51.356673960612696
2016-03-14,72.86652078774617,54.79212253829321
2016-03-15,78.33698030634574,58.57768052516411
2016-03-16,81.1816192560175,62.3851203501094
2016-03-17,85.33916849015317,66.1925601750547
2016-03-18,87.527352297593,69.97811816192561
2016-03-21,90.15317286652079,73.7855579868709
2016-03-22,91.02844638949672,77.3960612691466
2016-03-23,92.5601750547046,80.72210065645514
2016-03-24,94.31072210065645,83.98249452954049
2016-03-28,94.31072210065645,86.76148796498906
2016-03-29,94.74835886214443,88.94967177242889
2016-03-30,95.84245076586433,90.70021881838075
2016-03-31,95.62363238512035,92.14442013129103
2016-04-01,96.06126914660832,93.21663019693653
2016-04-04,96.2800875273523,94.09190371991247
2016-04-05,95.84245076586433,94.66083150984682
2016-04-06,96.06126914660832,95.16411378555799
2016-04-07,95.84245076586433,95.49234135667396
2016-04-08,95.84245076586433,95.64551422319474
2016-04-11,95.84245076586433,95.79868708971553
2016-04-12,95.40481400437638,95.86433260393873
2016-04-13,95.18599562363238,95.79868708971553
2016-04-14,95.62363238512035,95.79868708971553
2016-04-15,95.62363238512035,95.75492341356673
2016-04-18,96.06126914660832,95.73304157549235
2016-04-19,95.84245076586433,95.73304157549235
2016-04-20,94.9671772428884,95.62363238512036
2016-04-21,94.09190371991247,95.44857768052518
2016-04-22,92.99781181619255,95.16411378555799
2016-04-25,92.77899343544857,94.85776805251642
2016-04-26,92.34135667396062,94.55142231947482
2016-04-27,90.37199124726477,94.07002188183807
2016-04-28,89.05908096280088,93.41356673960613
2016-04-29,88.40262582056893,92.69146608315098
2016-05-02,85.77680525164114,91.66301969365426
2016-05-03,84.46389496717724,90.52516411378555
2016-05-04,82.93216630196937,89.32166301969366
2016-05-05,80.30634573304157,87.94310722100656
2016-05-06,80.30634573304157,86.67396061269146
2016-05-09,79.64989059080962,85.36105032822756
2016-05-10,77.24288840262582,83.85120350109409
2016-05-11,76.80525164113786,82.49452954048141
2016-05-12,75.054704595186,81.09409190371991
2016-05-13,73.30415754923413,79.58424507658643
2016-05-16,72.21006564551422,78.22757111597375
2016-05-17,69.36542669584244,76.71772428884026
2016-05-18,64.55142231947484,74.8796498905908
2016-05-19,62.36323851203501,73.08533916849015
2016-05-20,62.144420131291035,71.2691466083151
2016-05-23,61.2691466083151,69.43107221006565
2016-05-24,60.393873085339166,67.74617067833698
2016-05-25,59.29978118161926,65.99562363238512
2016-05-26,57.98687089715536,64.28884026258206
2016-05-27,57.54923413566739,62.713347921225385
2016-05-31,58.20568927789934,61.3129102844639
2016-06-01,58.64332603938731,60.24070021881839
2016-06-02,59.51859956236324,59.73741794310722
2016-06-03,59.73741794310722,59.47483588621444
2016-06-06,59.73741794310722,59.23413566739606
2016-06-07,61.2691466083151,59.23413566739606
2016-06-08,61.70678336980306,59.36542669584245
2016-06-09,61.925601750547045,59.62800875273523
2016-06-10,62.80087527352297,60.10940919037199
2016-06-13,64.77024070021882,60.83150984682713
2016-06-14,65.20787746170679,61.53172866520788
2016-06-15,66.08315098468272,62.27571115973741
2016-06-16,66.08315098468272,62.93216630196937
2016-06-17,65.64551422319475,63.522975929978124
2016-06-20,67.39606126914661,64.28884026258206
2016-06-21,67.6148796498906,64.92341356673961
2016-06-22,68.27133479212254,65.57986870897156
2016-06-23,70.02188183807439,66.38949671772428
2016-06-24,69.80306345733041,67.08971553610505
2016-06-27,67.83369803063457,67.3960612691466
2016-06-28,65.86433260393873,67.4617067833698
2016-06-29,64.55142231947484,67.30853391684903
2016-06-30,63.01969365426696,67.00218818380743
2016-07-01,62.144420131291035,66.65207877461707
2016-07-05,61.050328227571114,66.01750547045953
2016-07-06,59.51859956236324,65.20787746170677
2016-07-07,58.86214442013129,64.26695842450766
2016-07-08,60.17505470459519,63.28227571115974
2016-07-11,60.393873085339166,62.341356673960604
2016-07-12,59.73741794310722,61.53172866520788
2016-07-13,61.050328227571114,61.050328227571114
2016-07-14,62.58205689277899,60.85339168490153
2016-07-15,63.01969365426696,60.85339168490153
2016-07-18,64.55142231947484,61.094091903719914
2016-07-19,64.77024070021882,61.46608315098469
2016-07-20,65.86433260393873,62.100656455142236
2016-07-21,67.17724288840262,62.93216630196936
2016-07-22,67.83369803063457,63.6980306345733
2016-07-25,67.39606126914661,64.39824945295405
2016-07-26,71.33479212253829,65.55798687089715
2016-07-27,74.61706783369803,66.91466083150985
2016-07-28,76.80525164113786,68.33698030634574
2016-07-29,78.33698030634574,69.86870897155362
2016-08-01,78.55579868708972,71.2691466083151
2016-08-02,79.86870897155362,72.77899343544857
2016-08-03,81.1816192560175,74.31072210065645
2016-08-04,83.80743982494529,75.97374179431073
2016-08-05,84.68271334792122,77.6586433260394
2016-08-08,85.77680525164114,79.49671772428884
2016-08-09,85.55798687089715,80.91903719912473
2016-08-10,84.24507658643327,81.88183807439825
2016-08-11,83.15098468271334,82.51641137855579
2016-08-12,82.4945295404814,82.93216630196937
2016-08-15,81.4004376367615,83.21663019693655
2016-08-16,79.64989059080962,83.19474835886214
2016-08-17,78.99343544857767,82.97592997811816
2016-08-18,77.68052516411379,82.363238512035
2016-08-19,76.80525164113786,81.57549234135668
2016-08-22,76.36761487964989,80.63457330415756
2016-08-23,75.92997811816193,79.67177242888403
2016-08-24,74.39824945295405,78.6870897155361
2016-08-25,72.21006564551422,77.59299781181619
2016-08-26,71.11597374179432,76.45514223194749
2016-08-29,70.02188183807439,75.31728665207876
2016-08-30,69.14660831509846,74.26695842450765
2016-08-31,70.02188183807439,73.36980306345734
2016-09-01,69.14660831509846,72.5164113785558
2016-09-02,69.14660831509846,71.75054704595185
2016-09-06,68.05251641137856,70.91903719912473
2016-09-07,65.86433260393873,69.9124726477024
2016-09-08,64.77024070021882,68.94967177242889
2016-09-09,62.58205689277899,67.98687089715536
2016-09-12,62.144420131291035,67.08971553610503
2016-09-13,59.60698689956332,66.04822604225393
2016-09-14,58.29694323144105,64.96325953388819
2016-09-15,56.11353711790393,63.57242506187113
2016-09-16,53.930131004366814,62.05077733079797
2016-09-19,51.96506550218341,60.332623049506466
2016-09-20,51.52838427947598,58.680209836316216
2016-09-21,51.310043668122276,57.22478094273456
2016-09-22,51.52838427947598,55.90059530066028
2016-09-23,50.21834061135371,54.66422367251776
2016-09-26,49.34497816593886,53.38427947598253
2016-09-27,48.03493449781659,52.227074235807855
2016-09-28,46.943231441048034,51.091703056768566
2016-09-29,46.724890829694324,50.1528384279476
2016-09-30,46.288209606986904,49.388646288209614
2016-10-03,44.75982532751092,48.66812227074236
2016-10-04,42.79475982532751,47.79475982532751
2016-10-05,42.5764192139738,46.92139737991266
2016-10-06,40.39301310043668,45.80786026200873
2016-10-07,39.519650655021834,44.737991266375545
2016-10-10,40.39301310043668,43.84279475982533
2016-10-11,39.956331877729255,43.03493449781659
2016-10-12,39.519650655021834,42.29257641921397
2016-10-13,41.04803493449782,41.724890829694324
2016-10-14,40.174672489082965,41.11353711790393
2016-10-17,41.04803493449782,40.74235807860262
2016-10-18,42.5764192139738,40.72052401746725
2016-10-19,43.01310043668122,40.76419213973799
2016-10-20,43.23144104803494,41.04803493449782
2016-10-21,42.5764192139738,41.353711790393014
2016-10-24,42.13973799126637,41.528384279475986
2016-10-25,41.26637554585153,41.65938864628821
2016-10-26,40.305010893246184,41.737924670110644
2016-10-27,37.690631808278866,41.40218435748875
2016-10-28,37.254901960784316,41.110207304658886
2016-10-31,35.947712418300654,40.600175053039166
2016-11-01,35.5119825708061,39.8937313887224
2016-11-02,35.07625272331155,39.10004661738543
2016-11-03,33.98692810457516,38.17559532303945
2016-11-04,33.11546840958606,37.22950024260068
2016-11-07,34.64052287581699,36.47957873105574
2016-11-08,34.20479302832244,35.77342047930283
2016-11-09,34.85838779956427,35.228758169934636
2016-11-10,36.60130718954248,35.11982570806101
2016-11-11,38.77995642701525,35.272331154684096
2016-11-14,39.651416122004356,35.64270152505446
2016-11-15,41.394335511982575,36.230936819172115
2016-11-16,43.57298474945534,37.08061002178649
2016-11-17,44.88017429193899,38.16993464052287
2016-11-18,45.53376906318083,39.411764705882355
2016-11-21,47.49455337690632,40.69716775599129
2016-11-22,47.49455337690632,42.02614379084967
2016-11-23,49.01960784313725,43.44226579520697
2016-11-25,50.326797385620914,44.81481481481481
2016-11-28,53.37690631808278,46.27450980392157
2016-11-29,55.773420479302835,47.886710239651414
2016-11-30,57.391304347826086,49.486407123235765
2016-12-01,58.47826086956521,50.97693473524676
2016-12-02,60.0,52.48891730605286
2016-12-05,60.652173913043484,54.00075779103912
2016-12-06,63.26086956521739,55.57738940987023
2016-12-07,64.56521739130436,57.28445581131003
2016-12-08,65.0,58.88249502699631
2016-12-09,66.52173913043478,60.50198920147769
2016-12-12,68.26086956521739,61.990385526191154
2016-12-13,69.1304347826087,63.326086956521735
2016-12-14,70.28199566160521,64.61515608789966
2016-12-15,70.93275488069413,65.86060548901256
2016-12-16,72.23427331887203,67.08403282089975
2016-12-19,72.0173535791757,68.22055078751296
2016-12-20,74.18655097613883,69.31311892860512
2016-12-21,73.7527114967462,70.2318683391493
2016-12-22,73.96963123644251,71.12883146279356
2016-12-23,74.18655097613883,71.89531264736397
2016-12-27,74.40347071583514,72.50957276242573
2016-12-28,73.96963123644251,72.9934924078091
2016-12-29,74.18655097613883,73.38394793926247
2016-12-30,76.13882863340564,73.90455531453361
2017-01-03,77.44034707158352,74.42516268980478
2017-01-04,79.17570498915401,75.1409978308026
2017-01-05,80.26030368763557,75.74837310195228
2017-01-06,81.99566160520607,76.57266811279825
2017-01-09,83.51409978308027,77.52711496746204
2017-01-10,81.99566160520607,78.30802603036877
2017-01-11,82.646420824295,79.13232104121474
2017-01-12,81.6017316017316,79.89553107774366
2017-01-13,80.51948051948052,80.52882403207784
2017-01-17,80.73593073593074,80.98853424233035
2017-01-18,79.87012987012987,81.23151252218497
2017-01-19,78.35497835497836,81.14943985876741
2017-01-20,77.92207792207793,80.91561728221164
2017-01-23,77.27272727272727,80.44332384896377
2017-01-24,77.10583153347731,79.80249702400347
2017-01-25,76.88984881209502,79.29191574469236
2017-01-26,76.67386609071274,78.69466027133413
2017-01-27,76.67386609071274,78.20187372023226
2017-01-30,77.5377969762419,77.9037053659084
2017-01-31,76.67386609071274,77.49749890138659
2017-02-01,76.02591792656588,77.11307770703019
2017-02-02,75.80993520518359,76.85857339205072
2017-02-03,73.4341252699784,76.40977812684075
2017-02-06,71.70626349892008,75.85313174946003
2017-02-07,71.70626349892008,75.31317494600432
2017-02-08,71.49028077753779,74.77321814254859
2017-02-09,71.2742980561555,74.23326133909288
2017-02-10,70.62634989200865,73.62850971922246
2017-02-13,70.84233261339092,72.95896328293736
2017-02-14,71.49028077753779,72.44060475161987
2017-02-15,71.49028077753779,71.98704103671706
2017-02-16,71.49028077753779,71.55507559395248
2017-02-17,71.92224622030238,71.40388768898488
2017-02-21,73.2181425485961,71.55507559395248
2017-02-22,75.377969762419,71.92224622030237
2017-02-23,76.24190064794817,72.39740820734342
2017-02-24,77.96976241900649,73.06695464362852
2017-02-27,78.40172786177105,73.84449244060474
2017-02-28,78.40172786177105,74.60043196544277
2017-03-01,80.99352051835854,75.55075593952483
2017-03-02,80.99352051835854,76.5010799136069
2017-03-03,82.28941684665226,77.58099352051836
2017-03-06,82.72138228941685,78.66090712742981
2017-03-07,83.36933045356372,79.67602591792657
2017-03-08,83.8012958963283,80.51835853131749
2017-03-09,84.01727861771057,81.29589632829374
2017-03-10,83.36933045356372,81.83585313174946
2017-03-13,83.15334773218143,82.3110151187905
2017-03-14,82.93736501079914,82.7645788336933
2017-03-15,81.6414686825054,82.829373650108
2017-03-16,80.99352051835854,82.829373650108
2017-03-17,79.48164146868251,82.54859611231102
2017-03-20,79.91360691144709,82.26781857451404
2017-03-21,79.26565874730022,81.8574514038877
2017-03-22,78.40172786177105,81.31749460043196
2017-03-23,77.5377969762419,80.6695464362851
2017-03-24,76.67386609071274,80.0
2017-03-27,76.02591792656588,79.28725701943844
2017-03-28,74.51403887688986,78.44492440604753
2017-03-29,73.6501079913607,77.64578833693305
2017-03-30,71.49028077753779,76.69546436285097
2017-03-31,69.11447084233261,75.65874730021599
2017-04-03,67.81857451403887,74.44924406047517
2017-04-04,66.95464362850973,73.21814254859612
2017-04-05,64.57883369330453,71.83585313174947
2017-04-06,64.36285097192224,70.51835853131749
2017-04-07,63.93088552915766,69.24406047516199
2017-04-10,63.282937365010795,67.96976241900649
2017-04-11,62.634989200863934,66.78185745140388
2017-04-12,61.63793103448276,65.58063975571609
2017-04-13,58.620689655172406,64.29368064347956
2017-04-17,56.68103448275862,63.05033700752216
2017-04-18,53.44827586206896,61.61330714232516
2017-04-19,51.724137931034484,60.090256572577644
2017-04-20,51.939655172413794,58.82633872048857
2017-04-21,50.86206896551724,57.47626051984806
2017-04-24,51.293103448275865,56.21248231175989
2017-04-25,52.58620689655172,55.14280926491398
2017-04-26,54.310344827586206,54.310344827586206
2017-04-27,53.66379310344828,53.512931034482754
2017-04-28,54.310344827586206,53.08189655172414
2017-05-01,54.525862068965516,52.866379310344826
2017-05-02,54.310344827586206,52.95258620689655
2017-05-03,56.25,53.4051724137931
2017-05-04,57.11206896551724,53.92241379310345
2017-05-05,57.974137931034484,54.633620689655174
2017-05-08,59.26724137931034,55.43103448275862
2017-05-09,60.991379310344826,56.27155172413793
2017-05-10,61.63793103448276,57.00431034482758
2017-05-11,63.793103448275865,58.01724137931035
2017-05-12,63.577586206896555,58.943965517241374
2017-05-15,64.4396551724138,59.935344827586206
2017-05-16,65.08620689655173,61.01293103448277
2017-05-17,65.08620689655173,61.89655172413793
2017-05-18,65.51724137931035,62.73706896551723
2017-05-19,65.73275862068965,63.51293103448277
2017-05-22,65.30172413793103,64.11637931034483
2017-05-23,65.08620689655173,64.52586206896551
2017-05-24,64.87068965517241,64.84913793103449
2017-05-25,65.08620689655173,64.97844827586206
2017-05-26,64.22413793103449,65.04310344827586
2017-05-30,65.08620689655173,65.10775862068965
2017-05-31,65.30172413793103,65.12931034482759
2017-06-01,65.08620689655173,65.12931034482759
2017-06-02,66.16379310344827,65.19396551724138
2017-06-05,66.59482758620689,65.28017241379311
2017-06-06,66.37931034482759,65.38793103448276
2017-06-07,66.8103448275862,65.5603448275862
2017-06-08,67.02586206896551,65.77586206896551
2017-06-09,67.45689655172413,66.01293103448276
2017-06-12,68.96551724137932,66.48706896551724
2017-06-13,70.04310344827587,66.98275862068967
2017-06-14,71.12068965517241,67.5646551724138
2017-06-15,71.98275862068965,68.25431034482759
2017-06-16,74.35344827586206,69.07327586206897
2017-06-19,75.43103448275862,69.95689655172414
2017-06-20,77.15517241379311,71.03448275862068
2017-06-21,76.9396551724138,72.04741379310346
2017-06-22,77.15517241379311,73.0603448275862
2017-06-23,77.80172413793103,74.09482758620689
2017-06-26,78.23275862068965,75.02155172413794
2017-06-27,78.66379310344827,75.88362068965516
2017-06-28,79.3103448275862,76.70258620689656
2017-06-29,79.09482758620689,77.41379310344828
2017-06-30,77.15517241379311,77.69396551724138
2017-07-03,78.01724137931035,77.95258620689656
2017-07-05,77.80172413793103,78.01724137931035
2017-07-06,78.01724137931035,78.125
2017-07-07,76.72413793103449,78.08189655172414
2017-07-10,74.56896551724138,77.75862068965517
2017-07-11,74.78448275862068,77.41379310344828
2017-07-12,75.0,77.04741379310346
2017-07-13,73.49137931034483,76.4655172413793
2017-07-14,72.41379310344827,75.79741379310346
2017-07-17,71.55172413793103,75.23706896551724
2017-07-18,70.47413793103449,74.48275862068965
2017-07-19,68.75,73.57758620689654
2017-07-20,68.53448275862068,72.62931034482759
2017-07-21,69.18103448275862,71.875
2017-07-24,69.46236559139784,71.36434000741565
2017-07-25,68.60215053763442,70.74610678531702
2017-07-26,67.74193548387096,70.02030033370411
2017-07-27,68.60215053763442,69.53137745643306
2017-07-28,68.17204301075269,69.10720244716352
2017-07-31,67.74193548387096,68.72622358175752
2017-08-01,67.0967741935484,68.38848720800891
2017-08-02,66.88172043010752,68.20165925101965
2017-08-03,66.23655913978494,67.97186688913607
2017-08-04,66.02150537634408,67.65591397849462
2017-08-07,66.02150537634408,67.31182795698925
2017-08-08,66.88172043010752,67.13978494623656
2017-08-09,67.52688172043011,67.11827956989248
2017-08-10,66.66666666666666,66.9247311827957
2017-08-11,66.45161290322581,66.75268817204301
2017-08-14,67.0967741935484,66.68817204301075
2017-08-15,66.45161290322581,66.62365591397848
2017-08-16,67.31182795698925,66.66666666666666
2017-08-17,65.59139784946237,66.6021505376344
2017-08-18,65.59139784946237,66.55913978494624
2017-08-21,64.08602150537635,66.36559139784946
2017-08-22,62.795698924731184,65.95698924731182
2017-08-23,61.0752688172043,65.31182795698925
2017-08-24,59.56989247311828,64.6021505376344
2017-08-25,58.924731182795696,63.8494623655914
2017-08-28,56.98924731182796,62.83870967741935
2017-08-29,55.91397849462365,61.78494623655914
2017-08-30,54.623655913978496,60.516129032258064
2017-08-31,53.333333333333336,59.29032258064516
2017-09-01,53.76344086021505,58.10752688172043
2017-09-05,52.25806451612903,56.924731182795696
2017-09-06,51.3978494623656,55.78494623655914
2017-09-07,51.82795698924731,54.86021505376344
2017-09-08,50.967741935483865,54.0
2017-09-11,52.68817204301075,53.376344086021504
2017-09-12,55.26881720430108,53.204301075268816
2017-09-13,56.98924731182796,53.31182795698925
2017-09-14,57.8494623655914,53.63440860215054
2017-09-15,57.204301075268816,54.02150537634409
2017-09-18,58.70967741935483,54.516129032258064
2017-09-19,58.49462365591398,55.13978494623656
2017-09-20,59.78494623655914,55.97849462365591
2017-09-21,62.365591397849464,57.03225806451612
2017-09-22,63.87096774193548,58.322580645161295
2017-09-25,65.16129032258064,59.56989247311829
2017-09-26,66.23655913978494,60.666666666666664
2017-09-27,66.23655913978494,61.59139784946236
2017-09-28,67.52688172043011,62.559139784946225
2017-09-29,68.60215053763442,63.698924731182785
2017-10-02,70.53763440860214,64.88172043010753
2017-10-03,71.18279569892472,66.15053763440861
2017-10-04,71.82795698924731,67.35483870967742
2017-10-05,72.90322580645162,68.40860215053763
2017-10-06,73.33333333333333,69.35483870967741
2017-10-09,74.6236559139785,70.3010752688172
2017-10-10,74.6236559139785,71.13978494623657
2017-10-11,75.05376344086021,72.0215053763441
2017-10-12,76.34408602150538,72.90322580645162
2017-10-13,76.77419354838709,73.72043010752688
2017-10-16,76.55913978494624,74.32258064516128
2017-10-17,77.20430107526882,74.9247311827957
2017-10-18,77.84946236559139,75.52688172043011
2017-10-19,77.84946236559139,76.02150537634408
2017-10-20,78.70967741935485,76.55913978494623
2017-10-23,78.92473118279571,76.98924731182797
2017-10-24,79.35483870967742,77.46236559139784
2017-10-25,80.0,77.95698924731182
2017-10-26,79.35483870967742,78.25806451612902
2017-10-27,78.70967741935485,78.45161290322581
2017-10-30,79.78494623655914,78.7741935483871
2017-10-31,79.13978494623656,78.96774193548387
2017-11-01,80.0,79.18279569892472
2017-11-02,80.43010752688173,79.44086021505377
2017-11-03,80.0,79.56989247311829
2017-11-06,80.43010752688173,79.72043010752688
2017-11-07,80.86021505376344,79.87096774193549
2017-11-08,80.64516129032258,79.93548387096776
2017-11-09,79.78494623655914,79.97849462365592
2017-11-10,79.13978494623656,80.0215053763441
2017-11-13,77.84946236559139,79.82795698924733
2017-11-14,76.55913978494624,79.56989247311829
2017-11-15,75.05376344086021,79.0752688172043
2017-11-16,74.19354838709677,78.45161290322581
2017-11-17,73.9784946236559,77.84946236559139
2017-11-20,72.04301075268818,77.01075268817203
2017-11-21,72.04301075268818,76.12903225806451
2017-11-22,70.53763440860214,75.11827956989247
2017-11-24,69.03225806451613,74.04301075268816
2017-11-27,68.81720430107528,73.01075268817205
2017-11-28,67.95698924731182,72.02150537634408
2017-11-29,68.17204301075269,71.18279569892474
2017-11-30,68.81720430107528,70.55913978494623
2017-12-01,69.03225806451613,70.04301075268818
2017-12-04,68.81720430107528,69.52688172043011
2017-12-05,68.38709677419355,69.16129032258064
2017-12-06,69.24731182795699,68.88172043010752
2017-12-07,69.89247311827957,68.81720430107526
2017-12-08,71.18279569892472,69.03225806451613
2017-12-11,72.04301075268818,69.35483870967741
2017-12-12,72.68817204301075,69.82795698924733
2017-12-13,72.68817204301075,70.27956989247312
2017-12-14,72.04301075268818,70.6021505376344
2017-12-15,74.40860215053763,71.13978494623657
2017-12-18,74.40860215053763,71.6989247311828
2017-12-19,75.48387096774194,72.40860215053763
2017-12-20,76.12903225806451,73.09677419354838
2017-12-21,75.48387096774194,73.65591397849462
2017-12-22,74.83870967741936,74.0215053763441
2017-12-26,74.83870967741936,74.3010752688172
2017-12-27,74.19354838709677,74.45161290322581
2017-12-28,75.05376344086021,74.68817204301075
2017-12-29,74.6236559139785,74.94623655913978
2018-01-02,74.40860215053763,74.94623655913978
2018-01-03,73.33333333333333,74.83870967741936
2018-01-04,72.68817204301075,74.55913978494623
2018-01-05,73.54838709677419,74.3010752688172
2018-01-08,74.6236559139785,74.21505376344086
2018-01-09,75.6989247311828,74.3010752688172
2018-01-10,76.55913978494624,74.47311827956989
2018-01-11,77.63440860215054,74.81720430107526
2018-01-12,78.49462365591397,75.16129032258064
2018-01-16,77.41935483870968,75.44086021505376
2018-01-17,78.92473118279571,75.89247311827958
2018-01-18,79.13978494623656,76.47311827956989
2018-01-19,79.56989247311827,77.16129032258064
2018-01-22,80.0,77.80645161290322
2018-01-23,80.64516129032258,78.40860215053763
2018-01-24,81.50537634408602,78.98924731182797
2018-01-25,82.36559139784946,79.56989247311829
2018-01-26,81.72043010752688,79.9784946236559
2018-01-29,82.15053763440861,80.34408602150538
2018-01-30,82.15053763440861,80.81720430107528
2018-01-31,82.58064516129032,81.18279569892472
2018-02-01,83.65591397849462,81.63440860215054
2018-02-02,83.44086021505376,82.02150537634408
2018-02-05,81.93548387096774,82.21505376344086
2018-02-06,80.86021505376344,82.23655913978493
2018-02-07,80.0,82.08602150537634
2018-02-08,78.06451612903226,81.65591397849462
2018-02-09,76.55913978494624,81.13978494623657
2018-02-12,74.40860215053763,80.36559139784946
2018-02-13,72.25806451612902,79.3763440860215
2018-02-14,69.24731182795699,78.04301075268818
2018-02-15,66.45161290322581,76.32258064516128
2018-02-16,64.30107526881721,74.40860215053763
2018-02-20,60.86021505376345,72.3010752688172
2018-02-21,56.774193548387096,69.89247311827958
2018-02-22,52.04301075268817,67.09677419354838
2018-02-23,47.096774193548384,64.0
2018-02-26,45.59139784946237,60.90322580645162
2018-02-27,41.50537634408602,57.61290322580645
2018-02-28,38.064516129032256,54.19354838709677
2018-03-01,35.483870967741936,50.817204301075265
2018-03-02,32.68817204301075,47.44086021505376
2018-03-05,30.752688172043012,44.08602150537634
2018-03-06,28.817204301075268,40.88172043010752
2018-03-07,30.107526881720432,38.21505376344086
2018-03-08,30.967741935483872,36.10752688172043
2018-03-09,33.33333333333333,34.73118279569893
2018-03-12,36.774193548387096,33.84946236559139
2018-03-13,39.56989247311828,33.65591397849462
2018-03-14,40.343347639484975,33.88379712953989
2018-03-15,42.27467811158798,34.562877843924504
2018-03-16,43.99141630901288,35.693202270524715
2018-03-19,43.776824034334766,36.99561585675389
2018-03-20,43.99141630901288,38.51303705754765
2018-03-21,44.84978540772532,39.98726291014814
2018-03-22,46.56652360515021,41.54714107711477
2018-03-23,44.84978540772532,42.698786284553975
2018-03-26,44.4206008583691,43.46342701555217
2018-03-27,43.13304721030043,43.81974248927039
2018-03-28,42.06008583690987,43.99141630901288
2018-03-29,42.27467811158798,43.99141630901288
2018-04-02,42.70386266094421,43.862660944206006
2018-04-03,44.84978540772532,43.96995708154506
2018-04-04,46.3519313304721,44.20600858369099
2018-04-05,47.42489270386266,44.46351931330472
2018-04-06,47.21030042918455,44.527896995708154
2018-04-09,46.78111587982833,44.72103004291846
2018-04-10,46.3519313304721,44.91416309012875
2018-04-11,44.4206008583691,45.04291845493562
2018-04-12,44.20600858369099,45.25751072961373
2018-04-13,43.56223175965665,45.386266094420606
2018-04-16,42.91845493562232,45.407725321888414
2018-04-17,43.34763948497854,45.257510729613735
2018-04-18,41.63090128755365,44.78540772532189
2018-04-19,40.772532188841204,44.12017167381974
2018-04-20,39.27038626609442,43.32618025751073
2018-04-23,39.48497854077253,42.59656652360515
2018-04-24,39.48497854077253,41.90987124463519
2018-04-25,38.62660944206009,41.33047210300429
2018-04-26,38.412017167381975,40.75107296137339
2018-04-27,38.62660944206009,40.257510729613735
2018-04-30,40.128755364806864,39.978540772532185
2018-05-01,40.772532188841204,39.72103004291846
2018-05-02,42.06008583690987,39.76394849785408
2018-05-03,41.63090128755365,39.84978540772532
2018-05-04,43.13304721030043,40.23605150214592
2018-05-07,44.63519313304721,40.751072961373396
2018-05-08,47.21030042918455,41.52360515021459
2018-05-09,49.141630901287556,42.57510729613734
2018-05-10,51.50214592274678,43.884120171673814
2018-05-11,51.931330472103,45.21459227467811
2018-05-14,52.57510729613733,46.459227467811154
2018-05-15,52.14592274678112,47.59656652360515
2018-05-16,52.78969957081545,48.66952789699571
2018-05-17,53.43347639484979,49.84978540772532
2018-05-18,55.36480686695279,51.072961373390555
2018-05-21,54.93562231759657,52.103004291845494
2018-05-22,55.5793991416309,52.93991416309014
2018-05-23,57.72532188841202,53.79828326180258
2018-05-24,59.871244635193136,54.63519313304721
2018-05-25,61.37339055793991,55.5793991416309
2018-05-29,61.1587982832618,56.437768240343345
2018-05-30,62.8755364806867,57.51072961373391
2018-05-31,63.73390557939914,58.60515021459228
2018-06-01,65.87982832618026,59.849785407725335
2018-06-04,66.30901287553648,60.944206008583684
2018-06-05,65.02145922746782,61.952789699570815
2018-06-06,65.87982832618026,62.982832618025746
2018-06-07,66.95278969957081,63.905579399141644
2018-06-08,67.38197424892704,64.65665236051503
2018-06-11,68.02575107296137,65.32188841201717
2018-06-12,66.7381974248927,65.87982832618026
2018-06-13,66.7381974248927,66.26609442060087
2018-06-14,66.95278969957081,66.58798283261804
2018-06-15,67.16738197424893,66.71673819742489
2018-06-18,67.59656652360515,66.84549356223177
2018-06-19,67.38197424892704,67.08154506437768
2018-06-20,68.02575107296137,67.29613733905579
2018-06-21,68.02575107296137,67.40343347639484
2018-06-22,67.81115879828327,67.44635193133047
2018-06-25,67.16738197424893,67.36051502145922
2018-06-26,68.24034334763948,67.5107296137339
2018-06-27,68.88412017167383,67.72532188841203
2018-06-28,68.24034334763948,67.85407725321889
2018-06-29,68.88412017167383,68.02575107296137
2018-07-02,68.24034334763948,68.09012875536482
2018-07-03,68.24034334763948,68.17596566523605
2018-07-05,68.02575107296137,68.17596566523605
2018-07-06,68.88412017167383,68.2618025751073
2018-07-09,68.02575107296137,68.28326180257511
2018-07-10,68.88412017167383,68.4549356223176
2018-07-11,67.16738197424893,68.34763948497854
2018-07-12,65.02145922746782,67.96137339055794
2018-07-13,63.519313304721024,67.4892703862661
2018-07-16,61.37339055793991,66.7381974248927
2018-07-17,59.227467811158796,65.83690987124463
2018-07-18,58.583690987124456,64.87124463519314
2018-07-19,58.798283261802574,63.94849785407725
2018-07-20,57.93991416309014,62.85407725321888
2018-07-23,57.5107296137339,61.802575107296136
2018-07-24,57.93991416309014,60.708154506437765
2018-07-25,59.442060085836914,59.93562231759656
2018-07-26,60.94420600858369,59.52789699570816
2018-07-27,63.0901287553648,59.484978540772524
2018-07-30,64.59227467811158,59.8068669527897
2018-07-31,67.38197424892704,60.62231759656652
2018-08-01,68.45493562231759,61.60944206008584
2018-08-02,69.31330472103005,62.66094420600858
2018-08-03,70.3862660944206,63.90557939914163
2018-08-06,71.88841201716738,65.34334763948497
2018-08-07,71.45922746781116,66.69527896995709
2018-08-08,71.67381974248927,67.91845493562232
2018-08-09,72.1030042918455,69.0343347639485
2018-08-10,70.60085836909872,69.78540772532189
2018-08-13,70.3862660944206,70.36480686695279
2018-08-14,70.60085836909872,70.68669527896996
2018-08-15,71.24463519313305,70.9656652360515
2018-08-16,70.17167381974248,71.05150214592275
2018-08-17,70.60085836909872,71.07296137339056
2018-08-20,70.17167381974248,70.90128755364807
2018-08-21,71.24463519313305,70.87982832618026
2018-08-22,71.88841201716738,70.90128755364807
2018-08-23,72.3175965665236,70.92274678111588
2018-08-24,72.96137339055794,71.1587982832618
2018-08-27,73.60515021459227,71.48068669527898
2018-08-28,75.10729613733905,71.931330472103
2018-08-29,75.32188841201717,72.33905579399142
2018-08-30,75.10729613733905,72.83261802575107
2018-08-31,75.32188841201717,73.30472103004293
2018-09-04,75.10729613733905,73.79828326180257
2018-09-05,74.46351931330472,74.12017167381974
2018-09-06,74.46351931330472,74.37768240343347
2018-09-07,72.53218884120172,74.39914163090128
2018-09-10,71.88841201716738,74.29184549356223
2018-09-11,71.67381974248927,74.09871244635193
2018-09-12,72.1030042918455,73.79828326180257
2018-09-13,72.53218884120172,73.51931330472102
2018-09-14,73.17596566523605,73.32618025751073
2018-09-17,73.39055793991416,73.13304721030043
2018-09-18,73.60515021459227,72.98283261802575
2018-09-19,74.46351931330472,72.98283261802575
2018-09-20,73.60515021459227,72.8969957081545
2018-09-21,74.67811158798283,73.11158798283262
2018-09-24,75.53648068669528,73.47639484978541
2018-09-25,75.10729613733905,73.81974248927038
2018-09-26,74.67811158798283,74.07725321888411
2018-09-27,72.3175965665236,74.05579399141631
2018-09-28,71.88841201716738,73.92703862660944
2018-10-01,71.24463519313305,73.71244635193133
2018-10-02,68.88412017167383,73.24034334763948
2018-10-03,67.81115879828327,72.57510729613733
2018-10-04,66.52360515021459,71.86695278969957
2018-10-05,66.30901287553648,71.03004291845494
2018-10-08,64.8068669527897,69.95708154506438
2018-10-09,64.16309012875536,68.86266094420601
2018-10-10,61.80257510729614,67.57510729613735
2018-10-11,58.583690987124456,66.20171673819742
2018-10-12,54.72103004291845,64.48497854077253
2018-10-15,50.64377682403433,62.42489270386265
2018-10-16,48.283261802575105,60.36480686695279
2018-10-17,44.63519313304721,58.047210300429185
2018-10-18,40.343347639484975,55.42918454935623
2018-10-19,37.553648068669524,52.55364806866953
2018-10-22,32.18884120171674,49.29184549356223
2018-10-23,28.75536480686695,45.751072961373396
2018-10-24,26.394849785407725,42.21030042918455
2018-10-25,23.17596566523605,38.6695278969957
2018-10-26,21.67381974248927,35.36480686695279
2018-10-29,18.669527896995707,32.167381974248926
2018-10-30,17.381974248927037,29.077253218884117
2018-10-31,15.879828326180256,26.201716738197423
2018-11-01,15.236051502145923,23.69098712446352
2018-11-02,15.236051502145923,21.459227467811157
2018-11-05,15.665236051502147,19.806866952789697
2018-11-06,15.236051502145923,18.454935622317596
2018-11-07,15.236051502145923,17.339055793991417
2018-11-08,16.523605150214593,16.673819742489272
2018-11-09,18.025751072961373,16.309012875536478
2018-11-12,18.88412017167382,16.33047210300429
2018-11-13,19.742489270386265,16.566523605150216
2018-11-14,20.815450643776824,17.06008583690987
2018-11-15,20.815450643776824,17.618025751072963
2018-11-16,21.67381974248927,18.261802575107296
2018-11-19,24.034334763948497,19.098712446351932
2018-11-20,25.9656652360515,20.171673819742487
2018-11-21,26.824034334763947,21.33047210300429
2018-11-23,28.75536480686695,22.553648068669524
2018-11-26,31.5450643776824,23.90557939914163
2018-11-27,34.97854077253219,25.515021459227466
2018-11-28,38.412017167381975,27.381974248927037
2018-11-29,39.27038626609442,29.2274678111588
2018-11-30,41.84549356223176,31.33047210300429
2018-12-03,46.137339055793994,33.776824034334766
2018-12-04,47.42489270386266,36.11587982832618
2018-12-06,48.927038626609445,38.412017167381975
2018-12-07,49.141630901287556,40.64377682403433
2018-12-10,47.63948497854077,42.532188841201716
2018-12-11,46.78111587982833,44.05579399141631
2018-12-12,46.137339055793994,45.17167381974249
2018-12-13,46.99570815450644,46.03004291845493
2018-12-14,46.78111587982833,46.78111587982833
2018-12-17,46.78111587982833,47.27467811158798
2018-12-18,44.63519313304721,47.1244635193133
2018-12-19,42.70386266094421,46.65236051502146
2018-12-20,40.343347639484975,45.79399141630902
2018-12-21,38.8412017167382,44.76394849785408
2018-12-24,35.1931330472103,43.51931330472103
2018-12-26,33.261802575107296,42.167381974248926
2018-12-27,30.042918454935624,40.55793991416309
2018-12-28,27.896995708154503,38.648068669527895
2018-12-31,24.463519313304722,36.41630901287554
2019-01-02,21.45922746781116,33.884120171673814
2019-01-03,16.523605150214593,31.07296137339056
2019-01-04,13.519313304721031,28.154506437768237
2019-01-07,12.231759656652361,25.34334763948498
2019-01-08,11.373390557939913,22.59656652360515
2019-01-09,10.72961373390558,20.15021459227468
2019-01-10,9.656652360515022,17.78969957081545
2019-01-11,8.583690987124463,15.643776824034333
2019-01-14,7.296137339055794,13.583690987124465
2019-01-15,7.081545064377683,11.845493562231761
2019-01-16,7.510729613733906,10.450643776824034
2019-01-17,7.939914163090128,9.59227467811159
2019-01-18,9.656652360515022,9.206008583690986
2019-01-22,10.515021459227468,9.034334763948497
2019-01-23,13.733905579399142,9.270386266094421
2019-01-24,20.815450643776824,10.278969957081546
2019-01-25,28.54077253218884,12.167381974248926
2019-01-28,34.763948497854074,14.785407725321889
2019-01-29,41.63090128755365,18.218884120171673
2019-01-30,46.56652360515021,22.167381974248926
2019-01-31,52.36051502145923,26.652360515021456
2019-02-01,61.37339055793991,31.99570815450644
2019-02-04,69.52789699570815,37.982832618025746
2019-02-05,73.8197424892704,44.313304721030036
2019-02-06,77.25321888412017,50.66523605150214
2019-02-07,81.54506437768241,56.738197424892704
2019-02-08,83.90557939914163,62.27467811158798
2019-02-11,85.1931330472103,67.3175965665236
2019-02-12,87.1244635193133,71.86695278969958
2019-02-13,90.12875536480686,76.22317596566523
2019-02-14,90.34334763948499,80.02145922746782
2019-02-15,90.98712446351931,82.98283261802575
2019-02-19,91.41630901287554,85.1716738197425
2019-02-20,92.50535331905782,87.04023490272122
2019-02-21,92.93361884368309,88.60827489867752
2019-02-22,93.36188436830835,89.78995689774013
2019-02-25,94.43254817987152,90.8426537758131
2019-02-26,94.64668094218416,91.78800856531049
2019-02-27,95.07494646680942,92.58305686006011
2019-02-28,94.86081370449678,93.0562626940291
2019-03-01,95.07494646680942,93.52942257676153
2019-03-04,95.07494646680942,93.93820477709055
2019-03-05,94.64668094218416,94.26124197002142
2019-03-06,94.43254817987152,94.45396145610277
2019-03-07,94.00428265524626,94.5610278372591
2019-03-08,93.14775160599572,94.53961456102783
2019-03-11,93.14775160599572,94.41113490364026
2019-03-12,92.07708779443254,94.1541755888651
2019-03-13,91.86295503211991,93.83297644539614
2019-03-14,91.00642398286938,93.4475374732334
2019-03-15,91.00642398286938,93.0406852248394
2019-03-18,89.72162740899357,92.50535331905782
2019-03-19,88.86509635974305,91.9271948608137
2019-03-20,88.22269807280514,91.30620985010708
2019-03-21,87.58029978586723,90.66381156316916
2019-03-22,86.29550321199143,89.97858672376874
2019-03-25,84.36830835117773,89.10064239828694
2019-03-26,81.15631691648822,88.00856531049251
2019-03-27,78.80085653104925,86.70235546038545
2019-03-28,77.94432548179871,85.39614561027838
2019-03-29,77.73019271948608,84.06852248394004
2019-04-01,77.08779443254818,82.8051391862955
2019-04-02,75.58886509635975,81.47751605995718
2019-04-03,75.16059957173448,80.1713062098501
2019-04-04,75.58886509635975,78.97216274089936
2019-04-05,76.23126338329764,77.96573875802999
2019-04-08,77.94432548179871,77.32334047109207
2019-04-09,77.94432548179871,77.00214132762312
2019-04-10,78.58672376873662,76.98072805139186
2019-04-11,78.58672376873662,77.04496788008566
2019-04-12,79.87152034261243,77.2591006423983
2019-04-15,80.29978586723769,77.58029978586724
2019-04-16,79.65738758029978,77.98715203426124
2019-04-17,80.08565310492506,78.4796573875803
2019-04-18,80.08565310492506,78.92933618843684
2019-04-22,80.29978586723769,79.33618843683084
2019-04-23,80.51391862955032,79.593147751606
2019-04-24,80.72805139186295,79.87152034261243
2019-04-25,80.72805139186295,80.08565310492506
2019-04-26,81.15631691648822,80.3426124197002
2019-04-29,81.37044967880087,80.49250535331906
2019-04-30,81.15631691648822,80.57815845824412
2019-05-01,80.29978586723769,80.6423982869379
2019-05-02,80.08565310492506,80.6423982869379
2019-05-03,80.29978586723769,80.66381156316916
2019-05-06,80.72805139186295,80.70663811563169
2019-05-07,78.80085653104925,80.53533190578159
2019-05-08,77.08779443254818,80.1713062098501
2019-05-09,76.65952890792292,79.7644539614561
2019-05-10,74.7323340471092,79.12205567451821
2019-05-13,73.44753747323341,78.32976445396146
2019-05-14,71.94860813704497,77.40899357601714
2019-05-15,69.80728051391864,76.35974304068523
2019-05-16,69.16488222698072,75.26766595289078
2019-05-17,66.16702355460386,73.85438972162741
2019-05-20,65.31049250535332,72.31263383297645
2019-05-21,63.24786324786324,70.75733450465785
2019-05-22,61.833688699360344,69.23192393133907
2019-05-23,60.98081023454158,67.66405206400093
2019-05-24,59.70149253731343,66.16096791302135
2019-05-28,57.356076759061835,64.5518218416042
2019-05-29,55.223880597014926,62.87934908760119
2019-05-30,52.55319148936171,61.153940185145494
2019-05-31,49.787234042553195,59.21617536670275
2019-06-03,47.65957446808511,57.36543045805087
2019-06-04,45.744680851063826,55.408849292621916
2019-06-05,44.04255319148936,53.48831828698453
2019-06-06,42.5531914893617,51.560268565984664
2019-06-07,42.340425531914896,49.696230095722
2019-06-10,42.97872340425532,48.023953182416186
2019-06-11,43.40425531914894,46.628771038424894
2019-06-12,44.8936170212766,45.59574468085106
2019-06-13,45.744680851063826,44.91489361702128
2019-06-14,45.95744680851064,44.53191489361702
2019-06-17,46.59574468085106,44.42553191489362
2019-06-18,46.59574468085106,44.51063829787234
2019-06-19,47.23404255319149,44.829787234042556
2019-06-20,47.87234042553192,45.36170212765957
2019-06-21,49.787234042553195,46.1063829787234
2019-06-24,50.851063829787236,46.8936170212766
2019-06-25,51.91489361702127,47.744680851063826
2019-06-26,55.1063829787234,48.765957446808514
2019-06-27,57.234042553191486,49.91489361702128
2019-06-28,60.42553191489362,51.361702127659576
2019-07-01,64.25531914893618,53.12765957446809
2019-07-02,69.7872340425532,55.4468085106383
2019-07-03,73.61702127659574,58.08510638297872
2019-07-05,75.74468085106383,60.87234042553191
2019-07-08,77.4468085106383,63.638297872340424
2019-07-09,79.36170212765957,66.48936170212765
2019-07-10,81.91489361702128,69.48936170212767
2019-07-11,83.40425531914893,72.31914893617021
2019-07-12,84.46808510638299,75.04255319148936
2019-07-15,85.1063829787234,77.51063829787235
2019-07-16,85.53191489361703,79.63829787234042
2019-07-17,86.17021276595744,81.27659574468086
2019-07-18,87.02127659574468,82.61702127659575
2019-07-19,87.44680851063829,83.7872340425532
2019-07-22,87.68577494692144,84.81113068618151
2019-07-23,88.1104033970276,85.68600081311831
2019-07-24,87.26114649681529,86.22062610109771
2019-07-25,87.26114649681529,86.60631521886435
2019-07-26,87.04883227176221,86.86438993540227
2019-07-29,87.04883227176221,87.05863486470614
2019-07-30,86.62420382165605,87.16786375751005
2019-07-31,85.98726114649682,87.14956859556398
2019-08-01,85.77494692144374,87.02493562813389
2019-08-02,83.65180467091295,86.64543524416135
2019-08-05,80.9322033898305,85.97007808845227
2019-08-06,78.38983050847457,84.99802079959696
2019-08-07,73.72881355932203,83.64478750584763
2019-08-08,70.55084745762711,81.97375760192882
2019-08-09,68.85593220338984,80.15446759509159
2019-08-12,65.88983050847457,78.03856741876282
2019-08-13,61.86440677966102,75.5625877145633
2019-08-14,56.355932203389834,72.59945482025262
2019-08-15,51.90677966101694,69.21263809420995
2019-08-16,49.57627118644068,65.80508474576271
2019-08-19,48.516949152542374,62.563559322033896
2019-08-20,47.03389830508475,59.42796610169491
2019-08-21,45.03171247357294,56.55825599312001
2019-08-22,42.49471458773784,53.75264270613108
2019-08-23,41.64904862579281,51.03195434837137
2019-08-26,38.90063424947146,48.33303472247106
2019-08-27,37.84355179704017,45.93094922420898
2019-08-28,36.99788583509514,43.99514458737951
2019-08-29,36.57505285412262,42.461971906690074
2019-08-30,36.57505285412262,41.16185007345827
2019-09-03,37.63213530655391,40.073368688859425
2019-09-04,39.112050739957716,39.28118393234672
2019-09-05,42.071881606765324,38.98520084566596
2019-09-06,42.917547568710354,39.0274841437632
2019-09-09,42.917547568710354,39.15433403805497
2019-09-10,43.551797040169134,39.61945031712473
2019-09-11,44.60887949260042,40.29598308668076
2019-09-12,45.87737843551797,41.18393234672304
2019-09-13,47.35729386892177,42.26215644820296
2019-09-16,50.52854122621564,43.657505285412256
2019-09-17,51.79704016913319,45.073995771670184
2019-09-18,52.64270613107822,46.427061310782236
2019-09-19,54.54545454545454,47.674418604651166
2019-09-20,55.17970401691332,48.90063424947145
2019-09-23,57.71670190274841,50.38054968287526
2019-09-24,61.52219873150106,52.17758985200845
2019-09-25,64.2706131078224,54.143763213530654
2019-09-26,68.71035940803382,56.427061310782236
2019-09-27,69.76744186046511,58.668076109936564
2019-09-30,70.82452431289641,60.69767441860465
2019-10-01,72.51585623678648,62.76955602536998
2019-10-02,72.72727272727273,64.77801268498942
2019-10-03,72.72727272727273,66.59619450317125
2019-10-04,73.36152219873149,68.41437632135306
2019-10-07,72.93868921775899,69.93657505285412
2019-10-08,71.67019027484145,70.95137420718815
2019-10-09,71.8816067653277,71.7124735729387
2019-10-10,71.8816067653277,72.02959830866808
2019-10-11,71.24735729386892,72.17758985200847
2019-10-14,70.40169133192389,72.1353065539112
2019-10-15,66.8076109936575,71.56448202959831
2019-10-16,63.213530655391125,70.61310782241014
2019-10-17,61.09936575052855,69.45031712473573
2019-10-18,59.19661733615222,68.0338266384778
2019-10-21,57.505285412262154,66.49048625792811
2019-10-22,56.02536997885835,64.92600422832982
2019-10-23,55.81395348837209,63.31923890063424
2019-10-24,54.33403805496829,61.56448202959831
2019-10-25,53.48837209302325,59.78858350951374
2019-10-28,51.58562367864693,57.906976744186046
2019-10-29,50.95137420718816,56.32135306553911
2019-10-30,51.79704016913319,55.17970401691332
2019-10-31,53.48837209302325,54.41860465116279
2019-11-01,56.02536997885835,54.1014799154334
2019-11-04,56.448202959830866,53.995771670190265
2019-11-05,57.082452431289646,54.1014799154334
2019-11-06,59.61945031712473,54.48202959830867
2019-11-07,60.887949260042284,55.13742071881607
2019-11-08,61.31078224101479,55.919661733615214
2019-11-11,61.52219873150106,56.913319238900634
2019-11-12,61.94503171247357,58.01268498942918
2019-11-13,62.36786469344609,59.06976744186047
2019-11-14,63.424947145877375,60.06342494714588
2019-11-15,64.69344608879493,60.93023255813953
2019-11-18,65.3276955602537,61.81818181818181
2019-11-19,67.23044397463002,62.83298097251585
2019-11-20,68.28752642706131,63.699788583509516
2019-11-21,69.3446088794926,64.54545454545455
2019-11-22,69.3446088794926,65.34883720930233
2019-11-25,69.76744186046511,66.17336152219873
2019-11-26,70.19027484143763,66.99788583509513
2019-11-27,69.83122362869199,67.74422172861972
2019-11-29,70.46413502109705,68.44814051614169
2019-12-02,70.88607594936708,69.06740350219891
2019-12-03,70.88607594936708,69.62324154111025
2019-12-04,71.30801687763713,70.03099883141097
2019-12-05,70.46413502109705,70.24865969081453
2019-12-06,70.67510548523207,70.38170935138848
2019-12-09,70.88607594936708,70.53585605837593
2019-12-10,72.57383966244726,70.81649583857413
2019-12-11,73.41772151898735,71.13924050632912
2019-12-12,73.20675105485233,71.47679324894514
2019-12-13,73.41772151898735,71.77215189873418
2019-12-16,74.0506329113924,72.0886075949367
2019-12-17,74.89451476793249,72.48945147679326
2019-12-18,74.26160337552743,72.78481012658227
2019-12-19,73.83966244725738,73.12236286919831
2019-12-20,74.68354430379746,73.52320675105486
2019-12-23,74.89451476793249,73.92405063291139
2019-12-24,75.31645569620254,74.19831223628692
2019-12-26,76.58227848101265,74.51476793248945
2019-12-27,77.21518987341773,74.915611814346
2019-12-30,77.21518987341773,75.29535864978902
2019-12-31,77.42616033755274,75.63291139240508
2020-01-02,77.21518987341773,75.86497890295358
2020-01-03,78.69198312236287,76.30801687763713
2020-01-06,79.11392405063292,76.83544303797468
2020-01-07,79.11392405063292,77.27848101265823
2020-01-08,79.32489451476793,77.72151898734178
2020-01-09,79.53586497890295,78.14345991561183
2020-01-10,79.957805907173,78.48101265822785
2020-01-13,79.957805907173,78.75527426160338
2020-01-14,78.90295358649789,78.92405063291139
2020-01-15,80.16877637130801,79.19831223628691
2020-01-16,80.37974683544303,79.51476793248945
2020-01-17,80.80168776371308,79.72573839662448
2020-01-21,80.37974683544303,79.85232067510549
2020-01-22,80.80168776371308,80.0210970464135
2020-01-23,80.59071729957806,80.14767932489451
2020-01-24,80.16877637130801,80.21097046413502
2020-01-27,79.957805907173,80.21097046413502
2020-01-28,80.37974683544303,80.25316455696202
2020-01-29,80.16877637130801,80.37974683544304
2020-01-30,79.957805907173,80.35864978902954
2020-01-31,77.84810126582279,80.10548523206751
2020-02-03,75.9493670886076,79.62025316455697
2020-02-04,74.47257383966245,79.0295358649789
2020-02-05,73.41772151898735,78.29113924050633
2020-02-06,73.20675105485233,77.55274261603375
2020-02-07,72.15189873417721,76.75105485232066
2020-02-10,72.15189873417721,75.9704641350211
2020-02-11,71.94092827004219,75.12658227848101
2020-02-12,71.94092827004219,74.30379746835442
2020-02-13,71.09704641350211,73.41772151898735
2020-02-14,69.83122362869199,72.61603375527427
2020-02-18,68.56540084388185,71.87763713080167
2020-02-19,66.45569620253164,71.07594936708861
2020-02-20,64.34599156118144,70.16877637130801
2020-02-21,63.71308016877637,69.21940928270041
2020-02-24,60.75949367088608,68.08016877637131
2020-02-25,58.016877637130804,66.66666666666666
2020-02-26,57.59493670886076,65.23206751054853
2020-02-27,54.85232067510548,63.52320675105484
2020-02-28,52.53164556962025,61.666666666666664
2020-03-02,50.210970464135016,59.70464135021096
2020-03-03,48.10126582278481,57.658227848101276
2020-03-04,47.46835443037975,55.75949367088608
2020-03-05,43.67088607594937,53.69198312236286
2020-03-06,40.50632911392405,51.37130801687763
2020-03-09,36.49789029535865,48.9451476793249
2020-03-10,31.856540084388186,46.32911392405063
2020-03-11,27.21518987341772,43.291139240506325
2020-03-12,21.308016877637133,39.936708860759495
2020-03-13,17.29957805907173,36.413502109704645
2020-03-16,12.447257383966246,32.63713080168777
2020-03-17,8.649789029535865,28.69198312236287
2020-03-18,6.5400843881856545,24.599156118143462
2020-03-19,5.274261603375527,20.759493670886076
2020-03-20,4.219409282700422,17.130801687763714
2020-03-23,3.1645569620253164,13.797468354430382
2020-03-24,2.9535864978902953,10.90717299578059
2020-03-25,2.5316455696202533,8.438818565400844
2020-03-26,2.109704641350211,6.518987341772153
2020-03-27,1.89873417721519,4.978902953586498
2020-03-30,2.109704641350211,3.9451476793248945
2020-03-31,2.320675105485232,3.3122362869198314
2020-04-01,2.320675105485232,2.8902953586497886
2020-04-02,2.109704641350211,2.5738396624472575
2020-04-03,2.109704641350211,2.3628691983122367
2020-04-06,2.109704641350211,2.257383966244726
2020-04-07,2.109704641350211,2.1729957805907176
2020-04-08,2.320675105485232,2.151898734177215
2020-04-09,2.7426160337552745,2.2151898734177218
2020-04-13,2.9535864978902953,2.320675105485232
2020-04-14,2.9535864978902953,2.4050632911392404
2020-04-15,3.5864978902953584,2.5316455696202533
2020-04-16,4.852320675105485,2.7848101265822782
2020-04-17,5.485232067510549,3.1223628691983123
2020-04-20,7.383966244725738,3.6497890295358646
2020-04-21,9.071729957805907,4.345991561181435
2020-04-22,10.337552742616033,5.1687763713080175
2020-04-23,15.400843881856542,6.476793248945148
2020-04-24,18.776371308016877,8.080168776371309
2020-04-27,22.151898734177212,10.0
2020-04-28,26.160337552742618,12.320675105485233
2020-04-29,31.223628691983123,15.08438818565401
2020-04-30,36.91983122362869,18.29113924050633
2020-05-01,46.835443037974684,22.426160337552744
2020-05-04,52.95358649789029,26.9831223628692
2020-05-05,60.970464135021096,32.17299578059071
2020-05-06,68.35443037974683,37.9746835443038
2020-05-07,72.36286919831224,43.67088607594937
2020-05-08,75.31645569620254,49.324894514767934
2020-05-11,75.52742616033755,54.662447257383974
2020-05-12,76.79324894514767,59.72573839662448
2020-05-13,78.69198312236287,64.47257383966245
2020-05-14,81.0126582278481,68.88185654008439
2020-05-15,83.33333333333334,72.53164556962025
2020-05-18,84.59915611814345,75.69620253164558
2020-05-19,86.07594936708861,78.20675105485233
2020-05-20,87.34177215189874,80.10548523206751
2020-05-21,88.81856540084388,81.75105485232068
2020-05-22,88.81856540084388,83.10126582278481
2020-05-26,90.50632911392405,84.59915611814345
2020-05-27,89.87341772151899,85.9071729957806
2020-05-28,89.45147679324894,86.9831223628692
2020-05-29,88.23529411764706,87.7053859518491
2020-06-01,86.34453781512606,88.00650640002837
2020-06-02,85.71428571428571,88.1180193596426
2020-06-03,85.08403361344537,88.01882778427827
2020-06-04,85.92436974789915,87.87708754387832
2020-06-05,87.81512605042016,87.77674360883593
2020-06-08,90.54621848739495,87.94950891749104
2020-06-09,91.38655462184873,88.0375314682835
2020-06-10,92.22689075630252,88.27287877176187
2020-06-11,92.01680672268907,88.52941176470588
2020-06-12,91.38655462184873,88.84453781512605
2020-06-15,90.96638655462185,89.30672268907563
2020-06-16,91.59663865546219,89.89495798319328
2020-06-17,92.43697478991596,90.63025210084034
2020-06-18,92.85714285714286,91.3235294117647
2020-06-19,92.64705882352942,91.80672268907563
2020-06-22,92.85714285714286,92.03781512605042
2020-06-23,93.0672268907563,92.20588235294119
2020-06-24,92.85714285714286,92.26890756302521
2020-06-25,92.85714285714286,92.35294117647058
2020-06-26,92.85714285714286,92.5
2020-06-29,91.59663865546219,92.56302521008404
2020-06-30,90.75630252100841,92.47899159663866
2020-07-01,90.33613445378151,92.26890756302521
2020-07-02,88.65546218487394,91.84873949579833
2020-07-06,86.34453781512606,91.21848739495798
2020-07-07,83.61344537815127,90.29411764705883
2020-07-08,79.41176470588235,88.92857142857142
2020-07-09,73.94957983193278,87.03781512605043
2020-07-10,71.63865546218487,84.91596638655463
2020-07-13,70.7983193277311,82.71008403361344
2020-07-14,71.42857142857143,80.69327731092437
2020-07-15,71.00840336134453,78.71848739495798
2020-07-16,68.90756302521008,76.57563025210084
2020-07-17,67.85714285714286,74.49579831932773
2020-07-20,65.54621848739495,72.41596638655463
2020-07-21,64.49579831932773,70.50420168067227
2020-07-22,64.70588235294117,69.03361344537817
2020-07-23,64.28571428571429,68.0672268907563
2020-07-24,64.91596638655463,67.39495798319328
2020-07-27,64.07563025210085,66.72268907563026
2020-07-28,66.17647058823529,66.19747899159664
2020-07-29,67.22689075630252,65.81932773109244
2020-07-30,67.01680672268907,65.63025210084035
2020-07-31,66.59663865546219,65.50420168067227
2020-08-03,66.59663865546219,65.609243697479
2020-08-04,66.38655462184873,65.7983193277311
2020-08-05,68.0672268907563,66.1344537815126
2020-08-06,68.69747899159664,66.57563025210085
2020-08-07,69.9579831932773,67.0798319327731
2020-08-10,69.9579831932773,67.66806722689076
2020-08-11,72.89915966386555,68.34033613445378
2020-08-12,73.52941176470588,68.97058823529412
2020-08-13,75.42016806722688,69.81092436974788
2020-08-14,76.68067226890757,70.81932773109244
2020-08-17,78.57142857142857,72.01680672268907
2020-08-18,79.62184873949579,73.34033613445379
2020-08-19,81.09243697478992,74.64285714285714
2020-08-20,81.30252100840336,75.9033613445378
2020-08-21,80.0420168067227,76.91176470588235
2020-08-24,79.83193277310924,77.89915966386555
2020-08-25,80.46218487394958,78.65546218487395
2020-08-26,81.72268907563026,79.4747899159664
2020-08-27,81.30252100840336,80.06302521008404
2020-08-28,81.30252100840336,80.5252100840336
2020-08-31,82.35294117647058,80.90336134453781
2020-09-01,81.5126050420168,81.09243697478992
2020-09-02,82.14285714285714,81.19747899159664
2020-09-03,81.5126050420168,81.21848739495798
2020-09-04,80.67226890756302,81.28151260504201
2020-09-08,79.41176470588235,81.23949579831933
2020-09-09,77.94117647058823,80.98739495798318
2020-09-10,77.73109243697479,80.58823529411765
2020-09-11,76.26050420168067,80.08403361344537
2020-09-14,73.94957983193278,79.34873949579833
2020-09-15,73.31932773109243,78.4453781512605
2020-09-16,71.00840336134453,77.39495798319328
2020-09-17,69.53781512605042,76.1344537815126
2020-09-18,68.4873949579832,74.83193277310923
2020-09-21,67.22689075630252,73.48739495798318
2020-09-22,64.70588235294117,72.01680672268908
2020-09-23,62.18487394957983,70.44117647058823
2020-09-24,60.29411764705882,68.69747899159663
2020-09-25,58.40336134453782,66.91176470588235
2020-09-28,56.51260504201681,65.16806722689077
2020-09-29,53.36134453781513,63.17226890756302
2020-09-30,51.470588235294116,61.21848739495798
2020-10-01,49.159663865546214,59.180672268907564
2020-10-02,45.588235294117645,56.89075630252101
2020-10-05,44.957983193277315,54.66386554621848
2020-10-06,44.747899159663866,52.668067226890756
2020-10-07,44.747899159663866,50.92436974789916
2020-10-08,45.168067226890756,49.411764705882355
2020-10-09,46.008403361344534,48.17226890756302
2020-10-12,48.739495798319325,47.39495798319327
2020-10-13,49.36974789915966,46.99579831932773
2020-10-14,49.159663865546214,46.76470588235294
2020-10-15,48.94957983193277,46.74369747899159
2020-10-16,50.21008403361344,47.205882352941174
2020-10-19,51.68067226890757,47.8781512605042
2020-10-20,55.04201680672269,48.90756302521008
2020-10-21,58.82352941176471,50.31512605042017
2020-10-22,62.60504201680672,52.05882352941177
2020-10-23,63.86554621848739,53.844537815126046
2020-10-26,66.17647058823529,55.588235294117645
2020-10-27,68.0672268907563,57.457983193277315
2020-10-28,67.43697478991596,59.28571428571428
2020-10-29,66.38655462184873,61.02941176470588
2020-10-30,67.01680672268907,62.710084033613455
2020-11-02,66.17647058823529,64.15966386554621
2020-11-03,64.70588235294117,65.12605042016807
2020-11-04,66.59663865546219,65.90336134453781
2020-11-05,67.01680672268907,66.34453781512605
2020-11-06,66.59663865546219,66.61764705882352
2020-11-09,65.96638655462185,66.59663865546219
2020-11-10,66.17647058823529,66.40756302521008
2020-11-11,67.85714285714286,66.44957983193277
2020-11-12,69.32773109243698,66.7436974789916
2020-11-13,70.7983193277311,67.12184873949579
2020-11-16,70.58823529411765,67.56302521008404
2020-11-17,72.26890756302521,68.31932773109244
2020-11-18,73.73949579831933,69.03361344537817
2020-11-19,76.05042016806722,69.93697478991596
2020-11-20,76.47058823529412,70.92436974789916
2020-11-23,76.68067226890757,71.99579831932773
2020-11-24,77.73109243697479,73.15126050420169
2020-11-25,78.78151260504201,74.2436974789916
2020-11-27,80.0420168067227,75.31512605042016
2020-11-30,82.14285714285714,76.44957983193277
2020-12-01,82.77310924369748,77.66806722689076
2020-12-02,84.66386554621849,78.90756302521008
2020-12-03,84.24369747899159,79.95798319327731
2020-12-04,84.03361344537815,80.75630252100841
2020-12-07,82.98319327731093,81.40756302521008
2020-12-08,82.14285714285714,81.95378151260505
2020-12-09,81.76100628930818,82.35677289783838
2020-12-10,81.76100628930818,82.654722266265
2020-12-11,80.50314465408806,82.70083505100153
2020-12-14,80.083857442348,82.49493508095063
2020-12-15,80.083857442348,82.22600990081568
2020-12-16,79.66457023060796,81.72608036925462
2020-12-17,79.66457023060796,81.26816764441625
2020-12-18,80.29350104821803,80.89415640470024
2020-12-21,80.71278825995807,80.66711590296497
2020-12-22,80.50314465408806,80.50314465408806
2020-12-23,80.92243186582809,80.41928721174006
2020-12-24,80.92243186582809,80.33542976939204
2020-12-28,80.50314465408806,80.33542976939204
2020-12-29,81.13207547169812,80.44025157232704
2020-12-30,82.18029350104821,80.64989517819706
2020-12-31,81.34171907756813,80.81761006289307
2021-01-04,80.92243186582809,80.94339622641509
2021-01-05,81.34171907756813,81.04821802935011
2021-01-06,81.76100628930818,81.15303983228512
2021-01-07,82.18029350104821,81.32075471698113
2021-01-08,81.9706498951782,81.42557651991613
2021-01-11,81.13207547169812,81.44654088050314
2021-01-12,79.66457023060796,81.36268343815513
2021-01-13,79.45492662473794,81.19496855345912
2021-01-14,79.24528301886792,80.90146750524109
2021-01-15,77.9874213836478,80.56603773584905
2021-01-19,78.40670859538784,80.31446540880503
2021-01-20,77.14884696016772,79.89517819706498
2021-01-21,76.72955974842768,79.39203354297693
2021-01-22,76.31027253668763,78.80503144654088
2021-01-25,76.31027253668763,78.23899371069183
2021-01-26,76.51991614255765,77.77777777777777
2021-01-27,75.26205450733752,77.33752620545073
2021-01-28,73.16561844863732,76.70859538784067
2021-01-29,72.95597484276729,76.0796645702306
2021-02-01,72.11740041928721,75.49266247379455
2021-02-02,71.27882599580713,74.77987421383648
2021-02-03,71.9077568134172,74.25576519916143
2021-02-04,71.69811320754717,73.75262054507337
2021-02-05,70.64989517819707,73.18658280922432
2021-02-08,70.020964360587,72.55765199161425
2021-02-09,68.34381551362684,71.74004192872118
2021-02-10,66.87631027253668,70.90146750524109
2021-02-11,65.82809224318659,70.16771488469601
2021-02-12,65.61844863731656,69.43396226415094
2021-02-16,64.57023060796647,68.67924528301887
2021-02-17,63.731656184486376,67.9245283018868
2021-02-18,64.77987421383648,67.21174004192872
2021-02-19,64.15094339622641,66.45702306079664
2021-02-22,64.01673640167364,65.7937071831443
2021-02-23,63.67432150313152,65.15904289739876
2021-02-24,64.71816283924844,64.79647762996092
2021-02-25,64.50939457202504,64.55978605990975
2021-02-26,64.30062630480167,64.40703946607127
2021-03-01,65.1356993736952,64.35876453970911
2021-03-02,66.59707724425887,64.56144920333836
2021-03-03,66.38830897703549,64.82711448259327
2021-03-04,65.1356993736952,64.86269699857914
2021-03-05,65.97077244258872,65.04467990321538
2021-03-08,65.76200417536533,65.21920668058455
2021-03-09,65.34446764091858,65.38622129436325
2021-03-10,65.34446764091858,65.44885177453027
2021-03-11,64.09185803757829,65.4070981210856
2021-03-12,63.88308977035491,65.36534446764092
2021-03-15,64.30062630480167,65.28183716075156
2021-03-16,64.30062630480167,65.05219206680584
2021-03-17,64.50939457202504,64.8643006263048
2021-03-18,64.92693110647181,64.84342379958245
2021-03-19,65.1356993736952,64.75991649269311
2021-03-22,65.34446764091858,64.71816283924844
2021-03-23,65.76200417536533,64.75991649269312
2021-03-24,65.97077244258872,64.82254697286012
2021-03-25,66.17954070981212,65.0313152400835
2021-03-26,68.4759916492693,65.49060542797494
2021-03-29,70.56367432150313,66.11691022964509
2021-03-30,71.60751565762004,66.84759916492693
2021-03-31,72.86012526096033,67.68267223382045
2021-04-01,74.94780793319416,68.68475991649268
2021-04-05,77.66179540709813,69.93736951983298
2021-04-06,79.74947807933194,71.37787056367432
2021-04-07,81.21085594989562,72.92275574112735
2021-04-08,82.04592901878914,74.53027139874739
2021-04-09,82.4634655532359,76.15866388308976
2021-04-12,82.4634655532359,77.55741127348642
2021-04-13,82.88100208768267,78.7891440501044
2021-04-14,82.6722338204593,79.89561586638831
2021-04-15,82.6722338204593,80.87682672233821
2021-04-16,83.08977035490605,81.6910229645094
2021-04-19,84.75991649269311,82.40083507306889
2021-04-20,85.17745302713988,82.94363256784969
2021-04-21,86.22129436325679,83.4446764091858
2021-04-22,86.45833333333334,83.88591684064022
2021-04-23,87.29166666666667,84.36873695198331
2021-04-26,89.58333333333334,85.08072372999304
2021-04-27,90.20833333333333,85.81345685455811
2021-04-28,90.20833333333333,86.56706680584551
2021-04-29,90.0,87.29984342379959
2021-04-30,90.20833333333333,88.01169972164232
2021-05-03,89.79166666666667,88.51487473903967
2021-05-04,90.0,88.99712943632568
2021-05-05,90.0,89.375
2021-05-06,90.20833333333333,89.75
2021-05-07,89.16666666666667,89.9375
2021-05-10,89.16666666666667,89.89583333333334
2021-05-11,89.16666666666667,89.79166666666667
2021-05-12,88.33333333333333,89.60416666666666
2021-05-13,87.70833333333333,89.375
2021-05-14,86.04166666666667,88.95833333333334
2021-05-17,83.54166666666667,88.33333333333333
2021-05-18,82.29166666666666,87.5625
2021-05-19,82.08333333333333,86.77083333333333
2021-05-20,81.25,85.875
2021-05-21,80.41666666666667,85.0
2021-05-24,78.54166666666667,83.9375
2021-05-25,77.29166666666667,82.75
2021-05-26,75.41666666666667,81.45833333333334
2021-05-27,74.16666666666667,80.10416666666666
2021-05-28,73.125,78.8125
2021-06-01,72.70833333333333,77.72916666666666
2021-06-02,72.08333333333333,76.70833333333333
2021-06-03,70.20833333333333,75.52083333333334
2021-06-04,69.58333333333333,74.35416666666667
2021-06-07,68.54166666666667,73.16666666666666
2021-06-08,67.70833333333334,72.08333333333334
2021-06-09,66.45833333333333,71.0
2021-06-10,65.20833333333333,69.97916666666666
2021-06-11,65.41666666666667,69.10416666666667
2021-06-14,66.875,68.47916666666667
2021-06-15,67.29166666666667,67.9375
2021-06-16,66.45833333333333,67.375
2021-06-17,66.25,66.97916666666667
2021-06-18,66.04166666666667,66.625
2021-06-21,63.74999999999999,66.14583333333334
2021-06-22,62.083333333333336,65.58333333333333
2021-06-23,60.2910602910603,64.96660602910603
2021-06-24,59.33609958506224,64.37938265427893
2021-06-25,59.54356846473029,63.792072834085275
2021-06-28,58.713692946058096,62.97594212869109
2021-06-29,57.676348547717836,62.0144103167962
2021-06-30,55.3941908713693,60.9079960705998
2021-07-01,55.3941908713693,59.82241515773673
2021-07-02,55.18672199170125,58.7369206902402
2021-07-06,53.52697095435685,57.71461778567588
2021-07-07,53.3195020746888,56.83823465981142
2021-07-08,53.3195020746888,56.141078838174266
2021-07-09,51.65975103734441,55.37344398340249
2021-07-12,50.4149377593361,54.46058091286308
2021-07-13,48.7551867219917,53.46473029045643
2021-07-14,48.3402489626556,52.531120331950206
2021-07-15,48.13278008298755,51.80497925311204
2021-07-16,48.13278008298755,51.078838174273855
2021-07-19,47.30290456431535,50.290456431535276
2021-07-20,49.37759336099585,49.87551867219917
2021-07-21,50.20746887966805,49.56431535269709
2021-07-22,50.829875518672196,49.315352697095435
2021-07-23,50.20746887966805,49.1701244813278
2021-07-26,50.4149377593361,49.1701244813278
2021-07-27,50.62240663900415,49.35684647302905
2021-07-28,51.65975103734441,49.68879668049793
2021-07-29,52.282157676348554,50.10373443983403
2021-07-30,53.941908713692946,50.684647302904565
2021-08-02,53.7344398340249,51.327800829875514
2021-08-03,53.941908713692946,51.78423236514523
2021-08-04,55.601659751037346,52.323651452282164
2021-08-05,57.05394190871369,52.946058091286304
2021-08-06,57.26141078838174,53.65145228215768
2021-08-09,57.676348547717836,54.37759336099585
2021-08-10,57.46887966804979,55.06224066390041
2021-08-11,58.09128630705395,55.70539419087137
2021-08-12,59.75103734439834,56.45228215767635
2021-08-13,60.58091286307054,57.11618257261411
2021-08-16,60.99585062240664,57.84232365145228
2021-08-17,63.69294605809128,58.81742738589212
2021-08-18,64.93775933609959,59.75103734439834
2021-08-19,65.14522821576763,60.560165975103736
2021-08-20,66.39004149377593,61.473029045643145
2021-08-23,67.21991701244814,62.427385892116185
2021-08-24,67.84232365145229,63.46473029045643
2021-08-25,68.67219917012449,64.52282157676348
2021-08-26,69.08713692946058,65.45643153526972
2021-08-27,68.87966804979253,66.28630705394191
2021-08-30,68.25726141078839,67.01244813278008
2021-08-31,67.63485477178423,67.40663900414937
2021-09-01,68.25726141078839,67.73858921161825
2021-09-02,69.91701244813278,68.21576763485477
2021-09-03,70.74688796680498,68.65145228215768
2021-09-07,70.53941908713693,68.98340248962657
2021-09-08,70.12448132780082,69.21161825726142
2021-09-09,69.29460580912863,69.27385892116183
2021-09-10,67.84232365145229,69.149377593361
2021-09-13,66.59751037344398,68.92116182572616
2021-09-14,65.56016597510373,68.65145228215768
2021-09-15,64.31535269709543,68.3195020746888
2021-09-16,64.73029045643153,67.96680497925311
2021-09-17,63.90041493775933,67.36514522821577
2021-09-20,62.863070539419084,66.57676348547717
2021-09-21,61.82572614107884,65.70539419087136
2021-09-22,61.82572614107884,64.87551867219916
2021-09-23,61.41078838174274,64.08713692946057
2021-09-24,58.298755186722,63.13278008298755
2021-09-27,55.601659751037346,62.03319502074688
2021-09-28,53.7344398340249,60.850622406639005
2021-09-29,52.282157676348554,59.64730290456432
2021-09-30,49.79253112033195,58.15352697095435
2021-10-01,48.54771784232365,56.61825726141078
2021-10-04,44.60580912863071,54.79253112033196
2021-10-05,41.49377593360996,52.75933609958506
2021-10-06,38.796680497925315,50.456431535269715
2021-10-07,37.47412008281574,48.06276470537701
2021-10-08,35.81780538302277,45.814669725007086
2021-10-11,36.231884057971016,43.87769215570046
2021-10-12,35.61076604554865,42.06532477685283
2021-10-13,33.95445134575569,40.23255414379354
2021-10-14,33.33333333333333,38.58663436509368
2021-10-15,33.126293995859214,37.04449198044723
2021-10-18,34.57556935817806,36.041468003401974
2021-10-19,36.231884057971016,35.51527881583808
2021-10-20,38.71635610766045,35.507246376811594
2021-10-21,41.40786749482402,35.90062111801242
2021-10-22,43.064182194616976,36.625258799171846
2021-10-25,43.68530020703933,37.37060041407868
2021-10-26,45.3416149068323,38.34368530020704
2021-10-27,46.99792960662526,39.648033126293996
2021-10-28,47.61904761904761,41.076604554865426
2021-10-29,50.931677018633536,42.857142857142854
2021-11-01,53.002070393374744,44.69979296066252
2021-11-02,55.072463768115945,46.58385093167702
2021-11-03,58.59213250517599,48.57142857142857
2021-11-04,61.904761904761905,50.621118012422365
2021-11-05,64.38923395445134,52.7536231884058
2021-11-08,66.45962732919256,55.03105590062112
2021-11-09,69.35817805383023,57.432712215320905
2021-11-10,71.01449275362319,59.83436853002071
2021-11-11,73.08488612836439,62.38095238095239
2021-11-12,74.53416149068323,64.74120082815736
2021-11-15,76.81159420289855,67.12215320910973
2021-11-16,77.4327122153209,69.35817805383023
2021-11-17,78.26086956521739,71.32505175983437
2021-11-18,77.4327122153209,72.87784679089027
2021-11-19,77.01863354037268,74.1407867494824
2021-11-22,77.4327122153209,75.23809523809524
2021-11-23,77.01863354037268,76.00414078674949
2021-11-24,76.81159420289855,76.583850931677
2021-11-26,76.60455486542443,76.93581780538302
2021-11-29,76.81159420289855,77.16356107660455
2021-11-30,74.32712215320912,76.91511387163561
2021-12-01,72.04968944099379,76.3768115942029
2021-12-02,69.97929606625259,75.54865424430642
2021-12-03,68.32298136645963,74.63768115942028
2021-12-06,67.49482401656314,73.68530020703933
2021-12-07,66.25258799171843,72.56728778467908
2021-12-08,63.975155279503106,71.26293995859213
2021-12-09,62.939958592132506,69.87577639751552
2021-12-10,62.11180124223602,68.4265010351967
2021-12-13,59.8343685300207,66.72877846790891
2021-12-14,57.34989648033127,65.03105590062111
2021-12-15,55.072463768115945,63.333333333333336
2021-12-16,52.38095238095239,61.573498964803306
2021-12-17,50.31055900621118,59.77225672877847
2021-12-20,49.896480331262936,58.01242236024846
2021-12-21,48.4472049689441,56.23188405797102
2021-12-22,46.16977225672878,54.45134575569358
2021-12-23,45.54865424430642,52.71221532091097
2021-12-27,44.927536231884055,50.993788819875775
2021-12-28,45.75569358178054,49.58592132505176
2021-12-29,47.4120082815735,48.59213250517598
2021-12-30,51.13871635610766,48.19875776397516
2021-12-31,54.865424430641816,48.44720496894409
2022-01-03,56.7287784679089,49.08902691511387
2022-01-04,57.971014492753625,49.896480331262936
2022-01-05,60.041407867494826,51.05590062111801
2022-01-06,60.66252587991718,52.50517598343686
2022-01-07,61.49068322981367,54.09937888198758
2022-01-10,62.732919254658384,55.87991718426501
2022-01-11,62.939958592132506,57.59834368530021
2022-01-12,63.975155279503106,59.25465838509316
2022-01-13,64.80331262939958,60.62111801242237
2022-01-14,65.0103519668737,61.63561076604556
2022-01-18,64.80331262939958,62.44306418219462
2022-01-19,66.0455486542443,63.250517598343684
2022-01-20,67.49482401656314,63.99585921325051
2022-01-21,66.25258799171843,64.55486542443063
2022-01-24,64.18219461697723,64.824016563147
2022-01-25,61.904761904761905,64.74120082815735
2022-01-26,60.24844720496895,64.472049689441
2022-01-27,56.52173913043478,63.726708074534166
2022-01-28,54.037267080745345,62.65010351966873
2022-01-31,52.17391304347826,61.366459627329185
2022-02-01,50.31055900621118,59.91718426501035
2022-02-02,49.275362318840585,58.240165631469985
2022-02-03,47.82608695652174,56.27329192546584
2022-02-04,45.3416149068323,54.18219461697722
2022-02-07,44.099378881987576,52.173913043478265
2022-02-08,42.44306418219462,50.227743271221534
2022-02-09,41.40786749482402,48.34368530020704
2022-02-10,40.57971014492754,46.74948240165632
2022-02-11,38.71635610766045,45.21739130434783
2022-02-14,36.85300207039337,43.68530020703933
2022-02-15,35.40372670807454,42.19461697722567
2022-02-16,34.57556935817806,40.72463768115942
2022-02-17,34.57556935817806,39.399585921325055
2022-02-18,33.126293995859214,38.17805383022774
2022-02-22,32.71221532091098,37.03933747412009
2022-02-23,31.67701863354037,35.96273291925466
2022-02-24,31.67701863354037,34.9896480331263
2022-02-25,33.33333333333333,34.26501035196687
2022-02-28,34.78260869565217,33.87163561076605
2022-03-01,34.57556935817806,33.643892339544514
2022-03-02,33.74741200828157,33.47826086956522
2022-03-03,33.54037267080746,33.374741200828154
2022-03-04,33.126293995859214,33.22981366459628
2022-03-07,32.298136645962735,33.14699792960663
2022-03-08,31.469979296066253,33.02277432712215
2022-03-09,31.469979296066253,33.002070393374744
2022-03-10,31.262939958592135,32.96066252587992
2022-03-11,29.39958592132505,32.56728778467909
2022-03-14,28.985507246376812,31.98757763975155
2022-03-15,28.36438923395445,31.366459627329192
2022-03-16,28.985507246376812,30.890269151138718
2022-03-17,29.81366459627329,30.5175983436853
2022-03-18,31.262939958592135,30.331262939958595
2022-03-21,33.126293995859214,30.414078674948247
2022-03-22,34.161490683229815,30.683229813664592
2022-03-23,35.40372670807454,31.076604554865423
2022-03-24,39.33747412008282,31.884057971014492
2022-03-25,41.61490683229814,33.1055900621118
2022-03-28,43.064182194616976,34.51345755693582
2022-03-29,44.927536231884055,36.169772256728784
2022-03-30,47.72727272727273,38.04394880481837
2022-03-31,47.93388429752066,39.8559707749431
2022-04-01,49.586776859504134,41.6883544650343
2022-04-04,50.82644628099173,43.45836969354757
2022-04-05,53.099173553719005,45.35213798059648
2022-04-06,55.371900826446286,47.34895539243365
2022-04-07,55.99173553719008,49.01438153414438
2022-04-08,58.057851239669425,50.65867597488151
2022-04-11,60.12396694214877,52.36465444963469
2022-04-12,63.63636363636363,54.23553719008264
2022-04-13,66.11570247933885,56.074380165289256
2022-04-14,66.73553719008265,57.95454545454546
2022-04-18,66.32231404958677,59.62809917355371
2022-04-19,66.73553719008265,61.21900826446281
2022-04-20,66.73553719008265,62.58264462809918
2022-04-21,66.52892561983471,63.69834710743802
2022-04-22,67.35537190082644,64.83471074380165
2022-04-25,66.11570247933885,65.64049586776859
2022-04-26,64.25619834710744,66.05371900826447
2022-04-27,63.01652892561983,65.99173553719008
2022-04-28,61.77685950413223,65.55785123966942
2022-04-29,59.09090909090909,64.79338842975207
2022-05-02,56.19834710743802,63.7809917355372
2022-05-03,54.958677685950406,62.603305785123965
2022-05-04,52.892561983471076,61.21900826446282
2022-05-05,51.03305785123967,59.6694214876033
2022-05-06,48.34710743801653,57.768595041322314
2022-05-09,45.24793388429752,55.68181818181817
2022-05-10,41.52892561983471,53.409090909090914
2022-05-11,36.98347107438016,50.80578512396694
2022-05-12,34.710743801652896,48.09917355371901
2022-05-13,32.231404958677686,45.413223140495866
2022-05-16,30.991735537190085,42.892561983471076
2022-05-17,28.512396694214875,40.247933884297524
2022-05-18,25.826446280991732,37.54132231404959
2022-05-19,21.694214876033058,34.607438016528924
2022-05-20,19.214876033057852,31.69421487603306
2022-05-23,19.00826446280992,29.070247933884296
2022-05-24,18.181818181818183,26.735537190082646
2022-05-25,17.148760330578515,24.75206611570248
2022-05-26,16.735537190082646,22.954545454545457
2022-05-27,16.528925619834713,21.384297520661157
2022-05-31,16.94214876033058,19.979338842975206
2022-06-01,17.148760330578515,18.84297520661157
2022-06-02,17.97520661157025,18.057851239669425
2022-06-03,17.768595041322314,17.66528925619835
2022-06-06,18.801652892561986,17.623966942148762
2022-06-07,19.214876033057852,17.644628099173552
2022-06-08,20.454545454545457,17.871900826446282
2022-06-09,21.280991735537192,18.285123966942148
2022-06-10,22.727272727272727,18.884297520661157
2022-06-13,22.520661157024794,19.48347107438017
2022-06-14,21.280991735537192,19.91735537190083
2022-06-15,21.074380165289256,20.3099173553719
2022-06-16,19.62809917355372,20.47520661157025
2022-06-17,19.00826446280992,20.59917355371901
2022-06-21,19.214876033057852,20.640495867768596
2022-06-22,19.62809917355372,20.68181818181818
2022-06-23,19.00826446280992,20.53719008264463
2022-06-24,18.59504132231405,20.268595041322317
2022-06-27,19.421487603305785,19.93801652892562
2022-06-28,16.735537190082646,19.359504132231404
2022-06-29,15.082644628099173,18.739669421487605
2022-06-30,15.082644628099173,18.140495867768596
2022-07-01,14.049586776859504,17.582644628099175
2022-07-05,13.636363636363635,17.045454545454543
2022-07-06,12.190082644628099,16.34297520661157
2022-07-07,12.396694214876034,15.619834710743802
2022-07-08,11.363636363636363,14.855371900826444
2022-07-11,12.603305785123966,14.256198347107437
2022-07-12,13.429752066115702,13.65702479338843
2022-07-13,13.842975206611571,13.367768595041321
2022-07-14,15.495867768595042,13.40909090909091
2022-07-15,17.56198347107438,13.65702479338843
2022-07-18,19.62809917355372,14.214876033057852
2022-07-19,22.520661157024794,15.103305785123968
2022-07-20,26.65289256198347,16.549586776859506
2022-07-21,29.132231404958674,18.223140495867767
2022-07-22,30.991735537190085,20.185950413223143
2022-07-25,32.438016528925615,22.16942148760331
2022-07-26,32.85123966942149,24.111570247933884
2022-07-27,33.88429752066116,26.115702479338843
2022-07-28,35.12396694214876,28.078512396694215
2022-07-29,39.25619834710744,30.24793388429752
2022-08-01,42.97520661157025,32.582644628099175
2022-08-02,47.5206611570248,35.082644628099175
2022-08-03,52.47933884297521,37.66528925619834
2022-08-04,56.19834710743802,40.371900826446286
2022-08-05,60.74380165289256,43.34710743801653
2022-08-08,64.87603305785123,46.590909090909086
2022-08-09,69.62809917355372,50.268595041322314
2022-08-10,73.14049586776859,54.19421487603306
2022-08-11,77.47933884297521,58.429752066115704
2022-08-12,81.61157024793388,62.66528925619834
2022-08-15,84.50413223140497,66.81818181818183
2022-08-16,86.98347107438018,70.76446280991736
2022-08-17,88.84297520661157,74.400826446281
2022-08-18,89.6694214876033,77.74793388429752
2022-08-19,89.87603305785123,80.66115702479338
2022-08-22,90.9090909090909,83.26446280991736
2022-08-23,91.52892561983471,85.45454545454547
2022-08-24,91.73553719008265,87.31404958677686
2022-08-25,91.73553719008265,88.7396694214876
2022-08-26,91.11570247933885,89.6900826446281
2022-08-29,89.87603305785123,90.22727272727272
2022-08-30,89.25619834710744,90.45454545454545
2022-08-31,88.42975206611571,90.41322314049587
2022-09-01,86.98347107438018,90.14462809917356
2022-09-02,85.12396694214877,89.66942148760332
2022-09-06,83.88429752066115,88.96694214876032
2022-09-07,82.23140495867769,88.03719008264463
2022-09-08,81.81818181818183,87.04545454545455
2022-09-09,79.9586776859504,85.86776859504133
2022-09-12,78.099173553719,84.56611570247934
2022-09-13,73.14049586776859,82.89256198347108
2022-09-14,69.21487603305785,80.88842975206612
2022-09-15,62.396694214876035,78.28512396694215
2022-09-16,57.02479338842975,75.2892561983471
2022-09-19,52.066115702479344,71.98347107438016
2022-09-20,46.28099173553719,68.22314049586777
2022-09-21,42.768595041322314,64.27685950413223
2022-09-22,37.60330578512397,59.85537190082645
2022-09-23,32.85123966942149,55.14462809917355
2022-09-26,25.826446280991732,49.917355371900825
2022-09-27,22.31404958677686,44.83471074380166
2022-09-28,18.801652892561986,39.79338842975206
2022-09-29,15.909090909090908,35.14462809917355
2022-09-30,14.46280991735537,30.888429752066116
2022-10-03,13.842975206611571,27.06611570247934
2022-10-04,13.842975206611571,23.822314049586776
2022-10-05,13.842975206611571,20.929752066115704
2022-10-06,13.223140495867769,18.491735537190085
2022-10-07,11.776859504132231,16.384297520661157
2022-10-10,10.537190082644628,14.85537190082645
2022-10-11,9.297520661157025,13.553719008264462
2022-10-12,9.090909090909092,12.582644628099173
2022-10-13,8.47107438016529,11.838842975206612
2022-10-14,7.851239669421488,11.177685950413224
2022-10-17,7.851239669421488,10.578512396694215
2022-10-18,8.264462809917356,10.020661157024794
2022-10-19,7.851239669421488,9.421487603305785
2022-10-20,8.884297520661157,8.987603305785125
2022-10-21,9.50413223140496,8.760330578512399
2022-10-24,11.15702479338843,8.822314049586776
2022-10-25,13.429752066115702,9.235537190082646
2022-10-26,16.115702479338843,9.93801652892562
2022-10-27,19.00826446280992,10.991735537190085
2022-10-28,23.553719008264462,12.561983471074381
2022-10-31,29.75206611570248,14.75206611570248
2022-11-01,34.50413223140496,17.37603305785124
2022-11-02,36.15702479338843,20.206611570247937
2022-11-03,37.1900826446281,23.037190082644628
2022-11-04,39.0495867768595,25.991735537190085
2022-11-07,42.768595041322314,29.15289256198347
2022-11-08,47.31404958677686,32.541322314049594
2022-11-09,51.652892561983464,36.095041322314046
2022-11-10,54.54545454545454,39.64876033057851
2022-11-11,58.47107438016529,43.14049586776859
2022-11-14,62.603305785123965,46.425619834710744
2022-11-15,67.56198347107438,49.731404958677686
2022-11-16,70.66115702479338,53.18181818181817
2022-11-17,72.31404958677686,56.69421487603306
2022-11-18,75.6198347107438,60.35123966942149
2022-11-21,78.099173553719,63.88429752066115
2022-11-22,80.16528925619835,67.1694214876033
2022-11-23,81.81818181818183,70.18595041322314
2022-11-25,83.67768595041323,73.09917355371901
2022-11-28,84.50413223140497,75.70247933884298
2022-11-29,85.12396694214877,77.95454545454545
2022-11-30,86.36363636363636,79.83471074380165
2022-12-01,86.77685950413223,81.44628099173555
2022-12-02,87.19008264462809,82.93388429752066
2022-12-05,88.42975206611571,84.21487603305786
2022-12-06,89.46280991735537,85.35123966942149
2022-12-07,89.87603305785123,86.32231404958678
2022-12-08,90.08264462809917,87.14876033057851
2022-12-09,90.49586776859503,87.83057851239668
2022-12-12,90.08264462809917,88.38842975206612
2022-12-13,89.0495867768595,88.78099173553719
2022-12-14,89.25619834710744,89.0702479338843
2022-12-15,88.42975206611571,89.23553719008264
2022-12-16,87.80991735537191,89.29752066115702
2022-12-19,86.57024793388429,89.11157024793388
2022-12-20,85.12396694214877,88.67768595041323
2022-12-21,83.67768595041323,88.05785123966942
2022-12-22,80.99173553719008,87.14876033057851
2022-12-23,78.71900826446281,85.97107438016529
2022-12-27,75.6198347107438,84.52479338842974
2022-12-28,74.17355371900827,83.03719008264463
2022-12-29,72.10743801652893,81.32231404958678
2022-12-30,67.35537190082644,79.21487603305785
2023-01-03,62.396694214876035,76.67355371900827
2023-01-04,57.85123966942148,73.80165289256199
2023-01-05,53.099173553719005,70.599173553719
2023-01-06,52.892561983471076,67.52066115702479
2023-01-09,50.82644628099173,64.50413223140495
2023-01-10,49.17355371900827,61.549586776859506
2023-01-11,50.6198347107438,59.049586776859506
2023-01-12,48.760330578512395,56.50826446280992
2023-01-13,47.93388429752066,54.090909090909086
2023-01-17,45.04132231404959,51.85950413223141
2023-01-18,43.595041322314046,49.97933884297521
2023-01-19,43.80165289256198,48.574380165289256
2023-01-20,47.107438016528924,47.97520661157024
2023-01-23,47.5206611570248,47.438016528925615
2023-01-24,47.93388429752066,47.14876033057852
2023-01-25,51.2396694214876,47.35537190082645
2023-01-26,55.16528925619835,47.809917355371894
2023-01-27,57.231404958677686,48.65702479338843
2023-01-30,60.33057851239669,49.896694214876035
2023-01-31,62.603305785123965,51.65289256198347
2023-02-01,64.46280991735537,53.7396694214876
2023-02-02,67.76859504132231,56.13636363636364
2023-02-03,69.00826446280992,58.32644628099174
2023-02-06,71.07438016528926,60.68181818181817
2023-02-07,72.10743801652893,63.099173553719005
2023-02-08,72.31404958677686,65.20661157024794
2023-02-09,71.69421487603306,66.85950413223141
2023-02-10,71.900826446281,68.32644628099175
2023-02-13,71.900826446281,69.48347107438016
2023-02-14,71.28099173553719,70.35123966942149
2023-02-15,71.28099173553719,71.03305785123968
2023-02-16,71.69421487603306,71.42561983471074
2023-02-17,72.52066115702479,71.77685950413223
2023-02-21,71.900826446281,71.85950413223141
2023-02-22,70.86776859504133,71.73553719008265
2023-02-23,69.83471074380165,71.48760330578514
2023-02-24,70.24793388429752,71.34297520661157
2023-02-27,68.59504132231406,71.01239669421487
2023-02-28,68.45360824742268,70.66767487432905
2023-03-01,67.62886597938144,70.30246229871348
2023-03-02,65.36082474226804,69.71044559938656
2023-03-03,63.50515463917525,68.89153957570078
2023-03-06,61.44329896907217,67.78380335690551
2023-03-07,58.96907216494846,66.49062792877227
2023-03-08,57.319587628865975,65.13580983215472
2023-03-09,52.98969072164949,63.4513078299395
2023-03-10,48.865979381443296,61.31311237965408
2023-03-13,45.36082474226804,58.98969072164948
2023-03-14,40.41237113402062,56.18556701030927
2023-03-15,35.876288659793815,53.010309278350505
2023-03-16,33.19587628865979,49.79381443298969
2023-03-17,29.27835051546392,46.371134020618555
2023-03-20,28.24742268041237,43.051546391752574
2023-03-21,26.18556701030928,39.77319587628865
2023-03-22,25.773195876288657,36.618556701030926
2023-03-23,24.742268041237114,33.79381443298969
2023-03-24,22.68041237113402,31.17525773195876
2023-03-27,21.855670103092784,28.82474226804124
2023-03-28,23.09278350515464,27.092783505154635
2023-03-29,23.298969072164947,25.835051546391753
2023-03-30,23.505154639175256,24.8659793814433
2023-03-31,23.917525773195877,24.329896907216494
2023-04-03,23.09278350515464,23.814432989690722
2023-04-04,24.123711340206185,23.60824742268041
2023-04-05,25.15463917525773,23.54639175257732
2023-04-06,25.56701030927835,23.628865979381445
2023-04-10,26.5979381443299,24.02061855670103
2023-04-11,29.07216494845361,24.742268041237114
2023-04-12,30.515463917525775,25.48453608247423
2023-04-13,31.1340206185567,26.2680412371134
2023-04-14,33.608247422680414,27.27835051546392
2023-04-17,37.31958762886598,28.61855670103093
2023-04-18,42.06185567010309,30.51546391752578
2023-04-19,44.123711340206185,32.51546391752577
2023-04-20,46.597938144329895,34.65979381443299
2023-04-21,49.896907216494846,37.09278350515464
2023-04-24,54.43298969072165,39.876288659793815
2023-04-25,56.49484536082474,42.618556701030926
2023-04-26,57.938144329896915,45.36082474226804
2023-04-27,59.79381443298969,48.22680412371134
2023-04-28,61.855670103092784,51.05154639175258
2023-05-01,64.3298969072165,53.75257731958764
2023-05-02,64.12371134020619,55.95876288659794
2023-05-03,63.092783505154635,57.85567010309279
2023-05-04,62.2680412371134,59.42268041237113
2023-05-05,63.50515463917525,60.78350515463917
2023-05-08,63.298969072164944,61.670103092783506
2023-05-09,64.12371134020619,62.43298969072165
2023-05-10,64.12371134020619,63.05154639175258
2023-05-11,63.50515463917525,63.42268041237113
2023-05-12,62.47422680412371,63.48453608247422
2023-05-15,62.68041237113402,63.319587628865975
2023-05-16,60.824742268041234,62.98969072164948
2023-05-17,58.55670103092784,62.5360824742268
2023-05-18,57.52577319587628,62.06185567010309
2023-05-19,55.670103092783506,61.27835051546392
2023-05-22,54.63917525773196,60.412371134020624
2023-05-23,52.57731958762887,59.25773195876288
2023-05-24,50.92783505154639,57.93814432989691
2023-05-25,50.51546391752577,56.639175257731964
2023-05-26,49.69072164948454,55.360824742268036
2023-05-30,49.072164948453604,54.0
2023-05-31,45.97938144329897,52.51546391752578
2023-06-01,45.56701030927835,51.21649484536083
2023-06-02,46.391752577319586,50.103092783505154
2023-06-05,45.77319587628866,49.113402061855666
2023-06-06,43.71134020618557,48.02061855670103
2023-06-07,42.47422680412371,47.01030927835051
2023-06-08,40.618556701030926,45.97938144329897
2023-06-09,40.824742268041234,45.01030927835051
2023-06-12,41.23711340206185,44.16494845360825
2023-06-13,43.71134020618557,43.628865979381445
2023-06-14,44.948453608247426,43.52577319587629
2023-06-15,48.24742268041237,43.79381443298969
2023-06-16,48.45360824742268,44.0
2023-06-20,50.103092783505154,44.43298969072165
2023-06-21,50.72164948453608,45.134020618556704
2023-06-22,51.546391752577314,46.04123711340206
2023-06-23,52.57731958762887,47.23711340206186
2023-06-26,54.43298969072165,48.597938144329895
2023-06-27,57.113402061855666,50.18556701030927
2023-06-28,59.381443298969074,51.75257731958764
2023-06-29,63.298969072164944,53.587628865979376
2023-06-30,67.0103092783505,55.4639175257732
2023-07-03,71.1340206185567,57.7319587628866
2023-07-05,71.95876288659794,59.917525773195884
2023-07-06,74.02061855670104,62.24742268041238
2023-07-07,75.25773195876289,64.61855670103093
2023-07-10,75.4639175257732,66.90721649484536
2023-07-11,76.49484536082474,69.11340206185567
2023-07-12,77.11340206185568,71.11340206185568
2023-07-13,79.17525773195877,73.09278350515464
2023-07-14,79.58762886597938,74.72164948453609
2023-07-17,80.45267489711934,76.06588604641297
2023-07-18,80.65843621399176,77.01832760595647
2023-07-19,81.48148148148148,77.97059946544482
2023-07-20,82.09876543209876,78.7784141529846
2023-07-21,83.33333333333334,79.58597429044164
2023-07-24,85.18518518518519,80.55810105638284
2023-07-25,86.0082304526749,81.50943956556786
2023-07-26,86.21399176954732,82.41949853633703
2023-07-27,87.24279835390946,83.2262525985321
2023-07-28,88.47736625514403,84.11522633744855
2023-07-31,90.12345679012346,85.08230452674897
2023-08-01,90.3292181069959,86.04938271604938
2023-08-02,90.12345679012346,86.91358024691358
2023-08-03,90.53497942386831,87.75720164609052
2023-08-04,90.94650205761316,88.51851851851852
2023-08-07,90.94650205761316,89.09465020576133
2023-08-08,88.68312757201646,89.36213991769549
2023-08-09,86.83127572016461,89.4238683127572
2023-08-10,85.39094650205762,89.23868312757202
2023-08-11,83.33333333333334,88.72427983539094
2023-08-14,80.45267489711934,87.75720164609054
2023-08-15,76.5432098765432,86.37860082304528
2023-08-16,73.66255144032921,84.73251028806585
2023-08-17,70.16460905349794,82.6954732510288
2023-08-18,66.46090534979425,80.24691358024691
2023-08-21,63.37448559670782,77.48971193415638
2023-08-22,59.25925925925925,74.54732510288066
2023-08-23,56.37860082304527,71.50205761316872
2023-08-24,52.88065843621399,68.25102880658436
2023-08-25,50.0,64.91769547325103
2023-08-28,47.94238683127572,61.666666666666664
2023-08-29,45.47325102880658,58.559670781893
2023-08-30,43.415637860082306,55.53497942386831
2023-08-31,41.76954732510288,52.69547325102881
2023-09-01,41.1522633744856,50.16460905349794
2023-09-05,39.91769547325103,47.818930041152264
2023-09-06,39.300411522633745,45.82304526748971
2023-09-07,37.65432098765432,43.95061728395062
2023-09-08,35.80246913580247,42.242798353909464
2023-09-11,35.18518518518518,40.76131687242798
2023-09-12,34.77366255144033,39.44444444444444
2023-09-13,32.92181069958848,38.18930041152264
2023-09-14,32.92181069958848,37.139917695473244
2023-09-15,32.510288065843625,36.21399176954733
2023-09-18,32.510288065843625,35.34979423868313
2023-09-19,31.893004115226336,34.54732510288066
2023-09-20,32.098765432098766,33.82716049382716
2023-09-21,32.71604938271605,33.33333333333333
2023-09-22,32.098765432098766,32.96296296296296
2023-09-25,31.893004115226336,32.63374485596708
2023-09-26,30.45267489711934,32.20164609053498
2023-09-27,30.04115226337449,31.91358024691358
2023-09-28,30.246913580246915,31.646090534979425
2023-09-29,29.4238683127572,31.337448559670783
2023-10-02,29.218106995884774,31.008230452674894
2023-10-03,25.720164609053498,30.390946502057613
2023-10-04,25.514403292181072,29.732510288065846
2023-10-05,24.279835390946502,28.888888888888893
2023-10-06,24.279835390946502,28.106995884773664
2023-10-09,22.839506172839506,27.20164609053498
2023-10-10,22.839506172839506,26.440329218106996
2023-10-11,22.633744855967077,25.699588477366255
2023-10-12,22.633744855967077,24.938271604938272
2023-10-13,21.39917695473251,24.135802469135804
2023-10-16,20.98765432098765,23.31275720164609
2023-10-17,21.193415637860085,22.86008230452675
2023-10-18,20.37037037037037,22.345679012345677
2023-10-19,19.753086419753085,21.893004115226336
2023-10-20,19.54732510288066,21.419753086419753
2023-10-23,19.54732510288066,21.090534979423868
2023-10-24,19.753086419753085,20.781893004115226
2023-10-25,20.781893004115226,20.596707818930042
2023-10-26,19.958847736625515,20.329218106995885
2023-10-27,18.72427983539095,20.061728395061728
2023-10-30,18.930041152263374,19.855967078189302
2023-10-31,19.1358024691358,19.650205761316872
2023-11-01,19.753086419753085,19.588477366255145
2023-11-02,19.753086419753085,19.588477366255145
2023-11-03,21.39917695473251,19.773662551440328
2023-11-06,21.810699588477366,20.0
2023-11-07,23.456790123456788,20.37037037037037
2023-11-08,25.102880658436217,20.80246913580247
2023-11-09,25.308641975308642,21.337448559670783
2023-11-10,26.954732510288064,22.160493827160494
2023-11-13,30.246913580246915,23.292181069958847
2023-11-14,31.893004115226336,24.567901234567902
2023-11-15,33.53909465020576,25.946502057613166
2023-11-16,36.62551440329218,27.633744855967073
2023-11-17,39.91769547325103,29.485596707818928
2023-11-20,43.415637860082306,31.646090534979425
2023-11-21,48.76543209876543,34.17695473251028
2023-11-22,52.88065843621399,36.95473251028807
2023-11-24,57.20164609053497,40.1440329218107
2023-11-27,61.934156378600825,43.641975308641975
2023-11-28,65.63786008230453,47.181069958847736
2023-11-29,68.93004115226337,50.88477366255144
2023-11-30,72.22222222222221,54.75308641975308
2023-12-01,74.07407407407408,58.49794238683128
2023-12-04,76.74897119341564,62.18106995884774
2023-12-05,76.74897119341564,65.51440329218107
2023-12-06,79.21810699588477,68.559670781893
2023-12-07,80.45267489711934,71.31687242798354
2023-12-08,81.48148148148148,73.74485596707818
2023-12-11,82.3045267489712,75.78189300411523
2023-12-12,84.36213991769547,77.65432098765432
2023-12-13,85.01026694045176,79.26234356647316
2023-12-14,86.0369609856263,80.64381744281357
2023-12-15,86.0369609856263,81.84010613396879
2023-12-18,87.67967145790554,82.93317616041777
2023-12-19,88.29568788501027,84.08784782957724
2023-12-20,88.50102669404517,85.01613979939327
2023-12-21,88.7063655030801,85.84150885998936
2023-12-22,89.5277207392197,86.64613278576319
2023-12-26,89.93839835728953,87.409519946595
2023-12-27,90.34907597535934,88.0082135523614
2023-12-28,90.34907597535934,88.54209445585215
2023-12-29,90.55441478439425,88.99383983572895
2024-01-02,90.55441478439425,89.44558521560575
2024-01-03,90.34907597535934,89.71252566735112
2024-01-04,89.73305954825463,89.85626283367557
2024-01-05,90.34907597535934,90.04106776180699
2024-01-08,90.34907597535934,90.2053388090349
2024-01-09,90.34907597535934,90.28747433264888
2024-01-10,90.34907597535934,90.32854209445586
2024-01-11,89.5277207392197,90.2464065708419
2024-01-12,89.11704312114989,90.12320328542094
2024-01-16,88.50102669404517,89.91786447638603
2024-01-17,88.7063655030801,89.73305954825462
2024-01-18,88.91170431211499,89.58932238193019
2024-01-19,88.91170431211499,89.50718685831622
2024-01-22,88.50102669404517,89.3223819301848
2024-01-23,88.7063655030801,89.15811088295689
2024-01-24,87.47433264887063,88.870636550308
2024-01-25,86.24229979466119,88.4599589322382
2024-01-26,85.42094455852155,88.04928131416838
2024-01-29,85.01026694045176,87.63860369609857
2024-01-30,83.16221765913757,87.1047227926078
2024-01-31,81.51950718685832,86.38603696098563
2024-02-01,78.4394250513347,85.3388090349076
2024-02-02,76.18069815195072,84.06570841889116
2024-02-05,73.30595482546201,82.54620123203286
2024-02-06,71.45790554414785,80.82135523613962
2024-02-07,69.40451745379876,79.01437371663243
2024-02-08,67.5564681724846,77.14579055441479
2024-02-09,67.35112936344969,75.3388090349076
2024-02-12,65.70841889117042,73.40862422997945
2024-02-13,64.47638603696099,71.5400410677618
2024-02-14,64.06570841889116,69.79466119096509
2024-02-15,64.27104722792608,68.37782340862422
2024-02-16,64.27104722792608,67.18685831622176
2024-02-20,64.06570841889116,66.26283367556468
2024-02-21,63.244353182751546,65.44147843942504
2024-02-22,62.83367556468173,64.78439425051334
2024-02-23,63.244353182751546,64.35318275154003
2024-02-26,61.601642710472284,63.7782340862423
2024-02-27,62.01232032854209,63.408624229979466
2024-02-28,62.01232032854209,63.16221765913758
2024-02-29,61.601642710472284,62.91581108829568
2024-03-01,62.62833675564682,62.751540041067756
2024-03-04,62.422997946611915,62.56673511293634
2024-03-05,62.01232032854209,62.36139630390144
2024-03-06,63.44969199178645,62.38193018480492
2024-03-07,64.47638603696099,62.54620123203286
2024-03-08,66.73511293634496,62.8952772073922
2024-03-11,69.19917864476386,63.65503080082135
2024-03-12,70.84188911704312,64.53798767967146
2024-03-13,71.04722792607802,65.44147843942504
2024-03-14,72.8952772073922,66.57084188911705
2024-03-15,74.33264887063655,67.74127310061601
2024-03-18,75.564681724846,69.05544147843943
2024-03-19,76.59137577002053,70.51334702258727
2024-03-20,78.02874743326488,71.97125256673512
2024-03-21,79.26078028747433,73.44969199178645
2024-03-22,79.87679671457906,74.76386036960986
2024-03-25,80.49281314168378,75.89322381930185
2024-03-26,80.28747433264887,76.83778234086242
2024-03-27,81.1088295687885,77.84394250513347
2024-03-28,81.93018480492813,78.74743326488706
2024-04-01,81.93018480492813,79.50718685831622
2024-04-02,81.93018480492813,80.14373716632443
2024-04-03,81.72484599589322,80.6570841889117
2024-04-04,80.69815195071868,80.92402464065708
2024-04-05,80.49281314168378,81.04722792607802
2024-04-08,80.28747433264887,81.08829568788501
2024-04-09,80.08213552361396,81.04722792607802
2024-04-10,78.85010266940452,80.90349075975358
2024-04-11,78.4394250513347,80.63655030800821
2024-04-12,77.61806981519507,80.2053388090349
2024-04-15,75.97535934291582,79.60985626283369
2024-04-16,74.12731006160165,78.82956878850102
2024-04-17,72.68993839835728,77.92607802874744
2024-04-18,69.19917864476386,76.77618069815195
2024-04-19,67.5564681724846,75.48254620123204
2024-04-22,63.65503080082136,73.81930184804928
2024-04-23,60.16427104722793,71.82751540041068
2024-04-24,58.52156057494866,69.7946611909651
2024-04-25,55.23613963039015,67.47433264887063
2024-04-26,52.361396303901444,64.94866529774129
2024-04-29,47.84394250513347,62.13552361396304
2024-04-30,45.9958932238193,59.322381930184804
2024-05-01,43.737166324435314,56.427104722792606
2024-05-02,42.299794661190965,53.737166324435314
2024-05-03,40.4517453798768,51.026694045174544
2024-05-06,38.809034907597535,48.54209445585216
2024-05-07,37.57700205338809,46.28336755646818
2024-05-08,37.37166324435318,44.168377823408626
2024-05-09,37.37166324435318,42.38193018480492
2024-05-10,36.75564681724846,40.82135523613963
2024-05-13,36.75564681724846,39.71252566735113
2024-05-14,38.398357289527716,38.95277207392197
2024-05-15,40.4517453798768,38.62422997946612
2024-05-16,42.71047227926078,38.66529774127311
2024-05-17,46.81724845995893,39.30184804928132
2024-05-20,49.48665297741273,40.369609856262834
2024-05-21,51.95071868583162,41.80698151950718
2024-05-22,52.361396303901444,43.30595482546201
2024-05-23,52.56673511293635,44.82546201232033
2024-05-24,52.361396303901444,46.38603696098563
2024-05-28,53.38809034907598,48.049281314168375
2024-05-29,53.182751540041075,49.52772073921971
2024-05-30,54.20944558521561,50.903490759753595
2024-05-31,56.262833675564686,52.25872689938399
2024-06-03,57.90554414784395,53.36755646817248
2024-06-04,57.90554414784395,54.20944558521561
2024-06-05,58.19672131147541,54.83404584777999
2024-06-06,58.48670756646217,55.44657697403606
2024-06-07,58.895705521472394,56.07947401488966
2024-06-10,58.282208588957054,56.67155524339523
2024-06-11,58.077709611451944,57.14051716963282
2024-06-12,58.077709611451944,57.63001297677391
2024-06-13,57.259713701431494,57.9350397883955
2024-06-14,55.21472392638037,57.83022881347706
2024-06-17,53.987730061349694,57.43844740482765
2024-06-18,53.78323108384458,57.026216098427696
2024-06-20,53.16973415132924,56.52351738241309
2024-06-21,52.14723926380368,55.889570552147234
2024-06-24,51.738241308793455,55.173824130879346
2024-06-25,51.94274028629857,54.5398773006135
2024-06-26,51.738241308793455,53.905930470347656
2024-06-27,50.715746421267895,53.16973415132925
2024-06-28,51.533742331288344,52.59713701431493
2024-07-01,51.124744376278116,52.1881390593047
2024-07-02,49.897750511247445,51.77914110429448
2024-07-03,48.875255623721884,51.2883435582822
2024-07-05,47.443762781186095,50.715746421267895
2024-07-08,45.603271983640084,50.06134969325153
2024-07-09,45.603271983640084,49.447852760736204
2024-07-10,45.39877300613497,48.79345603271984
2024-07-11,46.62576687116564,48.282208588957054
2024-07-12,48.261758691206545,48.03680981595092
2024-07-15,48.670756646216766,47.75051124744376
2024-07-16,48.875255623721884,47.52556237218814
2024-07-17,51.533742331288344,47.68916155419223
2024-07-18,54.396728016359916,48.24130879345603
2024-07-19,55.828220858895705,49.079754601226995
2024-07-22,57.668711656441715,50.286298568507156
2024-07-23,58.895705521472394,51.61554192229039
2024-07-24,59.100204498977504,52.98568507157464
2024-07-25,61.34969325153374,54.45807770961145
2024-07-26,62.372188139059304,55.869120654396724
2024-07-29,63.59918200408998,57.361963190184056
2024-07-30,65.84867075664621,59.059304703476485
2024-07-31,69.12065439672801,60.81799591002046
2024-08-01,70.75664621676891,62.45398773006135
2024-08-02,70.5521472392638,63.92638036809816
2024-08-05,69.73415132924336,65.13292433537832
2024-08-06,69.32515337423312,66.1758691206544
2024-08-07,70.14314928425358,67.280163599182
2024-08-08,70.34764826175869,68.1799591002045
2024-08-09,69.32515337423312,68.87525562372188
2024-08-12,67.07566462167689,69.22290388548058
2024-08-13,65.6441717791411,69.20245398773007
2024-08-14,63.190184049079754,68.60940695296524
2024-08-15,61.963190184049076,67.73006134969324
2024-08-16,61.75869120654397,66.85071574642127
2024-08-19,60.940695296523515,65.97137014314929
2024-08-20,60.32719836400818,65.07157464212679
2024-08-21,59.50920245398773,64.0081799591002
2024-08-22,60.32719836400818,63.00613496932516
2024-08-23,60.940695296523515,62.167689161554186
2024-08-26,59.918200408997954,61.4519427402863
2024-08-27,59.918200408997954,60.879345603271986
2024-08-28,60.122699386503065,60.57259713701431
2024-08-29,61.145194274028626,60.490797546012274
2024-08-30,62.372188139059304,60.55214723926381
2024-09-03,63.59918200408998,60.81799591002044
2024-09-04,66.25766871165644,61.41104294478528
2024-09-05,67.48466257668711,62.20858895705521
2024-09-06,68.30265848670757,63.006134969325146
2024-09-09,68.50715746421268,63.762781186094074
2024-09-10,69.12065439672801,64.68302658486706
2024-09-11,70.5521472392638,65.74642126789367
2024-09-12,71.16564417177914,66.85071574642127
2024-09-13,72.59713701431492,67.99591002044988
2024-09-16,73.00613496932516,69.05930470347649
2024-09-17,73.61963190184049,70.06134969325153
2024-09-18,74.02862985685071,70.83844580777097
2024-09-19,75.4601226993865,71.6359918200409
2024-09-20,75.86912065439672,72.39263803680981
2024-09-23,77.30061349693251,73.2719836400818
2024-09-24,78.7321063394683,74.23312883435582
2024-09-25,78.93660531697341,75.07157464212678
2024-09-26,79.34560327198365,75.88957055214723
2024-09-27,79.14110429447852,76.5439672801636
2024-09-30,79.34560327198365,77.17791411042944
2024-10-01,78.93660531697341,77.70961145194275
2024-10-02,79.14110429447852,78.22085889570552
2024-10-03,79.55010224948876,78.62985685071575
2024-10-04,80.3680981595092,79.079754601227
2024-10-07,81.59509202453987,79.50920245398774
2024-10-08,81.79959100204499,79.8159509202454
2024-10-09,82.61758691206545,80.1840490797546
2024-10-10,82.0040899795501,80.44989775051125
2024-10-11,82.0040899795501,80.7361963190184
2024-10-14,81.59509202453987,80.96114519427402
2024-10-15,80.16359918200409,81.08384458077708
2024-10-16,79.75460122699386,81.14519427402863
2024-10-17,78.52760736196319,81.04294478527606
2024-10-18,77.91411042944786,80.79754601226993
2024-10-21,76.89161554192229,80.32719836400818
2024-10-22,74.02862985685071,79.55010224948876
2024-10-23,73.61963190184049,78.65030674846625
2024-10-24,71.57464212678937,77.60736196319019
2024-10-25,70.96114519427404,76.50306748466258
2024-10-28,69.73415132924336,75.31697341513294
2024-10-29,68.09815950920245,74.11042944785277
2024-10-30,66.46216768916156,72.78118609406954
2024-10-31,64.82617586912065,71.4110429447853
2024-11-01,63.80368098159509,70.0
2024-11-04,62.78118609406953,68.58895705521472
2024-11-05,63.394683026584865,67.52556237218815
2024-11-06,65.03067484662577,66.66666666666667
2024-11-07,64.62167689161554,65.97137014314929
2024-11-08,63.80368098159509,65.25562372188139
2024-11-11,64.21267893660531,64.70347648261759
2024-11-12,62.985685071574636,64.1922290388548
2024-11-13,62.78118609406953,63.8241308793456
2024-11-14,61.554192229038854,63.49693251533741
2024-11-15,60.32719836400818,63.14928425357874
2024-11-18,59.50920245398773,62.82208588957055
2024-11-19,57.46421267893661,62.22903885480572
2024-11-20,56.44171779141104,61.37014314928425
2024-11-21,56.646216768916155,60.57259713701431
2024-11-22,56.850715746421265,59.877300613496935
2024-11-25,57.668711656441715,59.22290388548057
2024-11-26,58.48670756646217,58.77300613496932
2024-11-27,59.50920245398773,58.44580777096114
2024-11-29,60.73619631901841,58.3640081799591
2024-12-02,61.34969325153374,58.46625766871165
2024-12-03,61.554192229038854,58.67075664621677
2024-12-04,64.0081799591002,59.325153374233125
2024-12-05,64.21267893660531,60.102249488752555
2024-12-06,63.59918200408998,60.79754601226993
2024-12-09,63.80368098159509,61.49284253578732
2024-12-10,63.190184049079754,62.04498977505112
2024-12-11,64.0081799591002,62.59713701431493
2024-12-12,63.190184049079754,62.965235173824134
2024-12-13,63.190184049079754,63.21063394683027
2024-12-16,62.985685071574636,63.37423312883436
2024-12-17,63.190184049079754,63.53783231083845
2024-12-18,62.372188139059304,63.37423312883436
2024-12-19,60.32719836400818,62.98568507157464
2024-12-20,59.918200408997954,62.61758691206544
2024-12-23,58.077709611451944,62.04498977505112
2024-12-24,55.419222903885476,61.2678936605317
2024-12-26,52.3517382413088,60.102249488752555
2024-12-27,49.897750511247445,58.77300613496932
2024-12-30,46.62576687116564,57.11656441717791
2024-12-31,42.944785276073624,55.11247443762782
2025-01-02,40.695296523517385,52.86298568507158
2025-01-03,37.423312883435585,50.36809815950921
2025-01-06,33.537832310838446,47.68916155419223
2025-01-07,29.65235173824131,44.66257668711656
2025-01-08,28.016359918200408,41.65644171779141
2025-01-10,25.357873210633947,38.650306748466264
2025-01-13,22.494887525562373,35.66462167689162
2025-01-14,21.881390593047033,32.86298568507157
2025-01-15,20.040899795501023,30.204498977505114
2025-01-16,17.791411042944784,27.689161554192232
2025-01-17,16.973415132924334,25.316973415132924
2025-01-21,17.38241308793456,23.312883435582823
2025-01-22,19.018404907975462,21.860940695296524
2025-01-23,21.267893660531698,21.02249488752556
2025-01-24,22.903885480572598,20.51124744376278
2025-01-27,24.948875255623722,20.470347648261757
2025-01-28,26.380368098159508,20.85889570552147
2025-01-29,27.607361963190186,21.431492842535786
2025-01-30,29.85685071574642,22.413087934560327
2025-01-31,32.10633946830266,23.844580777096116
2025-02-03,35.37832310838446,25.685071574642127
2025-02-04,37.627811860940696,27.70961145194274
2025-02-05,38.85480572597137,29.69325153374233
2025-02-06,41.513292433537835,31.717791411042946
2025-02-07,45.39877300613497,33.96728016359918
2025-02-10,49.284253578732105,36.40081799591002
2025-02-11,53.578732106339466,39.120654396728014
2025-02-12,57.05521472392638,42.06543967280164
2025-02-13,60.32719836400818,45.11247443762781
2025-02-14,62.372188139059304,48.13905930470348
2025-02-18,64.0081799591002,51.00204498977505
2025-02-19,63.59918200408998,53.59918200408997
2025-02-20,64.0081799591002,56.11451942740287
2025-02-21,64.0081799591002,58.3640081799591
2025-02-24,64.41717791411043,60.26584867075665
2025-02-25,64.62167689161554,61.799591002044984
2025-02-26,64.62167689161554,62.903885480572605
2025-02-27,64.41717791411043,63.64008179959101
2025-02-28,62.985685071574636,63.90593047034764
2025-03-03,61.34969325153374,63.803680981595086
2025-03-04,59.50920245398773,63.353783231083845
2025-03-05,57.873210633946826,62.781186094069525
2025-03-06,56.646216768916155,62.04498977505112
2025-03-07,55.828220858895705,61.22699386503067
2025-03-10,54.601226993865026,60.24539877300613
2025-03-11,52.3517382413088,59.018404907975466
2025-03-12,49.897750511247445,57.54601226993865
2025-03-13,47.443762781186095,55.84867075664621
2025-03-14,46.830265848670756,54.23312883435583
2025-03-17,44.580777096114524,52.556237218813905
2025-03-18,43.76278118609407,50.981595092024534
2025-03-19,41.717791411042946,49.36605316973415
2025-03-20,40.49079754601227,47.75051124744376
2025-03-21,39.263803680981596,46.09406952965235
2025-03-24,39.263803680981596,44.56032719836401
2025-03-25,37.627811860940696,43.0879345603272
2025-03-26,36.19631901840491,41.71779141104294
2025-03-27,35.991820040899796,40.57259713701431
2025-03-28,35.787321063394685,39.46830265848671
2025-03-31,34.96932515337423,38.50715746421268
2025-04-01,34.151329243353786,37.54601226993865
2025-04-02,34.56032719836401,36.83026584867075
2025-04-03,33.74233128834356,36.15541922290389
2025-04-04,32.10633946830266,35.43967280163599
2025-04-07,31.28834355828221,34.64212678936606
2025-04-08,29.85685071574642,33.86503067484663
2025-04-09,27.607361963190186,33.00613496932515
2025-04-10,26.993865030674847,32.10633946830266
2025-04-11,25.971370143149286,31.12474437627812
2025-04-14,25.153374233128833,30.14314928425358
2025-04-15,24.74437627811861,29.202453987730063
2025-04-16,24.335378323108383,28.179959100204503
2025-04-17,23.721881390593047,27.177914110429448
2025-04-21,23.31288343558282,26.298568507157466
2025-04-22,22.494887525562373,25.41922290388548
2025-04-23,21.881390593047033,24.621676891615543
2025-04-24,21.472392638036812,24.008179959100204
2025-04-25,20.449897750511248,23.353783231083845
2025-04-28,21.063394683026583,22.86298568507157
2025-04-29,21.267893660531698,22.47443762781186
2025-04-30,20.245398773006134,22.024539877300615
2025-05-01,19.427402862985684,21.533742331288344
2025-05-02,19.427402862985684,21.104294478527606
2025-05-05,21.063394683026583,20.879345603271982
2025-05-06,22.903885480572598,20.920245398773005
2025-05-07,27.198364008179958,21.4519427402863
2025-05-08,31.492842535787318,22.45398773006135
2025-05-09,32.92433537832311,23.701431492842534
2025-05-12,37.423312883435585,25.337423312883438
2025-05-13,41.513292433537835,27.36196319018405
2025-05-14,45.807770961145195,29.918200408997954
2025-05-15,50.920245398773,33.06748466257669
2025-05-16,55.828220858895705,36.70756646216769
2025-05-19,62.78118609406953,40.87934560327198
2025-05-20,67.89366053169734,45.378323108384464
2025-05-21,69.32515337423312,49.59100204498977
2025-05-22,69.32515337423312,53.37423312883436
2025-05-23,68.9161554192229,56.97341513292433
2025-05-27,69.32515337423312,60.1635991820041
2025-05-28,70.75664621676891,63.0879345603272
2025-05-29,72.39263803680981,65.74642126789367
2025-05-30,73.41513292433538,67.99591002044988
2025-06-02,74.23312883435584,69.83640081799591
2025-06-03,75.25562372188139,71.0838445807771
2025-06-04,75.4601226993865,71.84049079754601
2025-06-05,76.27811860940696,72.5357873210634
2025-06-06,77.0961145194274,73.31288343558283
2025-06-09,77.30061349693251,74.15132924335379
2025-06-10,77.91411042944786,75.01022494887525
2025-06-11,78.7321063394683,75.8077709611452
2025-06-12,80.16359918200409,76.58486707566462
2025-06-13,81.18609406952966,77.36196319018406
2025-06-16,81.18609406952966,78.05725971370143
2025-06-17,80.16359918200409,78.5480572597137
2025-06-18,78.7321063394683,78.87525562372188
2025-06-20,75.25562372188139,78.77300613496932
2025-06-23,75.86912065439672,78.65030674846625
2025-06-24,75.86912065439672,78.50715746421267
2025-06-25,76.48261758691206,78.3640081799591
2025-06-26,76.89161554192229,78.1799591002045
2025-06-27,76.68711656441718,77.8323108384458
2025-06-30,75.66462167689161,77.280163599182
2025-07-01,75.25562372188139,76.68711656441718
2025-07-02,73.41513292433538,76.0122699386503
2025-07-03,73.00613496932516,75.439672801636
2025-07-07,71.57464212678937,75.07157464212679
2025-07-08,71.16564417177914,74.60122699386503
2025-07-09,71.57464212678937,74.1717791411043
2025-07-10,71.16564417177914,73.640081799591
2025-07-11,69.93865030674846,72.94478527607362
2025-07-14,70.75664621676891,72.35173824130878
2025-07-15,70.34764826175869,71.8200408997955
2025-07-16,70.34764826175869,71.32924335378323
2025-07-17,69.73415132924336,70.96114519427402
2025-07-18,69.93865030674846,70.65439672801635
2025-07-21,70.14314928425358,70.51124744376278
2025-07-22,71.77914110429448,70.57259713701431
2025-07-23,72.1881390593047,70.63394683026584
2025-07-24,72.39263803680981,70.75664621676891
2025-07-25,73.61963190184049,71.12474437627813
2025-07-28,73.00613496932516,71.34969325153375
2025-07-29,74.23312883435584,71.73824130879345
2025-07-30,74.43762781186093,72.14723926380368
2025-07-31,73.8241308793456,72.5562372188139
2025-08-01,72.39263803680981,72.80163599182004
2025-08-04,70.75664621676891,72.86298568507158
2025-08-05,70.14314928425358,72.69938650306749
2025-08-06,67.48466257668711,72.22903885480574
2025-08-07,66.46216768916156,71.63599182004091
2025-08-08,65.6441717791411,70.83844580777097
2025-08-11,64.21267893660531,69.95910020449898
2025-08-12,63.190184049079754,68.85480572597137
2025-08-13,63.394683026584865,67.75051124744377
2025-08-14,62.985685071574636,66.66666666666667
2025-08-15,62.372188139059304,65.66462167689163
2025-08-18,61.963190184049076,64.78527607361963
2025-08-19,62.16768916155419,63.987730061349694
2025-08-20,61.34969325153374,63.37423312883435
2025-08-21,61.34969325153374,62.86298568507158
2025-08-22,61.145194274028626,62.41308793456032
2025-08-25,60.53169734151329,62.04498977505112
2025-08-26,60.73619631901841,61.799591002044984
2025-08-27,60.32719836400818,61.492842535787325
2025-08-28,59.100204498977504,61.10429447852762
2025-08-29,59.100204498977504,60.777096114519416
2025-09-02,60.122699386503065,60.59304703476482
2025-09-03,60.122699386503065,60.38854805725971
2025-09-04,60.53169734151329,60.30674846625767
2025-09-05,61.145194274028626,60.28629856850716
2025-09-08,61.34969325153374,60.30674846625767
2025-09-09,62.372188139059304,60.490797546012274
2025-09-10,63.394683026584865,60.756646216768914
2025-09-11,63.59918200408998,61.08384458077709
2025-09-12,63.59918200408998,61.53374233128834
2025-09-15,63.80368098159509,62.0040899795501
2025-09-16,63.190184049079754,62.31083844580777
2025-09-17,63.190184049079754,62.61758691206544
2025-09-18,62.372188139059304,62.801635991820035
2025-09-19,61.963190184049076,62.88343558282209
2025-09-22,61.145194274028626,62.862985685071564
2025-09-23,60.940695296523515,62.719836400818
2025-09-24,60.940695296523515,62.47443762781186
2025-09-25,59.918200408997954,62.106339468302664
2025-09-26,58.48670756646217,61.59509202453987
2025-09-29,57.873210633946826,61.00204498977505
2025-09-30,57.668711656441715,60.449897750511255
2025-10-01,58.48670756646217,59.97955010224949
2025-10-02,59.30470347648262,59.672801635991824
2025-10-03,59.30470347648262,59.40695296523516
2025-10-06,59.30470347648262,59.222903885480584
2025-10-07,58.895705521472394,59.01840490797546
2025-10-08,58.895705521472394,58.813905930470355
2025-10-09,58.895705521472394,58.711656441717786
2025-10-10,58.282208588957054,58.69120654396728
2025-10-13,56.44171779141104,58.5480572597137
2025-10-14,54.805725971370144,58.261758691206545
2025-10-15,52.14723926380368,57.62781186094069
2025-10-16,50.511247443762784,56.74846625766871
2025-10-17,50.511247443762784,55.869120654396724
2025-10-20,50.920245398773,55.030674846625764
2025-10-21,51.124744376278116,54.253578732106334
2025-10-22,50.715746421267895,53.43558282208589
2025-10-23,50.715746421267895,52.61758691206544
2025-10-24,50.920245398773,51.88139059304704
2025-10-27,50.715746421267895,51.30879345603272
2025-10-28,48.670756646216766,50.69529652351738
2025-10-29,48.261758691206545,50.306748466257666
2025-10-30,48.261758691206545,50.081799591002046
2025-10-31,46.830265848670756,49.71370143149284
2025-11-03,45.807770961145195,49.20245398773007
2025-11-04,44.580777096114524,48.5480572597137
2025-11-05,42.740286298568506,47.75051124744376
2025-11-06,42.535787321063395,46.93251533742331
2025-11-07,42.331288343558285,46.07361963190184
2025-11-10,43.967280163599185,45.39877300613497
2025-11-11,44.785276073619634,45.01022494887526
2025-11-12,45.807770961145195,44.76482617586912
2025-11-13,45.194274028629856,44.45807770961145
2025-11-14,46.012269938650306,44.37627811860941
2025-11-17,45.603271983640084,44.355828220858896
2025-11-18,44.989775051124745,44.396728016359916
2025-11-19,43.76278118609407,44.49897750511248
2025-11-20,42.944785276073624,44.5398773006135
2025-11-21,42.331288343558285,44.5398773006135
2025-11-24,40.899795501022496,44.23312883435583
2025-11-25,40.899795501022496,43.84458077709611
2025-11-26,41.513292433537835,43.41513292433538
2025-11-28,42.535787321063395,43.149284253578735
2025-12-01,42.12678936605317,42.76073619631902
2025-12-02,42.535787321063395,42.45398773006135
2025-12-03,42.740286298568506,42.22903885480572
2025-12-04,43.967280163599185,42.24948875255624
2025-12-05,45.39877300613497,42.494887525562376
2025-12-08,45.194274028629856,42.781186094069525
2025-12-09,45.603271983640084,43.25153374233129
2025-12-10,47.034764826175866,43.86503067484663
2025-12-11,47.648261758691206,44.47852760736196
2025-12-12,48.261758691206545,45.051124744376274
2025-12-15,50.306748466257666,45.86912065439673
2025-12-16,51.124744376278116,46.7280163599182
2025-12-17,52.760736196319016,47.73006134969325
2025-12-18,54.396728016359916,48.77300613496932
2025-12-19,56.23721881390593,49.85685071574642
2025-12-22,56.646216768916155,51.00204498977505
2025-12-23,57.46421267893661,52.1881390593047
2025-12-24,59.918200408997954,53.47648261758691
2025-12-26,60.53169734151329,54.76482617586912
2025-12-29,60.32719836400818,55.97137014314929
2025-12-30,61.34969325153374,57.07566462167689
2025-12-31,61.34969325153374,58.09815950920246
2026-01-02,61.145194274028626,58.93660531697342
2026-01-05,61.145194274028626,59.61145194274029
2026-01-06,62.57668711656442,60.24539877300614
2026-01-07,62.16768916155419,60.79754601226993
2026-01-08,63.80368098159509,61.431492842535796
2026-01-09,66.05316973415133,62.04498977505112
2026-01-12,66.46216768916156,62.638036809815944
2026-01-13,66.05316973415133,63.210633946830264
2026-01-14,66.46216768916156,63.72188139059305
2026-01-15,67.280163599182,64.31492842535788
2026-01-16,67.89366053169734,64.98977505112474
2026-01-20,68.50715746421268,65.72597137014314
2026-01-21,68.30265848670757,66.29856850715747
2026-01-22,68.09815950920245,66.89161554192229
2026-01-23,68.09815950920245,67.32106339468302
2026-01-26,69.32515337423312,67.6482617586912
2026-01-27,70.14314928425358,68.01635991820041
2026-01-28,69.32515337423312,68.34355828220859
2026-01-29,69.52965235173824,68.65030674846625
2026-01-30,69.12065439672801,68.83435582822085
2026-02-02,70.14314928425358,69.05930470347649
2026-02-03,69.52965235173824,69.16155419222903
2026-02-04,68.30265848670757,69.16155419222903
2026-02-05,68.09815950920245,69.16155419222903
2026-02-06,69.73415132924336,69.32515337423312
2026-02-09,68.50715746421268,69.24335378323107
2026-02-10,67.07566462167689,68.93660531697341
2026-02-11,66.25766871165644,68.62985685071575
2026-02-12,66.46216768916156,68.32310838445808
2026-02-13,66.87116564417178,68.09815950920246
2026-02-17,65.84867075664621,67.66871165644173
2026-02-18,66.25766871165644,67.34151329243353
2026-02-19,66.05316973415133,67.11656441717791
2026-02-20,66.87116564417178,66.99386503067485
2026-02-23,66.05316973415133,66.62576687116564
2026-02-24,65.6441717791411,66.33946830265847
2026-02-25,65.439672801636,66.1758691206544
2026-02-26,65.23517382413088,66.07361963190183
2026-02-27,65.439672801636,65.97137014314929
2026-03-02,65.23517382413088,65.8077709611452
2026-03-03,64.82617586912065,65.70552147239263
2026-03-04,64.41717791411043,65.52147239263805
2026-03-05,63.80368098159509,65.29652351738241
2026-03-06,63.80368098159509,64.98977505112474
2026-03-09,63.190184049079754,64.70347648261759
2026-03-10,61.963190184049076,64.33537832310839
2026-03-11,59.918200408997954,63.78323108384459
2026-03-12,57.46421267893661,63.006134969325146
2026-03-13,55.419222903885476,62.0040899795501
2026-03-16,54.19222903885481,60.899795501022496
2026-03-17,52.556237218813905,59.67280163599181
2026-03-18,50.511247443762784,58.28220858895706
2026-03-19,47.034764826175866,56.60531697341514
2026-03-20,44.580777096114524,54.68302658486708
2026-03-23,42.331288343558285,52.59713701431493
2026-03-24,39.263803680981596,50.32719836400818
2026-03-25,37.83231083844581,48.11860940695297
2026-03-26,35.991820040899796,45.97137014314929
2026-03-27,32.719836400818,43.70143149284253
2026-03-30,29.85685071574642,41.2678936605317
2026-03-31,28.22085889570552,38.834355828220865
2026-04-01,26.789366053169733,36.46216768916155
2026-04-02,25.357873210633947,34.29447852760736
2026-04-06,24.948875255623722,32.331288343558285
2026-04-07,24.335378323108383,30.53169734151329
2026-04-08,24.335378323108383,29.03885480572597
2026-04-09,23.721881390593047,27.627811860940692
2026-04-10,23.108384458077712,26.339468302658485
2026-04-13,24.335378323108383,25.501022494887525
2026-04-14,24.74437627811861,24.989775051124745
2026-04-15,24.74437627811861,24.642126789366053
2026-04-16,25.562372188139058,24.519427402862984
2026-04-17,27.607361963190186,24.74437627811861
2026-04-20,30.061349693251532,25.255623721881392
2026-04-21,33.537832310838446,26.175869120654397
2026-04-22,35.991820040899796,27.341513292433536
2026-04-23,39.059304703476485,28.87525562372188
2026-04-24,41.104294478527606,30.67484662576687
2026-04-27,43.149284253578735,32.556237218813905
2026-04-28,47.034764826175866,34.785276073619634
2026-04-29,50.920245398773,37.402862985685076
2026-04-30,52.760736196319016,40.12269938650307
2026-05-01,54.601226993865026,42.82208588957055
2026-05-04,56.23721881390593,45.43967280163599
2026-05-05,58.282208588957054,47.91411042944786
2026-05-06,60.32719836400818,50.34764826175869
2026-05-07,61.145194274028626,52.556237218813905
2026-05-08,60.73619631901841,54.51942740286298
2026-05-11,60.32719836400818,56.237218813905926
2026-05-12,59.71370143149284,57.505112474437624
2026-05-13,58.48670756646217,58.261758691206545
2026-05-14,59.30470347648262,58.9161554192229
2026-05-15,58.691206543967276,59.325153374233125
2026-05-18,58.077709611451944,59.50920245398773
2026-05-19,56.646216768916155,59.345603271983634
2026-05-20,55.828220858895705,58.895705521472394
2026-05-21,55.419222903885476,58.32310838445808
2026-05-22,55.010224948875255,57.75051124744376
2026-05-26,54.805725971370144,57.198364008179965
2026-05-27,54.805725971370144,56.70756646216769
2026-05-28,55.623721881390594,56.42126789366053
2026-05-29,55.419222903885476,56.032719836400815
2026-06-01,54.19222903885481,55.582822085889575
2026-06-02,52.3517382413088,55.01022494887526
2026-06-03,51.94274028629857,54.5398773006135
2026-06-04,51.533742331288344,54.110429447852766
2026-06-05,51.124744376278116,53.68098159509202
2026-06-08,49.284253578732105,53.10838445807771
2026-06-09,48.875255623721884,52.515337423312886
2026-06-10,49.897750511247445,52.02453987730062
2026-06-11,50.920245398773,51.55419222903886
2026-06-12,51.94274028629857,51.20654396728016
2026-06-15,52.556237218813905,51.04294478527608
2026-06-16,52.965235173824134,51.104294478527606
2026-06-17,54.396728016359916,51.34969325153374
2026-06-18,53.78323108384458,51.574642126789364
2026-06-22,54.805725971370144,51.942740286298566
2026-06-23,55.828220858895705,52.597137014314924
2026-06-24,55.010224948875255,53.21063394683027
2026-06-25,56.032719836400815,53.8241308793456
2026-06-26,57.668711656441715,54.49897750511248
2026-06-29,58.48670756646217,55.15337423312883
2026-06-30,61.554192229038854,56.05316973415133
2026-07-01,63.394683026584865,57.09611451942741
2026-07-02,65.6441717791411,58.22085889570552
2026-07-06,67.07566462167689,59.550102249488745
2026-07-07,67.07566462167689,60.77709611451943
2026-07-08,67.89366053169734,61.98364008179959
2026-07-09,68.09815950920245,63.29243353783231
2026-07-10,68.30265848670757,64.51942740286299
2026-07-13,68.30265848670757,65.58282208588957
2026-07-14,67.68916155419224,66.50306748466258
2026-07-15,67.89366053169734,67.13701431492844
2026-07-16,67.48466257668711,67.54601226993864
2026-07-17,67.68916155419224,67.75051124744377
2026-07-20,68.50715746421268,67.89366053169735
2026-07-21,69.12065439672801,68.09815950920246
2026-07-22,68.9161554192229,68.20040899795501
2026-07-23,68.71165644171779,68.26175869120655
2026-07-24,69.12065439672801,68.34355828220859
2026-07-27,68.71165644171779,68.38445807770961
2026-07-28,69.12065439672801,68.52760736196319
2026-07-29,68.50715746421268,68.58895705521472
2026-07-30,68.9161554192229,68.7321063394683
2026-07-31,69.12065439672801,68.87525562372188
2026-08-03,68.71165644171779,68.8957055214724
2026-08-04,69.32515337423312,68.9161554192229
2026-08-05,69.93865030674846,69.01840490797545
2026-08-06,70.5521472392638,69.20245398773007
2026-08-07,70.5521472392638,69.34560327198363
2026-08-10,69.32515337423312,69.40695296523518
2026-08-11,68.50715746421268,69.34560327198365
2026-08-12,68.9161554192229,69.38650306748465
2026-08-13,69.12065439672801,69.40695296523516
2026-08-14,68.09815950920245,69.30470347648262
2026-08-17,67.07566462167689,69.14110429447852
2026-08-18,65.6441717791411,68.77300613496934
2026-08-19,65.23517382413088,68.30265848670756
2026-08-20,65.84867075664621,67.8323108384458
2026-08-21,65.84867075664621,67.36196319018406
2026-08-24,66.46216768916156,67.07566462167689
2026-08-25,65.23517382413088,66.74846625766871
2026-08-26,64.0081799591002,66.25766871165645
2026-08-27,62.372188139059304,65.58282208588957
2026-08-28,62.78118609406953,65.05112474437628
2026-08-31,62.78118609406953,64.62167689161555
2026-09-01,61.75869120654397,64.23312883435582
2026-09-02,59.71370143149284,63.680981595092035
2026-09-03,59.30470347648262,63.02658486707567
2026-09-04,59.30470347648262,62.372188139059304
2026-09-08,58.895705521472394,61.61554192229039
2026-09-09,57.259713701431494,60.81799591002046
2026-09-10,56.032719836400815,60.02044989775051
2026-09-11,54.805725971370144,59.263803680981596
2026-09-14,53.578732106339466,58.34355828220858
2026-09-15,51.124744376278116,57.17791411042945
2026-09-16,51.124744376278116,56.11451942740287
2026-09-17,48.670756646216766,55.01022494887526
2026-09-18,46.216768916155424,53.70143149284254
2026-09-21,43.76278118609407,52.147239263803684
2026-09-22,43.149284253578735,50.57259713701431
2026-09-23,40.286298568507156,48.875255623721884
2026-09-24,37.423312883435585,47.01431492842536
2026-09-25,35.991820040899796,45.13292433537832
2026-09-28,34.151329243353786,43.190184049079754
2026-09-29,31.697341513292432,41.24744376278118
2026-09-30,29.243353783231086,39.059304703476485
2026-10-01,27.607361963190186,36.95296523517382
2026-10-02,26.380368098159508,34.969325153374236
2026-10-05,24.74437627811861,33.06748466257669
2026-10-06,23.31288343558282,31.0838445807771
2026-10-07,22.290388548057262,29.28425357873211
2026-10-08,21.472392638036812,27.689161554192232
