Date,M50_Breadth,M50_MA10
2003-01-02,33.51800554016621,
2003-01-03,33.795013850415515,
2003-01-06,34.62603878116344,
2003-01-07,35.45706371191136,
2003-01-08,36.288088642659275,
2003-01-09,37.119113573407205,
2003-01-10,37.67313019390582,
2003-01-13,37.95013850415512,
2003-01-14,38.504155124653735,
2003-01-15,40.443213296398895,36.53739612188366
2003-01-16,40.7202216066482,37.257617728531855
2003-01-17,40.7202216066482,37.95013850415513
2003-01-21,40.99722991689751,38.58725761772853
2003-01-22,40.99722991689751,39.14127423822715
2003-01-23,41.82825484764543,39.69529085872576
2003-01-24,42.10526315789473,40.19390581717452
2003-01-27,42.38227146814405,40.664819944598335
2003-01-28,42.38227146814405,41.10803324099723
2003-01-29,41.82825484764543,41.440443213296405
2003-01-30,41.55124653739612,41.551246537396125
2003-01-31,41.82825484764543,41.662049861495845
2003-02-03,41.82825484764543,41.772853185595565
2003-02-04,41.82825484764543,41.855955678670355
2003-02-05,41.82825484764543,41.93905817174515
2003-02-06,40.443213296398895,41.8005540166205
2003-02-07,39.612188365650965,41.551246537396125
2003-02-10,39.612188365650965,41.27423822714682
2003-02-11,38.78116343490305,40.91412742382272
2003-02-12,37.67313019390582,40.498614958448755
2003-02-13,37.67313019390582,40.11080332409972
2003-02-14,37.67313019390582,39.69529085872576
2003-02-18,37.396121883656505,39.25207756232687
2003-02-19,37.67313019390582,38.83656509695291
2003-02-20,38.504155124653735,38.50415512465374
2003-02-21,37.95013850415512,38.254847645429365
2003-02-24,37.95013850415512,38.08864265927978
2003-02-25,37.396121883656505,37.86703601108033
2003-02-26,36.84210526315789,37.67313019390582
2003-02-27,36.84210526315789,37.590027700831016
2003-02-28,37.119113573407205,37.534626038781155
2003-03-03,36.011080332409975,37.368421052631575
2003-03-04,36.011080332409975,37.229916897506925
2003-03-05,36.011080332409975,37.063711911357345
2003-03-06,36.011080332409975,36.81440443213296
2003-03-07,35.45706371191136,36.56509695290858
2003-03-10,34.806629834254146,36.250746085918486
2003-03-11,34.806629834254146,35.99179688097826
2003-03-12,34.530386740331494,35.760625028695614
2003-03-13,33.97790055248619,35.47420455762845
2003-03-14,34.530386740331494,35.215331874320874
2003-03-17,34.806629834254146,35.09488682450529
2003-03-18,35.0828729281768,35.00206608408197
2003-03-19,34.806629834254146,34.88162103426639
2003-03-20,35.35911602209944,34.81642460323534
2003-03-21,35.91160220994475,34.86187845303867
2003-03-24,35.35911602209944,34.9171270718232
2003-03-25,34.806629834254146,34.9171270718232
2003-03-26,35.0828729281768,34.972375690607734
2003-03-27,34.806629834254146,35.05524861878453
2003-03-28,34.530386740331494,35.05524861878453
2003-03-31,34.806629834254146,35.05524861878453
2003-04-01,35.0828729281768,35.05524861878453
2003-04-02,35.0828729281768,35.0828729281768
2003-04-03,35.635359116022094,35.110497237569064
2003-04-04,35.91160220994475,35.110497237569064
2003-04-07,36.187845303867405,35.19337016574586
2003-04-08,37.01657458563536,35.41436464088398
2003-04-09,37.01657458563536,35.607734806629836
2003-04-10,36.74033149171271,35.80110497237569
2003-04-11,37.29281767955801,36.07734806629834
2003-04-14,37.84530386740331,36.38121546961326
2003-04-15,38.84297520661157,36.75722569745674
2003-04-16,39.39393939393939,37.18833234403299
2003-04-17,40.49586776859504,37.6743832092903
2003-04-21,41.04683195592286,38.1879061838881
2003-04-22,42.14876033057851,38.78399768655921
2003-04-23,42.97520661157025,39.3798608891527
2003-04-24,43.80165289256198,40.05836871984536
2003-04-25,45.45454545454545,40.92979011612864
2003-04-28,46.5564738292011,41.85615573109295
2003-04-29,48.209366391184574,42.892561983471076
2003-04-30,49.586776859504134,43.96694214876033
2003-05-01,50.413223140495866,45.06887052341598
2003-05-02,51.515151515151516,46.170798898071624
2003-05-05,53.994490358126725,47.46556473829202
2003-05-06,54.54545454545454,48.705234159779614
2003-05-07,55.371900826446286,49.94490358126721
2003-05-08,55.64738292011019,51.12947658402204
2003-05-09,56.19834710743802,52.2038567493113
2003-05-12,57.02479338842975,53.25068870523417
2003-05-13,57.30027548209367,54.15977961432507
2003-05-14,57.57575757575758,54.958677685950406
2003-05-15,58.95316804407713,55.81267217630854
2003-05-16,59.77961432506888,56.63911845730028
2003-05-19,60.88154269972452,57.32782369146005
2003-05-20,61.15702479338842,57.988980716253444
2003-05-21,61.70798898071625,58.62258953168043
2003-05-22,62.8099173553719,59.3388429752066
2003-05-23,63.91184573002755,60.11019283746557
2003-05-27,65.28925619834712,60.9366391184573
2003-05-28,66.11570247933885,61.81818181818183
2003-05-29,66.66666666666666,62.72727272727273
2003-05-30,68.31955922865014,63.663911845730034
2003-06-02,69.9724517906336,64.68319559228651
2003-06-03,71.07438016528926,65.70247933884298
2003-06-04,71.900826446281,66.77685950413223
2003-06-05,72.45179063360881,67.85123966942149
2003-06-06,73.82920110192838,68.95316804407715
2003-06-09,74.93112947658402,70.05509641873277
2003-06-10,75.75757575757575,71.10192837465566
2003-06-11,77.41046831955923,72.23140495867769
2003-06-12,78.51239669421489,73.4159779614325
2003-06-13,79.33884297520662,74.51790633608815
2003-06-16,80.44077134986226,75.56473829201101
2003-06-17,81.81818181818183,76.63911845730027
2003-06-18,82.36914600550963,77.68595041322314
2003-06-19,82.64462809917356,78.70523415977962
2003-06-20,83.47107438016529,79.6694214876033
2003-06-23,83.7465564738292,80.55096418732782
2003-06-24,84.02203856749311,81.37741046831957
2003-06-25,85.39944903581267,82.1763085399449
2003-06-26,86.50137741046832,82.97520661157026
2003-06-27,87.32782369146005,83.77410468319559
2003-06-30,87.60330578512396,84.49035812672176
2003-07-01,87.32782369146005,85.0413223140496
2003-07-02,87.60330578512396,85.56473829201101
2003-07-03,87.60330578512396,86.06060606060606
2003-07-07,88.1542699724518,86.52892561983472
2003-07-08,89.25619834710744,87.07988980716254
2003-07-09,90.08264462809917,87.68595041322314
2003-07-10,90.35812672176309,88.18181818181817
2003-07-11,90.633608815427,88.59504132231405
2003-07-14,90.9090909090909,88.95316804407713
2003-07-15,91.18457300275482,89.31129476584022
2003-07-16,91.18457300275482,89.6969696969697
2003-07-17,91.46005509641874,90.08264462809919
2003-07-18,91.46005509641874,90.46831955922866
2003-07-21,92.28650137741047,90.88154269972452
2003-07-22,92.28650137741047,91.18457300275483
2003-07-23,92.28650137741047,91.40495867768595
2003-07-24,92.01101928374655,91.5702479338843
2003-07-25,92.01101928374655,91.70798898071625
2003-07-28,91.73553719008265,91.79063360881544
2003-07-29,92.28650137741047,91.900826446281
2003-07-30,92.56198347107438,92.03856749311295
2003-07-31,92.56198347107438,92.14876033057851
2003-08-01,92.8374655647383,92.28650137741047
2003-08-04,93.1129476584022,92.36914600550963
2003-08-05,93.38842975206612,92.47933884297521
2003-08-06,93.66391184573003,92.61707988980717
2003-08-07,94.21487603305785,92.8374655647383
2003-08-08,93.93939393939394,93.03030303030303
2003-08-11,93.93939393939394,93.25068870523415
2003-08-12,93.95604395604396,93.4176429630975
2003-08-13,93.68131868131869,93.52957648412195
2003-08-14,93.95604395604396,93.6689825326189
2003-08-15,94.23076923076923,93.80831289922199
2003-08-18,94.23076923076923,93.92009505645869
2003-08-19,94.23076923076923,94.00432900432901
2003-08-20,94.23076923076923,94.06101474283292
2003-08-21,94.23076923076923,94.06260406260407
2003-08-22,94.23076923076923,94.09174159174158
2003-08-25,94.78021978021978,94.17582417582418
2003-08-26,94.78021978021978,94.25824175824175
2003-08-27,94.78021978021978,94.36813186813187
2003-08-28,94.5054945054945,94.42307692307692
2003-08-29,94.5054945054945,94.45054945054945
2003-09-02,94.5054945054945,94.47802197802199
2003-09-03,94.23076923076923,94.47802197802197
2003-09-04,94.23076923076923,94.47802197802199
2003-09-05,94.23076923076923,94.47802197802197
2003-09-08,94.23076923076923,94.47802197802199
2003-09-09,94.23076923076923,94.42307692307692
2003-09-10,94.23076923076923,94.36813186813187
2003-09-11,94.23076923076923,94.3131868131868
2003-09-12,94.5054945054945,94.31318681318682
2003-09-15,94.78021978021978,94.34065934065934
2003-09-16,94.23076923076923,94.3131868131868
2003-09-17,94.23076923076923,94.31318681318682
2003-09-18,94.23076923076923,94.3131868131868
2003-09-19,94.5054945054945,94.34065934065934
2003-09-22,94.23076923076923,94.34065934065933
2003-09-23,94.24657534246576,94.34223995182899
2003-09-24,94.24657534246576,94.34382056299864
2003-09-25,94.52054794520548,94.37279843444227
2003-09-26,94.53551912568307,94.37580089646113
2003-09-29,93.71584699453553,94.2693636178927
2003-09-30,93.44262295081968,94.19054898989775
2003-10-01,93.71584699453553,94.13905676627436
2003-10-02,93.71584699453553,94.08756454265101
2003-10-03,93.71584699453553,94.0085997915551
2003-10-06,93.71584699453553,93.95710756793173
2003-10-07,93.44262295081968,93.87671232876713
2003-10-08,93.44262295081968,93.79631708960252
2003-10-09,93.44262295081968,93.68852459016395
2003-10-10,93.44262295081968,93.5792349726776
2003-10-13,93.44262295081968,93.55191256830602
2003-10-14,93.16939890710383,93.52459016393443
2003-10-15,93.44262295081968,93.49726775956285
2003-10-16,93.44262295081968,93.46994535519127
2003-10-17,93.44262295081968,93.44262295081968
2003-10-20,93.71584699453553,93.44262295081968
2003-10-21,93.98907103825137,93.49726775956285
2003-10-22,93.71584699453553,93.52459016393443
2003-10-23,93.71584699453553,93.55191256830601
2003-10-24,93.71584699453553,93.5792349726776
2003-10-27,93.71584699453553,93.6065573770492
2003-10-28,93.71584699453553,93.66120218579235
2003-10-29,93.44262295081968,93.66120218579235
2003-10-30,93.16939890710383,93.63387978142077
2003-10-31,92.89617486338798,93.5792349726776
2003-11-03,92.89617486338798,93.49726775956285
2003-11-04,93.16939890710383,93.4153005464481
2003-11-05,93.16939890710383,93.36065573770493
2003-11-06,93.16939890710383,93.30601092896175
2003-11-07,93.44262295081968,93.27868852459017
2003-11-10,93.44262295081968,93.25136612021859
2003-11-11,93.44262295081968,93.224043715847
2003-11-12,93.44262295081968,93.224043715847
2003-11-13,93.16939890710383,93.22404371584699
2003-11-14,92.89617486338798,93.224043715847
2003-11-17,92.89617486338798,93.224043715847
2003-11-18,92.89617486338798,93.19672131147541
2003-11-19,92.62295081967213,93.14207650273225
2003-11-20,92.62295081967213,93.08743169398909
2003-11-21,92.62295081967213,93.00546448087432
2003-11-24,92.62295081967213,92.92349726775957
2003-11-25,92.62295081967213,92.8415300546448
2003-11-26,92.34972677595628,92.73224043715847
2003-11-28,92.62295081967213,92.6775956284153
2003-12-01,92.62295081967213,92.65027322404373
2003-12-02,92.89617486338798,92.65027322404372
2003-12-03,93.16939890710383,92.67759562841529
2003-12-04,92.89617486338798,92.70491803278688
2003-12-05,93.16939890710383,92.75956284153004
2003-12-08,93.16939890710383,92.81420765027323
2003-12-09,93.16939890710383,92.8688524590164
2003-12-10,93.44262295081968,92.95081967213115
2003-12-11,93.44262295081968,93.06010928961749
2003-12-12,93.44262295081968,93.14207650273224
2003-12-15,93.16939890710383,93.19672131147541
2003-12-16,93.16939890710383,93.22404371584699
2003-12-17,92.89617486338798,93.19672131147543
2003-12-18,92.89617486338798,93.19672131147541
2003-12-19,93.16939890710383,93.19672131147541
2003-12-22,93.16939890710383,93.19672131147541
2003-12-23,93.16939890710383,93.19672131147541
2003-12-24,93.44262295081968,93.19672131147541
2003-12-26,93.16939890710383,93.16939890710383
2003-12-29,92.89617486338798,93.11475409836066
2003-12-30,93.16939890710383,93.11475409836065
2003-12-31,93.16939890710383,93.11475409836066
2004-01-02,93.16939890710383,93.14207650273224
2004-01-05,93.71584699453553,93.22404371584699
2004-01-06,93.71584699453553,93.27868852459017
2004-01-07,93.71584699453553,93.33333333333334
2004-01-08,93.71584699453553,93.3879781420765
2004-01-09,93.71584699453553,93.4153005464481
2004-01-12,93.71584699453553,93.46994535519127
2004-01-13,93.98907103825137,93.5792349726776
2004-01-14,93.44262295081968,93.6065573770492
2004-01-15,93.44262295081968,93.63387978142077
2004-01-16,93.16939890710383,93.63387978142076
2004-01-20,93.44262295081968,93.60655737704919
2004-01-21,93.71584699453553,93.60655737704919
2004-01-22,93.71584699453553,93.60655737704919
2004-01-23,93.71584699453553,93.60655737704919
2004-01-26,93.98907103825137,93.63387978142077
2004-01-27,94.26229508196722,93.68852459016395
2004-01-28,94.53551912568307,93.74316939890711
2004-01-29,94.26229508196722,93.82513661202186
2004-01-30,94.53551912568307,93.9344262295082
2004-02-02,94.53551912568307,94.07103825136613
2004-02-03,94.26229508196722,94.15300546448088
2004-02-04,94.26229508196722,94.20765027322405
2004-02-05,94.53551912568307,94.28961748633881
2004-02-06,94.26229508196722,94.34426229508198
2004-02-09,94.26229508196722,94.37158469945356
2004-02-10,94.53551912568307,94.39890710382515
2004-02-11,94.53551912568307,94.39890710382515
2004-02-12,94.53551912568307,94.42622950819673
2004-02-13,94.53551912568307,94.42622950819673
2004-02-17,94.53551912568307,94.42622950819673
2004-02-18,94.53551912568307,94.45355191256832
2004-02-19,94.53551912568307,94.48087431693989
2004-02-20,94.53551912568307,94.4808743169399
2004-02-23,94.53551912568307,94.50819672131148
2004-02-24,94.53551912568307,94.53551912568307
2004-02-25,94.53551912568307,94.53551912568307
2004-02-26,94.53551912568307,94.53551912568307
2004-02-27,94.53551912568307,94.53551912568307
2004-03-01,94.53551912568307,94.53551912568307
2004-03-02,94.80874316939891,94.56284153005465
2004-03-03,94.80874316939891,94.59016393442623
2004-03-04,94.53551912568307,94.59016393442623
2004-03-05,94.53551912568307,94.59016393442623
2004-03-08,94.53551912568307,94.59016393442623
2004-03-09,94.53551912568307,94.59016393442623
2004-03-10,94.26229508196722,94.56284153005465
2004-03-11,93.98907103825137,94.50819672131148
2004-03-12,93.44262295081968,94.39890710382514
2004-03-15,93.44262295081968,94.28961748633881
2004-03-16,93.16939890710383,94.1256830601093
2004-03-17,93.44262295081968,93.98907103825137
2004-03-18,92.89617486338798,93.82513661202186
2004-03-19,92.89617486338798,93.66120218579235
2004-03-22,92.34972677595628,93.44262295081968
2004-03-23,92.07650273224044,93.19672131147541
2004-03-24,91.53005464480874,92.92349726775957
2004-03-25,91.53005464480874,92.6775956284153
2004-03-26,91.2568306010929,92.45901639344262
2004-03-29,90.98360655737704,92.21311475409837
2004-03-30,90.7103825136612,91.9672131147541
2004-03-31,90.43715846994536,91.66666666666667
2004-04-01,90.43715846994536,91.4207650273224
2004-04-02,90.1639344262295,91.14754098360655
2004-04-05,90.1639344262295,90.92896174863388
2004-04-06,89.89071038251366,90.7103825136612
2004-04-07,90.1639344262295,90.57377049180329
2004-04-08,89.89071038251366,90.40983606557377
2004-04-12,89.07103825136612,90.19125683060109
2004-04-13,88.25136612021858,89.91803278688525
2004-04-14,87.97814207650273,89.64480874316939
2004-04-15,87.70491803278688,89.37158469945355
2004-04-16,87.73841961852861,89.10171081431187
2004-04-19,87.46594005449592,88.83191137713852
2004-04-20,87.46594005449592,88.56211193996515
2004-04-21,86.92098092643052,88.26513899435683
2004-04-22,87.19346049046321,87.96809160078021
2004-04-23,86.64850136239782,87.64387069876864
2004-04-26,86.64850136239782,87.4016170098718
2004-04-27,86.37602179836512,87.21408257768645
2004-04-28,85.83106267029973,86.99937463706615
2004-04-29,85.83106267029973,86.81198910081744
2004-04-30,85.28610354223434,86.56675749318802
2004-05-03,85.01362397820164,86.3215258855586
2004-05-04,85.01362397820164,86.07629427792916
2004-05-05,85.01362397820164,85.88555858310627
2004-05-06,85.01362397820164,85.66757493188011
2004-05-07,85.01362397820164,85.50408719346049
2004-05-10,84.74114441416893,85.3133514986376
2004-05-11,84.19618528610354,85.09536784741144
2004-05-12,83.92370572207084,84.90463215258856
2004-05-13,83.37874659400545,84.65940054495913
2004-05-14,83.10626702997274,84.44141689373296
2004-05-17,83.10626702997274,84.25068119891007
2004-05-18,82.83378746594006,84.03269754768391
2004-05-19,82.01634877384197,83.73297002724794
2004-05-20,81.74386920980926,83.40599455040872
2004-05-21,81.19891008174388,83.02452316076294
2004-05-24,80.10899182561307,82.56130790190736
2004-05-25,79.83651226158038,82.12534059945503
2004-05-26,79.56403269754769,81.68937329700273
2004-05-27,79.291553133515,81.28065395095368
2004-05-28,79.291553133515,80.89918256130791
2004-06-01,78.7465940054496,80.4632152588556
2004-06-02,78.7465940054496,80.05449591280654
2004-06-03,79.01907356948229,79.75476839237058
2004-06-04,78.7465940054496,79.4550408719346
2004-06-07,79.01907356948229,79.23705722070845
2004-06-08,78.7465940054496,79.1008174386921
2004-06-09,79.291553133515,79.04632152588556
2004-06-10,78.4741144414169,78.93732970027249
2004-06-14,78.2016348773842,78.82833787465941
2004-06-15,78.2016348773842,78.71934604904632
2004-06-16,78.4741144414169,78.69209809264305
2004-06-17,77.65667574931881,78.58310626702998
2004-06-18,76.29427792915531,78.31062670299727
2004-06-21,75.47683923705722,77.98365122615805
2004-06-22,74.93188010899182,77.574931880109
2004-06-23,74.38692098092643,77.13896457765668
2004-06-24,74.93188010899182,76.70299727520435
2004-06-25,74.65940054495913,76.32152588555859
2004-06-28,74.38692098092643,75.9400544959128
2004-06-29,73.56948228882834,75.47683923705722
2004-06-30,73.02452316076294,74.93188010899182
2004-07-01,72.47956403269755,74.4141689373297
2004-07-02,71.93460490463215,73.97820163487738
2004-07-06,71.93460490463215,73.62397820163488
2004-07-07,71.11716621253406,73.2425068119891
2004-07-08,70.84468664850137,72.88828337874659
2004-07-09,70.84468664850137,72.47956403269754
2004-07-12,70.29972752043598,72.04359673024524
2004-07-13,69.48228882833789,71.55313351498638
2004-07-14,69.20980926430518,71.11716621253406
2004-07-15,69.75476839237056,70.79019073569484
2004-07-16,68.93732970027247,70.43596730245233
2004-07-19,69.20980926430518,70.16348773841962
2004-07-20,68.93732970027247,69.86376021798364
2004-07-21,68.39237057220708,69.59128065395096
2004-07-22,68.20652173913044,69.32746416301386
2004-07-23,68.20652173913044,69.06364767207677
2004-07-26,67.66304347826086,68.79997926785926
2004-07-27,67.3913043478261,68.59088081980806
2004-07-28,67.3913043478261,68.40903032816017
2004-07-29,67.3913043478261,68.17268392370572
2004-07-30,67.93478260869566,68.07242921454804
2004-08-02,68.75,68.02644828811752
2004-08-03,68.75,68.00771531809028
2004-08-04,68.75,68.04347826086956
2004-08-05,69.02173913043478,68.125
2004-08-06,68.47826086956522,68.15217391304347
2004-08-09,68.20652173913044,68.20652173913044
2004-08-10,68.47826086956522,68.31521739130434
2004-08-11,68.20652173913044,68.39673913043478
2004-08-12,67.93478260869566,68.45108695652173
2004-08-13,67.3913043478261,68.39673913043478
2004-08-16,66.84782608695652,68.20652173913044
2004-08-17,66.84782608695652,68.0163043478261
2004-08-18,66.30434782608695,67.77173913043478
2004-08-19,66.30434782608695,67.5
2004-08-20,66.03260869565217,67.2554347826087
2004-08-23,66.30434782608695,67.06521739130434
2004-08-24,66.30434782608695,66.84782608695653
2004-08-25,66.84782608695652,66.71195652173913
2004-08-26,66.57608695652173,66.57608695652173
2004-08-27,66.30434782608695,66.46739130434783
2004-08-30,64.94565217391305,66.27717391304347
2004-08-31,64.67391304347827,66.05978260869566
2004-09-01,64.13043478260869,65.84239130434783
2004-09-02,63.58695652173913,65.57065217391305
2004-09-03,63.315217391304344,65.29891304347825
2004-09-07,63.315217391304344,65.0
2004-09-08,62.5,64.6195652173913
2004-09-09,61.95652173913043,64.1304347826087
2004-09-10,61.41304347826087,63.61413043478261
2004-09-13,61.141304347826086,63.097826086956516
2004-09-14,60.32608695652174,62.63586956521739
2004-09-15,59.78260869565217,62.14673913043479
2004-09-16,59.78260869565217,61.711956521739125
2004-09-17,59.62059620596206,61.315320490161426
2004-09-20,59.34959349593496,60.91875810062449
2004-09-21,59.078590785907856,60.49509544008483
2004-09-22,59.078590785907856,60.15295451867562
2004-09-23,59.34959349593496,59.892261694356066
2004-09-24,59.34959349593496,59.68591669612348
2004-09-27,59.62059620596206,59.533845881937076
2004-09-28,59.078590785907856,59.409096264875686
2004-09-29,59.34959349593496,59.365794744903965
2004-09-30,59.62059620596206,59.34959349593496
2004-10-01,58.536585365853654,59.24119241192411
2004-10-04,58.80758807588076,59.1869918699187
2004-10-05,60.16260162601627,59.29539295392955
2004-10-06,60.16260162601627,59.403794037940386
2004-10-07,60.43360433604336,59.51219512195122
2004-10-08,60.70460704607046,59.64769647696477
2004-10-11,60.70460704607046,59.75609756097562
2004-10-12,61.24661246612466,59.9728997289973
2004-10-13,61.517615176151764,60.18970189701897
2004-10-14,61.78861788617886,60.40650406504064
2004-10-15,61.78861788617886,60.73170731707317
2004-10-18,62.601626016260155,61.11111111111111
2004-10-19,63.956639566395665,61.490514905149055
2004-10-20,63.68563685636857,61.84281842818429
2004-10-21,64.22764227642277,62.222222222222214
2004-10-22,64.49864498644986,62.60162601626016
2004-10-25,64.76964769647697,63.00813008130082
2004-10-26,65.04065040650406,63.38753387533875
2004-10-27,65.31165311653116,63.766937669376695
2004-10-28,65.58265582655827,64.14634146341464
2004-10-29,65.85365853658537,64.55284552845528
2004-11-01,65.85365853658537,64.87804878048782
2004-11-02,65.85365853658537,65.06775067750678
2004-11-03,65.85365853658537,65.28455284552845
2004-11-04,66.66666666666666,65.52845528455285
2004-11-05,66.66666666666666,65.74525745257452
2004-11-08,66.93766937669376,65.9620596205962
2004-11-09,66.93766937669376,66.15176151761517
2004-11-10,67.20867208672087,66.34146341463415
2004-11-11,67.75067750677508,66.55826558265582
2004-11-12,68.29268292682927,66.80216802168022
2004-11-15,68.83468834688347,67.10027100271002
2004-11-16,69.10569105691057,67.42547425474254
2004-11-17,69.10569105691057,67.75067750677508
2004-11-18,69.72972972972973,68.05698381308136
2004-11-19,70.27027027027027,68.41734417344173
2004-11-22,70.54054054054055,68.77763128982642
2004-11-23,70.54054054054055,69.1379184062111
2004-11-24,70.8108108108108,69.49813227862009
2004-11-26,71.35135135135135,69.85819966307771
2004-11-29,71.89189189189189,70.21812055958398
2004-11-30,72.43243243243244,70.57789496813888
2004-12-01,72.97297297297297,70.96462315974512
2004-12-02,73.24324324324324,71.37837837837837
2004-12-03,73.51351351351352,71.75675675675674
2004-12-06,73.51351351351352,72.08108108108108
2004-12-07,74.05405405405405,72.43243243243244
2004-12-08,74.5945945945946,72.83783783783784
2004-12-09,75.4054054054054,73.2972972972973
2004-12-10,75.94594594594595,73.75675675675676
2004-12-13,75.94594594594595,74.16216216216216
2004-12-14,76.21621621621621,74.54054054054055
2004-12-15,77.83783783783784,75.02702702702703
2004-12-16,78.10810810810811,75.51351351351352
2004-12-17,79.1891891891892,76.08108108108108
2004-12-20,79.45945945945945,76.67567567567568
2004-12-21,80.27027027027027,77.29729729729729
2004-12-22,80.54054054054053,77.8918918918919
2004-12-23,80.8108108108108,78.43243243243242
2004-12-27,81.08108108108108,78.94594594594595
2004-12-28,81.35135135135135,79.48648648648648
2004-12-29,81.62162162162161,80.02702702702702
2004-12-30,82.70270270270271,80.51351351351352
2004-12-31,83.24324324324324,81.02702702702702
2005-01-03,83.78378378378379,81.48648648648648
2005-01-04,84.05405405405405,81.94594594594595
2005-01-05,83.78378378378379,82.29729729729729
2005-01-06,83.78378378378379,82.62162162162161
2005-01-07,84.32432432432432,82.97297297297298
2005-01-10,85.13513513513513,83.37837837837837
2005-01-11,85.4054054054054,83.78378378378378
2005-01-12,85.94594594594595,84.21621621621622
2005-01-13,86.75675675675676,84.62162162162163
2005-01-14,86.48648648648648,84.94594594594595
2005-01-18,86.75675675675676,85.24324324324324
2005-01-19,86.75675675675676,85.51351351351352
2005-01-20,87.02702702702703,85.83783783783784
2005-01-21,87.02702702702703,86.16216216216216
2005-01-24,87.29729729729729,86.45945945945945
2005-01-25,87.29729729729729,86.67567567567568
2005-01-26,87.02702702702703,86.83783783783784
2005-01-27,87.29729729729729,86.97297297297298
2005-01-28,87.29729729729729,87.02702702702702
2005-01-31,87.29729729729729,87.1081081081081
2005-02-01,87.29729729729729,87.16216216216216
2005-02-02,87.29729729729729,87.21621621621621
2005-02-03,87.29729729729729,87.24324324324323
2005-02-04,87.56756756756758,87.29729729729729
2005-02-07,87.29729729729729,87.29729729729729
2005-02-08,87.29729729729729,87.29729729729729
2005-02-09,87.83783783783784,87.37837837837837
2005-02-10,88.64864864864866,87.51351351351352
2005-02-11,88.64864864864866,87.64864864864866
2005-02-14,88.10810810810811,87.72972972972973
2005-02-15,87.83783783783784,87.78378378378378
2005-02-16,88.10810810810811,87.86486486486487
2005-02-17,88.10810810810811,87.94594594594597
2005-02-18,88.10810810810811,88.0
2005-02-22,88.37837837837837,88.10810810810811
2005-02-23,88.37837837837837,88.21621621621622
2005-02-24,88.10810810810811,88.24324324324326
2005-02-25,87.83783783783784,88.16216216216216
2005-02-28,87.83783783783784,88.08108108108108
2005-03-01,87.83783783783784,88.05405405405405
2005-03-02,87.02702702702703,87.97297297297297
2005-03-03,86.75675675675676,87.83783783783784
2005-03-04,86.21621621621621,87.64864864864865
2005-03-07,85.4054054054054,87.37837837837837
2005-03-08,85.13513513513513,87.05405405405405
2005-03-09,84.5945945945946,86.67567567567568
2005-03-10,84.32432432432432,86.2972972972973
2005-03-11,84.05405405405405,85.91891891891892
2005-03-14,83.51351351351352,85.48648648648648
2005-03-15,83.24324324324324,85.02702702702702
2005-03-16,82.97297297297297,84.62162162162163
2005-03-17,82.97297297297297,84.24324324324324
2005-03-18,82.43243243243244,83.86486486486487
2005-03-21,82.43243243243244,83.56756756756756
2005-03-22,82.43243243243244,83.29729729729729
2005-03-23,82.43243243243244,83.08108108108108
2005-03-24,82.43243243243244,82.89189189189189
2005-03-28,82.21024258760107,82.7075107452466
2005-03-29,81.40161725067385,82.49632111896264
2005-03-30,81.13207547169812,82.28520434180811
2005-03-31,80.86253369272237,82.07416041378306
2005-04-01,81.13207547169812,81.89007066365556
2005-04-04,81.13207547169812,81.76003496758213
2005-04-05,80.86253369272237,81.60304509361113
2005-04-06,81.40161725067385,81.49996357543526
2005-04-07,80.91397849462365,81.34811818165439
2005-04-08,81.45161290322581,81.25003622873373
2005-04-11,81.72043010752688,81.20105498072631
2005-04-12,81.72043010752688,81.23293626641161
2005-04-13,81.45161290322581,81.26489000956438
2005-04-14,81.18279569892472,81.29691621018462
2005-04-15,81.45161290322581,81.32886995333739
2005-04-18,81.18279569892472,81.33394197606006
2005-04-19,80.3763440860215,81.28532301538996
2005-04-20,79.3010752688172,81.0752688172043
2005-04-21,78.76344086021506,80.86021505376344
2005-04-22,77.41935483870968,80.45698924731182
2005-04-25,77.41935483870968,80.02688172043011
2005-04-26,76.94369973190348,79.54920868286777
2005-04-27,76.13941018766755,79.01798841131195
2005-04-28,76.13941018766755,78.51364986018622
2005-04-29,75.60321715817693,77.92881028568134
2005-05-02,74.79892761394102,77.29042347718296
2005-05-03,74.26273458445041,76.67906252702586
2005-05-04,73.7265415549598,76.12160915564012
2005-05-05,73.7265415549598,75.61791922511459
2005-05-06,73.19034852546918,75.19501859379054
2005-05-09,73.19034852546918,74.77211796246648
2005-05-10,72.65415549597856,74.343163538874
2005-05-11,71.58176943699732,73.88739946380697
2005-05-12,71.0455764075067,73.37801608579089
2005-05-13,69.43699731903486,72.76139410187668
2005-05-16,68.63270777479893,72.14477211796248
2005-05-17,68.09651474530831,71.52815013404827
2005-05-18,68.36461126005362,70.99195710455766
2005-05-19,68.36461126005362,70.45576407506704
2005-05-20,67.02412868632707,69.83914209115281
2005-05-23,65.95174262734585,69.11528150134049
2005-05-24,65.14745308310992,68.36461126005362
2005-05-25,65.14745308310992,67.72117962466488
2005-05-26,65.14745308310992,67.1313672922252
2005-05-27,64.6112600536193,66.64879356568365
2005-05-31,64.1711229946524,66.202635087669
2005-06-01,63.903743315508024,65.78335794468897
2005-06-02,64.1711229946524,65.36400911814884
2005-06-03,65.42553191489363,65.07010118363284
2005-06-06,65.69148936170212,64.93683725117036
2005-06-07,66.75531914893617,65.01719490332938
2005-06-08,66.48936170212765,65.15138576523115
2005-06-09,66.22340425531915,65.25898088245208
2005-06-10,66.22340425531915,65.366575999673
2005-06-13,66.48936170212765,65.55438616452383
2005-06-14,66.48936170212765,65.78621003527135
2005-06-15,66.48936170212765,66.04477187393333
2005-06-16,66.48936170212765,66.27659574468085
2005-06-17,65.95744680851064,66.32978723404254
2005-06-20,66.48936170212765,66.4095744680851
2005-06-21,67.02127659574468,66.43617021276596
2005-06-22,67.2872340425532,66.51595744680851
2005-06-23,67.5531914893617,66.64893617021275
2005-06-24,67.02127659574468,66.7287234042553
2005-06-27,67.2872340425532,66.80851063829786
2005-06-28,67.5531914893617,66.91489361702126
2005-06-29,68.08510638297872,67.07446808510637
2005-06-30,67.81914893617021,67.20744680851064
2005-07-01,67.81914893617021,67.3936170212766
2005-07-05,68.35106382978722,67.57978723404256
2005-07-06,68.35106382978722,67.7127659574468
2005-07-07,67.81914893617021,67.76595744680851
2005-07-08,68.08510638297872,67.81914893617021
2005-07-11,68.88297872340425,68.00531914893617
2005-07-12,69.41489361702128,68.21808510638297
2005-07-13,69.41489361702128,68.40425531914893
2005-07-14,69.9468085106383,68.59042553191489
2005-07-15,69.68085106382979,68.77659574468085
2005-07-18,69.14893617021278,68.9095744680851
2005-07-19,69.41489361702128,69.01595744680851
2005-07-20,69.41489361702128,69.12234042553192
2005-07-21,70.2127659574468,69.36170212765957
2005-07-22,70.74468085106383,69.62765957446808
2005-07-25,71.27659574468085,69.86702127659575
2005-07-26,72.3404255319149,70.15957446808511
2005-07-27,72.87234042553192,70.50531914893618
2005-07-28,72.87234042553192,70.79787234042553
2005-07-29,73.13829787234043,71.1436170212766
2005-08-01,73.13829787234043,71.54255319148936
2005-08-02,72.87234042553192,71.88829787234042
2005-08-03,72.6063829787234,72.20744680851064
2005-08-04,72.6063829787234,72.4468085106383
2005-08-05,72.6063829787234,72.63297872340425
2005-08-08,72.87234042553192,72.79255319148936
2005-08-09,73.13829787234043,72.87234042553192
2005-08-10,72.6063829787234,72.84574468085107
2005-08-11,72.6063829787234,72.81914893617021
2005-08-12,72.87234042553192,72.79255319148936
2005-08-15,72.94429708222812,72.77315311247813
2005-08-16,72.67904509283821,72.75382357920876
2005-08-17,72.14854111405835,72.70803939274225
2005-08-18,72.14854111405835,72.66225520627576
2005-08-19,71.61803713527851,72.56342062193126
2005-08-22,72.41379310344827,72.5175658897229
2005-08-23,72.14854111405835,72.41859021389469
2005-08-24,72.41379310344827,72.39933122636717
2005-08-25,72.14854111405835,72.35354703990068
2005-08-26,72.14854111405835,72.28116710875331
2005-08-29,72.14854111405835,72.20159151193633
2005-08-30,72.14854111405835,72.14854111405835
2005-08-31,72.14854111405835,72.14854111405835
2005-09-01,71.88328912466844,72.12201591511936
2005-09-02,71.88328912466844,72.14854111405835
2005-09-06,71.6931216931217,72.07647397302568
2005-09-07,73.01587301587301,72.16320716320716
2005-09-08,73.80952380952381,72.30278023381472
2005-09-09,74.07407407407408,72.49533352981629
2005-09-12,74.07407407407408,72.68788682581786
2005-09-13,74.07407407407408,72.88044012181943
2005-09-14,73.54497354497354,73.02008336491096
2005-09-15,74.33862433862434,73.23909168736756
2005-09-16,74.86772486772487,73.53753526167318
2005-09-19,74.86772486772487,73.83597883597884
2005-09-20,74.60317460317461,74.12698412698413
2005-09-21,74.33862433862434,74.25925925925927
2005-09-22,74.33862433862434,74.31216931216932
2005-09-23,74.33862433862434,74.33862433862434
2005-09-26,74.07407407407408,74.33862433862434
2005-09-27,73.54497354497354,74.28571428571429
2005-09-28,73.28042328042328,74.25925925925927
2005-09-29,73.08707124010554,74.13410394940738
2005-09-30,72.55936675461741,73.90326813809664
2005-10-03,72.0316622691293,73.61966187823708
2005-10-04,72.55936675461741,73.41528109338137
2005-10-05,72.29551451187335,73.21097011070626
2005-10-06,71.76781002638522,72.95388867948235
2005-10-07,71.76781002638522,72.69680724825844
2005-10-10,71.2401055408971,72.41341039494074
2005-10-11,71.2401055408971,72.1829235945331
2005-10-12,71.2401055408971,71.97889182058047
2005-10-13,70.44854881266491,71.71503957783641
2005-10-14,70.18469656992085,71.47757255936675
2005-10-17,69.65699208443272,71.24010554089709
2005-10-18,69.12928759894459,70.89709762532982
2005-10-19,68.86543535620054,70.55408970976254
2005-10-20,68.33773087071239,70.21108179419525
2005-10-21,67.54617414248021,69.78891820580476
2005-10-24,66.49076517150397,69.31398416886543
2005-10-25,65.4353562005277,68.7335092348285
2005-10-26,65.4353562005277,68.15303430079156
2005-10-27,64.90765171503958,67.59894459102904
2005-10-28,64.64379947229551,67.0448548812665
2005-10-31,64.1160949868074,66.49076517150397
2005-11-01,63.58839050131926,65.93667546174143
2005-11-02,63.58839050131926,65.4089709762533
2005-11-03,63.3245382585752,64.90765171503958
2005-11-04,63.3245382585752,64.48548812664907
2005-11-07,63.852242744063325,64.22163588390502
2005-11-08,63.06068601583114,63.98416886543536
2005-11-09,63.3245382585752,63.773087071240106
2005-11-10,63.58839050131926,63.64116094986807
2005-11-11,62.796833773087066,63.45646437994723
2005-11-14,62.796833773087066,63.3245382585752
2005-11-15,62.796833773087066,63.24538258575198
2005-11-16,62.796833773087066,63.16622691292876
2005-11-17,63.06068601583114,63.13984168865435
2005-11-18,63.3245382585752,63.13984168865435
2005-11-21,63.3245382585752,63.08707124010554
2005-11-22,63.852242744063325,63.166226912928764
2005-11-23,63.852242744063325,63.21899736147758
2005-11-25,64.37994722955145,63.29815303430079
2005-11-28,64.1160949868074,63.43007915567282
2005-11-29,64.37994722955145,63.58839050131926
2005-11-30,65.17150395778364,63.82585751978892
2005-12-01,64.90765171503958,64.03693931398418
2005-12-02,65.4353562005277,64.27440633245382
2005-12-05,65.69920844327177,64.51187335092348
2005-12-06,65.96306068601582,64.77572559366754
2005-12-07,66.2269129287599,65.0131926121372
2005-12-08,66.49076517150397,65.27704485488127
2005-12-09,66.2269129287599,65.46174142480211
2005-12-12,66.2269129287599,65.67282321899737
2005-12-13,67.01846965699208,65.93667546174143
2005-12-14,67.28232189973615,66.14775725593668
2005-12-15,68.07387862796834,66.46437994722956
2005-12-16,68.60158311345647,66.78100263852244
2005-12-19,68.86543535620054,67.09762532981532
2005-12-20,69.65699208443272,67.46701846965699
2005-12-21,69.92084432717678,67.8364116094987
2005-12-22,71.2401055408971,68.311345646438
2005-12-23,71.50395778364116,68.83905013192613
2005-12-27,72.29551451187335,69.44591029023746
2005-12-28,73.08707124010554,70.05277044854881
2005-12-29,73.35092348284961,70.65963060686016
2005-12-30,73.61477572559367,71.21372031662268
2006-01-03,74.67018469656992,71.82058047493403
2006-01-04,75.98944591029023,72.532981530343
2006-01-05,76.2532981530343,73.19261213720317
2006-01-06,77.04485488126649,73.90501319261213
2006-01-09,77.30870712401055,74.51187335092348
2006-01-10,78.10026385224275,75.17150395778364
2006-01-11,78.3641160949868,75.77836411609499
2006-01-12,78.89182058047494,76.35883905013193
2006-01-13,79.41952506596306,76.96569920844327
2006-01-17,79.41952506596306,77.54617414248021
2006-01-18,79.94722955145119,78.07387862796834
2006-01-19,79.94722955145119,78.46965699208444
2006-01-20,79.94722955145119,78.83905013192611
2006-01-23,80.21108179419525,79.15567282321899
2006-01-24,80.21108179419525,79.44591029023746
2006-01-25,80.21108179419525,79.65699208443272
2006-01-26,80.73878627968337,79.89445910290237
2006-01-27,81.3157894736842,80.1368559922233
2006-01-30,81.3157894736842,80.32648243299542
2006-01-31,81.05263157894737,80.48979308429384
2006-02-01,81.3157894736842,80.62664907651715
2006-02-02,81.3157894736842,80.76350506874044
2006-02-03,81.05263157894737,80.87404527149008
2006-02-06,80.78947368421052,80.9318844604916
2006-02-07,81.05263157894737,81.01603943896681
2006-02-08,80.78947368421052,81.07387862796834
2006-02-09,80.78947368421052,81.07894736842105
2006-02-10,81.3157894736842,81.07894736842105
2006-02-13,81.57894736842105,81.10526315789473
2006-02-14,81.3157894736842,81.13157894736842
2006-02-15,81.57894736842105,81.15789473684211
2006-02-16,81.3157894736842,81.15789473684211
2006-02-17,81.05263157894737,81.15789473684211
2006-02-21,81.05263157894737,81.1842105263158
2006-02-22,81.05263157894737,81.18421052631578
2006-02-23,81.05263157894737,81.21052631578947
2006-02-24,81.05263157894737,81.23684210526315
2006-02-27,81.05263157894737,81.21052631578948
2006-02-28,81.05263157894737,81.15789473684211
2006-03-01,81.3157894736842,81.15789473684211
2006-03-02,81.05263157894737,81.10526315789473
2006-03-03,81.05263157894737,81.07894736842105
2006-03-06,81.3157894736842,81.10526315789474
2006-03-07,80.78947368421052,81.07894736842105
2006-03-08,80.52631578947368,81.02631578947368
2006-03-09,79.73684210526316,80.89473684210526
2006-03-10,80.26315789473685,80.8157894736842
2006-03-13,80.52631578947368,80.76315789473684
2006-03-14,80.26315789473685,80.6842105263158
2006-03-15,81.05263157894737,80.65789473684211
2006-03-16,81.3157894736842,80.6842105263158
2006-03-17,81.3157894736842,80.71052631578948
2006-03-20,80.78947368421052,80.65789473684211
2006-03-21,80.26315789473685,80.60526315789473
2006-03-22,79.73684210526316,80.52631578947368
2006-03-23,79.21052631578948,80.47368421052633
2006-03-24,79.21052631578948,80.36842105263159
2006-03-27,79.47368421052632,80.26315789473684
2006-03-28,78.42105263157895,80.07894736842105
2006-03-29,78.42105263157895,79.8157894736842
2006-03-30,78.94736842105263,79.57894736842107
2006-03-31,78.42105263157895,79.28947368421052
2006-04-03,78.94736842105263,79.10526315789474
2006-04-04,78.94736842105263,78.97368421052633
2006-04-05,79.21052631578948,78.92105263157895
2006-04-06,79.73684210526316,78.97368421052632
2006-04-07,79.73684210526316,79.02631578947368
2006-04-10,79.47368421052632,79.02631578947368
2006-04-11,79.21052631578948,79.10526315789474
2006-04-12,79.00262467191601,79.16342036192844
2006-04-13,78.74015748031496,79.14269926785468
2006-04-17,78.4776902887139,79.14836303356819
2006-04-18,78.21522309711287,79.0751485011742
2006-04-19,78.21522309711287,79.00193396878022
2006-04-20,79.79002624671917,79.05988396187318
2006-04-21,79.79002624671917,79.06520237601879
2006-04-24,79.79002624671917,79.0705207901644
2006-04-25,79.79002624671917,79.10215499378367
2006-04-26,80.0524934383202,79.18635170603675
2006-04-27,80.0524934383202,79.29133858267717
2006-04-28,80.31496062992126,79.44881889763779
2006-05-01,80.31496062992126,79.63254593175853
2006-05-02,80.0524934383202,79.81627296587926
2006-05-03,79.79002624671917,79.97375328083989
2006-05-04,79.79002624671917,79.9737532808399
2006-05-05,79.31937172774869,79.92668782894285
2006-05-08,79.31937172774869,79.87962237704579
2006-05-09,80.10471204188482,79.91109095656236
2006-05-10,80.36649214659685,79.94249082739003
2006-05-11,80.6282722513089,80.0000687086889
2006-05-12,80.36649214659685,80.00522186035646
2006-05-15,80.6282722513089,80.03655302249523
2006-05-16,80.89005235602095,80.1203089142653
2006-05-17,81.15183246073299,80.25648953566669
2006-05-18,81.15183246073299,80.39267015706807
2006-05-19,80.89005235602095,80.54973821989529
2006-05-22,80.6282722513089,80.68062827225131
2006-05-23,80.6282722513089,80.73298429319372
2006-05-24,79.58115183246073,80.65445026178011
2006-05-25,78.79581151832461,80.47120418848168
2006-05-26,78.3289817232376,80.26745314614575
2006-05-30,78.3289817232376,80.03752409333862
2006-05-31,77.80678851174935,79.72919770891147
2006-06-01,77.80678851174935,79.3946933140131
2006-06-02,77.28459530026109,79.00796959796591
2006-06-05,77.28459530026109,78.64742389238992
2006-06-06,77.28459530026109,78.31305619728514
2006-06-07,77.02349869451697,77.95257884160594
2006-06-08,76.50130548302873,77.64459420666275
2006-06-09,75.97911227154047,77.36292428198433
2006-06-12,75.71801566579634,77.10182767624022
2006-06-13,75.19582245430809,76.78851174934725
2006-06-14,74.1514360313316,76.42297650130548
2006-06-15,73.62924281984334,76.00522193211489
2006-06-16,72.84595300261097,75.56135770234987
2006-06-19,72.0626631853786,75.03916449086162
2006-06-20,71.80156657963447,74.49086161879896
2006-06-21,71.27937336814621,73.91644908616188
2006-06-22,70.75718015665797,73.3420365535248
2006-06-23,70.49608355091384,72.79373368146214
2006-06-26,70.49608355091384,72.27154046997389
2006-06-27,69.71279373368147,71.72323759791124
2006-06-28,69.45169712793734,71.2532637075718
2006-06-29,68.9295039164491,70.78328981723237
2006-06-30,68.48958333333334,70.34765285030463
2006-07-03,69.01041666666666,70.04242819843343
2006-07-05,68.22916666666666,69.68518820713663
2006-07-06,67.44791666666666,69.30204253698868
2006-07-07,66.92708333333334,68.91903285465622
2006-07-10,66.14583333333334,68.48400783289819
2006-07-11,65.88541666666666,68.02294114447345
2006-07-12,65.88541666666666,67.64020343777197
2006-07-13,64.84375,67.17940872497823
2006-07-14,63.802083333333336,66.66666666666666
2006-07-17,63.020833333333336,66.11979166666666
2006-07-18,62.5,65.46875
2006-07-19,61.458333333333336,64.79166666666666
2006-07-20,60.416666666666664,64.08854166666667
2006-07-21,60.15625,63.411458333333336
2006-07-24,59.895833333333336,62.78645833333333
2006-07-25,59.114583333333336,62.109375
2006-07-26,58.854166666666664,61.40625
2006-07-27,58.854166666666664,60.80729166666667
2006-07-28,59.895833333333336,60.416666666666664
2006-07-31,59.375,60.05208333333333
2006-08-01,59.375,59.73958333333333
2006-08-02,58.854166666666664,59.47916666666667
2006-08-03,58.59375,59.296875
2006-08-04,57.03125,58.984375
2006-08-07,56.25,58.61979166666667
2006-08-08,56.25,58.333333333333336
2006-08-09,55.989583333333336,58.046875
2006-08-10,55.729166666666664,57.734375
2006-08-11,54.6875,57.21354166666667
2006-08-14,54.6875,56.74479166666667
2006-08-15,54.427083333333336,56.25
2006-08-16,53.90625,55.755208333333336
2006-08-17,53.645833333333336,55.26041666666667
2006-08-18,52.864583333333336,54.84375
2006-08-21,52.604166666666664,54.47916666666667
2006-08-22,52.604166666666664,54.114583333333336
2006-08-23,52.34375,53.75
2006-08-24,52.34375,53.411458333333336
2006-08-25,52.083333333333336,53.15104166666667
2006-08-28,52.083333333333336,52.890625
2006-08-29,52.604166666666664,52.70833333333333
2006-08-30,53.385416666666664,52.65625
2006-08-31,53.125,52.604166666666664
2006-09-01,53.76623376623376,52.694331709956714
2006-09-05,54.285714285714285,52.86248647186147
2006-09-06,54.54545454545454,53.05661525974026
2006-09-07,55.32467532467532,53.35470779220778
2006-09-08,55.32467532467532,53.65280032467532
2006-09-11,55.064935064935064,53.95096049783549
2006-09-12,55.58441558441558,54.30106872294372
2006-09-13,55.064935064935064,54.54714556277056
2006-09-14,55.32467532467532,54.74107142857142
2006-09-15,55.58441558441558,54.98701298701299
2006-09-18,56.36363636363636,55.24675324675324
2006-09-19,56.62337662337662,55.480519480519476
2006-09-20,56.88311688311688,55.71428571428571
2006-09-21,56.62337662337662,55.84415584415584
2006-09-22,56.88311688311688,56.0
2006-09-25,56.88311688311688,56.18181818181817
2006-09-26,57.66233766233766,56.38961038961038
2006-09-27,58.7012987012987,56.753246753246756
2006-09-28,58.96103896103896,57.1168831168831
2006-09-29,59.22077922077922,57.480519480519476
2006-10-02,59.74025974025974,57.81818181818181
2006-10-03,60.259740259740255,58.18181818181817
2006-10-04,60.259740259740255,58.519480519480524
2006-10-05,61.038961038961034,58.96103896103896
2006-10-06,61.917098445595855,59.464437117286856
2006-10-09,61.917098445595855,59.96783527353475
2006-10-10,62.69430051813472,60.47103155911445
2006-10-11,63.98963730569949,60.999865419554546
2006-10-12,63.98963730569949,61.502725254020596
2006-10-13,64.76683937823834,62.05733126976649
2006-10-16,65.02590673575129,62.585895969315665
2006-10-17,65.5440414507772,63.114326088419354
2006-10-18,66.06217616580311,63.69456967902563
2006-10-19,66.83937823834198,64.27461139896373
2006-10-20,66.83937823834198,64.76683937823834
2006-10-23,67.61658031088082,65.33678756476684
2006-10-24,68.9119170984456,65.95854922279793
2006-10-25,68.9119170984456,66.45077720207254
2006-10-26,68.9119170984456,66.94300518134716
2006-10-27,68.65284974093264,67.33160621761658
2006-10-30,69.68911917098445,67.79792746113989
2006-10-31,70.46632124352331,68.29015544041451
2006-11-01,70.46632124352331,68.73056994818653
2006-11-02,70.98445595854922,69.14507772020725
2006-11-03,72.02072538860104,69.66321243523316
2006-11-06,72.7979274611399,70.18134715025907
2006-11-07,73.57512953367875,70.64766839378237
2006-11-08,74.4186046511628,71.1983371490541
2006-11-09,75.45219638242894,71.85236507745243
2006-11-10,75.1937984496124,72.50645994832041
2006-11-13,75.45219638242894,73.08276766946486
2006-11-14,75.71059431524549,73.60719497663709
2006-11-15,76.22739018087856,74.1833018703726
2006-11-16,76.74418604651163,74.75927487916884
2006-11-17,76.5463917525773,75.21184151556648
2006-11-20,77.57731958762886,75.68978072821537
2006-11-21,77.57731958762886,76.08999973361038
2006-11-22,77.83505154639175,76.43164442313328
2006-11-24,78.09278350515464,76.69570313540585
2006-11-27,77.57731958762886,76.93405524920749
2006-11-28,77.83505154639175,77.17234076560378
2006-11-29,78.09278350515464,77.41055968459469
2006-11-30,78.09278350515464,77.5970990170223
2006-12-01,78.8659793814433,77.80927835051546
2006-12-04,78.8659793814433,78.04123711340206
2006-12-05,79.38144329896907,78.22164948453609
2006-12-06,80.9278350515464,78.55670103092783
2006-12-07,81.18556701030928,78.89175257731958
2006-12-08,81.70103092783505,79.25257731958763
2006-12-11,81.70103092783505,79.66494845360825
2006-12-12,81.95876288659794,80.07731958762886
2006-12-13,82.21649484536083,80.4896907216495
2006-12-14,83.24742268041237,81.00515463917526
2006-12-15,83.76288659793815,81.49484536082475
2006-12-18,83.76288659793815,81.98453608247424
2006-12-19,84.27835051546391,82.47422680412372
2006-12-20,84.27835051546391,82.80927835051547
2006-12-21,84.02061855670104,83.09278350515464
2006-12-22,84.02061855670104,83.32474226804125
2006-12-26,84.02061855670104,83.55670103092784
2006-12-27,84.57583547557842,83.8184082898259
2006-12-28,85.08997429305913,84.1057562345957
2006-12-29,85.60411311053984,84.34142527760847
2007-01-03,85.60411311053984,84.52554792886863
2007-01-04,85.60411311053984,84.7096705801288
2007-01-05,85.8611825192802,84.86795378051042
2007-01-08,85.8611825192802,85.02623698089205
2007-01-09,85.60411311053984,85.18458643627594
2007-01-10,85.34704370179949,85.31722895078579
2007-01-11,85.34704370179949,85.44987146529563
2007-01-12,85.60411311053984,85.55269922879177
2007-01-16,85.08997429305913,85.55269922879178
2007-01-17,85.08997429305913,85.5012853470437
2007-01-18,85.08997429305913,85.44987146529563
2007-01-19,85.34704370179949,85.4241645244216
2007-01-22,85.08997429305913,85.34704370179949
2007-01-23,85.08997429305913,85.26992287917739
2007-01-24,85.34704370179949,85.24421593830334
2007-01-25,85.60411311053984,85.26992287917737
2007-01-26,85.60411311053984,85.2956298200514
2007-01-29,85.60411311053984,85.2956298200514
2007-01-30,85.60411311053984,85.34704370179949
2007-01-31,85.60411311053984,85.39845758354757
2007-02-01,85.60411311053984,85.44987146529563
2007-02-02,86.63239074550128,85.5784061696658
2007-02-05,86.63239074550128,85.73264781491002
2007-02-06,86.37532133676092,85.8611825192802
2007-02-07,86.63239074550128,85.98971722365039
2007-02-08,86.63239074550128,86.09254498714652
2007-02-09,86.88946015424165,86.2210796915167
2007-02-12,86.88946015424165,86.34961439588689
2007-02-13,86.88946015424165,86.47814910025707
2007-02-14,87.40359897172236,86.65809768637533
2007-02-15,87.146529562982,86.81233933161954
2007-02-16,87.40359897172236,86.88946015424163
2007-02-20,87.40359897172236,86.96658097686375
2007-02-21,87.40359897172236,87.06940874035989
2007-02-22,87.91773778920309,87.19794344473007
2007-02-23,88.17480719794345,87.3521850899743
2007-02-26,87.91773778920309,87.45501285347044
2007-02-27,87.91773778920309,87.55784061696659
2007-02-28,87.66066838046272,87.6349614395887
2007-03-01,87.66066838046272,87.66066838046272
2007-03-02,87.66066838046272,87.71208226221079
2007-03-05,87.66066838046272,87.73778920308483
2007-03-06,87.146529562982,87.7120822622108
2007-03-07,87.146529562982,87.68637532133675
2007-03-08,87.146529562982,87.60925449871465
2007-03-09,87.146529562982,87.50642673521851
2007-03-12,87.40359897172236,87.45501285347044
2007-03-13,87.17948717948718,87.38118779249884
2007-03-14,87.17948717948718,87.3330696724013
2007-03-15,87.43589743589743,87.31059257794476
2007-03-16,87.17948717948718,87.26247445784722
2007-03-19,87.43589743589743,87.23999736339067
2007-03-20,87.6923076923077,87.29457517632325
2007-03-21,87.6923076923077,87.34915298925583
2007-03-22,87.43589743589743,87.37808977654736
2007-03-23,86.92307692307692,87.35574451255685
2007-03-26,87.17948717948718,87.33333333333334
2007-03-27,87.43589743589743,87.35897435897435
2007-03-28,87.43589743589743,87.38461538461539
2007-03-29,87.17948717948718,87.35897435897435
2007-03-30,85.8974358974359,87.23076923076923
2007-04-02,85.38461538461539,87.02564102564102
2007-04-03,84.87179487179488,86.74358974358975
2007-04-04,84.87179487179488,86.46153846153845
2007-04-05,84.87179487179488,86.2051282051282
2007-04-09,84.35897435897436,85.94871794871794
2007-04-10,84.87179487179488,85.71794871794872
2007-04-11,84.61538461538461,85.43589743589743
2007-04-12,84.87179487179488,85.17948717948718
2007-04-13,84.61538461538461,84.92307692307693
2007-04-16,84.35897435897436,84.76923076923077
2007-04-17,84.35897435897436,84.66666666666667
2007-04-18,83.58974358974359,84.53846153846153
2007-04-19,83.84615384615385,84.43589743589745
2007-04-20,83.84615384615385,84.33333333333334
2007-04-23,83.84615384615385,84.2820512820513
2007-04-24,83.84615384615385,84.17948717948718
2007-04-25,84.1025641025641,84.12820512820514
2007-04-26,83.84615384615385,84.02564102564102
2007-04-27,83.58974358974359,83.92307692307693
2007-04-30,83.07692307692308,83.7948717948718
2007-05-01,82.82051282051283,83.64102564102565
2007-05-02,82.3076923076923,83.51282051282053
2007-05-03,82.3076923076923,83.35897435897436
2007-05-04,82.05128205128204,83.17948717948718
2007-05-07,82.05128205128204,83.00000000000001
2007-05-08,81.53846153846153,82.76923076923076
2007-05-09,81.7948717948718,82.53846153846153
2007-05-10,81.7948717948718,82.33333333333334
2007-05-11,82.3076923076923,82.2051282051282
2007-05-14,82.05128205128204,82.1025641025641
2007-05-15,82.3076923076923,82.05128205128204
2007-05-16,82.3076923076923,82.05128205128206
2007-05-17,82.3076923076923,82.05128205128204
2007-05-18,82.3076923076923,82.07692307692307
2007-05-21,82.82051282051283,82.15384615384615
2007-05-22,82.82051282051283,82.2820512820513
2007-05-23,83.07692307692308,82.41025641025642
2007-05-24,83.07692307692308,82.53846153846153
2007-05-25,82.56410256410255,82.56410256410257
2007-05-29,82.82051282051283,82.64102564102565
2007-05-30,82.82051282051283,82.69230769230771
2007-05-31,83.07692307692308,82.76923076923077
2007-06-01,83.07692307692308,82.84615384615385
2007-06-04,83.07692307692308,82.92307692307693
2007-06-05,83.33333333333334,82.97435897435898
2007-06-06,83.58974358974359,83.05128205128206
2007-06-07,83.33333333333334,83.07692307692307
2007-06-08,82.82051282051283,83.05128205128206
2007-06-11,82.56410256410255,83.05128205128207
2007-06-12,82.56410256410255,83.02564102564102
2007-06-13,82.56410256410255,83.0
2007-06-14,82.56410256410255,82.94871794871794
2007-06-15,82.3076923076923,82.87179487179486
2007-06-18,82.05128205128204,82.76923076923077
2007-06-19,81.53846153846153,82.58974358974359
2007-06-20,81.7948717948718,82.4102564102564
2007-06-21,81.7948717948718,82.25641025641025
2007-06-22,81.7948717948718,82.15384615384615
2007-06-25,81.53846153846153,82.05128205128204
2007-06-26,81.02564102564102,81.89743589743588
2007-06-27,80.76923076923077,81.71794871794872
2007-06-28,80.76923076923077,81.53846153846153
2007-06-29,80.0,81.3076923076923
2007-07-02,80.0,81.1025641025641
2007-07-03,80.0,80.94871794871794
2007-07-05,79.48717948717949,80.7179487179487
2007-07-06,78.71794871794872,80.41025641025641
2007-07-09,78.46153846153847,80.07692307692307
2007-07-10,78.46153846153847,79.76923076923077
2007-07-11,78.46153846153847,79.51282051282053
2007-07-12,77.6923076923077,79.2051282051282
2007-07-13,77.43589743589745,78.87179487179488
2007-07-16,76.92307692307693,78.56410256410257
2007-07-17,76.66666666666667,78.23076923076924
2007-07-18,76.41025641025641,77.87179487179488
2007-07-19,76.66666666666667,77.5897435897436
2007-07-20,76.15384615384615,77.33333333333334
2007-07-23,75.8974358974359,77.07692307692308
2007-07-24,75.64102564102564,76.7948717948718
2007-07-25,75.64102564102564,76.51282051282051
2007-07-26,75.38461538461539,76.2820512820513
2007-07-27,75.38461538461539,76.07692307692308
2007-07-30,74.61538461538461,75.84615384615384
2007-07-31,74.61538461538461,75.64102564102564
2007-08-01,74.1025641025641,75.41025641025641
2007-08-02,73.07692307692307,75.05128205128204
2007-08-03,72.37851662404093,74.67374909830153
2007-08-06,71.35549872122762,74.2195553806807
2007-08-07,71.0997442455243,73.76542724113057
2007-08-08,70.076726342711,73.2089973112991
2007-08-09,70.076726342711,72.67820840710867
2007-08-10,69.30946291560103,72.07069316020723
2007-08-13,69.0537084398977,71.51452554265855
2007-08-14,67.26342710997443,70.77932979211752
2007-08-15,66.49616368286445,70.01868975014756
2007-08-16,65.98465473145781,69.30946291560103
2007-08-17,65.72890025575447,68.64450127877238
2007-08-20,65.98465473145781,68.10741687979541
2007-08-21,64.9616368286445,67.49360613810742
2007-08-22,63.68286445012787,66.8542199488491
2007-08-23,62.65984654731458,66.11253196930946
2007-08-24,62.40409207161125,65.42199488491049
2007-08-27,62.14833759590793,64.7314578005115
2007-08-28,61.63682864450127,64.1687979539642
2007-08-29,61.892583120204606,63.70843989769821
2007-08-30,61.63682864450127,63.273657289002564
2007-08-31,61.892583120204606,62.89002557544757
2007-09-04,61.892583120204606,62.48081841432226
2007-09-05,61.38107416879796,62.1227621483376
2007-09-06,60.96938775510205,61.85141447883501
2007-09-07,61.224489795918366,61.707878803695394
2007-09-10,60.204081632653065,61.487877759799574
2007-09-11,59.693877551020414,61.24243175531082
2007-09-12,59.43877551020408,61.022626441881094
2007-09-13,58.41836734693877,60.675204864554516
2007-09-14,58.16326530612245,60.32784853071663
2007-09-17,58.16326530612245,59.954916749308424
2007-09-18,57.90816326530612,59.55647476381857
2007-09-19,58.16326530612245,59.234693877551024
2007-09-20,57.14285714285714,58.85204081632653
2007-09-21,56.88775510204081,58.41836734693877
2007-09-24,56.88775510204081,58.08673469387755
2007-09-25,56.12244897959183,57.7295918367347
2007-09-26,55.86734693877551,57.372448979591844
2007-09-27,55.35714285714286,57.066326530612244
2007-09-28,55.10204081632652,56.76020408163265
2007-10-01,55.61224489795919,56.505102040816325
2007-10-02,55.61224489795919,56.27551020408163
2007-10-03,55.10204081632652,55.969387755102034
2007-10-04,55.35714285714286,55.79081632653062
2007-10-05,55.86734693877551,55.68877551020408
2007-10-08,56.63265306122449,55.66326530612245
2007-10-09,56.88775510204081,55.73979591836735
2007-10-10,57.39795918367348,55.892857142857146
2007-10-11,57.90816326530612,56.14795918367347
2007-10-12,57.90816326530612,56.42857142857143
2007-10-15,58.41836734693877,56.70918367346938
2007-10-16,58.16326530612245,56.96428571428571
2007-10-17,57.90816326530612,57.244897959183675
2007-10-18,58.16326530612245,57.52551020408163
2007-10-19,58.16326530612245,57.755102040816325
2007-10-22,58.41836734693877,57.93367346938775
2007-10-23,58.41836734693877,58.086734693877546
2007-10-24,58.41836734693877,58.18877551020408
2007-10-25,59.183673469387756,58.316326530612244
2007-10-26,59.183673469387756,58.44387755102041
2007-10-29,60.204081632653065,58.62244897959183
2007-10-30,60.204081632653065,58.8265306122449
2007-10-31,60.45918367346938,59.08163265306123
2007-11-01,60.71428571428571,59.33673469387755
2007-11-02,60.96938775510205,59.617346938775505
2007-11-05,60.71428571428571,59.8469387755102
2007-11-06,60.45918367346938,60.05102040816327
2007-11-07,60.96938775510205,60.30612244897959
2007-11-08,60.71428571428571,60.4591836734694
2007-11-09,60.45918367346938,60.586734693877546
2007-11-12,60.204081632653065,60.58673469387755
2007-11-13,59.94897959183674,60.56122448979592
2007-11-14,59.693877551020414,60.48469387755101
2007-11-15,59.693877551020414,60.382653061224495
2007-11-16,59.43877551020408,60.2295918367347
2007-11-19,59.43877551020408,60.10204081632653
2007-11-20,58.16326530612245,59.872448979591844
2007-11-21,57.90816326530612,59.56632653061225
2007-11-23,57.6530612244898,59.26020408163265
2007-11-26,57.90816326530612,59.00510204081634
2007-11-27,58.16326530612245,58.80102040816327
2007-11-28,58.16326530612245,58.62244897959183
2007-11-29,57.90816326530612,58.44387755102041
2007-11-30,57.39795918367348,58.21428571428571
2007-12-03,57.14285714285714,57.98469387755101
2007-12-04,57.39795918367348,57.780612244897966
2007-12-05,57.14285714285714,57.67857142857142
2007-12-06,57.39795918367348,57.627551020408156
2007-12-07,57.39795918367348,57.60204081632653
2007-12-10,57.39795918367348,57.55102040816327
2007-12-11,56.37755102040817,57.372448979591844
2007-12-12,56.12244897959183,57.16836734693878
2007-12-13,55.86734693877551,56.96428571428572
2007-12-14,56.37755102040817,56.862244897959194
2007-12-17,55.86734693877551,56.734693877551024
2007-12-18,56.12244897959183,56.60714285714287
2007-12-19,54.8469387755102,56.37755102040817
2007-12-20,54.33673469387755,56.07142857142857
2007-12-21,53.57142857142857,55.68877551020408
2007-12-24,52.806122448979586,55.2295918367347
2007-12-26,52.295918367346935,54.82142857142857
2007-12-27,52.04081632653062,54.41326530612245
2007-12-28,51.53061224489795,53.979591836734684
2007-12-31,51.275510204081634,53.469387755102034
2008-01-02,51.02040816326531,52.98469387755101
2008-01-03,51.02040816326531,52.47448979591836
2008-01-04,51.399491094147585,52.12974502778211
2008-01-07,50.89058524173028,51.78513008256738
2008-01-08,50.63613231552163,51.491600456976684
2008-01-09,50.12722646310432,51.223710858389154
2008-01-10,49.87277353689568,50.98139637534403
2008-01-11,48.984771573604064,50.67579190005137
2008-01-14,48.47715736040609,50.370446411602195
2008-01-15,47.96954314720812,50.03984970591484
2008-01-16,47.20812182741117,49.658621072329424
2008-01-17,46.192893401015226,49.17586959610442
2008-01-18,45.68527918781726,48.60444840547138
2008-01-22,44.41624365482234,47.95701424678059
2008-01-23,44.41624365482234,47.33502538071066
2008-01-24,43.90862944162436,46.71316567856266
2008-01-25,43.65482233502538,46.09137055837564
2008-01-28,43.14720812182741,45.507614213197975
2008-01-29,42.63959390862944,44.923857868020306
2008-01-30,42.63959390862944,44.390862944162436
2008-01-31,42.13197969543147,43.88324873096447
2008-02-01,42.025316455696206,43.466491036432565
2008-02-04,40.75949367088608,42.973912484739444
2008-02-05,40.50632911392405,42.58292103064962
2008-02-06,40.0,42.14129666516739
2008-02-07,38.9873417721519,41.64916789822014
2008-02-08,38.734177215189874,41.157103386236585
2008-02-11,37.721518987341774,40.61453447278802
2008-02-12,37.21518987341772,40.07209406926685
2008-02-13,37.21518987341772,39.529653665745684
2008-02-14,36.9620253164557,39.0126582278481
2008-02-15,35.858585858585855,38.39598516813707
2008-02-19,35.51637279596977,37.87167308064544
2008-02-20,35.51637279596977,37.372677448850006
2008-02-21,34.5088161209068,36.82355906094069
2008-02-22,33.75314861460957,36.300139745186456
2008-02-25,33.50125944584383,35.77684796825185
2008-02-26,33.75314861460957,35.38001093097863
2008-02-27,33.50125944584383,35.00861788822124
2008-02-28,32.914572864321606,34.578556187311634
2008-02-29,32.41206030150754,34.123559685816815
2008-03-03,32.1608040201005,33.75378150196828
2008-03-04,31.4070351758794,33.34284773995924
2008-03-05,30.65326633165829,32.8565370935281
2008-03-06,29.64824120603015,32.370479602040426
2008-03-07,28.14070351758794,31.809235092338263
2008-03-10,27.1356783919598,31.172676986949863
2008-03-11,25.879396984924625,30.385301823981365
2008-03-12,24.87437185929648,29.52261306532663
2008-03-13,24.623115577889447,28.693467336683415
2008-03-14,24.623115577889447,27.91457286432161
2008-03-17,24.120603015075375,27.110552763819094
2008-03-18,23.115577889447238,26.28140703517588
2008-03-19,23.115577889447238,25.527638190954775
2008-03-20,23.618090452261306,24.92462311557789
2008-03-24,23.366834170854272,24.44723618090452
2008-03-25,22.8643216080402,24.020100502512562
2008-03-26,22.613065326633166,23.69346733668342
2008-03-27,22.110552763819097,23.41708542713568
2008-03-28,22.8643216080402,23.241206030150757
2008-03-31,22.807017543859647,23.059596226747775
2008-04-01,22.807017543859647,22.9282376796262
2008-04-02,23.05764411027569,22.922444301709046
2008-04-03,23.308270676691727,22.941713580433493
2008-04-04,23.809523809523807,22.96085691615975
2008-04-07,24.06015037593985,23.0301885366683
2008-04-08,24.5,23.193756375864282
2008-04-09,24.75,23.407449843200965
2008-04-10,25.0,23.696394566819055
2008-04-11,25.5,23.959962406015034
2008-04-14,25.25,24.20426065162907
2008-04-15,25.25,24.448558897243107
2008-04-16,25.25,24.667794486215538
2008-04-17,24.5,24.786967418546364
2008-04-18,25.0,24.90601503759398
2008-04-21,25.75,25.075
2008-04-22,25.75,25.2
2008-04-23,26.0,25.325
2008-04-24,26.0,25.425
2008-04-25,27.0,25.575
2008-04-28,27.0,25.75
2008-04-29,27.500000000000004,25.975
2008-04-30,27.500000000000004,26.2
2008-05-01,27.750000000000004,26.525
2008-05-02,28.749999999999996,26.9
2008-05-05,29.5,27.275
2008-05-06,30.25,27.725
2008-05-07,30.0,28.125
2008-05-08,30.5,28.575
2008-05-09,30.25,28.9
2008-05-12,30.673316708229425,29.267331670822944
2008-05-13,31.17206982543641,29.634538653366587
2008-05-14,31.92019950124688,30.076558603491275
2008-05-15,32.917705735660846,30.59332917705736
2008-05-16,34.1645885286783,31.134788029925186
2008-05-19,35.16209476309227,31.700997506234415
2008-05-20,36.15960099750624,32.29195760598504
2008-05-21,36.408977556109726,32.93285536159601
2008-05-22,36.65835411471321,33.548690773067335
2008-05-23,38.15461346633416,34.33915211970075
2008-05-27,38.65336658354115,35.137157107231914
2008-05-28,39.900249376558605,36.00997506234414
2008-05-29,41.39650872817955,36.957605985037404
2008-05-30,42.14463840399002,37.88029925187032
2008-06-02,42.8927680798005,38.753117206982544
2008-06-03,43.391521197007485,39.576059850374065
2008-06-04,43.64089775561097,40.32418952618454
2008-06-05,44.13965087281795,41.097256857855356
2008-06-06,44.38902743142145,41.87032418952619
2008-06-09,45.137157107231914,42.56857855361596
2008-06-10,45.885286783042396,43.29177057356608
2008-06-11,45.885286783042396,43.890274314214466
2008-06-12,45.885286783042396,44.33915211970075
2008-06-13,46.13466334164589,44.738154613466335
2008-06-16,46.633416458852864,45.112219451371566
2008-06-17,46.633416458852864,45.436408977556106
2008-06-18,46.38403990024938,45.71072319201995
2008-06-19,47.63092269326683,46.05985037406484
2008-06-20,48.87780548628429,46.50872817955112
2008-06-23,49.62593516209476,46.957605985037404
2008-06-24,49.37655860349127,47.30673316708229
2008-06-25,49.12718204488778,47.63092269326683
2008-06-26,48.6284289276808,47.905236907730675
2008-06-27,47.63092269326683,48.05486284289277
2008-06-30,47.381546134663346,48.12967581047381
2008-07-01,46.38403990024938,48.104738154613464
2008-07-02,46.13466334164589,48.079800498753116
2008-07-03,46.13466334164589,47.930174563591024
2008-07-07,45.885286783042396,47.63092269326684
2008-07-08,45.6359102244389,47.23192019950125
2008-07-09,45.137157107231914,46.80798004987531
2008-07-10,44.63840399002494,46.359102244389035
2008-07-11,44.38902743142145,45.93516209476309
2008-07-14,43.89027431421446,45.561097256857856
2008-07-15,42.8927680798005,45.11221945137157
2008-07-16,42.643391521197,44.738154613466335
2008-07-17,42.8927680798005,44.413965087281795
2008-07-18,42.8927680798005,44.089775561097255
2008-07-21,43.14214463840399,43.81546134663341
2008-07-22,42.8927680798005,43.54114713216957
2008-07-23,42.8927680798005,43.31670822942643
2008-07-24,42.394014962593516,43.09226932668329
2008-07-25,42.14463840399002,42.86783042394015
2008-07-28,42.14463840399002,42.6932668329177
2008-07-29,41.64588528678304,42.56857855361596
2008-07-30,40.89775561097257,42.394014962593516
2008-07-31,40.64837905236908,42.16957605985037
2008-08-01,39.65087281795511,41.84538653366583
2008-08-04,39.40149625935162,41.4713216957606
2008-08-05,38.65336658354115,41.04738154613466
2008-08-06,37.65586034912718,40.52369077306734
2008-08-07,37.65586034912718,40.0498753117207
2008-08-08,38.403990024937656,39.67581047381546
2008-08-11,38.308457711442784,39.29219240456074
2008-08-12,38.55721393034826,38.983325268917255
2008-08-13,38.308457711442784,38.724395478964276
2008-08-14,37.56218905472637,38.415776479200005
2008-08-15,37.56218905472637,38.20690810287714
2008-08-18,37.06467661691542,37.973226138633514
2008-08-19,37.06467661691542,37.814357141970945
2008-08-20,36.56716417910448,37.70548752496867
2008-08-21,36.318407960199,37.57174228607586
2008-08-22,35.82089552238806,37.3134328358209
2008-08-25,35.82089552238806,37.06467661691543
2008-08-26,35.57213930348259,36.766169154228855
2008-08-27,35.07462686567165,36.442786069651746
2008-08-28,34.32835820895522,36.11940298507462
2008-08-29,33.83084577114428,35.74626865671642
2008-09-02,34.7394540942928,35.51374640445415
2008-09-03,34.7394540942928,35.28122415219189
2008-09-04,34.49131513647642,35.07363924792909
2008-09-05,34.24317617866005,34.866116069775195
2008-09-08,34.49131513647642,34.73315803118403
2008-09-09,34.49131513647642,34.60019999259287
2008-09-10,34.98759305210918,34.541745367455526
2008-09-11,35.235732009925556,34.55785588188091
2008-09-12,35.98014888337469,34.723034949322866
2008-09-15,35.98014888337469,34.93796526054591
2008-09-16,35.98014888337469,35.06203473945409
2008-09-17,35.98014888337469,35.18610421836228
2008-09-18,36.972704714640194,35.43424317617866
2008-09-19,36.972704714640194,35.707196029776675
2008-09-22,37.468982630272954,36.00496277915632
2008-09-23,37.96526054590571,36.35235732009925
2008-09-24,39.20595533498759,36.774193548387096
2008-09-25,39.950372208436725,37.245657568238215
2008-09-26,40.69478908188586,37.71712158808933
2008-09-29,39.950372208436725,38.11414392059553
2008-09-30,40.44665012406948,38.56079404466501
2008-10-01,40.198511166253105,38.98263027295285
2008-10-02,39.45409429280397,39.23076923076923
2008-10-03,38.70967741935484,39.40446650124069
2008-10-06,37.220843672456574,39.37965260545906
2008-10-07,36.47642679900744,39.23076923076923
2008-10-08,35.483870967741936,38.858560794044664
2008-10-09,33.99503722084367,38.26302729528536
2008-10-10,33.49875930521092,37.54342431761786
2008-10-13,33.002481389578165,36.84863523573201
2008-10-14,32.25806451612903,36.02977667493796
2008-10-15,30.272952853598017,35.03722084367246
2008-10-16,28.287841191067,33.92059553349876
2008-10-17,27.29528535980149,32.779156327543426
2008-10-20,26.799007444168733,31.73697270471464
2008-10-21,25.806451612903224,30.669975186104217
2008-10-22,24.069478908188586,29.52853598014888
2008-10-23,22.084367245657567,28.337468982630277
2008-10-24,21.339950372208435,27.121588089330025
2008-10-27,20.099255583126553,25.83126550868486
2008-10-28,19.106699751861044,24.516129032258064
2008-10-29,17.866004962779154,23.27543424317618
2008-10-30,15.88089330024814,22.034739454094293
2008-10-31,15.384615384615385,20.843672456575682
2008-11-03,14.888337468982629,19.65260545905707
2008-11-04,14.392059553349876,18.511166253101738
2008-11-05,14.392059553349876,17.543424317617866
2008-11-06,13.399503722084367,16.674937965260547
2008-11-07,11.910669975186105,15.73200992555831
2008-11-10,10.918114143920596,14.813895781637717
2008-11-11,9.429280397022332,13.846153846153845
2008-11-12,8.436724565756824,12.903225806451612
2008-11-13,7.6923076923076925,12.084367245657567
2008-11-14,7.6923076923076925,11.315136476426797
2008-11-17,7.6923076923076925,10.595533498759306
2008-11-18,6.9478908188585615,9.851116625310175
2008-11-19,6.9478908188585615,9.106699751861042
2008-11-20,5.707196029776675,8.337468982630273
2008-11-21,5.459057071960298,7.692307692307692
2008-11-24,5.459057071960298,7.146401985111663
2008-11-25,5.2109181141439205,6.7245657568238215
2008-11-26,4.714640198511166,6.352357320099256
2008-11-28,4.218362282878412,6.004962779156328
2008-12-01,3.970223325062035,5.632754342431762
2008-12-02,3.970223325062035,5.260545905707196
2008-12-03,3.722084367245657,4.937965260545906
2008-12-04,3.970223325062035,4.640198511166253
2008-12-05,3.722084367245657,4.441687344913151
2008-12-08,3.722084367245657,4.267990074441687
2008-12-09,3.4739454094292808,4.069478908188586
2008-12-10,3.4739454094292808,3.8957816377171213
2008-12-11,3.4739454094292808,3.7717121588089335
2008-12-12,3.225806451612903,3.672456575682382
2008-12-15,3.225806451612903,3.598014888337469
2008-12-16,2.729528535980149,3.4739454094292803
2008-12-17,2.977667493796526,3.399503722084367
2008-12-18,2.729528535980149,3.2754342431761785
2008-12-19,2.729528535980149,3.176178660049628
2008-12-22,2.977667493796526,3.101736972704715
2008-12-23,2.977667493796526,3.0521091811414394
2008-12-24,2.481389578163772,2.952853598014888
2008-12-26,2.481389578163772,2.8535980148883375
2008-12-29,2.4752475247524752,2.778542122202295
2008-12-30,2.4752475247524752,2.703486229516252
2008-12-31,2.4691358024691357,2.6774469561651504
2009-01-02,2.2222222222222223,2.6019024290077204
2009-01-05,2.4691358024691357,2.5758631556566187
2009-01-06,2.9629629629629632,2.5992065983549004
2009-01-07,3.2098765432098766,2.6224275032962354
2009-01-08,3.2098765432098766,2.6456484082375704
2009-01-09,3.45679012345679,2.7431884627668723
2009-01-12,3.45679012345679,2.840728517296174
2009-01-13,3.45679012345679,2.9388827771666053
2009-01-14,3.45679012345679,3.037037037037037
2009-01-15,2.9629629629629632,3.08641975308642
2009-01-16,2.9629629629629632,3.1604938271604937
2009-01-20,2.9629629629629632,3.2098765432098766
2009-01-21,2.9629629629629632,3.2098765432098766
2009-01-22,2.9629629629629632,3.185185185185185
2009-01-23,2.9629629629629632,3.160493827160494
2009-01-26,3.2098765432098766,3.135802469135803
2009-01-27,3.2098765432098766,3.1111111111111116
2009-01-28,3.45679012345679,3.111111111111111
2009-01-29,3.45679012345679,3.1111111111111116
2009-01-30,3.45679012345679,3.1604938271604937
2009-02-02,3.45679012345679,3.2098765432098766
2009-02-03,3.7037037037037033,3.2839506172839505
2009-02-04,3.7037037037037033,3.3580246913580245
2009-02-05,4.1871921182266005,3.4804476068843884
2009-02-06,4.1871921182266005,3.602870522410752
2009-02-09,4.433497536945813,3.725232621784346
2009-02-10,4.1871921182266005,3.822964179286018
2009-02-11,4.1871921182266005,3.896004378762999
2009-02-12,4.1871921182266005,3.9690445782399806
2009-02-13,4.1871921182266005,4.042084777716961
2009-02-17,4.1871921182266005,4.115124977193942
2009-02-18,4.679802955665025,4.212734902390075
2009-02-19,4.679802955665025,4.310344827586207
2009-02-20,4.914004914004914,4.383026107164038
2009-02-23,4.914004914004914,4.455707386741869
2009-02-24,4.914004914004914,4.50375812444778
2009-02-25,5.159705159705159,4.601009428595636
2009-02-26,5.651105651105651,4.74740078188354
2009-02-27,5.651105651105651,4.893792135171445
2009-03-02,5.405405405405405,5.015613463889326
2009-03-03,5.159705159705159,5.1128647680371815
2009-03-04,5.159705159705159,5.160854988441195
2009-03-05,5.405405405405405,5.233415233415233
2009-03-06,5.159705159705159,5.257985257985258
2009-03-09,4.914004914004914,5.257985257985258
2009-03-10,4.422604422604422,5.208845208845209
2009-03-11,4.422604422604422,5.135135135135135
2009-03-12,3.9312039312039313,4.963144963144963
2009-03-13,3.9312039312039313,4.79115479115479
2009-03-16,3.6855036855036856,4.619164619164619
2009-03-17,3.43980343980344,4.447174447174447
2009-03-18,3.43980343980344,4.275184275184275
2009-03-19,3.43980343980344,4.078624078624079
2009-03-20,3.43980343980344,3.906633906633907
2009-03-23,3.43980343980344,3.759213759213759
2009-03-24,3.43980343980344,3.6609336609336607
2009-03-25,3.43980343980344,3.562653562653563
2009-03-26,3.43980343980344,3.5135135135135136
2009-03-27,3.43980343980344,3.4643734643734647
2009-03-30,3.6855036855036856,3.4643734643734647
2009-03-31,3.6855036855036856,3.4889434889434887
2009-04-01,3.9215686274509802,3.5371200077082428
2009-04-02,3.9215686274509802,3.5852965264729972
2009-04-03,4.166666666666666,3.65798284915932
2009-04-06,4.166666666666666,3.730669171845642
2009-04-07,4.166666666666666,3.803355494531965
2009-04-08,4.411764705882353,3.9005516211398565
2009-04-09,4.6568627450980395,4.022257551669316
2009-04-13,4.6568627450980395,4.143963482198776
2009-04-14,4.901960784313726,4.265609192079781
2009-04-15,5.147058823529411,4.411764705882353
2009-04-16,5.637254901960785,4.583333333333333
2009-04-17,6.372549019607843,4.828431372549019
2009-04-20,6.372549019607843,5.049019607843137
2009-04-21,6.127450980392156,5.245098039215686
2009-04-22,6.127450980392156,5.441176470588235
2009-04-23,6.372549019607843,5.637254901960785
2009-04-24,6.61764705882353,5.833333333333334
2009-04-27,6.61764705882353,6.029411764705882
2009-04-28,6.862745098039216,6.225490196078431
2009-04-29,7.598039215686274,6.470588235294118
2009-04-30,7.8431372549019605,6.691176470588235
2009-05-01,8.088235294117647,6.862745098039215
2009-05-04,8.57843137254902,7.083333333333333
2009-05-05,9.313725490196079,7.401960784313725
2009-05-06,9.558823529411764,7.745098039215686
2009-05-07,10.049019607843137,8.112745098039216
2009-05-08,10.784313725490197,8.529411764705882
2009-05-11,12.009803921568627,9.068627450980392
2009-05-12,12.254901960784313,9.607843137254902
2009-05-13,13.480392156862745,10.196078431372548
2009-05-14,14.215686274509803,10.833333333333334
2009-05-15,15.196078431372548,11.544117647058822
2009-05-18,16.911764705882355,12.377450980392158
2009-05-19,19.11764705882353,13.3578431372549
2009-05-20,20.588235294117645,14.460784313725489
2009-05-21,21.813725490196077,15.637254901960784
2009-05-22,24.264705882352942,16.985294117647058
2009-05-26,25.98039215686275,18.38235294117647
2009-05-27,27.941176470588236,19.95098039215686
2009-05-28,29.166666666666668,21.51960784313726
2009-05-29,30.14705882352941,23.112745098039216
2009-06-01,32.84313725490196,24.877450980392155
2009-06-02,36.029411764705884,26.78921568627451
2009-06-03,37.99019607843137,28.676470588235293
2009-06-04,38.48039215686275,30.465686274509807
2009-06-05,41.17647058823529,32.40196078431372
2009-06-08,41.911764705882355,34.16666666666667
2009-06-09,44.36274509803921,36.004901960784316
2009-06-10,46.568627450980394,37.86764705882353
2009-06-11,48.03921568627451,39.754901960784316
2009-06-12,50.98039215686274,41.838235294117645
2009-06-15,51.9607843137255,43.75
2009-06-16,53.92156862745098,45.53921568627451
2009-06-17,55.392156862745104,47.279411764705884
2009-06-18,57.107843137254896,49.1421568627451
2009-06-19,57.59803921568627,50.7843137254902
2009-06-22,58.57843137254902,52.450980392156865
2009-06-23,59.31372549019608,53.946078431372555
2009-06-24,60.78431372549019,55.36764705882352
2009-06-25,61.76470588235294,56.74019607843137
2009-06-26,62.5,57.8921568627451
2009-06-29,63.970588235294116,59.09313725490197
2009-06-30,64.4607843137255,60.14705882352941
2009-07-01,65.19607843137256,61.127450980392155
2009-07-02,66.17647058823529,62.034313725490186
2009-07-06,66.66666666666666,62.941176470588246
2009-07-07,67.64705882352942,63.84803921568628
2009-07-08,68.87254901960785,64.80392156862744
2009-07-09,69.85294117647058,65.7107843137255
2009-07-10,70.09803921568627,66.54411764705883
2009-07-13,71.32352941176471,67.42647058823529
2009-07-14,72.30392156862744,68.25980392156862
2009-07-15,72.54901960784314,69.06862745098039
2009-07-16,73.52941176470588,69.90196078431373
2009-07-17,73.77450980392157,70.66176470588235
2009-07-20,74.75490196078431,71.47058823529412
2009-07-21,75.98039215686273,72.30392156862744
2009-07-22,76.47058823529412,73.06372549019608
2009-07-23,77.69607843137256,73.84803921568627
2009-07-24,77.69607843137256,74.6078431372549
2009-07-27,78.67647058823529,75.34313725490196
2009-07-28,79.16666666666666,76.02941176470588
2009-07-29,79.16666666666666,76.69117647058823
2009-07-30,80.88235294117648,77.42647058823529
2009-07-31,81.12745098039215,78.16176470588235
2009-08-03,81.61764705882352,78.84803921568627
2009-08-04,82.59803921568627,79.50980392156863
2009-08-05,83.57843137254902,80.22058823529412
2009-08-06,83.82352941176471,80.83333333333334
2009-08-07,85.5392156862745,81.61764705882352
2009-08-10,86.02941176470588,82.35294117647058
2009-08-11,86.02941176470588,83.0392156862745
2009-08-12,86.76470588235294,83.79901960784314
2009-08-13,86.76470588235294,84.38725490196079
2009-08-14,87.74509803921569,85.04901960784314
2009-08-17,88.48039215686273,85.73529411764706
2009-08-18,88.48039215686273,86.32352941176471
2009-08-19,89.2156862745098,86.88725490196079
2009-08-20,89.2156862745098,87.42647058823529
2009-08-21,89.95098039215686,87.86764705882354
2009-08-24,90.44117647058823,88.30882352941177
2009-08-25,90.68627450980392,88.77450980392157
2009-08-26,90.93137254901961,89.19117647058823
2009-08-27,91.42156862745098,89.65686274509804
2009-08-28,92.15686274509804,90.09803921568627
2009-08-31,92.15686274509804,90.4656862745098
2009-09-01,92.40196078431373,90.8578431372549
2009-09-02,92.40196078431373,91.17647058823529
2009-09-03,92.15686274509804,91.47058823529412
2009-09-04,92.40196078431373,91.7156862745098
2009-09-08,92.64705882352942,91.93627450980392
2009-09-09,91.91176470588235,92.05882352941175
2009-09-10,92.15686274509804,92.18137254901961
2009-09-11,92.15686274509804,92.25490196078432
2009-09-14,92.64705882352942,92.30392156862744
2009-09-15,93.13725490196079,92.40196078431373
2009-09-16,93.13725490196079,92.47549019607843
2009-09-17,93.13725490196079,92.54901960784314
2009-09-18,94.6078431372549,92.79411764705883
2009-09-21,95.58823529411765,93.11274509803921
2009-09-22,95.58823529411765,93.40686274509804
2009-09-23,95.83333333333334,93.79901960784315
2009-09-24,96.56862745098039,94.24019607843137
2009-09-25,96.32352941176471,94.65686274509804
2009-09-28,96.32352941176471,95.02450980392157
2009-09-29,96.07843137254902,95.3186274509804
2009-09-30,96.32352941176471,95.63725490196079
2009-10-01,96.07843137254902,95.9313725490196
2009-10-02,96.07843137254902,96.07843137254903
2009-10-05,95.83333333333334,96.1029411764706
2009-10-06,95.58823529411765,96.10294117647058
2009-10-07,95.58823529411765,96.07843137254902
2009-10-08,95.58823529411765,95.98039215686275
2009-10-09,95.58823529411765,95.90686274509804
2009-10-12,95.58823529411765,95.83333333333333
2009-10-13,95.58823529411765,95.7843137254902
2009-10-14,95.34313725490196,95.68627450980392
2009-10-15,95.83333333333334,95.66176470588236
2009-10-16,95.83333333333334,95.6372549019608
2009-10-19,95.83333333333334,95.63725490196079
2009-10-20,95.83333333333334,95.66176470588235
2009-10-21,95.83333333333334,95.68627450980394
2009-10-22,96.07843137254902,95.73529411764706
2009-10-23,96.81372549019608,95.8578431372549
2009-10-26,96.81372549019608,95.98039215686273
2009-10-27,96.81372549019608,96.1029411764706
2009-10-28,96.81372549019608,96.25
2009-10-29,96.56862745098039,96.32352941176471
2009-10-30,96.56862745098039,96.39705882352942
2009-11-02,96.56862745098039,96.47058823529412
2009-11-03,96.32352941176471,96.51960784313727
2009-11-04,96.32352941176471,96.56862745098039
2009-11-05,96.56862745098039,96.61764705882354
2009-11-06,96.56862745098039,96.59313725490196
2009-11-09,96.32352941176471,96.54411764705883
2009-11-10,96.32352941176471,96.49509803921568
2009-11-11,96.32352941176471,96.44607843137256
2009-11-12,96.56862745098039,96.44607843137256
2009-11-13,96.32352941176471,96.42156862745098
2009-11-16,96.56862745098039,96.42156862745098
2009-11-17,96.56862745098039,96.44607843137256
2009-11-18,96.56862745098039,96.47058823529412
2009-11-19,96.32352941176471,96.44607843137254
2009-11-20,96.32352941176471,96.42156862745098
2009-11-23,95.83333333333334,96.37254901960785
2009-11-24,95.34313725490196,96.27450980392157
2009-11-25,94.85294117647058,96.12745098039215
2009-11-27,95.09803921568627,95.98039215686275
2009-11-30,95.09803921568627,95.8578431372549
2009-12-01,94.85294117647058,95.68627450980391
2009-12-02,94.6078431372549,95.49019607843137
2009-12-03,94.6078431372549,95.29411764705881
2009-12-04,94.85294117647058,95.14705882352942
2009-12-07,94.85294117647058,95.0
2009-12-08,94.85294117647058,94.90196078431372
2009-12-09,94.6078431372549,94.82843137254902
2009-12-10,94.6078431372549,94.80392156862744
2009-12-11,94.36274509803921,94.73039215686273
2009-12-14,94.36274509803921,94.65686274509804
2009-12-15,94.36274509803921,94.6078431372549
2009-12-16,94.11764705882352,94.55882352941177
2009-12-17,94.11764705882352,94.50980392156862
2009-12-18,93.62745098039215,94.38725490196077
2009-12-21,93.62745098039215,94.26470588235293
2009-12-22,93.62745098039215,94.14215686274511
2009-12-23,93.62745098039215,94.04411764705883
2009-12-24,93.62745098039215,93.94607843137256
2009-12-28,93.62745098039215,93.87254901960785
2009-12-29,93.13725490196079,93.75
2009-12-30,92.8921568627451,93.60294117647058
2009-12-31,92.8921568627451,93.48039215686273
2010-01-04,92.64705882352942,93.33333333333334
2010-01-05,92.40196078431373,93.2107843137255
2010-01-06,91.91176470588235,93.03921568627452
2010-01-07,92.15686274509804,92.8921568627451
2010-01-08,92.15686274509804,92.74509803921568
2010-01-11,92.15686274509804,92.59803921568627
2010-01-12,92.15686274509804,92.45098039215686
2010-01-13,92.15686274509804,92.35294117647058
2010-01-14,92.64705882352942,92.32843137254902
2010-01-15,92.8921568627451,92.32843137254902
2010-01-19,93.13725490196079,92.37745098039215
2010-01-20,93.13725490196079,92.45098039215686
2010-01-21,92.8921568627451,92.54901960784314
2010-01-22,92.8921568627451,92.62254901960785
2010-01-25,93.38235294117648,92.74509803921569
2010-01-26,93.13725490196079,92.84313725490196
2010-01-27,93.38235294117648,92.9656862745098
2010-01-28,93.13725490196079,93.06372549019608
2010-01-29,92.40196078431373,93.03921568627452
2010-02-01,92.40196078431373,92.99019607843138
2010-02-02,92.40196078431373,92.91666666666667
2010-02-03,92.40196078431373,92.84313725490196
2010-02-04,92.64705882352942,92.8186274509804
2010-02-05,92.64705882352942,92.79411764705883
2010-02-08,92.40196078431373,92.69607843137256
2010-02-09,92.15686274509804,92.59803921568627
2010-02-10,92.15686274509804,92.47549019607843
2010-02-11,92.15686274509804,92.37745098039217
2010-02-12,91.91176470588235,92.32843137254903
2010-02-16,91.91176470588235,92.27941176470588
2010-02-17,91.66666666666666,92.20588235294117
2010-02-18,91.91176470588235,92.15686274509804
2010-02-19,91.42156862745098,92.0343137254902
2010-02-22,91.42156862745098,91.91176470588235
2010-02-23,91.17647058823529,91.7892156862745
2010-02-24,91.17647058823529,91.69117647058823
2010-02-25,91.17647058823529,91.59313725490196
2010-02-26,91.17647058823529,91.49509803921568
2010-03-01,91.17647058823529,91.42156862745097
2010-03-02,91.17647058823529,91.34803921568627
2010-03-03,91.66666666666666,91.34803921568627
2010-03-04,91.66666666666666,91.3235294117647
2010-03-05,90.93137254901961,91.27450980392157
2010-03-08,90.68627450980392,91.20098039215685
2010-03-09,90.44117647058823,91.12745098039215
2010-03-10,90.44117647058823,91.05392156862744
2010-03-11,90.44117647058823,90.98039215686273
2010-03-12,89.70588235294117,90.83333333333333
2010-03-15,89.4607843137255,90.66176470588235
2010-03-16,89.2156862745098,90.4656862745098
2010-03-17,88.48039215686273,90.14705882352942
2010-03-18,87.74509803921569,89.75490196078432
2010-03-19,87.99019607843137,89.46078431372548
2010-03-22,88.23529411764706,89.2156862745098
2010-03-23,88.23529411764706,88.99509803921568
2010-03-24,88.48039215686273,88.79901960784314
2010-03-25,88.48039215686273,88.60294117647058
2010-03-26,88.48039215686273,88.48039215686273
2010-03-29,88.48039215686273,88.38235294117646
2010-03-30,88.23529411764706,88.2843137254902
2010-03-31,88.23529411764706,88.25980392156862
2010-04-01,88.23529411764706,88.30882352941175
2010-04-05,87.74509803921569,88.2843137254902
2010-04-06,87.99019607843137,88.25980392156863
2010-04-07,87.99019607843137,88.23529411764706
2010-04-08,88.23529411764706,88.21078431372548
2010-04-09,88.23529411764706,88.18627450980391
2010-04-12,87.99019607843137,88.13725490196077
2010-04-13,88.23529411764706,88.11274509803921
2010-04-14,88.97058823529412,88.18627450980392
2010-04-15,89.2156862745098,88.2843137254902
2010-04-16,88.97058823529412,88.35784313725489
2010-04-19,89.4607843137255,88.52941176470588
2010-04-20,89.95098039215686,88.72549019607843
2010-04-21,89.95098039215686,88.92156862745097
2010-04-22,89.70588235294117,89.0686274509804
2010-04-23,89.95098039215686,89.24019607843138
2010-04-26,90.44117647058823,89.48529411764706
2010-04-27,90.44117647058823,89.70588235294119
2010-04-28,90.93137254901961,89.90196078431373
2010-04-29,90.93137254901961,90.07352941176471
2010-04-30,90.93137254901961,90.26960784313727
2010-05-03,91.17647058823529,90.44117647058825
2010-05-04,91.42156862745098,90.58823529411765
2010-05-05,91.66666666666666,90.75980392156863
2010-05-06,91.42156862745098,90.9313725490196
2010-05-07,91.17647058823529,91.05392156862744
2010-05-10,91.42156862745098,91.15196078431373
2010-05-11,91.66666666666666,91.27450980392157
2010-05-12,91.42156862745098,91.32352941176471
2010-05-13,91.42156862745098,91.37254901960783
2010-05-14,91.17647058823529,91.39705882352942
2010-05-17,91.66666666666666,91.44607843137254
2010-05-18,91.42156862745098,91.44607843137254
2010-05-19,91.42156862745098,91.42156862745098
2010-05-20,91.17647058823529,91.3970588235294
2010-05-21,90.95354523227384,91.37476628793327
2010-05-24,90.4645476772616,91.27906419291432
2010-05-25,89.48655256723717,91.06105278297137
2010-05-26,88.99755501222494,90.81865142144878
2010-05-27,88.50855745721272,90.52735030442496
2010-05-28,88.01955990220048,90.21165923582146
2010-06-01,87.28606356968214,89.77359892612301
2010-06-02,87.04156479217605,89.33559854259553
2010-06-03,86.3080684596577,88.82424852581619
2010-06-04,86.06356968215158,88.31295843520783
2010-06-07,85.57457212713936,87.77506112469436
2010-06-08,84.3520782396088,87.16381418092911
2010-06-09,83.61858190709046,86.57701711491441
2010-06-10,82.88508557457213,85.96577017114915
2010-06-11,81.41809290953546,85.2567237163814
2010-06-14,81.17359413202934,84.57212713936431
2010-06-15,81.66259168704157,84.00977995110024
2010-06-16,81.41809290953546,83.44743276283619
2010-06-17,80.92909535452323,82.90953545232273
2010-06-18,80.68459657701712,82.37163814180929
2010-06-21,79.95110024449878,81.80929095354523
2010-06-22,78.72860635696821,81.24694376528117
2010-06-23,77.26161369193154,80.61124694376528
2010-06-24,75.79462102689487,79.90220048899756
2010-06-25,75.06112469437653,79.26650366748167
2010-06-28,74.32762836185819,78.58190709046455
2010-06-29,72.86063569682152,77.70171149144255
2010-06-30,72.12713936430319,76.77261613691931
2010-07-01,70.4156479217604,75.72127139364304
2010-07-02,69.43765281173594,74.59657701711492
2010-07-06,67.72616136919315,73.37408312958436
2010-07-07,65.77017114914425,72.07823960880197
2010-07-08,64.79217603911981,70.83129584352079
2010-07-09,63.56968215158925,69.60880195599022
2010-07-12,62.10268948655256,68.31295843520782
2010-07-13,61.12469437652812,66.99266503667482
2010-07-14,60.391198044009776,65.74572127139365
2010-07-15,59.65770171149144,64.49877750611248
2010-07-16,59.168704156479215,63.37408312958435
2010-07-19,58.679706601467,62.29828850855746
2010-07-20,58.679706601467,61.39364303178483
2010-07-21,57.21271393643031,60.53789731051345
2010-07-22,56.96821515892421,59.75550122249389
2010-07-23,55.85365853658537,58.983898860993506
2010-07-26,55.60975609756098,58.33460552209434
2010-07-27,55.365853658536594,57.7587214502952
2010-07-28,54.63414634146342,57.183016280040555
2010-07-29,54.146341463414636,56.63188025523287
2010-07-30,53.90243902439025,56.105253742023976
2010-08-02,54.87804878048781,55.72508795992606
2010-08-03,55.1219512195122,55.369312421730584
2010-08-04,55.60975609756098,55.209016637843646
2010-08-05,55.365853658536594,55.04878048780489
2010-08-06,55.365853658536594,55.000000000000014
2010-08-09,55.365853658536594,54.97560975609757
2010-08-10,55.85365853658537,55.02439024390244
2010-08-11,56.09756097560976,55.170731707317074
2010-08-12,55.85365853658537,55.341463414634156
2010-08-13,55.60975609756098,55.51219512195123
2010-08-16,55.60975609756098,55.58536585365855
2010-08-17,55.85365853658537,55.65853658536586
2010-08-18,56.34146341463414,55.73170731707317
2010-08-19,55.60975609756098,55.75609756097562
2010-08-20,55.1219512195122,55.73170731707317
2010-08-23,54.63414634146342,55.65853658536586
2010-08-24,54.390243902439025,55.51219512195122
2010-08-25,53.90243902439025,55.29268292682927
2010-08-26,53.170731707317074,55.02439024390244
2010-08-27,53.170731707317074,54.78048780487806
2010-08-30,52.4390243902439,54.46341463414634
2010-08-31,52.06812652068127,54.08486143255593
2010-09-01,51.82481751824818,53.633196842917336
2010-09-02,50.85158150851582,53.15737938401283
2010-09-03,50.970873786407765,52.742271640702384
2010-09-07,50.24271844660194,52.30312885121623
2010-09-08,50.970873786407765,51.96119183961311
2010-09-09,51.213592233009706,51.692307160475046
2010-09-10,51.94174757281553,51.569408747024895
2010-09-13,52.18446601941748,51.470782178234934
2010-09-14,53.883495145631066,51.61522925377365
2010-09-15,54.36893203883495,51.845309805589025
2010-09-16,54.85436893203883,52.148264946968084
2010-09-17,55.33980582524271,52.59708737864078
2010-09-20,55.8252427184466,53.08252427184466
2010-09-21,56.067961165048544,53.665048543689316
2010-09-22,56.55339805825243,54.22330097087378
2010-09-23,56.55339805825243,54.75728155339806
2010-09-24,57.52427184466019,55.31553398058253
2010-09-27,58.7378640776699,55.970873786407765
2010-09-28,58.98058252427184,56.48058252427184
2010-09-29,58.98058252427184,56.94174757281553
2010-09-30,59.46601941747572,57.40291262135922
2010-10-01,60.43689320388349,57.912621359223294
2010-10-04,60.43689320388349,58.373786407766985
2010-10-05,61.165048543689316,58.88349514563106
2010-10-06,61.6504854368932,59.39320388349514
2010-10-07,62.13592233009708,59.95145631067961
2010-10-08,62.37864077669902,60.436893203883486
2010-10-11,63.10679611650486,60.873786407766985
2010-10-12,63.10679611650486,61.286407766990294
2010-10-13,63.3495145631068,61.72330097087379
2010-10-14,64.07766990291263,62.18446601941747
2010-10-15,64.07766990291263,62.5485436893204
2010-10-18,64.56310679611651,62.96116504854369
2010-10-19,64.64891041162227,63.309551235337
2010-10-20,64.89104116222761,63.633606807870436
2010-10-21,64.89104116222761,63.90911869108347
2010-10-22,65.37530266343826,64.20878487975742
2010-10-25,66.34382566585957,64.53248783469287
2010-10-26,66.82808716707022,64.90461693974942
2010-10-27,67.55447941888619,65.32511342532734
2010-10-28,68.03874092009686,65.72122052704577
2010-10-29,69.00726392251816,66.21417992900633
2010-11-01,69.24939467312349,66.68280871670702
2010-11-02,69.73365617433413,67.19128329297821
2010-11-03,71.1864406779661,67.82082324455206
2010-11-04,71.91283292978208,68.52300242130751
2010-11-05,72.88135593220339,69.27360774818402
2010-11-08,73.8498789346247,70.02421307506054
2010-11-09,74.09200968523002,70.75060532687652
2010-11-10,74.57627118644068,71.45278450363196
2010-11-11,75.30266343825666,72.17917675544794
2010-11-12,76.51331719128329,72.92978208232446
2010-11-15,77.23970944309927,73.72881355932205
2010-11-16,77.4818401937046,74.50363196125907
2010-11-17,77.4818401937046,75.13317191283292
2010-11-18,77.4818401937046,75.69007263922518
2010-11-19,77.72397094430993,76.17433414043583
2010-11-22,77.72397094430993,76.56174334140435
2010-11-23,77.72397094430993,76.92493946731234
2010-11-24,78.98550724637681,77.36586307330597
2010-11-26,78.74396135265701,77.709992864746
2010-11-29,79.22705314009661,77.98136645962732
2010-11-30,78.98550724637681,78.15594623995507
2010-12-01,78.98550724637681,78.3063129452223
2010-12-02,78.98550724637681,78.45667965048952
2010-12-03,79.22705314009661,78.63120094512871
2010-12-06,79.46859903381642,78.80566375407936
2010-12-07,79.22705314009661,78.95597197365805
2010-12-08,79.95169082125604,79.17874396135265
2010-12-09,80.43478260869566,79.32367149758454
2010-12-10,80.43478260869566,79.4927536231884
2010-12-13,80.67632850241546,79.63768115942028
2010-12-14,81.40096618357488,79.8792270531401
2010-12-15,81.88405797101449,80.16908212560386
2010-12-16,82.85024154589372,80.55555555555556
2010-12-17,82.85024154589372,80.91787439613526
2010-12-20,83.33333333333334,81.30434782608697
2010-12-21,83.81642512077295,81.76328502415458
2010-12-22,84.78260869565217,82.24637681159422
2010-12-23,85.02415458937197,82.70531400966183
2010-12-27,85.02415458937197,83.16425120772946
2010-12-28,85.26570048309179,83.6231884057971
2010-12-29,85.74879227053141,84.05797101449276
2010-12-30,85.02415458937197,84.3719806763285
2010-12-31,85.5072463768116,84.6376811594203
2011-01-03,85.5072463768116,84.90338164251207
2011-01-04,85.5072463768116,85.1207729468599
2011-01-05,86.23188405797102,85.36231884057972
2011-01-06,86.95652173913044,85.57971014492753
2011-01-07,87.43961352657004,85.82125603864735
2011-01-10,87.68115942028986,86.08695652173913
2011-01-11,88.40579710144928,86.40096618357488
2011-01-12,88.64734299516908,86.69082125603865
2011-01-13,89.13043478260869,87.10144927536231
2011-01-14,89.85507246376811,87.53623188405797
2011-01-18,89.85507246376811,87.97101449275362
2011-01-19,90.09661835748793,88.42995169082126
2011-01-20,90.33816425120773,88.84057971014492
2011-01-21,90.57971014492753,89.20289855072463
2011-01-24,90.82125603864735,89.54106280193237
2011-01-25,90.57971014492753,89.83091787439614
2011-01-26,90.82125603864735,90.07246376811594
2011-01-27,91.54589371980676,90.3623188405797
2011-01-28,91.54589371980676,90.60386473429952
2011-01-31,91.54589371980676,90.77294685990339
2011-02-01,92.27053140096618,91.01449275362319
2011-02-02,92.7536231884058,91.28019323671496
2011-02-03,92.9951690821256,91.54589371980676
2011-02-04,93.23671497584542,91.81159420289855
2011-02-07,93.71980676328504,92.10144927536231
2011-02-08,94.20289855072464,92.46376811594203
2011-02-09,94.4578313253012,92.82742564460742
2011-02-10,94.4578313253012,93.11861940515686
2011-02-11,94.6987951807229,93.43390955124848
2011-02-14,94.6987951807229,93.74919969734009
2011-02-15,94.6987951807229,93.99202607531575
2011-02-16,94.93975903614458,94.21063966008964
2011-02-17,95.18072289156626,94.42919504103371
2011-02-18,95.42168674698796,94.64769221814797
2011-02-22,95.42168674698796,94.81788021651825
2011-02-23,95.18072289156626,94.91566265060241
2011-02-24,95.42168674698796,95.01204819277109
2011-02-25,95.18072289156626,95.0843373493976
2011-02-28,95.42168674698796,95.1566265060241
2011-03-01,95.42168674698796,95.2289156626506
2011-03-02,95.42168674698796,95.3012048192771
2011-03-03,94.93975903614458,95.30120481927712
2011-03-04,94.6987951807229,95.25301204819277
2011-03-07,94.93975903614458,95.20481927710844
2011-03-08,94.93975903614458,95.1566265060241
2011-03-09,94.93975903614458,95.13253012048193
2011-03-10,94.93975903614458,95.0843373493976
2011-03-11,94.93975903614458,95.06024096385542
2011-03-14,94.6987951807229,94.98795180722891
2011-03-15,94.4578313253012,94.89156626506023
2011-03-16,94.4578313253012,94.79518072289157
2011-03-17,94.4578313253012,94.74698795180723
2011-03-18,93.97590361445783,94.67469879518072
2011-03-21,93.73493975903614,94.55421686746988
2011-03-22,93.73493975903614,94.43373493975903
2011-03-23,93.49397590361446,94.28915662650601
2011-03-24,93.49397590361446,94.144578313253
2011-03-25,93.25301204819277,93.97590361445783
2011-03-28,93.01204819277108,93.80722891566265
2011-03-29,92.78846153846155,93.64029193697868
2011-03-30,92.78846153846155,93.47335495829472
2011-03-31,92.78846153846155,93.30641797961076
2011-04-01,92.78846153846155,93.18767377201112
2011-04-04,92.78846153846155,93.09302594995367
2011-04-05,92.78846153846155,92.9983781278962
2011-04-06,92.54807692307693,92.90378822984245
2011-04-07,92.54807692307693,92.80919833178869
2011-04-08,92.54807692307693,92.7387048192771
2011-04-11,93.02884615384616,92.74038461538461
2011-04-12,93.04556354916068,92.76609481645453
2011-04-13,92.80575539568345,92.76782420217673
2011-04-14,93.04556354916068,92.79353440324664
2011-04-15,92.80575539568345,92.79526378896882
2011-04-18,92.80575539568345,92.79699317469102
2011-04-19,92.80575539568345,92.79872256041321
2011-04-20,92.08633093525181,92.7525479616307
2011-04-21,92.32613908872902,92.73035417819591
2011-04-25,92.32613908872902,92.70816039476111
2011-04-26,91.84652278177458,92.58992805755396
2011-04-27,91.36690647482014,92.4220623501199
2011-04-28,91.38755980861244,92.2802427914128
2011-04-29,91.6267942583732,92.13836586233406
2011-05-02,91.6267942583732,92.02046974860303
2011-05-03,91.6267942583732,91.902573634872
2011-05-04,91.86602870813397,91.80860096611706
2011-05-05,91.6267942583732,91.7626472984292
2011-05-06,91.86602870813397,91.7166362603697
2011-05-09,92.10526315789474,91.69454866728626
2011-05-10,92.34449760765551,91.74434614987436
2011-05-11,91.86602870813397,91.79425837320574
2011-05-12,91.86602870813397,91.84210526315789
2011-05-13,91.38755980861244,91.81818181818181
2011-05-16,90.9090909090909,91.74641148325358
2011-05-17,91.14832535885168,91.69856459330143
2011-05-18,91.14832535885168,91.62679425837321
2011-05-19,91.14832535885168,91.57894736842105
2011-05-20,91.16945107398568,91.50928960500622
2011-05-23,91.16945107398568,91.41570839661532
2011-05-24,91.64677804295943,91.34593644014572
2011-05-25,91.40811455847255,91.30014502517957
2011-05-26,91.64677804295943,91.2782199586621
2011-05-27,91.16945107398568,91.25640908519945
2011-05-31,90.9307875894988,91.25857875324023
2011-06-01,90.9307875894988,91.23682497630494
2011-06-02,90.69212410501193,91.19120485092097
2011-06-03,90.69212410501193,91.14558472553699
2011-06-06,90.45346062052506,91.07398568019093
2011-06-07,90.45346062052506,91.00238663484487
2011-06-08,90.45346062052506,90.88305489260144
2011-06-09,90.45346062052506,90.78758949880668
2011-06-10,89.73747016706443,90.59665871121719
2011-06-13,89.49880668257757,90.42959427207639
2011-06-14,89.02147971360382,90.23866348448686
2011-06-15,88.54415274463007,90.0
2011-06-16,88.06682577565633,89.73747016706444
2011-06-17,87.82816229116945,89.4510739856802
2011-06-20,87.3508353221957,89.14081145584726
2011-06-21,86.63484486873509,88.75894988066827
2011-06-22,86.39618138424821,88.35322195704057
2011-06-23,86.39618138424821,87.94749403341288
2011-06-24,85.91885441527445,87.56563245823389
2011-06-27,85.68019093078759,87.1837708830549
2011-06-28,85.68019093078759,86.84964200477327
2011-06-29,84.96420047732697,86.49164677804296
2011-06-30,84.7255369928401,86.15751789976134
2011-07-01,84.48687350835323,85.82338902147971
2011-07-05,84.24821002386635,85.51312649164677
2011-07-06,84.00954653937947,85.2505966587112
2011-07-07,83.7708830548926,84.98806682577565
2011-07-08,82.81622911694511,84.63007159904535
2011-07-11,81.62291169451073,84.20047732696898
2011-07-12,80.66825775656325,83.69928400954653
2011-07-13,79.71360381861575,83.10262529832934
2011-07-14,78.75894988066825,82.48210023866349
2011-07-15,78.52028639618138,81.86157517899761
2011-07-18,77.32696897374701,81.14558472553699
2011-07-19,76.84964200477327,80.40572792362768
2011-07-20,76.13365155131265,79.61813842482101
2011-07-21,75.17899761336515,78.75894988066827
2011-07-22,74.46300715990454,77.9236276849642
2011-07-25,73.74701670644392,77.13603818615752
2011-07-26,73.50835322195705,76.4200477326969
2011-07-27,72.79236276849642,75.72792362768497
2011-07-28,72.55369928400954,75.1073985680191
2011-07-29,72.31503579952268,74.48687350835323
2011-08-01,72.0763723150358,73.9618138424821
2011-08-02,71.59904534606206,73.43675417661099
2011-08-03,70.40572792362768,72.86396181384248
2011-08-04,68.25775656324582,72.17183770883055
2011-08-05,66.5871121718377,71.38424821002386
2011-08-08,65.15513126491646,70.52505966587111
2011-08-09,62.29116945107399,69.40334128878281
2011-08-10,60.14319809069213,68.13842482100239
2011-08-11,58.94988066825776,66.77804295942721
2011-08-12,57.995226730310264,65.34606205250597
2011-08-15,57.04057279236277,63.84248210023867
2011-08-16,56.085918854415276,62.29116945107398
2011-08-17,54.653937947494036,60.71599045346062
2011-08-18,53.93794749403341,59.28400954653938
2011-08-19,52.98329355608592,57.923627684964195
2011-08-22,51.78997613365155,56.58711217183772
2011-08-23,50.59665871121718,55.41766109785203
2011-08-24,48.92601431980907,54.29594272076372
2011-08-25,47.49403341288782,53.15035799522673
2011-08-26,46.30071599045346,51.98090692124104
2011-08-29,46.06205250596659,50.883054892601436
2011-08-30,45.346062052505964,49.8090692124105
2011-08-31,43.914081145584724,48.735083532219576
2011-09-01,43.43675417661098,47.684964200477324
2011-09-02,43.333333333333336,46.719968178202066
2011-09-06,42.61904761904762,45.80287532674168
2011-09-07,42.38095238095238,44.98130469371519
2011-09-08,41.19047619047619,44.20775088078191
2011-09-09,39.76190476190476,43.4345380156836
2011-09-12,38.80952380952381,42.68541879759063
2011-09-13,37.857142857142854,41.86492783270826
2011-09-14,36.42857142857142,40.97317877031481
2011-09-15,35.0,40.08177065575633
2011-09-16,33.57142857142857,39.095238095238095
2011-09-19,32.857142857142854,38.04761904761905
2011-09-20,32.61904761904762,37.047619047619044
2011-09-21,32.541567695961994,36.06368057912001
2011-09-22,31.828978622327792,35.12753082230517
2011-09-23,30.878859857482183,34.23922633186291
2011-09-26,28.741092636579573,33.232383214568486
2011-09-27,27.790973871733964,32.225766316027595
2011-09-28,26.840855106888363,31.26699468385929
2011-09-29,26.540284360189574,30.42102311987825
2011-09-30,25.829383886255926,29.646818651360984
2011-10-03,24.881516587677723,28.849256024414473
2011-10-04,24.170616113744074,28.004412873884114
2011-10-05,23.696682464454977,27.119924350733413
2011-10-06,23.22274881516588,26.259301370017226
2011-10-07,22.748815165876778,25.446296900856684
2011-10-10,22.274881516587676,24.799675788857492
2011-10-11,22.03791469194313,24.224369870878412
2011-10-12,22.03791469194313,23.74407582938389
2011-10-13,22.03791469194313,23.29383886255924
2011-10-14,22.511848341232227,22.96208530805687
2011-10-17,23.22274881516588,22.79620853080569
2011-10-18,23.696682464454977,22.748815165876778
2011-10-19,24.170616113744074,22.796208530805686
2011-10-20,25.118483412322274,22.98578199052133
2011-10-21,25.829383886255926,23.293838862559245
2011-10-24,25.59241706161137,23.62559241706161
2011-10-25,25.829383886255926,24.004739336492893
2011-10-26,25.829383886255926,24.38388625592417
2011-10-27,26.77725118483412,24.85781990521327
2011-10-28,27.251184834123222,25.33175355450237
2011-10-31,27.488151658767773,25.758293838862556
2011-11-01,28.199052132701425,26.208530805687207
2011-11-02,28.199052132701425,26.61137440758294
2011-11-03,28.90995260663507,26.990521327014214
2011-11-04,29.85781990521327,27.393364928909953
2011-11-07,29.85781990521327,27.81990521327014
2011-11-08,30.33175355450237,28.270142180094787
2011-11-09,30.09478672985782,28.696682464454977
2011-11-10,30.33175355450237,29.052132701421804
2011-11-11,30.33175355450237,29.360189573459717
2011-11-14,31.516587677725116,29.763033175355453
2011-11-15,32.22748815165877,30.165876777251185
2011-11-16,32.46445497630332,30.59241706161138
2011-11-17,32.93838862559242,30.99526066350711
2011-11-18,32.93838862559242,31.303317535545023
2011-11-21,32.93838862559242,31.61137440758294
2011-11-22,32.93838862559242,31.87203791469194
2011-11-23,33.175355450236964,32.18009478672985
2011-11-25,32.860520094562645,32.432971440735884
2011-11-28,32.860520094562645,32.685848094741914
2011-11-29,32.860520094562645,32.82024133642567
2011-11-30,32.62411347517731,32.85990386877752
2011-12-01,33.56973995271868,32.970432366419054
2011-12-02,34.04255319148936,33.08084882300875
2011-12-05,34.751773049645394,33.26218726541405
2011-12-06,35.9338061465721,33.561729017512015
2011-12-07,36.64302600472813,33.93219275542559
2011-12-08,36.87943262411347,34.30260047281324
2011-12-09,37.5886524822695,34.77541371158392
2011-12-12,38.77068557919622,35.366430260047274
2011-12-13,40.66193853427896,36.146572104018915
2011-12-14,41.13475177304964,36.997635933806144
2011-12-15,41.60756501182033,37.80141843971631
2011-12-16,42.08037825059102,38.60520094562647
2011-12-19,43.262411347517734,39.456264775413715
2011-12-20,43.73522458628842,40.23640661938534
2011-12-21,44.10377358490566,40.98248137740309
2011-12-22,44.339622641509436,41.72850037914269
2011-12-23,44.575471698113205,42.42718230072707
2011-12-27,44.81132075471698,43.031245818279146
2011-12-28,45.04716981132076,43.46976894598332
2011-12-29,45.5188679245283,43.90818056113118
2011-12-30,45.75471698113208,44.32289575806236
2012-01-03,46.22641509433962,44.73749944243722
2012-01-04,46.35294117647059,45.04655242533251
2012-01-05,46.588235294117645,45.33185349611542
2012-01-06,47.76470588235294,45.697946725860156
2012-01-09,48.470588235294116,46.11104328523862
2012-01-10,48.470588235294116,46.50055493895671
2012-01-11,48.470588235294116,46.86648168701443
2012-01-12,48.59154929577465,47.22091963545982
2012-01-13,49.29577464788733,47.59861030779572
2012-01-17,49.53051643192488,47.976190252875
2012-01-18,50.23474178403756,48.3770229218448
2012-01-19,51.40845070422535,48.88257387462027
2012-01-20,52.112676056338024,49.43501795084231
2012-01-23,52.58215962441315,49.91676332504833
2012-01-24,53.990610328638496,50.46876553438277
2012-01-25,55.39906103286385,51.16161281413974
2012-01-26,56.10328638497653,51.924882629107984
2012-01-27,56.10328638497653,52.676056338028175
2012-01-30,56.57276995305164,53.4037558685446
2012-01-31,57.27699530516433,54.178403755868544
2012-02-01,58.45070422535211,55.0
2012-02-02,59.38967136150235,55.798122065727696
2012-02-03,60.328638497652584,56.61971830985916
2012-02-06,61.97183098591549,57.55868544600939
2012-02-07,63.6150234741784,58.52112676056338
2012-02-08,65.02347417840375,59.48356807511736
2012-02-09,66.66666666666666,60.539906103286384
2012-02-10,68.30985915492957,61.76056338028169
2012-02-13,69.95305164319248,63.09859154929577
2012-02-14,71.36150234741784,64.50704225352112
2012-02-15,71.12676056338029,65.77464788732394
2012-02-16,72.30046948356808,67.06572769953051
2012-02-17,72.53521126760563,68.28638497652581
2012-02-21,73.23943661971832,69.4131455399061
2012-02-22,74.17840375586854,70.46948356807512
2012-02-23,75.35211267605634,71.50234741784038
2012-02-24,76.76056338028168,72.51173708920187
2012-02-27,77.93427230046949,73.47417840375587
2012-02-28,79.5774647887324,74.43661971830986
2012-02-29,80.51643192488262,75.35211267605635
2012-03-01,81.2206572769953,76.36150234741783
2012-03-02,82.3943661971831,77.37089201877934
2012-03-05,82.3943661971831,78.35680751173709
2012-03-06,83.09859154929578,79.34272300469483
2012-03-07,83.33333333333334,80.25821596244131
2012-03-08,83.56807511737088,81.07981220657277
2012-03-09,84.27230046948357,81.83098591549296
2012-03-12,84.97652582159625,82.53521126760563
2012-03-13,85.68075117370893,83.1455399061033
2012-03-14,86.3849765258216,83.73239436619718
2012-03-15,87.08920187793427,84.31924882629109
2012-03-16,88.02816901408451,84.88262910798123
2012-03-19,88.73239436619718,85.51643192488264
2012-03-20,89.2018779342723,86.12676056338027
2012-03-21,89.2018779342723,86.71361502347419
2012-03-22,89.67136150234741,87.32394366197184
2012-03-23,89.90610328638498,87.88732394366198
2012-03-26,90.61032863849765,88.45070422535211
2012-03-27,90.84507042253522,88.96713615023474
2012-03-28,90.61032863849765,89.38967136150235
2012-03-29,90.61032863849765,89.74178403755869
2012-03-30,90.61032863849765,89.99999999999999
2012-04-02,90.84507042253522,90.21126760563381
2012-04-03,90.84507042253522,90.3755868544601
2012-04-04,90.84507042253522,90.53990610328637
2012-04-05,90.61032863849765,90.63380281690141
2012-04-09,90.61032863849765,90.70422535211267
2012-04-10,90.39812646370024,90.68300513463294
2012-04-11,90.39812646370024,90.63831073874942
2012-04-12,90.86651053864169,90.66392892876384
2012-04-13,90.86651053864169,90.68954711877825
2012-04-16,90.86651053864169,90.71516530879265
2012-04-17,90.86651053864169,90.7173093204033
2012-04-18,90.86651053864169,90.71945333201396
2012-04-19,90.86651053864169,90.72159734362461
2012-04-20,91.10070257611241,90.77063473738608
2012-04-23,91.10070257611241,90.81967213114754
2012-04-24,91.10070257611241,90.88992974238877
2012-04-25,91.10070257611241,90.96018735362998
2012-04-26,91.56908665105387,91.0304449648712
2012-04-27,92.03747072599532,91.14754098360656
2012-04-30,92.50585480093677,91.31147540983606
2012-05-01,92.03747072599532,91.42857142857142
2012-05-02,92.03747072599532,91.54566744730678
2012-05-03,92.03747072599532,91.66276346604215
2012-05-04,91.80327868852459,91.73302107728338
2012-05-07,92.03747072599532,91.82669789227165
2012-05-08,92.03747072599532,91.92037470725995
2012-05-09,92.03747072599532,92.01405152224825
2012-05-10,92.03747072599532,92.06088992974239
2012-05-11,92.03747072599532,92.06088992974239
2012-05-14,92.03747072599532,92.01405152224825
2012-05-15,91.56908665105387,91.96721311475412
2012-05-16,92.03747072599532,91.9672131147541
2012-05-17,92.03747072599532,91.96721311475412
2012-05-18,92.03747072599532,91.99063231850117
2012-05-21,92.03747072599532,91.99063231850117
2012-05-22,91.80327868852459,91.9672131147541
2012-05-23,91.56908665105387,91.92037470725997
2012-05-24,91.10070257611241,91.82669789227165
2012-05-25,90.63231850117096,91.68618266978923
2012-05-29,90.1639344262295,91.49882903981265
2012-05-30,89.69555035128806,91.31147540983606
2012-05-31,89.46135831381733,91.05386416861828
2012-06-01,88.2903981264637,90.67915690866509
2012-06-04,87.58782201405153,90.23419203747072
2012-06-05,86.88524590163934,89.71896955503512
2012-06-06,86.18266978922716,89.15690866510539
2012-06-07,85.48009367681499,88.54800936768149
2012-06-08,85.01170960187353,87.93911007025761
2012-06-11,84.5433255269321,87.33021077283374
2012-06-12,83.60655737704919,86.6744730679157
2012-06-13,81.9672131147541,85.90163934426229
2012-06-14,80.79625292740047,85.0351288056206
2012-06-15,79.62529274004683,84.16861826697894
2012-06-18,78.68852459016394,83.27868852459017
2012-06-19,79.15690866510539,82.50585480093677
2012-06-20,78.4543325526932,81.73302107728337
2012-06-21,77.98594847775175,80.98360655737704
2012-06-22,77.28337236533957,80.21077283372365
2012-06-25,76.5807962529274,79.41451990632318
2012-06-26,75.40983606557377,78.59484777517564
2012-06-27,74.94145199063233,77.89227166276348
2012-06-28,74.00468384074942,77.21311475409837
2012-06-29,73.30210772833723,76.5807962529274
2012-07-02,72.1311475409836,75.92505854800937
2012-07-03,71.42857142857143,75.15222482435597
2012-07-05,71.19437939110071,74.42622950819673
2012-07-06,70.96018735362998,73.72365339578455
2012-07-09,70.02341920374707,72.9976580796253
2012-07-10,68.61826697892272,72.20140515222484
2012-07-11,67.21311475409836,71.38173302107728
2012-07-12,66.27634660421545,70.51522248243559
2012-07-13,65.807962529274,69.69555035128806
2012-07-16,65.10538641686182,68.87587822014052
2012-07-17,64.63700234192038,68.1264637002342
2012-07-18,64.40281030444966,67.42388758782201
2012-07-19,64.40281030444966,66.7447306791569
2012-07-20,63.70023419203748,66.01873536299766
2012-07-23,62.52927400468384,65.26932084309134
2012-07-24,62.295081967213115,64.63700234192036
2012-07-25,62.06088992974239,64.12177985948477
2012-07-26,62.52927400468384,63.74707259953162
2012-07-27,62.295081967213115,63.39578454332552
2012-07-30,61.915887850467286,63.07683468668607
2012-07-31,62.616822429906534,62.8748166954847
2012-08-01,62.616822429906534,62.69621790803037
2012-08-02,62.616822429906534,62.51761912057607
2012-08-03,62.850467289719624,62.43264243034427
2012-08-06,62.149532710280376,62.39466830090394
2012-08-07,61.915887850467286,62.35674888922936
2012-08-08,61.6822429906542,62.318884195320535
2012-08-09,62.850467289719624,62.35100352382411
2012-08-10,63.55140186915887,62.47663551401869
2012-08-13,64.01869158878505,62.68691588785045
2012-08-14,64.95327102803739,62.920560747663544
2012-08-15,65.18691588785047,63.17757009345795
2012-08-16,65.88785046728972,63.50467289719626
2012-08-17,66.1214953271028,63.83177570093458
2012-08-20,66.35514018691589,64.25233644859813
2012-08-21,67.05607476635514,64.76635514018692
2012-08-22,67.28971962616822,65.32710280373831
2012-08-23,67.99065420560748,65.8411214953271
2012-08-24,68.92523364485982,66.37850467289721
2012-08-27,68.92523364485982,66.86915887850469
2012-08-28,69.1588785046729,67.28971962616824
2012-08-29,68.45794392523365,67.61682242990653
2012-08-30,68.69158878504673,67.89719626168224
2012-08-31,69.1588785046729,68.20093457943925
2012-09-04,69.23076923076923,68.48849748382459
2012-09-05,69.6969696969697,68.75258697688604
2012-09-06,69.46386946386947,68.97000196065616
2012-09-07,69.6969696969697,69.14063350979238
2012-09-10,70.16317016317016,69.26442716162343
2012-09-11,70.16317016317016,69.38822081345447
2012-09-12,70.16317016317016,69.48864997930418
2012-09-13,70.3962703962704,69.68248262640786
2012-09-14,71.0955710955711,69.9228808574603
2012-09-17,71.56177156177156,70.16317016317016
2012-09-18,71.7948717948718,70.41958041958041
2012-09-19,71.7948717948718,70.62937062937064
2012-09-20,71.7948717948718,70.86247086247087
2012-09-21,71.7948717948718,71.07226107226107
2012-09-24,72.26107226107226,71.28205128205128
2012-09-25,72.96037296037296,71.56177156177156
2012-09-26,73.42657342657343,71.8881118881119
2012-09-27,73.65967365967366,72.21445221445222
2012-09-28,73.65967365967366,72.47086247086247
2012-10-01,74.12587412587412,72.72727272727272
2012-10-02,74.82517482517483,73.03030303030303
2012-10-03,75.05827505827506,73.35664335664335
2012-10-04,76.45687645687646,73.82284382284382
2012-10-05,76.22377622377621,74.26573426573427
2012-10-08,76.45687645687646,74.6853146853147
2012-10-09,76.92307692307693,75.08158508158508
2012-10-10,76.45687645687646,75.38461538461539
2012-10-11,76.92307692307693,75.7109557109557
2012-10-12,77.62237762237763,76.10722610722611
2012-10-15,77.3892773892774,76.43356643356644
2012-10-16,77.62237762237763,76.71328671328672
2012-10-17,77.85547785547784,76.993006993007
2012-10-18,78.08857808857809,77.15617715617716
2012-10-19,78.08857808857809,77.34265734265735
2012-10-22,77.85547785547784,77.48251748251748
2012-10-23,77.62237762237763,77.55244755244755
2012-10-24,77.85547785547784,77.6923076923077
2012-10-25,77.15617715617715,77.71561771561771
2012-10-26,76.68997668997669,77.62237762237763
2012-10-31,76.22377622377621,77.50582750582751
2012-11-01,76.22377622377621,77.36596736596736
2012-11-02,76.45687645687646,77.22610722610723
2012-11-05,75.75757575757575,76.993006993007
2012-11-06,76.45687645687646,76.82983682983682
2012-11-07,76.68997668997669,76.7132867132867
2012-11-08,76.92307692307693,76.64335664335664
2012-11-09,76.92307692307693,76.55011655011654
2012-11-12,77.15617715617715,76.55011655011656
2012-11-13,77.15617715617715,76.5967365967366
2012-11-14,76.92307692307693,76.66666666666667
2012-11-15,76.45687645687646,76.6899766899767
2012-11-16,75.29137529137529,76.57342657342657
2012-11-19,75.05827505827506,76.5034965034965
2012-11-20,75.05827505827506,76.36363636363636
2012-11-21,74.5920745920746,76.15384615384616
2012-11-23,73.95348837209302,75.85688729874776
2012-11-26,73.72093023255813,75.53667262969589
2012-11-27,73.72093023255813,75.19314793733399
2012-11-28,73.72093023255813,74.84962324497208
2012-11-29,73.25581395348837,74.48289694801322
2012-11-30,73.25581395348837,74.16279069767441
2012-12-03,72.79069767441861,73.91272293597875
2012-12-04,72.55813953488372,73.66270938363962
2012-12-05,72.79069767441861,73.43595164525397
2012-12-06,72.55813953488372,73.23255813953487
2012-12-07,72.32558139534883,73.06976744186046
2012-12-10,71.62790697674419,72.86046511627907
2012-12-11,71.62790697674419,72.65116279069767
2012-12-12,71.62790697674419,72.44186046511628
2012-12-13,71.3953488372093,72.25581395348837
2012-12-14,71.3953488372093,72.06976744186046
2012-12-17,71.86046511627907,71.9767441860465
2012-12-18,72.09302325581395,71.93023255813952
2012-12-19,72.09302325581395,71.86046511627907
2012-12-20,72.09302325581395,71.81395348837209
2012-12-21,72.32558139534883,71.81395348837209
2012-12-24,72.09302325581395,71.86046511627907
2012-12-26,71.86046511627907,71.88372093023256
2012-12-27,72.32558139534883,71.95348837209302
2012-12-28,71.16279069767441,71.93023255813952
2012-12-31,70.93023255813954,71.88372093023256
2013-01-02,71.16279069767441,71.81395348837209
2013-01-03,70.93023255813954,71.69767441860465
2013-01-04,70.93023255813954,71.58139534883722
2013-01-07,71.3953488372093,71.51162790697674
2013-01-08,72.79069767441861,71.55813953488372
2013-01-09,73.25581395348837,71.67441860465117
2013-01-10,74.18604651162791,71.90697674418604
2013-01-11,74.4186046511628,72.11627906976744
2013-01-14,75.11627906976744,72.51162790697674
2013-01-15,75.34883720930232,72.95348837209302
2013-01-16,75.5813953488372,73.3953488372093
2013-01-17,76.51162790697674,73.95348837209302
2013-01-18,77.20930232558139,74.5813953488372
2013-01-22,77.90697674418605,75.23255813953487
2013-01-23,78.37209302325581,75.79069767441861
2013-01-24,79.06976744186046,76.37209302325581
2013-01-25,79.30232558139535,76.88372093023256
2013-01-28,79.76744186046511,77.41860465116278
2013-01-29,80.97447795823666,78.00442454000971
2013-01-30,81.90255220417633,78.65979603949711
2013-01-31,82.13457076566125,79.31511358117952
2013-02-01,82.5986078886311,79.92381157934496
2013-02-04,82.5986078886311,80.46274213564992
2013-02-05,83.52668213457076,81.0247126746884
2013-02-06,83.75870069605568,81.56337344196838
2013-02-07,83.75870069605568,82.0322667673879
2013-02-08,83.9907192575406,82.50110613500242
2013-02-11,83.9907192575406,82.92343387470997
2013-02-12,84.22273781902551,83.24825986078886
2013-02-13,84.45475638051045,83.50348027842227
2013-02-14,84.91879350348029,83.78190255220417
2013-02-15,85.61484918793504,84.08352668213458
2013-02-19,86.3109048723898,84.45475638051045
2013-02-20,86.3109048723898,84.73317865429235
2013-02-21,86.3109048723898,84.98839907192576
2013-02-22,86.77494199535964,85.29002320185616
2013-02-25,87.00696055684455,85.59164733178656
2013-02-26,87.23897911832947,85.91647331786544
2013-02-27,87.70301624129931,86.26450116009282
2013-02-28,87.93503480278422,86.61252900232019
2013-03-01,88.16705336426914,86.93735498839908
2013-03-04,88.19444444444444,87.19531451405001
2013-03-05,88.42592592592592,87.40681661940363
2013-03-06,88.6574074074074,87.6414668729054
2013-03-07,88.68360277136259,87.87873666280267
2013-03-08,89.37644341801386,88.1388868050681
2013-03-11,89.37644341801386,88.37583509118501
2013-03-12,89.37644341801386,88.58958152115346
2013-03-13,89.83833718244803,88.80311361526833
2013-03-14,90.30023094688222,89.03963322967813
2013-03-15,90.30023094688222,89.25295098793944
2013-03-18,90.5311778290993,89.48662432640492
2013-03-19,90.5311778290993,89.69714951672226
2013-03-20,91.22401847575058,89.95381062355659
2013-03-21,91.22401847575058,90.20785219399538
2013-03-22,91.22401847575058,90.39260969976905
2013-03-25,91.45496535796767,90.60046189376445
2013-03-26,90.99307159353349,90.7621247113164
2013-03-27,91.45496535796767,90.92378752886836
2013-03-28,91.68591224018475,91.06235565819861
2013-04-01,91.68591224018475,91.20092378752886
2013-04-02,92.37875288683603,91.38568129330254
2013-04-03,92.37875288683603,91.57043879907621
2013-04-04,92.37875288683603,91.68591224018475
2013-04-05,91.91685912240185,91.75519630484987
2013-04-08,92.14780600461894,91.84757505773672
2013-04-09,91.45496535796767,91.84757505773672
2013-04-10,91.45496535796767,91.89376443418014
2013-04-11,91.45496535796767,91.89376443418013
2013-04-12,91.22401847575058,91.84757505773672
2013-04-15,91.22401847575058,91.8013856812933
2013-04-16,91.22401847575058,91.68591224018476
2013-04-17,91.22401847575058,91.57043879907621
2013-04-18,91.70506912442397,91.50307042283501
2013-04-19,91.93548387096774,91.50493289769159
2013-04-22,91.70506912442397,91.4606592096721
2013-04-23,91.93548387096774,91.5087110609721
2013-04-24,91.70506912442397,91.53372143761774
2013-04-25,91.70506912442397,91.55873181426338
2013-04-26,91.70506912442397,91.60683687913071
2013-04-29,91.47465437788019,91.63190046934366
2013-04-30,91.70506912442397,91.680005534211
2013-05-01,91.70506912442397,91.72811059907835
2013-05-02,92.16589861751152,91.7741935483871
2013-05-03,91.93548387096774,91.7741935483871
2013-05-06,91.93548387096774,91.79723502304148
2013-05-07,92.16589861751152,91.82027649769586
2013-05-08,92.18390804597702,91.86816038985117
2013-05-09,92.18390804597702,91.91604428200647
2013-05-10,92.64367816091954,92.00990518565602
2013-05-13,92.64367816091954,92.12680756395996
2013-05-14,92.64367816091954,92.22066846760951
2013-05-15,92.64367816091954,92.31452937125907
2013-05-16,93.33333333333333,92.43127284284125
2013-05-17,93.5632183908046,92.59404629482493
2013-05-20,93.5632183908046,92.75681974680863
2013-05-21,93.33333333333333,92.8735632183908
2013-05-22,93.33333333333333,92.98850574712642
2013-05-23,93.33333333333333,93.10344827586206
2013-05-24,93.33333333333333,93.17241379310344
2013-05-28,93.33333333333333,93.24137931034483
2013-05-29,93.5632183908046,93.33333333333333
2013-05-30,93.5632183908046,93.42528735632183
2013-05-31,93.79310344827586,93.47126436781608
2013-06-03,94.02298850574712,93.51724137931033
2013-06-04,94.02298850574712,93.5632183908046
2013-06-05,94.25287356321839,93.65517241379311
2013-06-06,94.25287356321839,93.7471264367816
2013-06-07,94.25287356321839,93.83908045977012
2013-06-10,94.02298850574712,93.90804597701148
2013-06-11,93.79310344827586,93.95402298850574
2013-06-12,93.79310344827586,93.97701149425288
2013-06-13,93.79310344827586,93.99999999999999
2013-06-14,94.25287356321839,94.04597701149426
2013-06-17,93.79310344827586,94.02298850574712
2013-06-18,93.79310344827586,93.99999999999999
2013-06-19,93.79310344827586,93.95402298850574
2013-06-20,93.79310344827586,93.90804597701148
2013-06-21,94.02298850574712,93.88505747126436
2013-06-24,93.5632183908046,93.83908045977012
2013-06-25,94.02298850574712,93.86206896551724
2013-06-26,93.79310344827586,93.86206896551724
2013-06-27,93.79310344827586,93.86206896551724
2013-06-28,93.5632183908046,93.79310344827584
2013-07-01,93.33333333333333,93.7471264367816
2013-07-02,93.33333333333333,93.70114942528735
2013-07-03,92.64367816091954,93.58620689655172
2013-07-05,92.64367816091954,93.47126436781609
2013-07-08,92.87356321839081,93.35632183908046
2013-07-09,92.64367816091954,93.26436781609195
2013-07-10,92.64367816091954,93.12643678160919
2013-07-11,92.87356321839081,93.0344827586207
2013-07-12,92.64367816091954,92.91954022988504
2013-07-15,92.64367816091954,92.82758620689656
2013-07-16,92.87356321839081,92.7816091954023
2013-07-17,92.41379310344827,92.68965517241381
2013-07-18,92.41379310344827,92.66666666666666
2013-07-19,92.18390804597702,92.62068965517241
2013-07-22,92.18390804597702,92.55172413793102
2013-07-23,92.18390804597702,92.50574712643677
2013-07-24,91.95402298850574,92.4367816091954
2013-07-25,91.72413793103448,92.32183908045978
2013-07-26,90.57471264367815,92.11494252873563
2013-07-29,90.11494252873563,91.86206896551724
2013-07-30,89.88505747126436,91.56321839080461
2013-07-31,89.65517241379311,91.28735632183907
2013-08-01,89.47368421052632,90.99334543254687
2013-08-02,89.24485125858124,90.6994397538073
2013-08-05,89.24485125858124,90.40553407506772
2013-08-06,89.01601830663616,90.08874510113364
2013-08-07,88.558352402746,89.74917804255767
2013-08-08,88.78718535469108,89.45548278492332
2013-08-09,88.78718535469108,89.27673005602462
2013-08-12,89.24485125858124,89.18972092900918
2013-08-13,88.78718535469108,89.07993371735185
2013-08-14,88.78718535469108,88.99313501144164
2013-08-15,88.32951945080092,88.87871853546912
2013-08-16,87.87185354691076,88.74141876430207
2013-08-19,87.4141876430206,88.558352402746
2013-08-20,87.64302059496568,88.42105263157896
2013-08-21,87.64302059496568,88.32951945080092
2013-08-22,87.18535469107552,88.16933638443936
2013-08-23,86.72768878718536,87.96338672768879
2013-08-26,86.2700228832952,87.6659038901602
2013-08-27,86.2700228832952,87.4141876430206
2013-08-28,86.04118993135012,87.1395881006865
2013-08-29,86.04118993135012,86.91075514874142
2013-08-30,86.04118993135012,86.72768878718536
2013-09-03,86.49885583524028,86.63615560640733
2013-09-04,86.49885583524028,86.52173913043478
2013-09-05,86.49885583524028,86.40732265446225
2013-09-06,85.81235697940504,86.2700228832952
2013-09-09,86.04118993135012,86.20137299771167
2013-09-10,86.2700228832952,86.20137299771167
2013-09-11,86.04118993135012,86.17848970251717
2013-09-12,86.04118993135012,86.17848970251717
2013-09-13,85.35469107551488,86.10983981693364
2013-09-16,85.58352402745996,86.06407322654462
2013-09-17,85.58352402745996,85.97254004576659
2013-09-18,85.58352402745996,85.88100686498856
2013-09-19,85.81235697940504,85.81235697940504
2013-09-20,85.81235697940504,85.81235697940504
2013-09-23,86.04118993135012,85.81235697940504
2013-09-24,85.58352402745996,85.74370709382151
2013-09-25,85.35469107551488,85.67505720823799
2013-09-26,84.66819221967964,85.53775743707095
2013-09-27,84.21052631578947,85.4233409610984
2013-09-30,83.98169336384439,85.26315789473685
2013-10-01,83.29519450800915,85.03432494279177
2013-10-02,82.83752860411899,84.75972540045765
2013-10-03,82.15102974828376,84.39359267734554
2013-10-04,81.92219679633868,84.0045766590389
2013-10-07,81.23569794050344,83.52402745995423
2013-10-08,80.77803203661327,83.04347826086958
2013-10-09,80.32036613272311,82.5400457665904
2013-10-10,79.63386727688787,82.0366132723112
2013-10-11,79.40503432494279,81.55606407322654
2013-10-14,79.40503432494279,81.09839816933638
2013-10-15,79.40503432494279,80.70938215102974
2013-10-16,79.22374429223744,80.3480037198416
2013-10-17,78.99543378995433,80.03244412400865
2013-10-18,78.76712328767124,79.71693677314191
2013-10-21,78.31050228310502,79.42441720740206
2013-10-22,78.31050228310502,79.17766423205123
2013-10-23,78.53881278538812,78.99950889731774
2013-10-24,78.31050228310502,78.86717239793947
2013-10-25,78.31050228310502,78.75771919375568
2013-10-28,78.53881278538812,78.67109703980022
2013-10-29,78.99543378995433,78.63013698630138
2013-10-30,79.45205479452055,78.65296803652969
2013-10-31,79.68036529680366,78.72146118721462
2013-11-01,79.95444191343964,78.84019304979145
2013-11-04,80.41002277904327,79.05014509938528
2013-11-05,80.41002277904327,79.2600971489791
2013-11-06,80.86560364464692,79.49277623490498
2013-11-07,81.09339407744875,79.77106541433935
2013-11-08,81.09339407744875,80.04935459377373
2013-11-11,81.77676537585421,80.37314985282033
2013-11-12,82.23234624145786,80.69684109797069
2013-11-13,82.23234624145786,80.97487024266442
2013-11-14,82.72727272727273,81.27956098571133
2013-11-15,83.63636363636363,81.64775315800372
2013-11-18,83.4090909090909,81.94765997100849
2013-11-19,83.63636363636363,82.27029405674052
2013-11-20,83.86363636363636,82.57009732863948
2013-11-21,84.0909090909091,82.8698488299855
2013-11-22,84.31818181818181,83.19232760405882
2013-11-25,84.0909090909091,83.4237419755643
2013-11-26,83.86363636363636,83.58687098778215
2013-11-27,83.18181818181817,83.68181818181817
2013-11-29,82.95454545454545,83.70454545454545
2013-12-02,82.95454545454545,83.63636363636363
2013-12-03,83.18181818181817,83.61363636363636
2013-12-04,83.4090909090909,83.5909090909091
2013-12-05,83.63636363636363,83.56818181818181
2013-12-06,83.63636363636363,83.52272727272727
2013-12-09,83.63636363636363,83.45454545454545
2013-12-10,83.86363636363636,83.43181818181817
2013-12-11,84.0909090909091,83.45454545454545
2013-12-12,83.86363636363636,83.52272727272728
2013-12-13,83.86363636363636,83.61363636363635
2013-12-16,83.4090909090909,83.6590909090909
2013-12-17,83.86363636363636,83.72727272727272
2013-12-18,83.86363636363636,83.77272727272727
2013-12-19,83.86363636363636,83.79545454545453
2013-12-20,84.0909090909091,83.8409090909091
2013-12-23,84.0909090909091,83.88636363636364
2013-12-24,84.0909090909091,83.9090909090909
2013-12-26,84.54545454545455,83.95454545454545
2013-12-27,85.0,84.06818181818183
2013-12-30,84.77272727272728,84.1590909090909
2013-12-31,84.54545454545455,84.27272727272728
2014-01-02,84.77272727272728,84.36363636363637
2014-01-03,84.77272727272728,84.45454545454547
2014-01-06,84.31818181818181,84.5
2014-01-07,84.31818181818181,84.52272727272728
2014-01-08,84.0909090909091,84.52272727272728
2014-01-09,84.0909090909091,84.52272727272728
2014-01-10,84.31818181818181,84.5
2014-01-13,84.0909090909091,84.4090909090909
2014-01-14,84.0909090909091,84.3409090909091
2014-01-15,84.0909090909091,84.29545454545455
2014-01-16,84.0909090909091,84.22727272727272
2014-01-17,84.0909090909091,84.1590909090909
2014-01-21,84.0909090909091,84.13636363636363
2014-01-22,83.86363636363636,84.0909090909091
2014-01-23,84.0909090909091,84.0909090909091
2014-01-24,83.86363636363636,84.06818181818181
2014-01-27,83.63636363636363,84.0
2014-01-28,83.4090909090909,83.93181818181817
2014-01-29,82.95454545454545,83.81818181818183
2014-01-30,83.18181818181817,83.72727272727272
2014-01-31,83.18181818181817,83.63636363636364
2014-02-03,83.18181818181817,83.54545454545453
2014-02-04,82.27272727272728,83.36363636363635
2014-02-05,82.27272727272728,83.20454545454545
2014-02-06,82.27272727272728,83.02272727272728
2014-02-07,82.5,82.88636363636364
2014-02-10,82.5,82.77272727272728
2014-02-11,82.72727272727273,82.70454545454547
2014-02-12,82.72727272727273,82.68181818181817
2014-02-13,82.95454545454545,82.6590909090909
2014-02-14,82.04545454545455,82.54545454545455
2014-02-18,81.81818181818183,82.4090909090909
2014-02-19,82.04545454545455,82.38636363636365
2014-02-20,82.72727272727273,82.43181818181819
2014-02-21,82.95454545454545,82.5
2014-02-24,82.53968253968253,82.50396825396825
2014-02-25,82.76643990929705,82.53061224489795
2014-02-26,83.21995464852607,82.57988043702329
2014-02-27,83.90022675736961,82.697175840033
2014-02-28,84.80725623582767,82.88244691816121
2014-03-03,84.35374149659864,83.1132756132756
2014-03-04,84.80725623582767,83.4121830550402
2014-03-05,85.03401360544217,83.71103896103895
2014-03-06,84.58049886621315,83.89636157493301
2014-03-07,84.35374149659864,84.03628117913831
2014-03-10,84.35374149659864,84.21768707482993
2014-03-11,84.35374149659864,84.37641723356009
2014-03-12,84.58049886621315,84.5124716553288
2014-03-13,85.03401360544217,84.62585034013605
2014-03-14,85.26077097505669,84.67120181405896
2014-03-17,85.71428571428571,84.80725623582767
2014-03-18,85.4875283446712,84.87528344671202
2014-03-19,85.4875283446712,84.92063492063491
2014-03-20,85.03401360544217,84.96598639455782
2014-03-21,84.35374149659864,84.96598639455782
2014-03-24,83.90022675736961,84.92063492063491
2014-03-25,83.90022675736961,84.87528344671202
2014-03-26,84.12698412698413,84.82993197278911
2014-03-27,84.58049886621315,84.78458049886622
2014-03-28,83.90022675736961,84.6485260770975
2014-03-31,84.12698412698413,84.48979591836735
2014-04-01,84.35374149659864,84.37641723356009
2014-04-02,84.12698412698413,84.24036281179139
2014-04-03,84.19864559819413,84.15682601106657
2014-04-04,84.19864559819413,84.14131642122612
2014-04-07,84.65011286681715,84.21630503217088
2014-04-08,84.65011286681715,84.29129364311564
2014-04-09,85.10158013544017,84.38875324396125
2014-04-10,85.10158013544017,84.44086137088394
2014-04-11,85.13513513513513,84.5643522086605
2014-04-14,85.13513513513513,84.66516730947559
2014-04-15,85.13513513513513,84.74330667332924
2014-04-16,84.68468468468468,84.7990767290993
2014-04-17,84.45945945945947,84.82515811522583
2014-04-21,84.68468468468468,84.87376202387489
2014-04-22,85.13513513513513,84.92226425070669
2014-04-23,85.36036036036036,84.99328900006101
2014-04-24,85.36036036036036,85.01916702255303
2014-04-25,84.90990990990991,85.0
2014-04-28,84.90990990990991,84.97747747747748
2014-04-29,84.68468468468468,84.93243243243244
2014-04-30,85.13513513513513,84.93243243243244
2014-05-01,85.36036036036036,85.0
2014-05-02,85.13513513513513,85.06756756756756
2014-05-05,85.13513513513513,85.11261261261261
2014-05-06,84.90990990990991,85.09009009009009
2014-05-07,85.13513513513513,85.06756756756756
2014-05-08,85.13513513513513,85.04504504504504
2014-05-09,85.13513513513513,85.06756756756758
2014-05-12,85.13513513513513,85.09009009009009
2014-05-13,85.13513513513513,85.13513513513513
2014-05-14,85.13513513513513,85.13513513513513
2014-05-15,85.13513513513513,85.11261261261261
2014-05-16,85.36036036036036,85.13513513513513
2014-05-19,85.13513513513513,85.13513513513513
2014-05-20,84.68468468468468,85.11261261261261
2014-05-21,84.23423423423422,85.02252252252252
2014-05-22,84.68468468468468,84.97747747747748
2014-05-23,84.68468468468468,84.93243243243242
2014-05-27,84.45945945945947,84.86486486486487
2014-05-28,84.45945945945947,84.7972972972973
2014-05-29,84.23423423423422,84.70720720720722
2014-05-30,84.009009009009,84.5945945945946
2014-06-02,83.78378378378379,84.43693693693693
2014-06-03,83.78378378378379,84.3018018018018
2014-06-04,83.78378378378379,84.21171171171171
2014-06-05,84.23423423423422,84.21171171171171
2014-06-06,84.009009009009,84.14414414414415
2014-06-09,84.009009009009,84.07657657657657
2014-06-10,83.78378378378379,84.009009009009
2014-06-11,84.009009009009,83.96396396396395
2014-06-12,83.55855855855856,83.8963963963964
2014-06-13,83.78378378378379,83.87387387387386
2014-06-16,83.55855855855856,83.85135135135135
2014-06-17,83.55855855855856,83.82882882882883
2014-06-18,82.88288288288288,83.73873873873873
2014-06-19,82.88288288288288,83.6036036036036
2014-06-20,82.65765765765765,83.46846846846846
2014-06-23,82.65765765765765,83.33333333333333
2014-06-24,83.1081081081081,83.26576576576576
2014-06-25,83.55855855855856,83.22072072072072
2014-06-26,83.78378378378379,83.24324324324324
2014-06-27,83.78378378378379,83.24324324324326
2014-06-30,83.55855855855856,83.24324324324324
2014-07-01,83.55855855855856,83.24324324324326
2014-07-02,83.55855855855856,83.3108108108108
2014-07-03,83.55855855855856,83.37837837837837
2014-07-07,84.009009009009,83.51351351351352
2014-07-08,84.45945945945947,83.69369369369369
2014-07-09,84.45945945945947,83.82882882882883
2014-07-10,84.45945945945947,83.91891891891892
2014-07-11,84.68468468468468,84.00900900900902
2014-07-14,84.45945945945947,84.07657657657658
2014-07-15,84.68468468468468,84.1891891891892
2014-07-16,85.36036036036036,84.36936936936937
2014-07-17,85.36036036036036,84.54954954954955
2014-07-18,85.8108108108108,84.77477477477477
2014-07-21,86.26126126126125,85.0
2014-07-22,85.8108108108108,85.13513513513514
2014-07-23,86.03603603603604,85.2927927927928
2014-07-24,85.58558558558559,85.4054054054054
2014-07-25,85.36036036036036,85.47297297297297
2014-07-28,85.13513513513513,85.54054054054055
2014-07-29,85.58558558558559,85.63063063063063
2014-07-30,85.36036036036036,85.63063063063063
2014-07-31,84.90990990990991,85.58558558558558
2014-08-01,84.90990990990991,85.4954954954955
2014-08-04,84.45945945945947,85.31531531531532
2014-08-05,84.45945945945947,85.18018018018017
2014-08-06,84.45945945945947,85.02252252252252
2014-08-07,84.45945945945947,84.90990990990991
2014-08-08,84.45945945945947,84.81981981981983
2014-08-11,84.45945945945947,84.75225225225225
2014-08-12,84.45945945945947,84.63963963963964
2014-08-13,84.23423423423422,84.52702702702703
2014-08-14,84.23423423423422,84.45945945945945
2014-08-15,84.009009009009,84.36936936936937
2014-08-18,83.55855855855856,84.27927927927928
2014-08-19,83.78378378378379,84.21171171171173
2014-08-20,84.009009009009,84.16666666666667
2014-08-21,83.78378378378379,84.0990990990991
2014-08-22,83.78378378378379,84.03153153153153
2014-08-25,83.55855855855856,83.94144144144144
2014-08-26,83.1081081081081,83.80630630630631
2014-08-27,82.65765765765765,83.64864864864865
2014-08-28,83.1081081081081,83.53603603603604
2014-08-29,83.1081081081081,83.44594594594594
2014-09-02,83.1081081081081,83.4009009009009
2014-09-03,82.43243243243244,83.26576576576575
2014-09-04,82.47191011235955,83.11205587610081
2014-09-05,82.69662921348313,83.00334041907075
2014-09-08,82.24719101123596,82.84968114181598
2014-09-09,81.79775280898876,82.673600566859
2014-09-10,81.34831460674158,82.49762121672234
2014-09-11,81.12359550561797,82.34421500151836
2014-09-12,80.89887640449437,82.12329183115699
2014-09-15,81.12359550561797,81.92484057090799
2014-09-16,80.89887640449437,81.7039174005466
2014-09-17,80.4494382022472,81.50561797752809
2014-09-18,80.2247191011236,81.28089887640449
2014-09-19,79.7752808988764,80.98876404494382
2014-09-22,78.87640449438203,80.65168539325842
2014-09-23,78.42696629213484,80.31460674157303
2014-09-24,78.65168539325843,80.04494382022472
2014-09-25,77.97752808988764,79.73033707865169
2014-09-26,78.20224719101122,79.46067415730337
2014-09-29,78.47533632286996,79.19584823902856
2014-09-30,78.47533632286996,78.95349423086614
2014-10-01,78.02690582959642,78.71124099360104
2014-10-02,77.3542600896861,78.4241950924573
2014-10-03,76.23318385650224,78.06998538821988
2014-10-06,76.00896860986546,77.78324179976823
2014-10-07,76.23318385650224,77.56386355620496
2014-10-08,75.56053811659193,77.25474882853831
2014-10-09,75.11210762331838,76.96820678188138
2014-10-10,74.88789237668162,76.63677130044843
2014-10-13,74.88789237668162,76.27802690582959
2014-10-14,74.43946188340807,75.8744394618834
2014-10-15,74.66367713004485,75.53811659192826
2014-10-16,73.99103139013454,75.20179372197309
2014-10-17,73.76681614349776,74.95515695067265
2014-10-20,72.86995515695067,74.64125560538116
2014-10-21,72.6457399103139,74.28251121076234
2014-10-22,72.6457399103139,73.99103139013454
2014-10-23,72.42152466367713,73.72197309417041
2014-10-24,72.19730941704036,73.45291479820628
2014-10-27,72.19730941704036,73.18385650224215
2014-10-28,71.74887892376681,72.91479820627804
2014-10-29,71.52466367713004,72.60089686098654
2014-10-30,70.62780269058297,72.2645739910314
2014-10-31,70.85201793721974,71.97309417040358
2014-11-03,70.62780269058297,71.74887892376682
2014-11-04,70.4035874439462,71.52466367713005
2014-11-05,69.95515695067265,71.25560538116592
2014-11-06,69.50672645739911,70.96412556053812
2014-11-07,69.05829596412556,70.65022421524665
2014-11-10,69.28251121076234,70.35874439461884
2014-11-11,69.05829596412556,70.08968609865471
2014-11-12,68.60986547085201,69.79820627802692
2014-11-13,69.05829596412556,69.64125560538116
2014-11-14,69.05829596412556,69.46188340807176
2014-11-17,68.83408071748879,69.28251121076235
2014-11-18,68.60986547085201,69.10313901345292
2014-11-19,68.60986547085201,68.96860986547085
2014-11-20,68.38565022421524,68.85650224215246
2014-11-21,68.16143497757847,68.76681614349775
2014-11-24,68.60986547085201,68.69955156950672
2014-11-25,69.05829596412556,68.69955156950672
2014-11-26,69.50672645739911,68.78923766816143
2014-11-28,70.17937219730942,68.90134529147983
2014-12-01,70.62780269058297,69.05829596412556
2014-12-02,71.0762331838565,69.28251121076234
2014-12-03,71.30044843049326,69.55156950672645
2014-12-04,71.52466367713004,69.84304932735427
2014-12-05,71.97309417040358,70.20179372197309
2014-12-08,73.09417040358744,70.69506726457399
2014-12-09,73.76681614349776,71.21076233183857
2014-12-10,73.99103139013454,71.70403587443947
2014-12-11,74.2152466367713,72.17488789237669
2014-12-12,74.2152466367713,72.57847533632287
2014-12-15,74.43946188340807,72.95964125560538
2014-12-16,73.99103139013454,73.25112107623319
2014-12-17,74.2152466367713,73.54260089686099
2014-12-18,74.88789237668162,73.87892376681614
2014-12-19,75.7847533632287,74.26008968609867
2014-12-22,77.13004484304933,74.66367713004485
2014-12-23,78.02690582959642,75.08968609865471
2014-12-24,78.9237668161435,75.5829596412556
2014-12-26,79.82062780269058,76.14349775784754
2014-12-29,80.71748878923766,76.79372197309416
2014-12-30,80.94170403587444,77.44394618834082
2014-12-31,80.94170403587444,78.1390134529148
2015-01-02,81.16591928251121,78.83408071748879
2015-01-05,81.61434977578476,79.50672645739911
2015-01-06,81.83856502242153,80.1121076233184
2015-01-07,81.83856502242153,80.5829596412556
2015-01-08,82.28699551569507,81.00896860986548
2015-01-09,82.28699551569507,81.34529147982063
2015-01-12,81.83856502242153,81.54708520179372
2015-01-13,81.83856502242153,81.65919282511211
2015-01-14,81.83856502242153,81.74887892376681
2015-01-15,81.39013452914799,81.79372197309416
2015-01-16,80.94170403587444,81.77130044843051
2015-01-20,80.94170403587444,81.70403587443947
2015-01-21,80.49327354260089,81.56950672645739
2015-01-22,80.71748878923766,81.45739910313901
2015-01-23,80.26905829596413,81.25560538116592
2015-01-26,80.04484304932735,81.03139013452915
2015-01-27,79.82062780269058,80.82959641255606
2015-01-28,79.82062780269058,80.62780269058295
2015-01-29,79.19463087248322,80.36340927558913
2015-01-30,78.52348993288591,80.07674481596293
2015-02-02,78.29977628635348,79.81255204101082
2015-02-03,78.52348993288591,79.57073063071196
2015-02-04,78.07606263982103,79.32900954043399
2015-02-05,77.62863534675614,79.02012419618583
2015-02-06,77.18120805369128,78.71133917195854
2015-02-09,77.40492170022371,78.44734703704819
2015-02-10,77.18120805369128,78.18340506214825
2015-02-11,76.95749440715883,77.89709172259509
2015-02-12,77.18120805369128,77.69574944071589
2015-02-13,77.18120805369128,77.56152125279642
2015-02-17,77.18120805369128,77.4496644295302
2015-02-18,77.40492170022371,77.33780760626398
2015-02-19,77.40492170022371,77.27069351230425
2015-02-20,77.62863534675614,77.27069351230425
2015-02-23,77.40492170022371,77.29306487695749
2015-02-24,77.40492170022371,77.29306487695749
2015-02-25,77.18120805369128,77.29306487695749
2015-02-26,76.95749440715883,77.29306487695749
2015-02-27,77.62863534675614,77.33780760626398
2015-03-02,77.85234899328859,77.40492170022371
2015-03-03,77.85234899328859,77.47203579418344
2015-03-04,77.85234899328859,77.51677852348993
2015-03-05,77.85234899328859,77.56152125279641
2015-03-06,78.29977628635348,77.62863534675614
2015-03-09,77.85234899328859,77.67337807606263
2015-03-10,77.62863534675614,77.69574944071589
2015-03-11,77.62863534675614,77.74049217002236
2015-03-12,77.18120805369128,77.76286353467562
2015-03-13,76.95749440715883,77.69574944071589
2015-03-16,76.95749440715883,77.6062639821029
2015-03-17,77.18120805369128,77.53914988814317
2015-03-18,77.18120805369128,77.47203579418344
2015-03-19,77.40492170022371,77.42729306487696
2015-03-20,78.07606263982103,77.40492170022371
2015-03-23,78.125,77.43218680089485
2015-03-24,78.125,77.48182326621924
2015-03-25,77.90178571428571,77.5091383029722
2015-03-26,77.45535714285714,77.53655321188879
2015-03-27,77.67857142857143,77.60866091403004
2015-03-30,77.90178571428571,77.70309004474272
2015-03-31,78.57142857142857,77.84211209651644
2015-04-01,78.57142857142857,77.98113414829018
2015-04-02,79.24107142857143,78.16474912112496
2015-04-06,79.24107142857143,78.28125
2015-04-07,79.24107142857143,78.39285714285714
2015-04-08,79.46428571428571,78.52678571428571
2015-04-09,79.24107142857143,78.66071428571428
2015-04-10,79.24107142857143,78.83928571428571
2015-04-13,79.24107142857143,78.99553571428571
2015-04-14,79.24107142857143,79.12946428571429
2015-04-15,79.46428571428571,79.21875
2015-04-16,79.24107142857143,79.28571428571429
2015-04-17,79.46428571428571,79.30803571428571
2015-04-20,79.6875,79.35267857142858
2015-04-21,79.46428571428571,79.375
2015-04-22,79.6875,79.39732142857143
2015-04-23,79.46428571428571,79.41964285714286
2015-04-24,79.46428571428571,79.44196428571429
2015-04-27,79.01785714285714,79.41964285714286
2015-04-28,79.24107142857143,79.41964285714286
2015-04-29,78.57142857142857,79.33035714285714
2015-04-30,78.79464285714286,79.28571428571429
2015-05-01,78.57142857142857,79.19642857142857
2015-05-04,78.34821428571429,79.0625
2015-05-05,78.125,78.92857142857142
2015-05-06,78.125,78.77232142857142
2015-05-07,78.125,78.63839285714286
2015-05-08,77.45535714285714,78.4375
2015-05-11,77.23214285714286,78.25892857142857
2015-05-12,76.78571428571429,78.01339285714286
2015-05-13,76.11607142857143,77.76785714285714
2015-05-14,75.89285714285714,77.47767857142857
2015-05-15,76.16926503340757,77.23746221762647
2015-05-18,76.61469933184856,77.0641107222399
2015-05-19,76.16926503340757,76.86853722558065
2015-05-20,76.83741648106904,76.73977887368757
2015-05-21,76.83741648106904,76.61102052179447
2015-05-22,77.728285077951,76.63831331530385
2015-05-26,77.28285077951003,76.64338410754057
2015-05-27,77.50556792873051,76.7153694718422
2015-05-28,77.50556792873051,76.8543191218581
2015-05-29,77.28285077951003,76.99331848552339
2015-06-01,77.06013363028953,77.08240534521158
2015-06-02,76.61469933184856,77.08240534521158
2015-06-03,75.94654788418708,77.06013363028953
2015-06-04,75.94654788418708,76.97104677060133
2015-06-05,75.7238307349666,76.85968819599108
2015-06-08,75.7238307349666,76.65924276169265
2015-06-09,76.61469933184856,76.59242761692651
2015-06-10,76.39198218262806,76.48106904231625
2015-06-11,75.50111358574611,76.2806236080178
2015-06-12,75.94654788418708,76.14699331848553
2015-06-15,75.94654788418708,76.03563474387528
2015-06-16,75.50111358574611,75.92427616926503
2015-06-17,75.27839643652561,75.85746102449889
2015-06-18,75.05567928730513,75.7683741648107
2015-06-19,73.94209354120267,75.59020044543429
2015-06-22,74.38752783964365,75.456570155902
2015-06-23,74.61024498886414,75.25612472160357
2015-06-24,74.16481069042317,75.03340757238308
2015-06-25,74.16481069042317,74.89977728285079
2015-06-26,73.71937639198218,74.67706013363029
2015-06-29,73.2739420935412,74.4097995545657
2015-06-30,72.60579064587974,74.12026726057907
2015-07-01,72.82850779510022,73.87527839643653
2015-07-02,72.16035634743875,73.58574610244989
2015-07-06,71.93763919821826,73.38530066815146
2015-07-07,71.49220489977728,73.0957683741648
2015-07-08,71.0467706013363,72.73942093541203
2015-07-09,70.37861915367483,72.3608017817372
2015-07-10,70.44444444444444,71.98876515713931
2015-07-13,70.0,71.6168275179411
2015-07-14,69.77777777777779,71.26721108636477
2015-07-15,69.33333333333334,70.93996535511012
2015-07-16,69.33333333333334,70.59044790893343
2015-07-17,69.77777777777779,70.35219005196734
2015-07-20,68.44444444444444,70.00287057658996
2015-07-21,68.22222222222221,69.67587230883444
2015-07-22,67.33333333333333,69.30452858203415
2015-07-23,67.11111111111111,68.97777777777779
2015-07-24,66.66666666666666,68.6
2015-07-27,65.55555555555556,68.15555555555557
2015-07-28,65.55555555555556,67.73333333333333
2015-07-29,65.33333333333333,67.33333333333333
2015-07-30,65.11111111111111,66.91111111111113
2015-07-31,64.44444444444444,66.37777777777778
2015-08-03,64.22222222222223,65.95555555555555
2015-08-04,63.77777777777778,65.51111111111112
2015-08-05,63.63636363636363,65.14141414141415
2015-08-06,62.97117516629712,64.72742054693273
2015-08-07,62.97117516629712,64.35787139689577
2015-08-10,62.97117516629712,64.09943335796994
2015-08-11,62.74944567627494,63.81882237004188
2015-08-12,61.19733924611973,63.40522296132053
2015-08-13,60.75388026607539,62.969499876816954
2015-08-14,60.97560975609756,62.62261640798225
2015-08-17,60.75388026607539,62.27578221236759
2015-08-18,60.75388026607539,61.97339246119734
2015-08-19,60.532150776053214,61.6629711751663
2015-08-20,60.532150776053214,61.41906873614191
2015-08-21,60.532150776053214,61.175166297117514
2015-08-24,60.08869179600887,60.886917960088695
2015-08-25,59.64523281596452,60.57649667405765
2015-08-26,58.758314855875824,60.332594235033255
2015-08-27,58.31485587583148,60.08869179600887
2015-08-28,57.87139689578714,59.77827050997784
2015-08-31,56.98447893569845,59.40133037694013
2015-09-01,56.31929046563193,58.95787139689578
2015-09-02,55.432372505543235,58.447893569844794
2015-09-03,54.767184035476724,57.87139689578714
2015-09-04,54.1019955654102,57.22838137472284
2015-09-08,53.215077605321504,56.5410199556541
2015-09-09,52.993348115299334,55.87583148558758
2015-09-10,52.54988913525499,55.25498891352551
2015-09-11,52.328159645232816,54.65631929046564
2015-09-14,51.66297117516629,54.03547671840355
2015-09-15,51.44124168514412,53.48115299334811
2015-09-16,50.77605321507761,52.92682926829268
2015-09-17,50.554323725055426,52.4390243902439
2015-09-18,49.44567627494457,51.906873614190694
2015-09-21,48.78048780487805,51.37472283813747
2015-09-22,47.671840354767184,50.82039911308205
2015-09-23,47.671840354767184,50.288248337028826
2015-09-24,47.22838137472284,49.75609756097561
2015-09-25,46.11973392461197,49.13525498891353
2015-09-28,45.45454545454545,48.51441241685144
2015-09-29,44.12416851441242,47.78270509977827
2015-09-30,43.68070953436807,47.07317073170732
2015-10-01,42.350332594235034,46.252771618625275
2015-10-02,41.68514412416852,45.47671840354767
2015-10-05,41.68514412416852,44.76718403547672
2015-10-06,40.79822616407982,44.07982261640798
2015-10-07,40.79822616407982,43.392461197339244
2015-10-08,39.91130820399113,42.66075388026608
2015-10-09,39.467849223946786,41.99556541019955
2015-10-12,39.24611973392461,41.37472283813747
2015-10-13,38.13747228381374,40.7760532150776
2015-10-14,37.91574279379157,40.19955654101996
2015-10-15,36.80709534368071,39.64523281596452
2015-10-16,36.14190687361419,39.090909090909086
2015-10-19,36.36363636363637,38.55875831485588
2015-10-20,36.36363636363637,38.11529933481153
2015-10-21,36.80709534368071,37.716186252771614
2015-10-22,36.80709534368071,37.40576496674057
2015-10-23,37.028824833702885,37.16186252771619
2015-10-26,37.028824833702885,36.94013303769401
2015-10-27,36.58536585365854,36.784922394678496
2015-10-28,36.36363636363637,36.629711751662974
2015-10-29,35.69844789356985,36.51884700665188
2015-10-30,35.47671840354767,36.45232815964523
2015-11-02,35.47671840354767,36.36363636363636
2015-11-03,36.36363636363637,36.36363636363636
2015-11-04,37.91574279379157,36.47450110864746
2015-11-05,38.80266075388026,36.674057649667404
2015-11-06,39.02439024390244,36.87361419068736
2015-11-09,39.02439024390244,37.07317073170732
2015-11-10,39.467849223946786,37.36141906873614
2015-11-11,40.133037694013304,37.73835920177383
2015-11-12,41.019955654102,38.27050997782705
2015-11-13,41.019955654102,38.824833702882486
2015-11-16,41.46341463414634,39.42350332594235
2015-11-17,41.24168514412417,39.91130820399113
2015-11-18,41.019955654102,40.22172949002217
2015-11-19,41.24168514412417,40.465631929046566
2015-11-20,41.24168514412417,40.687361419068736
2015-11-23,41.24168514412417,40.909090909090914
2015-11-24,41.68514412416852,41.130820399113084
2015-11-25,42.350332594235034,41.352549889135254
2015-11-27,42.793791574279375,41.529933481152995
2015-11-30,43.23725055432372,41.751662971175165
2015-12-01,43.90243902439025,41.99556541019955
2015-12-02,45.23281596452328,42.394678492239464
2015-12-03,45.67627494456763,42.86031042128603
2015-12-04,47.006651884700666,43.43680709534368
2015-12-07,47.671840354767184,44.07982261640798
2015-12-08,47.893569844789354,44.7450110864745
2015-12-09,48.55875831485588,45.432372505543235
2015-12-10,49.667405764966745,46.164079822616415
2015-12-11,50.110864745011085,46.89578713968958
2015-12-14,50.332594235033255,47.605321507760536
2015-12-15,50.332594235033255,48.248337028824835
2015-12-16,50.77605321507761,48.80266075388026
2015-12-17,52.106430155210646,49.44567627494457
2015-12-18,52.328159645232816,49.97782705099778
2015-12-21,51.88470066518847,50.39911308203991
2015-12-22,52.77161862527716,50.886917960088695
2015-12-23,53.43680709534369,51.37472283813747
2015-12-24,54.54545454545454,51.86252771618625
2015-12-28,54.988913525498894,52.350332594235034
2015-12-29,54.767184035476724,52.79379157427938
2015-12-30,55.210643015521065,53.281596452328166
2015-12-31,55.432372505543235,53.747228381374725
2016-01-04,54.988913525498894,54.03547671840355
2016-01-05,54.54545454545454,54.257206208425714
2016-01-06,54.1019955654102,54.47893569844789
2016-01-07,54.32372505543237,54.63414634146342
2016-01-08,54.767184035476724,54.76718403547672
2016-01-11,53.88026607538803,54.70066518847007
2016-01-12,53.215077605321504,54.52328159645233
2016-01-13,52.654867256637175,54.31204991856837
2016-01-14,51.54867256637168,53.945852873653436
2016-01-15,50.66371681415929,53.46898730451504
2016-01-19,50.22123893805309,52.99221984577046
2016-01-20,49.11504424778761,52.449178816003766
2016-01-21,46.902654867256636,51.72924474618841
2016-01-22,45.57522123893805,50.854394364538976
2016-01-25,45.35398230088495,49.9130741910798
2016-01-26,44.911504424778755,49.01619802601887
2016-01-27,43.80530973451327,48.075221238938056
2016-01-28,43.141592920353986,47.12389380530973
2016-01-29,42.92035398230089,46.26106194690265
2016-02-01,42.92035398230089,45.48672566371681
2016-02-02,42.92035398230089,44.756637168141594
2016-02-03,42.47787610619469,44.09292035398231
2016-02-04,42.0353982300885,43.60619469026549
2016-02-05,40.929203539823014,43.141592920353986
2016-02-08,40.04424778761062,42.61061946902655
2016-02-09,39.15929203539823,42.0353982300885
2016-02-10,38.716814159292035,41.52654867256637
2016-02-11,37.610619469026545,40.97345132743364
2016-02-12,36.50442477876106,40.33185840707965
2016-02-16,36.283185840707965,39.66814159292036
2016-02-17,36.06194690265487,38.982300884955755
2016-02-18,35.176991150442475,38.25221238938053
2016-02-19,34.51327433628318,37.5
2016-02-22,34.292035398230084,36.836283185840706
2016-02-23,34.51327433628318,36.28318584070796
2016-02-24,34.51327433628318,35.81858407079646
2016-02-25,35.176991150442475,35.4646017699115
2016-02-26,34.95575221238938,35.19911504424778
2016-02-29,34.292035398230084,34.977876106194685
2016-03-01,34.070796460176986,34.75663716814159
2016-03-02,33.6283185840708,34.51327433628318
2016-03-03,33.6283185840708,34.358407079646014
2016-03-04,34.73451327433628,34.38053097345133
2016-03-07,34.51327433628318,34.402654867256636
2016-03-08,34.292035398230084,34.38053097345132
2016-03-09,33.849557522123895,34.3141592920354
2016-03-10,33.6283185840708,34.15929203539823
2016-03-11,33.6283185840708,34.02654867256637
2016-03-14,33.4070796460177,33.93805309734513
2016-03-15,33.4070796460177,33.8716814159292
2016-03-16,33.849557522123895,33.89380530973451
2016-03-17,34.070796460176986,33.93805309734513
2016-03-18,34.292035398230084,33.89380530973451
2016-03-21,34.95575221238938,33.93805309734513
2016-03-22,35.39823008849557,34.04867256637168
2016-03-23,36.72566371681416,34.336283185840706
2016-03-24,37.16814159292036,34.690265486725664
2016-03-28,38.05309734513274,35.13274336283185
2016-03-29,38.49557522123894,35.64159292035398
2016-03-30,39.823008849557525,36.28318584070796
2016-03-31,40.707964601769916,36.96902654867257
2016-04-01,42.0353982300885,37.76548672566371
2016-04-04,42.69911504424779,38.60619469026549
2016-04-05,43.80530973451327,39.491150442477874
2016-04-06,45.13274336283185,40.46460176991151
2016-04-07,45.79646017699115,41.37168141592921
2016-04-08,46.902654867256636,42.34513274336283
2016-04-11,47.56637168141593,43.29646017699115
2016-04-12,48.451327433628315,44.292035398230084
2016-04-13,50.0,45.309734513274336
2016-04-14,50.88495575221239,46.32743362831858
2016-04-15,51.76991150442478,47.30088495575221
2016-04-18,53.31858407079646,48.36283185840708
2016-04-19,54.40528634361234,49.422829519316984
2016-04-20,55.72687224669603,50.4822424077034
2016-04-21,57.48898678414097,51.651495068418384
2016-04-22,59.25110132158591,52.886339713851314
2016-04-25,60.352422907488986,54.164944836458616
2016-04-26,61.23348017621145,55.44316011071693
2016-04-27,61.89427312775331,56.63258742349226
2016-04-28,62.33480176211453,57.77757202448248
2016-04-29,62.77533039647577,58.87811391368757
2016-05-02,64.75770925110133,60.02202643171806
2016-05-03,65.63876651982379,61.1453744493392
2016-05-04,65.85903083700441,62.15859030837005
2016-05-05,66.07929515418502,63.01762114537445
2016-05-06,66.51982378854625,63.74449339207048
2016-05-09,67.18061674008811,64.42731277533039
2016-05-10,68.5022026431718,65.15418502202644
2016-05-11,69.16299559471366,65.88105726872247
2016-05-12,69.60352422907489,66.6079295154185
2016-05-13,70.04405286343612,67.33480176211454
2016-05-16,70.26431718061674,67.88546255506608
2016-05-17,70.48458149779736,68.37004405286345
2016-05-18,70.92511013215858,68.87665198237886
2016-05-19,71.58590308370044,69.42731277533039
2016-05-20,72.24669603524228,70.0
2016-05-23,72.68722466960352,70.55066079295155
2016-05-24,72.68722466960352,70.96916299559471
2016-05-25,73.568281938326,71.40969162995594
2016-05-26,73.568281938326,71.80616740088105
2016-05-27,73.7885462555066,72.18061674008811
2016-05-31,74.00881057268722,72.55506607929516
2016-06-01,74.44933920704845,72.95154185022025
2016-06-02,75.1101321585903,73.37004405286343
2016-06-03,75.77092511013215,73.7885462555066
2016-06-06,75.99118942731278,74.16299559471365
2016-06-07,76.431718061674,74.5374449339207
2016-06-08,76.2114537444934,74.88986784140968
2016-06-09,76.431718061674,75.17621145374449
2016-06-10,76.87224669603523,75.50660792951541
2016-06-13,76.2114537444934,75.7488986784141
2016-06-14,76.2114537444934,75.9691629955947
2016-06-15,76.2114537444934,76.1453744493392
2016-06-16,76.87224669603523,76.3215859030837
2016-06-17,77.5330396475771,76.4977973568282
2016-06-20,77.31277533039648,76.62995594713655
2016-06-21,77.31277533039648,76.71806167400881
2016-06-22,77.09251101321586,76.80616740088105
2016-06-23,77.09251101321586,76.87224669603525
2016-06-24,76.431718061674,76.82819383259911
2016-06-27,75.77092511013215,76.78414096916299
2016-06-28,75.33039647577093,76.69603524229075
2016-06-29,74.8898678414097,76.56387665198238
2016-06-30,74.8898678414097,76.36563876651982
2016-07-01,74.8898678414097,76.1013215859031
2016-07-05,74.44933920704845,75.81497797356829
2016-07-06,74.44933920704845,75.52863436123349
2016-07-07,74.00881057268722,75.22026431718061
2016-07-08,73.7885462555066,74.8898678414097
2016-07-11,74.00881057268722,74.64757709251101
2016-07-12,74.00881057268722,74.47136563876651
2016-07-13,74.22907488986785,74.36123348017621
2016-07-14,74.8898678414097,74.36123348017621
2016-07-15,75.33039647577093,74.40528634361235
2016-07-18,75.1101321585903,74.4273127753304
2016-07-19,75.33039647577093,74.51541850220265
2016-07-20,75.1101321585903,74.58149779735683
2016-07-21,74.8898678414097,74.66960352422907
2016-07-22,75.1101321585903,74.80176211453744
2016-07-25,75.55066079295155,74.95594713656388
2016-07-26,75.99118942731278,75.15418502202644
2016-07-27,76.2114537444934,75.35242290748899
2016-07-28,76.431718061674,75.50660792951541
2016-07-29,76.87224669603523,75.66079295154185
2016-08-01,77.75330396475772,75.9251101321586
2016-08-02,77.97356828193833,76.18942731277532
2016-08-03,79.12087912087912,76.59050200900421
2016-08-04,79.12087912087912,77.01360313695116
2016-08-05,79.12087912087912,77.41467783318004
2016-08-08,79.34065934065934,77.79367768795082
2016-08-09,79.34065934065934,78.12862467928548
2016-08-10,79.12087912087912,78.41956721692405
2016-08-11,79.12087912087912,78.68848332284456
2016-08-12,79.78021978021978,78.97928063126301
2016-08-15,80.0,79.20395023478724
2016-08-16,80.0,79.4065934065934
2016-08-17,80.21978021978022,79.51648351648352
2016-08-18,79.78021978021978,79.58241758241759
2016-08-19,80.0,79.67032967032966
2016-08-22,80.21978021978022,79.75824175824175
2016-08-23,80.65934065934066,79.8901098901099
2016-08-24,81.0989010989011,80.08791208791209
2016-08-25,81.97802197802197,80.37362637362637
2016-08-26,81.97802197802197,80.5934065934066
2016-08-29,82.41758241758241,80.83516483516483
2016-08-30,82.63736263736263,81.0989010989011
2016-08-31,82.63736263736263,81.34065934065934
2016-09-01,83.51648351648352,81.71428571428571
2016-09-02,83.51648351648352,82.06593406593406
2016-09-06,84.21052631578947,82.46500867553499
2016-09-07,85.08771929824562,82.90784653942548
2016-09-08,85.74561403508771,83.37251783304416
2016-09-09,85.96491228070175,83.77120686331213
2016-09-12,85.96491228070175,84.1698958935801
2016-09-13,85.74561403508771,84.50269905533062
2016-09-14,85.96491228070175,84.83545401966455
2016-09-15,86.18421052631578,85.19013880855985
2016-09-16,86.40350877192982,85.47884133410449
2016-09-19,86.8421052631579,85.81140350877192
2016-09-20,86.8421052631579,86.07456140350877
2016-09-21,87.28070175438597,86.29385964912281
2016-09-22,87.06140350877193,86.42543859649122
2016-09-23,87.28070175438597,86.55701754385964
2016-09-26,87.06140350877193,86.66666666666666
2016-09-27,87.28070175438597,86.8201754385965
2016-09-28,87.28070175438597,86.9517543859649
2016-09-29,87.5,87.08333333333334
2016-09-30,87.5,87.19298245614036
2016-10-03,87.06140350877193,87.21491228070177
2016-10-04,86.40350877192982,87.17105263157896
2016-10-05,85.96491228070175,87.03947368421053
2016-10-06,85.52631578947368,86.8859649122807
2016-10-07,85.74561403508771,86.73245614035088
2016-10-10,85.52631578947368,86.57894736842105
2016-10-11,85.08771929824562,86.35964912280701
2016-10-12,84.86842105263158,86.11842105263159
2016-10-13,84.64912280701753,85.83333333333334
2016-10-14,84.86842105263158,85.5701754385965
2016-10-17,84.64912280701753,85.32894736842105
2016-10-18,83.99122807017544,85.08771929824562
2016-10-19,83.55263157894737,84.84649122807016
2016-10-20,83.77192982456141,84.67105263157895
2016-10-21,83.77192982456141,84.47368421052632
2016-10-24,83.55263157894737,84.27631578947368
2016-10-25,82.89473684210526,84.05701754385964
2016-10-26,82.45614035087719,83.8157894736842
2016-10-27,81.57894736842105,83.50877192982456
2016-10-28,80.04385964912281,83.02631578947368
2016-10-31,79.82456140350878,82.54385964912281
2016-11-01,79.3859649122807,82.08333333333333
2016-11-02,79.16666666666666,81.64473684210527
2016-11-03,78.94736842105263,81.16228070175438
2016-11-04,77.41228070175438,80.52631578947368
2016-11-07,76.75438596491229,79.84649122807016
2016-11-08,76.53508771929825,79.21052631578948
2016-11-09,75.6578947368421,78.53070175438596
2016-11-10,74.56140350877193,77.82894736842105
2016-11-11,74.56140350877193,77.28070175438597
2016-11-14,73.46491228070175,76.64473684210526
2016-11-15,72.58771929824562,75.96491228070177
2016-11-16,71.9298245614035,75.24122807017542
2016-11-17,71.49122807017544,74.49561403508771
2016-11-18,71.05263157894737,73.85964912280701
2016-11-21,70.83333333333334,73.26754385964912
2016-11-22,70.39473684210526,72.65350877192982
2016-11-23,71.05263157894737,72.19298245614036
2016-11-25,70.83333333333334,71.8201754385965
2016-11-28,69.73684210526315,71.33771929824562
2016-11-29,69.2982456140351,70.92105263157895
2016-11-30,69.51754385964912,70.61403508771932
2016-12-01,68.85964912280701,70.30701754385966
2016-12-02,68.2017543859649,69.9780701754386
2016-12-05,66.00877192982456,69.47368421052632
2016-12-06,65.78947368421053,68.96929824561404
2016-12-07,64.91228070175438,68.42105263157895
2016-12-08,64.47368421052632,67.76315789473685
2016-12-09,63.81578947368421,67.06140350877192
2016-12-12,63.1578947368421,66.40350877192984
2016-12-13,62.93859649122807,65.76754385964912
2016-12-14,62.5,65.0657894736842
2016-12-15,62.28070175438597,64.40789473684211
2016-12-16,62.5,63.837719298245624
2016-12-19,63.1578947368421,63.55263157894738
2016-12-20,63.1578947368421,63.28947368421052
2016-12-21,63.1578947368421,63.1140350877193
2016-12-22,63.81578947368421,63.04824561403509
2016-12-23,64.03508771929825,63.07017543859649
2016-12-27,64.03508771929825,63.1578947368421
2016-12-28,63.81578947368421,63.24561403508771
2016-12-29,63.81578947368421,63.377192982456144
2016-12-30,64.69298245614034,63.618421052631575
2017-01-03,64.25438596491229,63.79385964912281
2017-01-04,64.91228070175438,63.96929824561404
2017-01-05,64.91228070175438,64.14473684210526
2017-01-06,64.25438596491229,64.25438596491229
2017-01-09,64.91228070175438,64.3640350877193
2017-01-10,64.91228070175438,64.4517543859649
2017-01-11,64.47368421052632,64.49561403508771
2017-01-12,64.91228070175438,64.60526315789474
2017-01-13,65.13157894736842,64.73684210526315
2017-01-17,65.78947368421053,64.84649122807018
2017-01-18,66.00877192982456,65.0219298245614
2017-01-19,66.66666666666666,65.19736842105263
2017-01-20,67.10526315789474,65.41666666666667
2017-01-23,67.32456140350878,65.72368421052632
2017-01-24,67.32456140350878,65.96491228070175
2017-01-25,67.98245614035088,66.2719298245614
2017-01-26,68.42105263157895,66.66666666666667
2017-01-27,68.2017543859649,66.99561403508771
2017-01-30,68.85964912280701,67.36842105263158
2017-01-31,69.07894736842105,67.69736842105263
2017-02-01,69.51754385964912,68.0482456140351
2017-02-02,69.73684210526315,68.35526315789474
2017-02-03,69.51754385964912,68.59649122807016
2017-02-06,69.51754385964912,68.8157894736842
2017-02-07,69.73684210526315,69.05701754385964
2017-02-08,69.95614035087719,69.25438596491227
2017-02-09,69.95614035087719,69.40789473684211
2017-02-10,70.17543859649122,69.60526315789474
2017-02-13,70.6140350877193,69.78070175438597
2017-02-14,71.05263157894737,69.9780701754386
2017-02-15,71.49122807017544,70.17543859649122
2017-02-16,72.14912280701753,70.41666666666666
2017-02-17,73.02631578947368,70.76754385964912
2017-02-21,73.02631578947368,71.11842105263159
2017-02-22,73.24561403508771,71.46929824561403
2017-02-23,74.3421052631579,71.90789473684211
2017-02-24,75.0,72.41228070175438
2017-02-27,75.43859649122807,72.93859649122807
2017-02-28,75.43859649122807,73.42105263157893
2017-03-01,75.87719298245614,73.90350877192984
2017-03-02,76.31578947368422,74.3859649122807
2017-03-03,77.63157894736842,74.9342105263158
2017-03-06,77.85087719298247,75.41666666666666
2017-03-07,78.28947368421053,75.94298245614036
2017-03-08,78.0701754385965,76.42543859649123
2017-03-09,78.28947368421053,76.8201754385965
2017-03-10,79.16666666666666,77.23684210526316
2017-03-13,79.60526315789474,77.65350877192984
2017-03-14,80.48245614035088,78.15789473684211
2017-03-15,80.7017543859649,78.64035087719299
2017-03-16,81.14035087719299,79.12280701754386
2017-03-17,80.7017543859649,79.4298245614035
2017-03-20,80.7017543859649,79.71491228070175
2017-03-21,81.14035087719299,80.0
2017-03-22,81.35964912280701,80.32894736842105
2017-03-23,82.01754385964912,80.7017543859649
2017-03-24,82.01754385964912,80.98684210526315
2017-03-27,82.45614035087719,81.2719298245614
2017-03-28,83.1140350877193,81.53508771929823
2017-03-29,83.77192982456141,81.84210526315789
2017-03-30,83.77192982456141,82.10526315789474
2017-03-31,83.99122807017544,82.4342105263158
2017-04-03,84.4298245614035,82.80701754385964
2017-04-04,84.4298245614035,83.1359649122807
2017-04-05,84.4298245614035,83.44298245614036
2017-04-06,84.4298245614035,83.6842105263158
2017-04-07,84.21052631578947,83.90350877192984
2017-04-10,84.21052631578947,84.07894736842105
2017-04-11,84.4298245614035,84.21052631578947
2017-04-12,84.21052631578947,84.25438596491229
2017-04-13,84.64912280701753,84.34210526315789
2017-04-17,84.86842105263158,84.4298245614035
2017-04-18,84.86842105263158,84.47368421052632
2017-04-19,84.9015317286652,84.52085492725249
2017-04-20,85.33916849015317,84.61178932012744
2017-04-21,85.33916849015317,84.70272371300241
2017-04-24,85.33916849015317,84.81558793043878
2017-04-25,85.33916849015317,84.92845214787516
2017-04-26,85.33916849015317,85.01938654075012
2017-04-27,85.33916849015317,85.13225075818649
2017-04-28,85.12035010940919,85.17937348842565
2017-05-01,84.9015317286652,85.18268455602902
2017-05-02,84.68271334792122,85.16411378555799
2017-05-03,84.46389496717724,85.12035010940919
2017-05-04,84.24507658643327,85.01094091903721
2017-05-05,84.02625820568927,84.87964989059081
2017-05-08,84.02625820568927,84.74835886214443
2017-05-09,83.80743982494529,84.59518599562362
2017-05-10,84.02625820568927,84.46389496717724
2017-05-11,83.80743982494529,84.31072210065645
2017-05-12,83.58862144420132,84.15754923413567
2017-05-15,83.36980306345733,84.00437636761488
2017-05-16,83.15098468271334,83.85120350109409
2017-05-17,82.93216630196937,83.69803063457331
2017-05-18,83.15098468271334,83.58862144420131
2017-05-19,83.15098468271334,83.50109409190371
2017-05-22,83.36980306345733,83.43544857768052
2017-05-23,83.58862144420132,83.41356673960613
2017-05-24,83.80743982494529,83.39168490153173
2017-05-25,83.58862144420132,83.36980306345734
2017-05-26,83.58862144420132,83.36980306345733
2017-05-30,83.58862144420132,83.39168490153172
2017-05-31,83.36980306345733,83.41356673960613
2017-06-01,83.15098468271334,83.43544857768053
2017-06-02,83.62445414847161,83.48279552425636
2017-06-05,83.4061135371179,83.50830840969681
2017-06-06,82.96943231441048,83.46827133479214
2017-06-07,82.75109170305677,83.38451836067767
2017-06-08,82.31441048034934,83.23521542621808
2017-06-09,81.87772925764192,83.06412620756214
2017-06-12,81.6593886462882,82.87120292777082
2017-06-13,81.4410480349345,82.65644558684414
2017-06-14,81.6593886462882,82.48540414512722
2017-06-15,81.22270742358079,82.29257641921397
2017-06-16,81.4410480349345,82.07423580786026
2017-06-19,81.4410480349345,81.87772925764192
2017-06-20,81.22270742358079,81.70305676855895
2017-06-21,81.6593886462882,81.5938864628821
2017-06-22,81.6593886462882,81.52838427947597
2017-06-23,81.22270742358079,81.46288209606986
2017-06-26,81.00436681222706,81.39737991266375
2017-06-27,81.00436681222706,81.35371179039302
2017-06-28,81.4410480349345,81.33187772925764
2017-06-29,81.4410480349345,81.353711790393
2017-06-30,81.4410480349345,81.353711790393
2017-07-03,81.4410480349345,81.353711790393
2017-07-05,81.22270742358079,81.353711790393
2017-07-06,81.22270742358079,81.31004366812228
2017-07-07,81.04575163398692,81.24867996689214
2017-07-10,80.82788671023965,81.20919789555803
2017-07-11,80.82788671023965,81.1915498853593
2017-07-12,80.82788671023965,81.17390187516054
2017-07-13,81.04575163398692,81.13437223506578
2017-07-14,81.26361655773421,81.11662908734576
2017-07-17,81.69934640522875,81.14245892437518
2017-07-18,81.48148148148148,81.14650226902988
2017-07-19,81.48148148148148,81.17237967481995
2017-07-20,81.26361655773421,81.17647058823529
2017-07-21,81.08695652173913,81.18059107701052
2017-07-24,81.08695652173913,81.20649805816046
2017-07-25,81.30434782608695,81.2541441697452
2017-07-26,81.08695652173913,81.28005115089515
2017-07-27,81.52173913043478,81.32764990053992
2017-07-28,81.73913043478261,81.37520128824477
2017-07-31,81.95652173913044,81.40091882163493
2017-08-01,81.95652173913044,81.44842284739983
2017-08-02,81.52173913043478,81.45244861229516
2017-08-03,81.08695652173913,81.43478260869566
2017-08-04,81.08695652173913,81.43478260869566
2017-08-07,81.08695652173913,81.43478260869566
2017-08-08,81.52173913043478,81.45652173913042
2017-08-09,81.52173913043478,81.5
2017-08-10,81.30434782608695,81.47826086956522
2017-08-11,80.8695652173913,81.3913043478261
2017-08-14,80.8695652173913,81.28260869565217
2017-08-15,80.8695652173913,81.17391304347825
2017-08-16,80.65217391304348,81.08695652173913
2017-08-17,80.4772234273319,81.02598321229841
2017-08-18,80.26030368763557,80.94331792888805
2017-08-21,79.17570498915401,80.75219277562954
2017-08-22,78.74186550976138,80.4742054135622
2017-08-23,78.09110629067246,80.13114212958597
2017-08-24,77.87418655097615,79.78812600207489
2017-08-25,77.44034707158352,79.4452041874941
2017-08-28,77.92207792207793,79.15045545796276
2017-08-29,77.48917748917748,78.8124166851414
2017-08-30,77.05627705627705,78.45282699946475
2017-08-31,77.05627705627705,78.11073236235927
2017-09-01,77.48917748917748,77.83361974251345
2017-09-05,77.7056277056277,77.68661201416083
2017-09-06,77.7056277056277,77.58298823374746
2017-09-07,77.48917748917748,77.52279535359796
2017-09-08,77.27272727272727,77.46264942577307
2017-09-11,77.05627705627705,77.42424242424241
2017-09-12,77.27272727272727,77.35930735930735
2017-09-13,77.05627705627705,77.31601731601731
2017-09-14,76.83982683982684,77.29437229437228
2017-09-15,77.05627705627705,77.2943722943723
2017-09-18,76.83982683982684,77.22943722943722
2017-09-19,76.83982683982684,77.14285714285714
2017-09-20,77.05627705627705,77.07792207792207
2017-09-21,77.27272727272727,77.05627705627705
2017-09-22,77.48917748917748,77.07792207792207
2017-09-25,77.7056277056277,77.14285714285714
2017-09-26,77.92207792207793,77.20779220779221
2017-09-27,77.48917748917748,77.25108225108225
2017-09-28,77.05627705627705,77.27272727272728
2017-09-29,76.83982683982684,77.25108225108225
2017-10-02,76.62337662337663,77.22943722943722
2017-10-03,77.05627705627705,77.25108225108224
2017-10-04,76.83982683982684,77.22943722943722
2017-10-05,76.83982683982684,77.18614718614718
2017-10-06,76.62337662337663,77.09956709956711
2017-10-09,76.62337662337663,76.991341991342
2017-10-10,76.19047619047619,76.81818181818183
2017-10-11,75.97402597402598,76.66666666666666
2017-10-12,76.40692640692642,76.6017316017316
2017-10-13,76.40692640692642,76.55844155844156
2017-10-16,76.40692640692642,76.53679653679654
2017-10-17,76.19047619047619,76.45021645021646
2017-10-18,76.62337662337663,76.42857142857143
2017-10-19,77.48917748917748,76.49350649350649
2017-10-20,77.48917748917748,76.58008658008659
2017-10-23,77.27272727272727,76.64502164502164
2017-10-24,77.27272727272727,76.75324675324676
2017-10-25,77.48917748917748,76.9047619047619
2017-10-26,77.7056277056277,77.03463203463204
2017-10-27,77.92207792207793,77.1861471861472
2017-10-30,77.92207792207793,77.33766233766234
2017-10-31,78.78787878787878,77.59740259740258
2017-11-01,78.78787878787878,77.81385281385282
2017-11-02,78.78787878787878,77.94372294372295
2017-11-03,79.43722943722943,78.13852813852813
2017-11-06,79.43722943722943,78.35497835497836
2017-11-07,79.43722943722943,78.57142857142857
2017-11-08,78.78787878787878,78.7012987012987
2017-11-09,78.78787878787878,78.80952380952381
2017-11-10,79.22077922077922,78.93939393939392
2017-11-13,79.004329004329,79.04761904761905
2017-11-14,79.04967602591793,79.07379877142296
2017-11-15,79.48164146868251,79.14317503950333
2017-11-16,79.91360691144709,79.25574785186015
2017-11-17,80.34557235421165,79.34658214355838
2017-11-20,80.12958963282938,79.41581816311837
2017-11-21,80.12958963282938,79.48505418267838
2017-11-22,79.91360691144709,79.5976269950352
2017-11-24,79.48164146868251,79.66700326311557
2017-11-27,79.48164146868251,79.69308948790591
2017-11-28,79.6976241900648,79.76241900647948
2017-11-29,79.6976241900648,79.82721382289418
2017-11-30,79.6976241900648,79.8488120950324
2017-12-01,79.26565874730022,79.78401727861771
2017-12-04,79.26565874730022,79.67602591792657
2017-12-05,79.91360691144709,79.65442764578833
2017-12-06,80.56155507559394,79.69762419006479
2017-12-07,80.99352051835854,79.80561555075595
2017-12-08,81.8574514038877,80.04319654427646
2017-12-11,81.8574514038877,80.28077753779698
2017-12-12,81.42548596112312,80.45356371490281
2017-12-13,81.8574514038877,80.6695464362851
2017-12-14,81.8574514038877,80.88552915766739
2017-12-15,82.07343412526998,81.16630669546437
2017-12-18,81.8574514038877,81.42548596112312
2017-12-19,82.07343412526998,81.6414686825054
2017-12-20,82.07343412526998,81.792656587473
2017-12-21,81.8574514038877,81.87904967602593
2017-12-22,81.8574514038877,81.87904967602593
2017-12-26,81.8574514038877,81.87904967602593
2017-12-27,81.8574514038877,81.92224622030238
2017-12-28,81.8574514038877,81.92224622030238
2017-12-29,81.8574514038877,81.92224622030238
2018-01-02,81.6414686825054,81.87904967602591
2018-01-03,82.28941684665226,81.92224622030238
2018-01-04,82.28941684665226,81.9438444924406
2018-01-05,82.50539956803455,81.98704103671706
2018-01-08,82.72138228941685,82.07343412526998
2018-01-09,83.36933045356372,82.22462203023758
2018-01-10,83.36933045356372,82.37580993520518
2018-01-11,83.58531317494601,82.548596112311
2018-01-12,83.36933045356372,82.69978401727862
2018-01-16,84.01727861771057,82.9157667386609
2018-01-17,84.23326133909286,83.17494600431965
2018-01-18,84.44924406047517,83.39092872570194
2018-01-19,84.66522678185746,83.62850971922246
2018-01-22,84.23326133909286,83.8012958963283
2018-01-23,84.88120950323975,84.01727861771057
2018-01-24,85.09719222462203,84.19006479481641
2018-01-25,85.09719222462203,84.36285097192226
2018-01-26,85.09719222462203,84.51403887688986
2018-01-29,84.88120950323975,84.66522678185746
2018-01-30,84.66522678185746,84.73002159827213
2018-01-31,85.09719222462203,84.81641468682506
2018-02-01,85.31317494600432,84.90280777537797
2018-02-02,85.52915766738661,84.98920086393089
2018-02-05,85.31317494600432,85.09719222462203
2018-02-06,85.09719222462203,85.11879049676027
2018-02-07,85.09719222462203,85.11879049676027
2018-02-08,84.88120950323975,85.09719222462203
2018-02-09,84.23326133909286,85.01079913606911
2018-02-12,83.58531317494601,84.88120950323975
2018-02-13,83.58531317494601,84.77321814254859
2018-02-14,82.50539956803455,84.51403887688986
2018-02-15,82.28941684665226,84.21166306695464
2018-02-16,82.07343412526998,83.86609071274299
2018-02-20,81.6414686825054,83.4989200863931
2018-02-21,81.8574514038877,83.17494600431965
2018-02-22,81.42548596112312,82.80777537796976
2018-02-23,81.20950323974083,82.44060475161987
2018-02-26,80.99352051835854,82.11663066954644
2018-02-27,80.60344827586206,81.81844417963805
2018-02-28,81.46551724137932,81.60646458628138
2018-03-01,81.89655172413794,81.5455798018917
2018-03-02,81.89655172413794,81.50629328964028
2018-03-05,81.68103448275862,81.46705332538914
2018-03-06,81.25,81.4279064571386
2018-03-07,81.03448275862068,81.34560959261191
2018-03-08,80.81896551724138,81.28495754822373
2018-03-09,80.81896551724138,81.24590377597379
2018-03-12,81.03448275862068,81.25
2018-03-13,81.03448275862068,81.29310344827586
2018-03-14,81.25,81.27155172413794
2018-03-15,80.60344827586206,81.14224137931035
2018-03-16,80.60344827586206,81.01293103448276
2018-03-19,80.81896551724138,80.92672413793103
2018-03-20,80.60344827586206,80.86206896551724
2018-03-21,79.74137931034483,80.73275862068965
2018-03-22,79.09482758620689,80.5603448275862
2018-03-23,78.66379310344827,80.34482758620689
2018-03-26,77.58620689655173,80.0
2018-03-27,77.15517241379311,79.61206896551724
2018-03-28,76.72413793103449,79.15948275862068
2018-03-29,76.50862068965517,78.75
2018-04-02,75.86206896551724,78.27586206896552
2018-04-03,74.56896551724138,77.65086206896552
2018-04-04,73.70689655172413,76.96120689655172
2018-04-05,73.0603448275862,76.29310344827586
2018-04-06,72.41379310344827,75.625
2018-04-09,72.19827586206897,74.97844827586206
2018-04-10,71.76724137931035,74.39655172413794
2018-04-11,71.76724137931035,73.85775862068967
2018-04-12,70.6896551724138,73.25431034482759
2018-04-13,70.25862068965517,72.62931034482759
2018-04-16,69.39655172413794,71.98275862068965
2018-04-17,69.18103448275862,71.44396551724137
2018-04-18,69.18103448275862,70.99137931034483
2018-04-19,68.96551724137932,70.58189655172414
2018-04-20,68.75,70.2155172413793
2018-04-23,68.96551724137932,69.89224137931035
2018-04-24,68.96551724137932,69.61206896551724
2018-04-25,68.75,69.3103448275862
2018-04-26,69.18103448275862,69.1594827586207
2018-04-27,68.31896551724138,68.96551724137932
2018-04-30,67.02586206896551,68.72844827586206
2018-05-01,66.37931034482759,68.44827586206897
2018-05-02,65.94827586206897,68.125
2018-05-03,65.08620689655173,67.73706896551724
2018-05-04,64.87068965517241,67.34913793103448
2018-05-07,65.08620689655173,66.96120689655172
2018-05-08,63.793103448275865,66.44396551724137
2018-05-09,63.36206896551724,65.90517241379311
2018-05-10,63.577586206896555,65.34482758620689
2018-05-11,63.793103448275865,64.89224137931035
2018-05-14,63.36206896551724,64.52586206896552
2018-05-15,63.793103448275865,64.26724137931035
2018-05-16,63.577586206896555,64.03017241379311
2018-05-17,62.93103448275862,63.8146551724138
2018-05-18,62.93103448275862,63.62068965517242
2018-05-21,62.28448275862068,63.34051724137932
2018-05-22,61.853448275862064,63.14655172413793
2018-05-23,61.206896551724135,62.93103448275862
2018-05-24,60.129310344827594,62.58620689655172
2018-05-25,60.3448275862069,62.24137931034484
2018-05-29,60.129310344827594,61.91810344827586
2018-05-30,60.129310344827594,61.55172413793103
2018-05-31,59.48275862068966,61.142241379310335
2018-06-01,59.48275862068966,60.797413793103445
2018-06-04,59.48275862068966,60.45258620689655
2018-06-05,58.83620689655172,60.10775862068965
2018-06-06,59.05172413793104,59.827586206896555
2018-06-07,59.48275862068966,59.6551724137931
2018-06-08,59.48275862068966,59.59051724137932
2018-06-11,59.48275862068966,59.50431034482758
2018-06-12,60.775862068965516,59.56896551724138
2018-06-13,60.775862068965516,59.633620689655174
2018-06-14,60.991379310344826,59.7844827586207
2018-06-15,61.422413793103445,59.97844827586207
2018-06-18,61.63793103448276,60.19396551724138
2018-06-19,62.28448275862068,60.53879310344828
2018-06-20,62.06896551724138,60.84051724137932
2018-06-21,62.28448275862068,61.12068965517242
2018-06-22,61.422413793103445,61.314655172413794
2018-06-25,61.206896551724135,61.487068965517246
2018-06-26,61.422413793103445,61.55172413793103
2018-06-27,60.991379310344826,61.57327586206897
2018-06-28,60.775862068965516,61.551724137931025
2018-06-29,59.91379310344828,61.40086206896552
2018-07-02,59.91379310344828,61.22844827586207
2018-07-03,60.129310344827594,61.012931034482754
2018-07-05,59.91379310344828,60.797413793103445
2018-07-06,60.3448275862069,60.60344827586207
2018-07-09,60.775862068965516,60.53879310344828
2018-07-10,60.775862068965516,60.49568965517242
2018-07-11,60.991379310344826,60.45258620689655
2018-07-12,61.422413793103445,60.49568965517242
2018-07-13,61.63793103448276,60.58189655172413
2018-07-16,62.06896551724138,60.797413793103445
2018-07-17,62.28448275862068,61.03448275862068
2018-07-18,61.853448275862064,61.20689655172414
2018-07-19,62.5,61.46551724137932
2018-07-20,62.93103448275862,61.72413793103448
2018-07-23,63.36206896551724,61.98275862068965
2018-07-24,63.36206896551724,62.241379310344826
2018-07-25,63.36206896551724,62.47844827586207
2018-07-26,62.93103448275862,62.62931034482758
2018-07-27,63.146551724137936,62.7801724137931
2018-07-30,63.146551724137936,62.887931034482754
2018-07-31,63.36206896551724,62.99568965517242
2018-08-01,63.146551724137936,63.125
2018-08-02,63.793103448275865,63.25431034482758
2018-08-03,63.577586206896555,63.31896551724138
2018-08-06,64.22413793103449,63.4051724137931
2018-08-07,64.65517241379311,63.53448275862068
2018-08-08,64.4396551724138,63.64224137931035
2018-08-09,64.65517241379311,63.814655172413794
2018-08-10,65.08620689655173,64.00862068965517
2018-08-13,65.30172413793103,64.22413793103449
2018-08-14,65.73275862068965,64.46120689655172
2018-08-15,66.37931034482759,64.7844827586207
2018-08-16,66.59482758620689,65.06465517241381
2018-08-17,66.37931034482759,65.34482758620689
2018-08-20,65.94827586206897,65.51724137931035
2018-08-21,66.16379310344827,65.66810344827586
2018-08-22,66.59482758620689,65.88362068965516
2018-08-23,66.59482758620689,66.07758620689656
2018-08-24,66.59482758620689,66.22844827586206
2018-08-27,65.94827586206897,66.29310344827586
2018-08-28,66.59482758620689,66.37931034482759
2018-08-29,66.59482758620689,66.40086206896551
2018-08-30,67.02586206896551,66.44396551724137
2018-08-31,67.24137931034483,66.5301724137931
2018-09-04,67.45689655172413,66.68103448275862
2018-09-05,67.45689655172413,66.8103448275862
2018-09-06,68.31896551724138,66.98275862068964
2018-09-07,68.53448275862068,67.17672413793102
2018-09-10,68.96551724137932,67.41379310344827
2018-09-11,68.96551724137932,67.7155172413793
2018-09-12,69.61206896551724,68.01724137931035
2018-09-13,69.82758620689656,68.3405172413793
2018-09-14,70.04310344827587,68.64224137931035
2018-09-17,70.25862068965517,68.94396551724137
2018-09-18,70.47413793103449,69.24568965517241
2018-09-19,70.6896551724138,69.56896551724137
2018-09-20,71.12068965517241,69.84913793103449
2018-09-21,71.55172413793103,70.15086206896552
2018-09-24,71.12068965517241,70.36637931034484
2018-09-25,71.55172413793103,70.62500000000001
2018-09-26,71.12068965517241,70.77586206896551
2018-09-27,71.55172413793103,70.94827586206897
2018-09-28,71.76724137931035,71.12068965517241
2018-10-01,71.76724137931035,71.27155172413794
2018-10-02,71.33620689655173,71.35775862068965
2018-10-03,71.33620689655173,71.42241379310346
2018-10-04,71.33620689655173,71.44396551724138
2018-10-05,71.55172413793103,71.44396551724138
2018-10-08,71.55172413793103,71.48706896551724
2018-10-09,71.12068965517241,71.44396551724137
2018-10-10,70.90517241379311,71.42241379310346
2018-10-11,70.90517241379311,71.35775862068967
2018-10-12,70.6896551724138,71.25
2018-10-15,70.04310344827587,71.07758620689656
2018-10-16,70.10752688172043,70.95471820541343
2018-10-17,70.10752688172043,70.8318502039303
2018-10-18,69.46236559139784,70.6444660734149
2018-10-19,68.38709677419355,70.32800333704115
2018-10-22,68.17204301075269,69.99003522432332
2018-10-23,68.17204301075269,69.69517055988135
2018-10-24,67.74193548387096,69.37884686688913
2018-10-25,67.74193548387096,69.06252317389692
2018-10-26,67.0967741935484,68.70323507601039
2018-10-29,66.88172043010752,68.38709677419355
2018-10-30,66.45161290322581,68.0215053763441
2018-10-31,66.66666666666666,67.6774193548387
2018-11-01,66.45161290322581,67.3763440860215
2018-11-02,65.59139784946237,67.09677419354838
2018-11-05,65.3763440860215,66.81720430107526
2018-11-06,65.3763440860215,66.53763440860214
2018-11-07,64.51612903225806,66.21505376344086
2018-11-08,64.30107526881721,65.87096774193549
2018-11-09,64.51612903225806,65.61290322580645
2018-11-12,64.08602150537635,65.33333333333334
2018-11-13,63.44086021505376,65.03225806451613
2018-11-14,62.795698924731184,64.64516129032259
2018-11-15,61.935483870967744,64.19354838709678
2018-11-16,61.505376344086024,63.78494623655914
2018-11-19,60.64516129032258,63.31182795698925
2018-11-20,59.78494623655914,62.75268817204301
2018-11-21,59.13978494623656,62.21505376344087
2018-11-23,57.41935483870968,61.526881720430104
2018-11-26,56.344086021505376,60.70967741935484
2018-11-27,55.483870967741936,59.8494623655914
2018-11-28,55.053763440860216,59.01075268817205
2018-11-29,54.623655913978496,58.19354838709677
2018-11-30,54.40860215053763,57.44086021505376
2018-12-03,53.97849462365591,56.68817204301075
2018-12-04,53.333333333333336,55.95698924731183
2018-12-06,52.68817204301075,55.24731182795699
2018-12-07,51.61290322580645,54.49462365591398
2018-12-10,50.967741935483865,53.8494623655914
2018-12-11,50.53763440860215,53.26881720430107
2018-12-12,49.03225806451613,52.623655913978496
2018-12-13,49.24731182795699,52.04301075268817
2018-12-14,47.74193548387097,51.354838709677416
2018-12-17,47.31182795698925,50.64516129032258
2018-12-18,46.88172043010753,49.935483870967744
2018-12-19,44.73118279569893,49.075268817204304
2018-12-20,42.58064516129032,48.064516129032256
2018-12-21,42.365591397849464,47.13978494623656
2018-12-24,41.935483870967744,46.236559139784944
2018-12-26,40.86021505376344,45.26881720430108
2018-12-27,40.215053763440864,44.38709677419355
2018-12-28,39.56989247311828,43.41935483870968
2018-12-31,39.35483870967742,42.58064516129032
2019-01-02,38.924731182795696,41.74193548387097
2019-01-03,38.494623655913976,40.90322580645161
2019-01-04,38.27956989247312,40.25806451612903
2019-01-07,37.8494623655914,39.78494623655914
2019-01-08,37.634408602150536,39.31182795698925
2019-01-09,37.634408602150536,38.88172043010753
2019-01-10,37.8494623655914,38.58064516129033
2019-01-11,37.634408602150536,38.322580645161295
2019-01-14,36.98924731182795,38.064516129032256
2019-01-15,36.98924731182795,37.82795698924731
2019-01-16,36.12903225806451,37.54838709677419
2019-01-17,35.913978494623656,37.29032258064517
2019-01-18,35.26881720430107,36.98924731182795
2019-01-22,35.053763440860216,36.70967741935483
2019-01-23,34.83870967741935,36.43010752688171
2019-01-24,35.26881720430107,36.19354838709677
2019-01-25,35.26881720430107,35.93548387096774
2019-01-28,34.83870967741935,35.65591397849462
2019-01-29,34.623655913978496,35.41935483870968
2019-01-30,34.83870967741935,35.204301075268816
2019-01-31,34.40860215053764,35.03225806451613
2019-02-01,33.97849462365591,34.83870967741935
2019-02-04,34.40860215053764,34.75268817204301
2019-02-05,35.053763440860216,34.75268817204301
2019-02-06,34.83870967741935,34.752688172043015
2019-02-07,34.83870967741935,34.70967741935483
2019-02-08,35.053763440860216,34.68817204301075
2019-02-11,35.26881720430107,34.73118279569893
2019-02-12,35.053763440860216,34.774193548387096
2019-02-13,35.483870967741936,34.83870967741935
2019-02-14,35.913978494623656,34.98924731182795
2019-02-15,35.483870967741936,35.13978494623656
2019-02-19,35.483870967741936,35.24731182795699
2019-02-20,36.12903225806451,35.35483870967742
2019-02-21,36.344086021505376,35.50537634408602
2019-02-22,36.98924731182795,35.72043010752688
2019-02-25,36.98924731182795,35.913978494623656
2019-02-26,36.55913978494624,36.043010752688176
2019-02-27,36.774193548387096,36.21505376344086
2019-02-28,36.98924731182795,36.36559139784946
2019-03-01,37.204301075268816,36.494623655913976
2019-03-04,37.8494623655914,36.73118279569893
2019-03-05,39.13978494623656,37.096774193548384
2019-03-06,40.0,37.483870967741936
2019-03-07,41.075268817204304,37.956989247311824
2019-03-08,42.795698924731184,38.53763440860215
2019-03-11,43.225806451612904,39.16129032258065
2019-03-12,44.946236559139784,40.0
2019-03-13,47.74193548387097,41.09677419354839
2019-03-14,49.24731182795699,42.322580645161295
2019-03-15,51.182795698924735,43.72043010752689
2019-03-18,53.118279569892465,45.24731182795699
2019-03-19,54.623655913978496,46.795698924731184
2019-03-20,56.12903225806451,48.40860215053764
2019-03-21,56.98924731182796,50.0
2019-03-22,57.634408602150536,51.483870967741936
2019-03-25,57.8494623655914,52.94623655913979
2019-03-26,58.924731182795696,54.34408602150537
2019-03-27,60.215053763440864,55.59139784946236
2019-03-28,60.64516129032258,56.73118279569892
2019-03-29,61.72043010752688,57.78494623655914
2019-04-01,62.795698924731184,58.75268817204301
2019-04-02,63.655913978494624,59.65591397849463
2019-04-03,64.51612903225806,60.49462365591398
2019-04-04,65.59139784946237,61.354838709677416
2019-04-05,65.80645161290323,62.17204301075269
2019-04-08,66.66666666666666,63.05376344086021
2019-04-09,67.0967741935484,63.87096774193549
2019-04-10,66.88172043010752,64.53763440860214
2019-04-11,67.52688172043011,65.2258064516129
2019-04-12,68.38709677419355,65.89247311827958
2019-04-15,68.60215053763442,66.47311827956989
2019-04-16,69.03225806451613,67.01075268817205
2019-04-17,69.24731182795699,67.48387096774194
2019-04-18,69.24731182795699,67.84946236559139
2019-04-22,69.89247311827957,68.25806451612904
2019-04-23,70.3225806451613,68.6236559139785
2019-04-24,70.53763440860214,68.96774193548387
2019-04-25,70.75268817204301,69.35483870967742
2019-04-26,70.75268817204301,69.67741935483872
2019-04-29,72.25806451612902,70.06451612903227
2019-04-30,72.68817204301075,70.47311827956989
2019-05-01,72.68817204301075,70.83870967741936
2019-05-02,72.68817204301075,71.18279569892472
2019-05-03,72.90322580645162,71.54838709677418
2019-05-06,73.9784946236559,71.95698924731182
2019-05-07,74.40860215053763,72.36559139784946
2019-05-08,74.83870967741936,72.79569892473117
2019-05-09,75.26881720430107,73.24731182795698
2019-05-10,74.83870967741936,73.65591397849462
2019-05-13,74.83870967741936,73.91397849462365
2019-05-14,75.26881720430107,74.17204301075269
2019-05-15,75.48387096774194,74.45161290322581
2019-05-16,75.48387096774194,74.73118279569893
2019-05-17,75.91397849462366,75.03225806451613
2019-05-20,75.91397849462366,75.2258064516129
2019-05-21,76.34408602150538,75.41935483870968
2019-05-22,76.12903225806451,75.54838709677419
2019-05-23,76.34408602150538,75.65591397849462
2019-05-24,76.55913978494624,75.82795698924731
2019-05-28,76.12903225806451,75.95698924731182
2019-05-29,76.12903225806451,76.04301075268816
2019-05-30,75.6989247311828,76.06451612903226
2019-05-31,75.6989247311828,76.08602150537635
2019-06-03,75.6989247311828,76.06451612903226
2019-06-04,76.55913978494624,76.12903225806453
2019-06-05,76.12903225806451,76.10752688172043
2019-06-06,76.55913978494624,76.15053763440861
2019-06-07,75.91397849462366,76.10752688172043
2019-06-10,76.12903225806451,76.06451612903227
2019-06-11,76.12903225806451,76.06451612903227
2019-06-12,75.6989247311828,76.0215053763441
2019-06-13,75.6989247311828,76.0215053763441
2019-06-14,75.6989247311828,76.0215053763441
2019-06-17,75.48387096774194,76.0
2019-06-18,75.26881720430107,75.87096774193549
2019-06-19,75.05376344086021,75.76344086021506
2019-06-20,75.26881720430107,75.63440860215054
2019-06-21,75.6989247311828,75.61290322580645
2019-06-24,75.05376344086021,75.50537634408602
2019-06-25,75.26881720430107,75.41935483870967
2019-06-26,75.05376344086021,75.35483870967741
2019-06-27,75.26881720430107,75.31182795698925
2019-06-28,75.26881720430107,75.26881720430109
2019-07-01,75.05376344086021,75.2258064516129
2019-07-02,75.26881720430107,75.2258064516129
2019-07-03,75.48387096774194,75.26881720430107
2019-07-05,75.48387096774194,75.29032258064515
2019-07-08,75.48387096774194,75.26881720430107
2019-07-09,75.48387096774194,75.31182795698925
2019-07-10,75.48387096774194,75.33333333333334
2019-07-11,75.48387096774194,75.3763440860215
2019-07-12,75.6989247311828,75.41935483870967
2019-07-15,75.91397849462366,75.48387096774192
2019-07-16,75.6989247311828,75.54838709677419
2019-07-17,75.26881720430107,75.54838709677419
2019-07-18,75.48387096774194,75.54838709677419
2019-07-19,75.91397849462366,75.59139784946237
2019-07-22,76.55913978494624,75.6989247311828
2019-07-23,76.34408602150538,75.78494623655914
2019-07-24,77.63440860215054,76.0
2019-07-25,77.63440860215054,76.21505376344086
2019-07-26,78.06451612903226,76.45161290322581
2019-07-29,78.27956989247312,76.68817204301075
2019-07-30,78.70967741935485,76.98924731182797
2019-07-31,79.13978494623656,77.37634408602152
2019-08-01,78.92473118279571,77.72043010752688
2019-08-02,79.13978494623656,78.04301075268816
2019-08-05,78.70967741935485,78.25806451612904
2019-08-06,78.92473118279571,78.51612903225808
2019-08-07,79.13978494623656,78.66666666666667
2019-08-08,79.56989247311827,78.86021505376344
2019-08-09,79.78494623655914,79.03225806451613
2019-08-12,79.78494623655914,79.18279569892474
2019-08-13,79.78494623655914,79.29032258064517
2019-08-14,79.78494623655914,79.35483870967741
2019-08-15,79.56989247311827,79.41935483870968
2019-08-16,79.13978494623656,79.41935483870968
2019-08-19,79.13978494623656,79.46236559139786
2019-08-20,79.13978494623656,79.48387096774194
2019-08-21,78.49462365591397,79.41935483870967
2019-08-22,78.49462365591397,79.31182795698925
2019-08-23,78.27956989247312,79.16129032258064
2019-08-26,78.27956989247312,79.01075268817203
2019-08-27,78.06451612903226,78.83870967741936
2019-08-28,76.98924731182795,78.55913978494624
2019-08-29,76.98924731182795,78.3010752688172
2019-08-30,76.34408602150538,78.02150537634408
2019-09-03,75.91397849462366,77.6989247311828
2019-09-04,75.91397849462366,77.3763440860215
2019-09-05,75.6989247311828,77.09677419354838
2019-09-06,75.91397849462366,76.83870967741936
2019-09-09,75.6989247311828,76.58064516129033
2019-09-10,75.26881720430107,76.27956989247312
2019-09-11,74.6236559139785,75.93548387096774
2019-09-12,75.05376344086021,75.74193548387096
2019-09-13,74.83870967741936,75.52688172043011
2019-09-16,73.54838709677419,75.24731182795699
2019-09-17,73.54838709677419,75.01075268817205
2019-09-18,73.33333333333333,74.75268817204301
2019-09-19,73.11827956989248,74.49462365591397
2019-09-20,73.54838709677419,74.25806451612904
2019-09-23,73.11827956989248,74.0
2019-09-24,72.3175965665236,73.70487793622225
2019-09-25,71.88841201716738,73.43135354654115
2019-09-26,71.45922746781116,73.07189994923624
2019-09-27,71.45922746781116,72.73395172827541
2019-09-30,71.24463519313305,72.5035765379113
2019-10-01,71.03004291845494,72.25174212007937
2019-10-02,70.3862660944206,71.9570353961881
2019-10-03,70.60085836909872,71.70529327610873
2019-10-04,70.17167381974248,71.36762194840556
2019-10-07,69.52789699570815,71.00858369098712
2019-10-08,69.09871244635193,70.68669527896995
2019-10-09,68.24034334763948,70.32188841201716
2019-10-10,67.16738197424893,69.89270386266094
2019-10-11,66.95278969957081,69.44206008583691
2019-10-14,66.30901287553648,68.94849785407726
2019-10-15,66.30901287553648,68.47639484978541
2019-10-16,66.09442060085837,68.04721030042919
2019-10-17,66.52360515021459,67.63948497854076
2019-10-18,66.95278969957081,67.3175965665236
2019-10-21,66.95278969957081,67.06008583690986
2019-10-22,67.16738197424893,66.86695278969958
2019-10-23,67.59656652360515,66.80257510729614
2019-10-24,68.45493562231759,66.93133047210301
2019-10-25,68.45493562231759,67.08154506437768
2019-10-28,69.31330472103005,67.38197424892704
2019-10-29,69.52789699570815,67.7038626609442
2019-10-30,69.52789699570815,68.04721030042917
2019-10-31,69.52789699570815,68.34763948497854
2019-11-01,69.52789699570815,68.60515021459227
2019-11-04,70.17167381974248,68.92703862660944
2019-11-05,70.60085836909872,69.27038626609442
2019-11-06,70.81545064377683,69.59227467811158
2019-11-07,71.24463519313305,69.87124463519312
2019-11-08,71.67381974248927,70.1931330472103
2019-11-11,72.1030042918455,70.47210300429185
2019-11-12,72.74678111587983,70.79399141630901
2019-11-13,72.3175965665236,71.07296137339056
2019-11-14,72.96137339055794,71.41630901287553
2019-11-15,72.74678111587983,71.73819742489272
2019-11-18,73.17596566523605,72.03862660944206
2019-11-19,73.17596566523605,72.29613733905579
2019-11-20,72.96137339055794,72.5107296137339
2019-11-21,73.39055793991416,72.72532188841203
2019-11-22,72.96137339055794,72.85407725321889
2019-11-25,73.17596566523605,72.96137339055794
2019-11-26,73.17596566523605,73.00429184549355
2019-11-27,73.39055793991416,73.11158798283262
2019-11-29,74.0343347639485,73.21888412017168
2019-12-02,74.2489270386266,73.36909871244634
2019-12-03,74.46351931330472,73.49785407725321
2019-12-04,74.46351931330472,73.62660944206007
2019-12-05,74.46351931330472,73.77682403433475
2019-12-06,74.0343347639485,73.8412017167382
2019-12-09,74.2489270386266,73.96995708154506
2019-12-10,74.67811158798283,74.12017167381973
2019-12-11,75.10729613733905,74.31330472103004
2019-12-12,75.32188841201717,74.50643776824033
2019-12-13,75.32188841201717,74.63519313304721
2019-12-16,75.7510729613734,74.7854077253219
2019-12-17,75.9656652360515,74.93562231759657
2019-12-18,76.60944206008584,75.15021459227468
2019-12-19,77.25321888412017,75.42918454935622
2019-12-20,76.82403433476395,75.70815450643777
2019-12-23,76.87366167023555,75.97062796959867
2019-12-24,76.92307692307693,76.19512450310808
2019-12-26,77.99145299145299,76.48354018851947
2019-12-27,78.41880341880342,76.7932316891981
2019-12-30,78.2051282051282,77.0815556685092
2019-12-31,78.41880341880342,77.34832871425219
2020-01-02,79.1044776119403,77.66220995184108
2020-01-03,79.1044776119403,77.91171350702652
2020-01-06,79.317697228145,78.118161341429
2020-01-07,79.1044776119403,78.34620566914664
2020-01-08,79.95735607675905,78.654575109799
2020-01-09,80.38379530916845,79.00064694840815
2020-01-10,81.02345415778251,79.3038470650411
2020-01-13,81.2366737739872,79.58563410055947
2020-01-14,81.2366737739872,79.88878865744537
2020-01-15,81.02345415778251,80.1492537313433
2020-01-16,80.59701492537313,80.29850746268656
2020-01-17,81.02345415778251,80.4904051172708
2020-01-21,81.6631130063966,80.72494669509595
2020-01-22,82.08955223880598,81.02345415778252
2020-01-23,82.08955223880598,81.2366737739872
2020-01-24,81.87633262260128,81.38592750533049
2020-01-27,82.08955223880598,81.49253731343285
2020-01-28,82.30277185501066,81.59914712153518
2020-01-29,82.51599147121536,81.727078891258
2020-01-30,83.5820895522388,81.98294243070363
2020-01-31,83.7953091684435,82.30277185501066
2020-02-03,83.5820895522388,82.55863539445629
2020-02-04,83.7953091684435,82.77185501066099
2020-02-05,84.22174840085287,82.98507462686567
2020-02-06,84.22174840085287,83.19829424307036
2020-02-07,84.43496801705757,83.45415778251599
2020-02-10,84.22174840085287,83.66737739872067
2020-02-11,84.86140724946695,83.9232409381663
2020-02-12,85.50106609808103,84.22174840085287
2020-02-13,85.9275053304904,84.45628997867803
2020-02-14,86.56716417910447,84.73347547974413
2020-02-18,86.78038379530916,85.05330490405116
2020-02-19,87.42004264392324,85.41577825159914
2020-02-20,87.63326226012794,85.75692963752665
2020-02-21,87.42004264392324,86.07675906183368
2020-02-24,87.20682302771856,86.35394456289978
2020-02-25,86.80851063829788,86.61262078664427
2020-02-26,87.02127659574468,86.82860772127205
2020-02-27,86.59574468085106,86.93807557954906
2020-02-28,85.95744680851064,86.94106972735109
2020-03-02,84.8936170212766,86.7737150115683
2020-03-03,84.46808510638299,86.54248514267569
2020-03-04,83.82978723404256,86.18345960168762
2020-03-05,83.40425531914893,85.76055890758971
2020-03-06,81.91489361702128,85.21004400489952
2020-03-09,80.0,84.48936170212767
2020-03-10,77.91932059447984,83.60044269774586
2020-03-11,76.43312101910828,82.54162714008221
2020-03-12,74.09766454352442,81.29181912634955
2020-03-13,73.03609341825901,79.99968378732439
2020-03-16,69.85138004246284,78.49546008944301
2020-03-17,67.94055201698514,76.84270678050322
2020-03-18,64.11889596602973,74.87161765370195
2020-03-19,61.995753715498935,72.73076749333696
2020-03-20,58.59872611464968,70.3991507430998
2020-03-23,55.4140127388535,67.94055201698514
2020-03-24,52.86624203821656,65.43524416135881
2020-03-25,49.25690021231423,62.717622080679405
2020-03-26,45.55084745762712,59.86294037208968
2020-03-27,43.22033898305085,56.88136492856886
2020-03-30,41.10169491525424,54.006396415847995
2020-03-31,39.19491525423729,51.13183273957321
2020-04-01,37.71186440677966,48.4911295836482
2020-04-02,34.95762711864407,45.78731692396272
2020-04-03,33.47457627118644,43.2749019396164
2020-04-06,31.56779661016949,40.890280326748
2020-04-07,30.508474576271187,38.65450358055346
2020-04-08,28.8135593220339,36.610169491525426
2020-04-09,27.11864406779661,34.766949152542374
2020-04-13,25.847457627118644,33.029661016949156
2020-04-14,24.78813559322034,31.39830508474576
2020-04-15,23.940677966101696,29.8728813559322
2020-04-16,23.30508474576271,28.432203389830512
2020-04-17,22.245762711864405,27.161016949152543
2020-04-20,20.76271186440678,25.889830508474574
2020-04-21,20.33898305084746,24.766949152542374
2020-04-22,20.127118644067796,23.728813559322035
2020-04-23,18.64406779661017,22.71186440677966
2020-04-24,18.220338983050848,21.822033898305087
2020-04-27,17.372881355932204,20.974576271186443
2020-04-28,16.94915254237288,20.190677966101696
2020-04-29,16.101694915254235,19.406779661016948
2020-04-30,15.677966101694915,18.644067796610166
2020-05-01,15.254237288135593,17.94491525423729
2020-05-04,15.254237288135593,17.39406779661017
2020-05-05,14.83050847457627,16.843220338983052
2020-05-06,14.61864406779661,16.29237288135593
2020-05-07,14.61864406779661,15.889830508474578
2020-05-08,14.83050847457627,15.55084745762712
2020-05-11,15.04237288135593,15.317796610169491
2020-05-12,14.83050847457627,15.10593220338983
2020-05-13,14.40677966101695,14.9364406779661
2020-05-14,14.40677966101695,14.809322033898306
2020-05-15,14.61864406779661,14.745762711864405
2020-05-18,14.61864406779661,14.682203389830509
2020-05-19,14.83050847457627,14.682203389830509
2020-05-20,15.04237288135593,14.724576271186441
2020-05-21,15.04237288135593,14.766949152542372
2020-05-22,15.466101694915254,14.830508474576268
2020-05-26,16.3135593220339,14.957627118644066
2020-05-27,17.372881355932204,15.211864406779663
2020-05-28,17.796610169491526,15.550847457627118
2020-05-29,18.64406779661017,15.974576271186441
2020-06-01,19.279661016949152,16.440677966101696
2020-06-02,20.76271186440678,17.055084745762713
2020-06-03,21.610169491525426,17.733050847457626
2020-06-04,22.66949152542373,18.49576271186441
2020-06-05,23.728813559322035,19.364406779661017
2020-06-08,25.847457627118644,20.402542372881356
2020-06-09,26.906779661016948,21.46186440677966
2020-06-10,28.8135593220339,22.60593220338983
2020-06-11,28.8135593220339,23.70762711864407
2020-06-12,29.8728813559322,24.83050847457627
2020-06-15,31.14406779661017,26.016949152542374
2020-06-16,32.6271186440678,27.203389830508474
2020-06-17,33.05084745762712,28.347457627118644
2020-06-18,33.47457627118644,29.427966101694913
2020-06-19,33.686440677966104,30.423728813559325
2020-06-22,34.74576271186441,31.3135593220339
2020-06-23,35.16949152542373,32.13983050847458
2020-06-24,36.016949152542374,32.860169491525426
2020-06-25,36.86440677966102,33.66525423728814
2020-06-26,37.5,34.42796610169492
2020-06-29,38.983050847457626,35.21186440677967
2020-06-30,39.83050847457627,35.93220338983051
2020-07-01,41.10169491525424,36.737288135593225
2020-07-02,41.73728813559322,37.563559322033896
2020-07-06,42.071881606765324,38.40210341491382
2020-07-07,42.28329809725159,39.155856953452535
2020-07-08,42.28329809725159,39.86723761063532
2020-07-09,42.49471458773784,40.515014154154876
2020-07-10,42.917547568710354,41.1203282330598
2020-07-13,42.917547568710354,41.66208298993084
2020-07-14,43.551797040169134,42.11895760920199
2020-07-15,43.97463002114165,42.53336976385853
2020-07-16,44.18604651162791,42.84180492349589
2020-07-17,45.03171247357294,43.171247357293865
2020-07-20,45.45454545454545,43.50951374207188
2020-07-21,45.66596194503171,43.84778012684989
2020-07-22,46.088794926004226,44.22832980972516
2020-07-23,46.51162790697674,44.630021141649046
2020-07-24,47.14587737843552,45.05285412262156
2020-07-27,48.41437632135307,45.602536997885835
2020-07-28,49.04862579281184,46.1522198731501
2020-07-29,49.2600422832981,46.680761099365746
2020-07-30,50.7399577167019,47.33615221987315
2020-07-31,50.95137420718816,47.92811839323467
2020-08-03,51.58562367864693,48.54122621564482
2020-08-04,52.00845665961945,49.1754756871036
2020-08-05,52.85412262156448,49.85200845665962
2020-08-06,52.85412262156448,50.48625792811839
2020-08-07,53.48837209302325,51.120507399577164
2020-08-10,54.12262156448203,51.69133192389006
2020-08-11,54.33403805496829,52.219873150105705
2020-08-12,54.54545454545454,52.74841437632135
2020-08-13,54.33403805496829,53.10782241014799
2020-08-14,54.756871035940804,53.48837209302326
2020-08-17,54.96828752642706,53.82663847780127
2020-08-18,54.96828752642706,54.12262156448203
2020-08-19,54.756871035940804,54.31289640591966
2020-08-20,54.33403805496829,54.46088794926004
2020-08-21,55.391120507399584,54.651162790697676
2020-08-24,56.02536997885835,54.84143763213531
2020-08-25,56.02536997885835,55.010570824524315
2020-08-26,56.87103594080338,55.2431289640592
2020-08-27,57.71670190274841,55.58139534883721
2020-08-28,58.139534883720934,55.91966173361523
2020-08-31,59.19661733615222,56.34249471458774
2020-09-01,59.61945031712473,56.8076109936575
2020-09-02,59.61945031712473,57.2938689217759
2020-09-03,60.676532769556026,57.92811839323467
2020-09-04,61.31078224101479,58.52008456659619
2020-09-08,61.94503171247357,59.112050739957716
2020-09-09,63.00211416490487,59.809725158562365
2020-09-10,63.213530655391125,60.44397463002114
2020-09-11,64.05919661733616,61.07822410147992
2020-09-14,64.69344608879493,61.733615221987314
2020-09-15,65.75052854122622,62.38900634249471
2020-09-16,66.17336152219873,63.04439746300211
2020-09-17,67.01902748414376,63.784355179704015
2020-09-18,67.23044397463002,64.43974630021141
2020-09-21,67.8646934460888,65.09513742071883
2020-09-22,67.8646934460888,65.68710359408034
2020-09-23,67.8646934460888,66.17336152219873
2020-09-24,67.65327695560254,66.61733615221988
2020-09-25,67.8646934460888,66.99788583509513
2020-09-28,68.07610993657505,67.33615221987316
2020-09-29,68.28752642706131,67.58985200845666
2020-09-30,68.92177589852008,67.8646934460888
2020-10-01,68.92177589852008,68.05496828752642
2020-10-02,68.49894291754757,68.18181818181817
2020-10-05,69.3446088794926,68.32980972515855
2020-10-06,69.97885835095138,68.54122621564483
2020-10-07,70.40169133192389,68.79492600422833
2020-10-08,70.61310782241014,69.0909090909091
2020-10-09,71.03594080338267,69.40803382663849
2020-10-12,72.09302325581395,69.80972515856237
2020-10-13,72.09302325581395,70.19027484143763
2020-10-14,72.09302325581395,70.50739957716702
2020-10-15,72.51585623678648,70.86680761099366
2020-10-16,73.57293868921776,71.37420718816068
2020-10-19,73.57293868921776,71.7970401691332
2020-10-20,74.20718816067652,72.21987315010571
2020-10-21,73.99577167019028,72.57928118393235
2020-10-22,74.20718816067652,72.93868921775899
2020-10-23,74.4186046511628,73.27695560253699
2020-10-26,75.05285412262155,73.57293868921775
2020-10-27,75.47568710359408,73.91120507399577
2020-10-28,75.26427061310783,74.22832980972517
2020-10-29,75.47568710359408,74.52431289640592
2020-10-30,75.68710359408034,74.73572938689219
2020-11-02,76.53276955602537,75.03171247357292
2020-11-03,76.32135306553911,75.2431289640592
2020-11-04,76.74418604651163,75.51797040169133
2020-11-05,77.16701902748414,75.81395348837209
2020-11-06,76.95560253699789,76.06765327695561
2020-11-09,77.80126849894292,76.34249471458773
2020-11-10,78.8583509513742,76.68076109936575
2020-11-11,79.49260042283298,77.10359408033827
2020-11-12,79.28118393234672,77.48414376321352
2020-11-13,79.9154334038055,77.90697674418604
2020-11-16,80.12684989429175,78.26638477801268
2020-11-17,81.3953488372093,78.7737843551797
2020-11-18,81.3953488372093,79.23890063424946
2020-11-19,81.60676532769557,79.68287526427062
2020-11-20,82.4524312896406,80.23255813953489
2020-11-23,82.8752642706131,80.73995771670191
2020-11-24,83.72093023255815,81.2262156448203
2020-11-25,84.77801268498943,81.75475687103594
2020-11-27,85.20084566596195,82.34672304439746
2020-11-30,85.20084566596195,82.87526427061312
2020-12-01,85.83509513742071,83.446088794926
2020-12-02,86.4693446088795,83.95348837209303
2020-12-03,87.52642706131078,84.56659619450318
2020-12-04,88.37209302325581,85.2431289640592
2020-12-07,89.21775898520085,85.91966173361523
2020-12-08,89.4291754756871,86.57505285412262
2020-12-09,89.4291754756871,87.14587737843553
2020-12-10,90.48625792811839,87.71670190274843
2020-12-11,90.9090909090909,88.28752642706131
2020-12-14,91.33192389006342,88.90063424947147
2020-12-15,90.69767441860465,89.38689217758984
2020-12-16,90.48625792811839,89.78858350951376
2020-12-17,90.9090909090909,90.12684989429175
2020-12-18,90.69767441860465,90.35940803382663
2020-12-21,90.27484143763213,90.46511627906976
2020-12-22,90.48625792811839,90.57082452431288
2020-12-23,90.48625792811839,90.67653276955602
2020-12-24,91.33192389006342,90.76109936575052
2020-12-28,91.5433403805497,90.8245243128964
2020-12-29,91.75475687103594,90.86680761099366
2020-12-30,91.9661733615222,90.99365750528541
2020-12-31,92.0,91.14503171247357
2021-01-04,92.0,91.25412262156448
2021-01-05,91.78947368421052,91.36330254812506
2021-01-06,91.78947368421052,91.51476577278291
2021-01-07,92.0,91.66613997997106
2021-01-08,92.0,91.81751418715922
2021-01-11,92.0,91.88432179815288
2021-01-12,92.63157894736842,91.99314565483476
2021-01-13,92.42105263157895,92.05977523088906
2021-01-14,92.42105263157895,92.10526315789474
2021-01-15,92.21052631578948,92.1263157894737
2021-01-19,91.78947368421052,92.10526315789474
2021-01-20,91.78947368421052,92.10526315789474
2021-01-21,91.78947368421052,92.10526315789474
2021-01-22,91.78947368421052,92.08421052631579
2021-01-25,91.57894736842105,92.0421052631579
2021-01-26,91.57894736842105,92.0
2021-01-27,91.15789473684211,91.85263157894737
2021-01-28,91.15789473684211,91.72631578947369
2021-01-29,90.94736842105263,91.57894736842105
2021-02-01,90.94736842105263,91.45263157894736
2021-02-02,90.73684210526316,91.34736842105262
2021-02-03,90.31578947368422,91.2
2021-02-04,90.52631578947368,91.07368421052631
2021-02-05,90.31578947368422,90.92631578947369
2021-02-08,90.31578947368422,90.8
2021-02-09,90.31578947368422,90.67368421052632
2021-02-10,90.10526315789474,90.56842105263158
2021-02-11,90.10526315789474,90.46315789473684
2021-02-12,90.10526315789474,90.37894736842105
2021-02-16,90.10526315789474,90.29473684210527
2021-02-17,90.10526315789474,90.23157894736843
2021-02-18,89.89473684210526,90.18947368421053
2021-02-19,89.6842105263158,90.10526315789475
2021-02-22,89.6842105263158,90.0421052631579
2021-02-23,89.47368421052632,89.95789473684212
2021-02-24,89.47368421052632,89.8736842105263
2021-02-25,89.47368421052632,89.81052631578947
2021-02-26,89.05263157894737,89.70526315789473
2021-03-01,88.8421052631579,89.57894736842107
2021-03-02,88.8421052631579,89.45263157894738
2021-03-03,88.42105263157895,89.28421052631579
2021-03-04,88.21052631578948,89.1157894736842
2021-03-05,88.42105263157895,88.98947368421052
2021-03-08,88.42105263157895,88.86315789473684
2021-03-09,88.21052631578948,88.73684210526315
2021-03-10,88.42105263157895,88.63157894736842
2021-03-11,88.42105263157895,88.52631578947368
2021-03-12,88.21052631578948,88.4421052631579
2021-03-15,88.21052631578948,88.37894736842105
2021-03-16,88.0,88.29473684210527
2021-03-17,88.0,88.25263157894737
2021-03-18,88.0,88.23157894736843
2021-03-19,88.0,88.18947368421053
2021-03-22,87.36842105263159,88.08421052631579
2021-03-23,87.36842105263159,88.0
2021-03-24,87.57894736842105,87.91578947368421
2021-03-25,87.36842105263159,87.81052631578947
2021-03-26,87.57894736842105,87.74736842105264
2021-03-29,87.57894736842105,87.6842105263158
2021-03-30,87.57894736842105,87.6421052631579
2021-03-31,87.57894736842105,87.6
2021-04-01,87.57894736842105,87.5578947368421
2021-04-05,87.1578947368421,87.47368421052632
2021-04-06,87.1578947368421,87.45263157894738
2021-04-07,87.1578947368421,87.43157894736842
2021-04-08,87.57894736842105,87.43157894736842
2021-04-09,87.36842105263159,87.43157894736842
2021-04-12,87.36842105263159,87.41052631578947
2021-04-13,87.57894736842105,87.41052631578948
2021-04-14,87.78947368421053,87.43157894736842
2021-04-15,88.0,87.47368421052633
2021-04-16,88.21052631578948,87.53684210526316
2021-04-19,88.21052631578948,87.6421052631579
2021-04-20,88.42105263157895,87.76842105263158
2021-04-21,88.21052631578948,87.8736842105263
2021-04-22,88.42105263157895,87.9578947368421
2021-04-23,88.63157894736841,88.08421052631579
2021-04-26,88.63157894736841,88.21052631578948
2021-04-27,89.05263157894737,88.35789473684211
2021-04-28,88.8421052631579,88.46315789473684
2021-04-29,89.05263157894737,88.56842105263158
2021-04-30,89.05263157894737,88.65263157894736
2021-05-03,89.26315789473685,88.7578947368421
2021-05-04,89.47368421052632,88.86315789473683
2021-05-05,89.6842105263158,89.01052631578948
2021-05-06,89.89473684210526,89.15789473684211
2021-05-07,90.10526315789474,89.30526315789474
2021-05-10,90.73684210526316,89.51578947368421
2021-05-11,91.57894736842105,89.76842105263158
2021-05-12,91.78947368421052,90.06315789473683
2021-05-13,92.21052631578948,90.37894736842107
2021-05-14,92.0,90.67368421052632
2021-05-17,92.0,90.94736842105263
2021-05-18,92.63157894736842,91.26315789473685
2021-05-19,92.63157894736842,91.5578947368421
2021-05-20,92.84210526315789,91.85263157894738
2021-05-21,92.84210526315789,92.1263157894737
2021-05-24,93.26315789473684,92.37894736842105
2021-05-25,93.47368421052632,92.56842105263158
2021-05-26,93.47368421052632,92.73684210526315
2021-05-27,93.47368421052632,92.86315789473683
2021-05-28,93.47368421052632,93.01052631578946
2021-06-01,93.6842105263158,93.17894736842106
2021-06-02,93.6842105263158,93.28421052631579
2021-06-03,93.47368421052632,93.36842105263159
2021-06-04,93.6842105263158,93.45263157894736
2021-06-07,93.89473684210526,93.5578947368421
2021-06-08,93.6842105263158,93.6
2021-06-09,93.6842105263158,93.62105263157895
2021-06-10,93.89473684210526,93.66315789473684
2021-06-11,93.89473684210526,93.70526315789473
2021-06-14,93.89473684210526,93.74736842105264
2021-06-15,93.89473684210526,93.76842105263158
2021-06-16,93.89473684210526,93.78947368421053
2021-06-17,93.6842105263158,93.81052631578947
2021-06-18,93.6842105263158,93.81052631578947
2021-06-21,93.26315789473684,93.74736842105263
2021-06-22,93.26315789473684,93.70526315789473
2021-06-23,93.26315789473684,93.66315789473684
2021-06-24,93.26315789473684,93.6
2021-06-25,93.47368421052632,93.5578947368421
2021-06-28,93.47368421052632,93.51578947368421
2021-06-29,93.6842105263158,93.49473684210525
2021-06-30,93.47368421052632,93.45263157894736
2021-07-01,93.47368421052632,93.43157894736842
2021-07-02,93.47368421052632,93.41052631578947
2021-07-06,93.6842105263158,93.45263157894738
2021-07-07,93.47368421052632,93.47368421052632
2021-07-08,93.05263157894737,93.45263157894736
2021-07-09,92.84210526315789,93.41052631578948
2021-07-12,92.63157894736842,93.32631578947368
2021-07-13,92.42105263157895,93.22105263157894
2021-07-14,92.42105263157895,93.09473684210528
2021-07-15,92.42105263157895,92.98947368421052
2021-07-16,92.22689075630252,92.86479433878814
2021-07-19,92.22689075630252,92.74011499336578
2021-07-20,92.22689075630252,92.59438301636445
2021-07-21,92.22689075630252,92.46970367094207
2021-07-22,92.22689075630252,92.38712958867758
2021-07-23,92.22689075630252,92.32560813799203
2021-07-26,92.22689075630252,92.28513931888544
2021-07-27,92.22689075630252,92.2657231313578
2021-07-28,92.22689075630252,92.24630694383015
2021-07-29,92.64705882352942,92.26890756302522
2021-07-30,92.43697478991596,92.28991596638654
2021-08-02,92.43697478991596,92.3109243697479
2021-08-03,92.43697478991596,92.33193277310924
2021-08-04,92.22689075630252,92.33193277310924
2021-08-05,92.22689075630252,92.33193277310924
2021-08-06,91.80672268907563,92.28991596638656
2021-08-09,91.59663865546219,92.22689075630252
2021-08-10,91.80672268907563,92.18487394957984
2021-08-11,91.17647058823529,92.07983193277312
2021-08-12,91.59663865546219,91.97478991596638
2021-08-13,90.75630252100841,91.80672268907564
2021-08-16,90.33613445378151,91.59663865546219
2021-08-17,90.75630252100841,91.42857142857142
2021-08-18,90.33613445378151,91.23949579831933
2021-08-19,90.54621848739495,91.07142857142857
2021-08-20,89.49579831932773,90.84033613445378
2021-08-23,88.4453781512605,90.52521008403362
2021-08-24,88.23529411764706,90.16806722689077
2021-08-25,88.23529411764706,89.87394957983193
2021-08-26,88.23529411764706,89.53781512605042
2021-08-27,88.02521008403362,89.26470588235294
2021-08-30,88.02521008403362,89.03361344537815
2021-08-31,87.18487394957984,88.67647058823529
2021-09-01,86.97478991596638,88.34033613445378
2021-09-02,86.34453781512606,87.9201680672269
2021-09-03,85.71428571428571,87.5420168067227
2021-09-07,85.92436974789915,87.28991596638654
2021-09-08,85.29411764705883,86.99579831932773
2021-09-09,85.29411764705883,86.7016806722689
2021-09-10,84.66386554621849,86.34453781512606
2021-09-13,84.87394957983193,86.02941176470588
2021-09-14,84.03361344537815,85.63025210084034
2021-09-15,83.40336134453781,85.25210084033614
2021-09-16,82.98319327731093,84.85294117647058
2021-09-17,82.56302521008404,84.4747899159664
2021-09-20,81.9327731092437,84.09663865546219
2021-09-21,81.72268907563026,83.6764705882353
2021-09-22,80.88235294117648,83.23529411764706
2021-09-23,80.67226890756302,82.77310924369748
2021-09-24,80.50314465408806,82.35703715448444
2021-09-27,80.3347280334728,81.90311499984853
2021-09-28,80.5439330543933,81.55414696075005
2021-09-29,80.1255230125523,81.22636312755148
2021-09-30,79.9163179916318,80.91967559898357
2021-10-01,80.1255230125523,80.67592537923039
2021-10-04,79.49790794979079,80.43243886328511
2021-10-05,79.9163179916318,80.25180175488526
2021-10-06,79.49790794979079,80.1133572557467
2021-10-07,79.49790794979079,79.99592115996947
2021-10-08,78.8702928870293,79.8326359832636
2021-10-11,78.8702928870293,79.68619246861924
2021-10-12,78.45188284518828,79.47698744769875
2021-10-13,78.03347280334728,79.26778242677824
2021-10-14,77.61506276150628,79.0376569037657
2021-10-15,77.82426778242679,78.80753138075315
2021-10-18,77.82426778242679,78.64016736401673
2021-10-19,78.03347280334728,78.4518828451883
2021-10-20,78.45188284518828,78.34728033472804
2021-10-21,78.03347280334728,78.2008368200837
2021-10-22,77.40585774058577,78.05439330543933
2021-10-25,76.98744769874477,77.86610878661088
2021-10-26,76.56903765690377,77.67782426778243
2021-10-27,76.35983263598327,77.51046025104603
2021-10-28,76.15062761506276,77.36401673640168
2021-10-29,76.35983263598327,77.21757322175732
2021-11-01,76.56903765690377,77.09205020920503
2021-11-02,76.35983263598327,76.92468619246861
2021-11-03,76.35983263598327,76.71548117154812
2021-11-04,76.35983263598327,76.54811715481172
2021-11-05,76.77824267782427,76.48535564853557
2021-11-08,76.35983263598327,76.42259414225943
2021-11-09,75.94142259414227,76.35983263598328
2021-11-10,75.31380753138075,76.25523012552301
2021-11-11,75.52301255230127,76.19246861924685
2021-11-12,75.10460251046025,76.06694560669456
2021-11-15,75.94142259414227,76.00418410041841
2021-11-16,75.94142259414227,75.96234309623432
2021-11-17,75.94142259414227,75.92050209205021
2021-11-18,75.31380753138075,75.81589958158996
2021-11-19,75.52301255230127,75.69037656903765
2021-11-22,75.31380753138075,75.58577405857741
2021-11-23,75.15657620041753,75.50728941920492
2021-11-24,74.94780793319416,75.47068945938628
2021-11-26,74.73903966597078,75.39229217075322
2021-11-29,74.53027139874739,75.33485905958194
2021-11-30,75.15657620041753,75.25637442020947
2021-12-01,75.36534446764091,75.19876660755934
2021-12-02,75.15657620041753,75.12028196818684
2021-12-03,74.73903966597078,75.06280518164587
2021-12-06,74.53027139874739,74.96353106629047
2021-12-07,74.32150313152401,74.8643006263048
2021-12-08,73.90396659707724,74.73903966597078
2021-12-09,73.90396659707724,74.63465553235908
2021-12-10,73.69519832985387,74.53027139874739
2021-12-13,73.48643006263048,74.42588726513569
2021-12-14,73.69519832985387,74.27974947807934
2021-12-15,73.69519832985387,74.11273486430062
2021-12-16,73.69519832985387,73.96659707724426
2021-12-17,73.2776617954071,73.82045929018788
2021-12-20,73.06889352818372,73.67432150313152
2021-12-21,73.06889352818372,73.54906054279749
2021-12-22,73.2776617954071,73.48643006263049
2021-12-23,73.69519832985387,73.46555323590815
2021-12-27,73.90396659707724,73.48643006263049
2021-12-28,74.11273486430062,73.54906054279749
2021-12-29,74.53027139874739,73.63256784968685
2021-12-30,74.94780793319416,73.75782881002087
2021-12-31,74.94780793319416,73.88308977035491
2022-01-03,74.53027139874739,74.00835073068893
2022-01-04,74.73903966597078,74.17536534446765
2022-01-05,75.15657620041753,74.38413361169103
2022-01-06,75.15657620041753,74.57202505219206
2022-01-07,75.15657620041753,74.71816283924844
2022-01-10,74.94780793319416,74.82254697286012
2022-01-11,75.15657620041753,74.92693110647181
2022-01-12,74.53027139874739,74.92693110647181
2022-01-13,74.11273486430062,74.84342379958247
2022-01-14,74.11273486430062,74.75991649269311
2022-01-18,73.48643006263048,74.65553235908142
2022-01-19,73.2776617954071,74.50939457202504
2022-01-20,72.23382045929019,74.21711899791231
2022-01-21,72.44258872651356,73.94572025052192
2022-01-24,71.18997912317327,73.54906054279749
2022-01-25,70.56367432150313,73.11064718162838
2022-01-26,70.20833333333333,72.61582289491997
2022-01-27,69.64656964656965,72.12745271970218
2022-01-28,67.56756756756756,71.47293599002889
2022-01-31,67.56756756756756,70.81841926035558
2022-02-01,66.94386694386695,70.16416294847923
2022-02-02,67.15176715176715,69.55157348411524
2022-02-03,66.73596673596674,69.00178811178289
2022-02-04,66.52806652806653,68.41033589193819
2022-02-07,65.9043659043659,67.88177457005744
2022-02-08,66.32016632016632,67.45742376992378
2022-02-09,66.52806652806653,67.08939708939708
2022-02-10,66.32016632016632,66.75675675675676
2022-02-11,66.73596673596674,66.67359667359668
2022-02-14,67.15176715176715,66.63201663201663
2022-02-15,66.32016632016632,66.56964656964657
2022-02-16,65.9043659043659,66.44490644490645
2022-02-17,65.6964656964657,66.34095634095635
2022-02-18,64.65696465696466,66.15384615384616
2022-02-22,64.44906444906445,66.008316008316
2022-02-23,64.24116424116424,65.80041580041579
2022-02-24,63.61746361746362,65.50935550935552
2022-02-25,63.20166320166321,65.1975051975052
2022-02-28,62.99376299376299,64.82328482328481
2022-03-01,62.57796257796257,64.36590436590436
2022-03-02,61.95426195426196,63.929313929313935
2022-03-03,61.53846153846154,63.492723492723485
2022-03-04,60.91476091476091,63.01455301455301
2022-03-07,60.08316008316008,62.55717255717256
2022-03-08,58.62785862785863,61.975051975051976
2022-03-09,57.7962577962578,61.33056133056133
2022-03-10,56.96465696465697,60.66528066528067
2022-03-11,56.75675675675676,60.020790020790024
2022-03-14,54.88565488565489,59.20997920997921
2022-03-15,54.054054054054056,58.35758835758836
2022-03-16,53.84615384615385,57.54677754677755
2022-03-17,52.80665280665281,56.673596673596684
2022-03-18,51.767151767151766,55.75883575883576
2022-03-21,50.935550935550935,54.844074844074854
2022-03-22,50.51975051975052,54.03326403326404
2022-03-23,49.48024948024948,53.2016632016632
2022-03-24,48.85654885654886,52.39085239085239
2022-03-25,48.85654885654886,51.6008316008316
2022-03-28,48.024948024948024,50.91476091476092
2022-03-29,47.60914760914761,50.270270270270274
2022-03-30,46.98544698544699,49.58419958419959
2022-03-31,46.77754677754678,48.981288981288984
2022-04-01,46.77754677754678,48.482328482328484
2022-04-04,47.19334719334719,48.10810810810811
2022-04-05,46.98544698544699,47.75467775467776
2022-04-06,47.4012474012474,47.546777546777555
2022-04-07,48.024948024948024,47.46361746361747
2022-04-08,48.024948024948024,47.38045738045738
2022-04-11,48.024948024948024,47.380457380457386
2022-04-12,47.81704781704782,47.4012474012474
2022-04-13,47.81704781704782,47.484407484407484
2022-04-14,46.98544698544699,47.50519750519751
2022-04-18,46.15384615384615,47.44282744282744
2022-04-19,45.94594594594595,47.318087318087315
2022-04-20,45.73804573804574,47.19334719334719
2022-04-21,45.94594594594595,47.04781704781705
2022-04-22,45.53014553014553,46.7983367983368
2022-04-25,45.11434511434512,46.507276507276515
2022-04-26,45.32224532224532,46.23700623700624
2022-04-27,44.90644490644491,45.94594594594595
2022-04-28,44.6985446985447,45.63409563409564
2022-04-29,44.49064449064449,45.38461538461539
2022-05-02,44.28274428274428,45.1975051975052
2022-05-03,44.28274428274428,45.03118503118503
2022-05-04,44.28274428274428,44.88565488565489
2022-05-05,44.49064449064449,44.74012474012475
2022-05-06,44.49064449064449,44.63617463617464
2022-05-09,43.45114345114345,44.46985446985447
2022-05-10,43.24324324324324,44.261954261954266
2022-05-11,43.24324324324324,44.0956340956341
2022-05-12,42.32365145228216,43.858144771007844
2022-05-13,41.90871369294606,43.599951691238
2022-05-16,41.70124481327801,43.341801744291374
2022-05-17,42.531120331950206,43.16663934921196
2022-05-18,42.531120331950206,42.99147695413255
2022-05-19,41.90871369294606,42.73328387436271
2022-05-20,41.90871369294606,42.47509079459287
2022-05-23,42.11618257261411,42.34159470673993
2022-05-24,41.49377593360996,42.166647975776606
2022-05-25,41.49377593360996,41.99170124481328
2022-05-26,41.49377593360996,41.90871369294606
2022-05-27,41.286307053941904,41.84647302904564
2022-05-31,41.286307053941904,41.80497925311203
2022-06-01,41.286307053941904,41.6804979253112
2022-06-02,41.286307053941904,41.55601659751037
2022-06-03,41.286307053941904,41.49377593360995
2022-06-06,41.078838174273855,41.410788381742734
2022-06-07,40.45643153526971,41.244813278008294
2022-06-08,40.04149377593361,41.099585062240656
2022-06-09,39.41908713692946,40.892116182572614
2022-06-10,39.41908713692946,40.684647302904565
2022-06-13,39.004149377593365,40.45643153526971
2022-06-14,37.96680497925311,40.12448132780083
2022-06-15,37.136929460580916,39.709543568464724
2022-06-16,37.136929460580916,39.294605809128626
2022-06-17,36.09958506224066,38.77593360995851
2022-06-21,36.09958506224066,38.27800829875518
2022-06-22,35.26970954356847,37.75933609958506
2022-06-23,34.024896265560166,37.157676348547724
2022-06-24,33.60995850622407,36.57676348547718
2022-06-27,32.780082987551864,35.912863070539416
2022-06-28,32.15767634854772,35.22821576763486
2022-06-29,32.15767634854772,34.64730290456431
2022-06-30,31.535269709543567,34.087136929460584
2022-07-01,31.12033195020747,33.48547717842324
2022-07-05,30.70539419087137,32.946058091286304
2022-07-06,29.66804979253112,32.302904564315355
2022-07-07,29.253112033195023,31.70124481327801
2022-07-08,28.838174273858918,31.182572614107887
2022-07-11,28.42323651452282,30.663900414937757
2022-07-12,27.178423236514522,30.10373443983402
2022-07-13,27.178423236514522,29.605809128630703
2022-07-14,26.970954356846473,29.08713692946058
2022-07-15,26.348547717842326,28.568464730290458
2022-07-18,26.348547717842326,28.09128630705394
2022-07-19,25.518672199170123,27.572614107883815
2022-07-20,25.103734439834025,27.116182572614104
2022-07-21,24.896265560165975,26.680497925311204
2022-07-22,25.103734439834025,26.307053941908713
2022-07-25,24.688796680497926,25.933609958506224
2022-07-26,24.688796680497926,25.684647302904562
2022-07-27,24.066390041493776,25.37344398340249
2022-07-28,23.858921161825727,25.06224066390042
2022-07-29,23.858921161825727,24.813278008298756
2022-08-01,23.858921161825727,24.564315352697093
2022-08-02,24.481327800829874,24.460580912863072
2022-08-03,25.103734439834025,24.460580912863072
2022-08-04,24.896265560165975,24.460580912863072
2022-08-05,25.103734439834025,24.460580912863072
2022-08-08,25.103734439834025,24.502074688796682
2022-08-09,24.688796680497926,24.50207468879668
2022-08-10,24.688796680497926,24.564315352697093
2022-08-11,24.688796680497926,24.647302904564317
2022-08-12,24.896265560165975,24.75103734439834
2022-08-15,24.688796680497926,24.834024896265557
2022-08-16,24.896265560165975,24.87551867219917
2022-08-17,25.103734439834025,24.87551867219917
2022-08-18,24.896265560165975,24.87551867219917
2022-08-19,25.103734439834025,24.87551867219917
2022-08-22,25.518672199170123,24.91701244813278
2022-08-23,25.518672199170123,25.0
2022-08-24,25.933609958506228,25.12448132780083
2022-08-25,26.763485477178424,25.33195020746888
2022-08-26,26.970954356846473,25.539419087136928
2022-08-29,27.800829875518673,25.85062240663901
2022-08-30,28.42323651452282,26.203319502074685
2022-08-31,28.42323651452282,26.53526970954357
2022-09-01,29.253112033195023,26.97095435684647
2022-09-02,29.460580912863072,27.406639004149376
2022-09-06,29.66804979253112,27.821576763485478
2022-09-07,29.87551867219917,28.257261410788384
2022-09-08,30.29045643153527,28.692946058091287
2022-09-09,30.29045643153527,29.04564315352697
2022-09-12,30.49792531120332,29.398340248962654
2022-09-13,31.327800829875518,29.751037344398345
2022-09-14,32.365145228215766,30.145228215767634
2022-09-15,32.15767634854772,30.51867219917013
2022-09-16,32.15767634854772,30.80912863070539
2022-09-19,32.780082987551864,31.14107883817427
2022-09-20,32.98755186721991,31.473029045643152
2022-09-21,32.98755186721991,31.784232365145225
2022-09-22,33.19502074688796,32.0746887966805
2022-09-23,33.60995850622407,32.406639004149376
2022-09-26,34.64730290456431,32.82157676348548
2022-09-27,34.85477178423236,33.174273858921154
2022-09-28,34.85477178423236,33.42323651452282
2022-09-29,34.64730290456431,33.67219917012447
2022-09-30,35.06224066390041,33.96265560165975
2022-10-03,34.85477178423236,34.1701244813278
2022-10-04,35.26970954356847,34.398340248962654
2022-10-05,34.85477178423236,34.5850622406639
2022-10-06,34.64730290456431,34.73029045643153
2022-10-07,33.81742738589212,34.75103734439834
2022-10-10,33.81742738589212,34.668049792531114
2022-10-11,33.81742738589212,34.56431535269709
2022-10-12,32.365145228215766,34.315352697095435
2022-10-13,32.780082987551864,34.128630705394194
2022-10-14,32.780082987551864,33.90041493775934
2022-10-17,32.365145228215766,33.65145228215768
2022-10-18,31.950207468879665,33.3195020746888
2022-10-19,31.12033195020747,32.946058091286304
2022-10-20,30.70539419087137,32.551867219917014
2022-10-21,30.49792531120332,32.21991701244813
2022-10-24,29.045643153526974,31.74273858921162
2022-10-25,28.42323651452282,31.20331950207469
2022-10-26,28.42323651452282,30.80912863070539
2022-10-27,28.21576763485477,30.352697095435683
2022-10-28,27.593360995850624,29.83402489626556
2022-10-31,26.970954356846473,29.294605809128626
2022-11-01,26.970954356846473,28.796680497925315
2022-11-02,27.32919254658385,28.417566557562953
2022-11-03,26.70807453416149,28.017834591891962
2022-11-04,26.293995859213247,27.597441646692953
2022-11-07,26.70807453416149,27.36368478475641
2022-11-08,26.70807453416149,27.19216858672027
2022-11-09,26.70807453416149,27.02065238868414
2022-11-10,27.32919254658385,26.931994879857047
2022-11-11,27.95031055900621,26.967689836172603
2022-11-14,27.95031055900621,27.06562545638858
2022-11-15,28.36438923395445,27.204968944099374
2022-11-16,28.157349896480333,27.287784679089025
2022-11-17,28.36438923395445,27.453416149068325
2022-11-18,28.778467908902694,27.701863354037265
2022-11-21,28.985507246376812,27.9296066252588
2022-11-22,30.22774327122153,28.281573498964804
2022-11-23,30.848861283643892,28.695652173913043
2022-11-25,31.469979296066253,29.109730848861282
2022-11-28,31.67701863354037,29.482401656314703
2022-11-29,32.091097308488614,29.89648033126294
2022-11-30,32.50517598343685,30.310559006211186
2022-12-01,33.33333333333333,30.82815734989648
2022-12-02,34.989648033126294,31.490683229813662
2022-12-05,35.81780538302277,32.194616977225664
2022-12-06,37.68115942028986,33.064182194616976
2022-12-07,38.50931677018634,33.892339544513455
2022-12-08,39.54451345755693,34.76190476190476
2022-12-09,40.993788819875775,35.71428571428571
2022-12-12,42.2360248447205,36.77018633540372
2022-12-13,43.89233954451346,37.95031055900621
2022-12-14,44.51345755693582,39.1511387163561
2022-12-15,44.72049689440994,40.289855072463766
2022-12-16,45.3416149068323,41.325051759834366
2022-12-19,46.99792960662526,42.44306418219462
2022-12-20,47.82608695652174,43.457556935817806
2022-12-21,48.4472049689441,44.45134575569359
2022-12-22,49.275362318840585,45.42443064182195
2022-12-23,50.103519668737064,46.33540372670808
2022-12-27,50.931677018633536,47.20496894409938
2022-12-28,51.5527950310559,47.971014492753625
2022-12-29,52.17391304347826,48.73706004140787
2022-12-30,53.20910973084886,49.58592132505176
2023-01-03,53.20910973084886,50.37267080745342
2023-01-04,54.037267080745345,51.076604554865426
2023-01-05,55.072463768115945,51.80124223602485
2023-01-06,55.48654244306418,52.50517598343686
2023-01-09,56.10766045548654,53.18840579710145
2023-01-10,57.34989648033127,53.91304347826086
2023-01-11,57.34989648033127,54.55486542443064
2023-01-12,57.55693581780539,55.15527950310559
2023-01-13,58.17805383022774,55.75569358178054
2023-01-17,58.59213250517599,56.29399585921325
2023-01-18,60.041407867494826,56.97722567287785
2023-01-19,60.45548654244306,57.61904761904763
2023-01-20,61.07660455486542,58.219461697722565
2023-01-23,61.697722567287784,58.84057971014492
2023-01-24,62.732919254658384,59.50310559006211
2023-01-25,62.939958592132506,60.06211180124224
2023-01-26,63.14699792960663,60.64182194616977
2023-01-27,63.35403726708074,61.22153209109731
2023-01-30,63.35403726708074,61.7391304347826
2023-01-31,64.59627329192547,62.339544513457554
2023-02-01,65.0103519668737,62.83643892339544
2023-02-02,65.21739130434783,63.31262939958592
2023-02-03,65.83850931677019,63.78881987577639
2023-02-06,66.45962732919256,64.26501035196688
2023-02-07,66.66666666666666,64.65838509316771
2023-02-08,66.25258799171843,64.98964803312629
2023-02-09,66.66666666666666,65.34161490683229
2023-02-10,66.87370600414079,65.6935817805383
2023-02-13,67.08074534161491,66.06625258799173
2023-02-14,66.87370600414079,66.29399585921325
2023-02-15,66.66666666666666,66.45962732919254
2023-02-16,66.87370600414079,66.62525879917185
2023-02-17,67.28778467908903,66.77018633540374
2023-02-21,67.70186335403726,66.89440993788818
2023-02-22,67.90890269151139,67.01863354037268
2023-02-23,68.11594202898551,67.20496894409938
2023-02-24,68.11594202898551,67.34989648033127
2023-02-27,67.49482401656314,67.4120082815735
2023-02-28,66.45962732919256,67.34989648033127
2023-03-01,66.66666666666666,67.32919254658385
2023-03-02,66.87370600414079,67.34989648033127
2023-03-03,67.49482401656314,67.4120082815735
2023-03-06,67.90890269151139,67.47412008281573
2023-03-07,67.90890269151139,67.49482401656316
2023-03-08,68.53002070393374,67.55693581780538
2023-03-09,69.35817805383023,67.68115942028984
2023-03-10,68.94409937888199,67.7639751552795
2023-03-13,68.73706004140787,67.88819875776397
2023-03-14,68.53002070393374,68.0952380952381
2023-03-15,68.73706004140787,68.30227743271222
2023-03-16,68.94409937888199,68.50931677018633
2023-03-17,68.73706004140787,68.63354037267081
2023-03-20,68.94409937888199,68.73706004140787
2023-03-21,69.35817805383023,68.88198757763975
2023-03-22,69.35817805383023,68.9648033126294
2023-03-23,69.15113871635612,68.94409937888199
2023-03-24,68.94409937888199,68.94409937888199
2023-03-27,67.90890269151139,68.86128364389234
2023-03-28,67.28778467908903,68.73706004140789
2023-03-29,67.08074534161491,68.57142857142857
2023-03-30,66.45962732919256,68.32298136645963
2023-03-31,65.63146997929607,68.01242236024845
2023-04-03,65.21739130434783,67.63975155279505
2023-04-04,64.38923395445134,67.14285714285715
2023-04-05,64.18219461697723,66.62525879917186
2023-04-06,63.76811594202898,66.08695652173914
2023-04-10,63.14699792960663,65.5072463768116
2023-04-11,62.11180124223602,64.92753623188406
2023-04-12,61.49068322981367,64.34782608695653
2023-04-13,60.66252587991718,63.70600414078675
2023-04-14,60.24844720496895,63.084886128364396
2023-04-17,60.86956521739131,62.608695652173914
2023-04-18,60.86956521739131,62.173913043478265
2023-04-19,59.42028985507246,61.67701863354038
2023-04-20,59.42028985507246,61.200828157349896
2023-04-21,58.59213250517599,60.683229813664596
2023-04-24,58.38509316770186,60.20703933747412
2023-04-25,56.935817805383024,59.68944099378882
2023-04-26,56.31469979296067,59.17184265010353
2023-04-27,56.31469979296067,58.73706004140787
2023-04-28,56.52173913043478,58.36438923395444
2023-05-01,56.52173913043478,57.929606625258806
2023-05-02,56.10766045548654,57.453416149068325
2023-05-03,57.14285714285714,57.2256728778468
2023-05-04,57.14285714285714,56.997929606625256
2023-05-05,56.52173913043478,56.790890269151134
2023-05-08,56.7287784679089,56.625258799171846
2023-05-09,56.31469979296067,56.56314699792961
2023-05-10,56.52173913043478,56.58385093167702
2023-05-11,56.10766045548654,56.56314699792961
2023-05-12,55.90062111801242,56.50103519668737
2023-05-15,55.48654244306418,56.39751552795032
2023-05-16,54.45134575569358,56.231884057971016
2023-05-17,54.45134575569358,55.962732919254655
2023-05-18,54.45134575569358,55.69358178053831
2023-05-19,54.6583850931677,55.50724637681159
2023-05-22,54.865424430641816,55.32091097308488
2023-05-23,54.865424430641816,55.175983436852995
2023-05-24,55.072463768115945,55.03105590062112
2023-05-25,55.072463768115945,54.92753623188405
2023-05-26,55.6935817805383,54.90683229813665
2023-05-30,56.52173913043478,55.0103519668737
2023-05-31,56.52173913043478,55.21739130434783
2023-06-01,57.14285714285714,55.48654244306418
2023-06-02,57.34989648033127,55.77639751552795
2023-06-05,57.34989648033127,56.04554865424431
2023-06-06,57.971014492753625,56.356107660455486
2023-06-07,59.006211180124225,56.77018633540373
2023-06-08,59.42028985507246,57.20496894409938
2023-06-09,59.21325051759835,57.61904761904761
2023-06-12,59.42028985507246,57.99171842650103
2023-06-13,59.8343685300207,58.32298136645962
2023-06-14,60.45548654244306,58.71635610766045
2023-06-15,60.45548654244306,59.04761904761905
2023-06-16,60.86956521739131,59.399585921325055
2023-06-20,60.24844720496895,59.68944099378882
2023-06-21,60.24844720496895,59.91718426501036
2023-06-22,59.21325051759835,59.93788819875776
2023-06-23,59.21325051759835,59.91718426501036
2023-06-26,59.006211180124225,59.89648033126294
2023-06-27,59.42028985507246,59.89648033126294
2023-06-28,59.42028985507246,59.855072463768124
2023-06-29,59.006211180124225,59.710144927536234
2023-06-30,59.21325051759835,59.585921325051764
2023-07-03,59.21325051759835,59.42028985507246
2023-07-05,59.42028985507246,59.337474120082824
2023-07-06,58.59213250517599,59.17184265010352
2023-07-07,58.38509316770186,59.08902691511387
2023-07-10,58.38509316770186,59.00621118012422
2023-07-11,59.006211180124225,59.006211180124225
2023-07-12,59.21325051759835,58.98550724637681
2023-07-13,58.7991718426501,58.923395445134574
2023-07-14,59.21325051759835,58.944099378881994
2023-07-17,60.041407867494826,59.02691511387163
2023-07-18,60.24844720496895,59.1304347826087
2023-07-19,60.45548654244306,59.23395445134575
2023-07-20,60.041407867494826,59.37888198757764
2023-07-21,60.66252587991718,59.60662525879917
2023-07-24,61.28364389233955,59.89648033126294
2023-07-25,61.697722567287784,60.16563146997929
2023-07-26,62.11180124223602,60.45548654244307
2023-07-27,61.904761904761905,60.76604554865425
2023-07-28,62.52587991718427,61.09730848861284
2023-07-31,63.76811594202898,61.469979296066256
2023-08-01,63.975155279503106,61.84265010351967
2023-08-02,64.80331262939958,62.277432712215315
2023-08-03,65.0103519668737,62.7743271221532
2023-08-04,65.0103519668737,63.209109730848866
2023-08-07,64.80331262939958,63.56107660455486
2023-08-08,65.0103519668737,63.89233954451346
2023-08-09,65.21739130434783,64.20289855072463
2023-08-10,65.83850931677019,64.59627329192547
2023-08-11,66.0455486542443,64.94824016563146
2023-08-14,67.08074534161491,65.27950310559007
2023-08-15,66.66666666666666,65.5486542443064
2023-08-16,67.28778467908903,65.79710144927536
2023-08-17,68.11594202898551,66.10766045548654
2023-08-18,68.73706004140787,66.48033126293996
2023-08-21,69.15113871635612,66.91511387163561
2023-08-22,69.15113871635612,67.32919254658385
2023-08-23,69.15113871635612,67.72256728778468
2023-08-24,69.15113871635612,68.05383022774328
2023-08-25,69.15113871635612,68.36438923395447
2023-08-28,69.15113871635612,68.57142857142858
2023-08-29,68.53002070393374,68.75776397515529
2023-08-30,68.73706004140787,68.90269151138716
2023-08-31,68.73706004140787,68.96480331262941
2023-09-01,68.73706004140787,68.96480331262941
2023-09-05,68.94409937888199,68.94409937888199
2023-09-06,69.35817805383023,68.96480331262941
2023-09-07,69.77225672877847,69.02691511387164
2023-09-08,69.35817805383023,69.04761904761905
2023-09-11,68.73706004140787,69.00621118012423
2023-09-12,68.32298136645963,68.92339544513457
2023-09-13,67.90890269151139,68.86128364389235
2023-09-14,67.70186335403726,68.75776397515529
2023-09-15,67.08074534161491,68.59213250517598
2023-09-18,66.87370600414079,68.40579710144928
2023-09-19,66.87370600414079,68.19875776397517
2023-09-20,66.0455486542443,67.86749482401656
2023-09-21,66.25258799171843,67.51552795031056
2023-09-22,66.0455486542443,67.18426501035196
2023-09-25,65.42443064182196,66.85300207039339
2023-09-26,65.42443064182196,66.5631469979296
2023-09-27,63.975155279503106,66.16977225672878
2023-09-28,63.35403726708074,65.73498964803312
2023-09-29,63.14699792960663,65.34161490683229
2023-10-02,63.14699792960663,64.96894409937889
2023-10-03,61.57024793388429,64.43859829235323
2023-10-04,60.33057851239669,63.86710127816848
2023-10-05,60.12396694214877,63.25423917321151
2023-10-06,59.29752066115702,62.57943637390279
2023-10-09,58.26446280991735,61.86343959071231
2023-10-10,57.438016528925615,61.06479817942269
2023-10-11,56.40495867768595,60.30777851924097
2023-10-12,55.371900826446286,59.509564875177524
2023-10-13,55.16528925619835,58.71139400783669
2023-10-16,54.132231404958674,57.809917355371894
2023-10-17,53.925619834710744,57.04545454545455
2023-10-18,53.099173553719005,56.32231404958677
2023-10-19,52.892561983471076,55.59917355371901
2023-10-20,52.27272727272727,54.896694214876035
2023-10-23,51.2396694214876,54.19421487603305
2023-10-24,50.82644628099173,53.53305785123966
2023-10-25,50.413223140495866,52.93388429752066
2023-10-26,49.586776859504134,52.35537190082645
2023-10-27,49.3801652892562,51.77685950413223
2023-10-30,48.96694214876033,51.2603305785124
2023-10-31,48.553719008264466,50.72314049586777
2023-11-01,48.14049586776859,50.22727272727273
2023-11-02,48.553719008264466,49.79338842975206
2023-11-03,48.34710743801653,49.400826446280995
2023-11-06,48.34710743801653,49.111570247933884
2023-11-07,48.14049586776859,48.84297520661157
2023-11-08,48.34710743801653,48.63636363636364
2023-11-09,47.93388429752066,48.47107438016529
2023-11-10,47.72727272727273,48.30578512396694
2023-11-13,47.31404958677686,48.14049586776859
2023-11-14,46.90082644628099,47.97520661157025
2023-11-15,46.90082644628099,47.85123966942149
2023-11-16,47.107438016528924,47.70661157024794
2023-11-17,46.90082644628099,47.56198347107438
2023-11-20,46.28099173553719,47.35537190082645
2023-11-21,46.28099173553719,47.1694214876033
2023-11-22,46.28099173553719,46.96280991735537
2023-11-24,46.28099173553719,46.79752066115702
2023-11-27,46.28099173553719,46.65289256198347
2023-11-28,45.66115702479338,46.48760330578513
2023-11-29,46.074380165289256,46.40495867768595
2023-11-30,45.867768595041326,46.30165289256198
2023-12-01,46.28099173553719,46.21900826446281
2023-12-04,46.69421487603306,46.19834710743802
2023-12-05,47.31404958677686,46.30165289256198
2023-12-06,47.107438016528924,46.38429752066116
2023-12-07,47.31404958677686,46.48760330578513
2023-12-08,48.34710743801653,46.69421487603306
2023-12-11,48.96694214876033,46.96280991735537
2023-12-12,49.3801652892562,47.33471074380165
2023-12-13,50.0,47.72727272727273
2023-12-14,51.03305785123967,48.243801652892564
2023-12-15,52.47933884297521,48.86363636363636
2023-12-18,53.71900826446281,49.56611570247934
2023-12-19,54.33884297520662,50.268595041322314
2023-12-20,54.132231404958674,50.97107438016529
2023-12-21,54.75206611570248,51.71487603305785
2023-12-22,55.78512396694215,52.45867768595042
2023-12-26,57.438016528925615,53.30578512396694
2023-12-27,59.09090909090909,54.27685950413223
2023-12-28,59.917355371900825,55.268595041322314
2023-12-29,60.33057851239669,56.19834710743802
2024-01-02,61.77685950413223,57.12809917355372
2024-01-03,62.603305785123965,58.016528925619845
2024-01-04,63.22314049586777,58.904958677685954
2024-01-05,63.84297520661158,59.87603305785124
2024-01-08,64.87603305785123,60.88842975206611
2024-01-09,66.11570247933885,61.921487603305785
2024-01-10,67.76859504132231,62.95454545454546
2024-01-11,68.59504132231406,63.904958677685954
2024-01-12,70.0413223140496,64.91735537190083
2024-01-16,70.66115702479338,65.9504132231405
2024-01-17,71.48760330578511,66.92148760330579
2024-01-18,71.28099173553719,67.7892561983471
2024-01-19,71.900826446281,68.65702479338843
2024-01-22,72.10743801652893,69.48347107438016
2024-01-23,72.52066115702479,70.24793388429752
2024-01-24,72.93388429752066,70.9297520661157
2024-01-25,73.7603305785124,71.52892561983471
2024-01-26,74.79338842975206,72.14876033057851
2024-01-29,75.41322314049587,72.68595041322314
2024-01-30,75.82644628099173,73.20247933884298
2024-01-31,76.03305785123968,73.65702479338843
2024-02-01,75.82644628099173,74.11157024793388
2024-02-02,76.44628099173553,74.56611570247934
2024-02-05,77.06611570247934,75.06198347107438
2024-02-06,77.27272727272727,75.53719008264463
2024-02-07,77.68595041322314,76.01239669421487
2024-02-08,77.89256198347107,76.42561983471074
2024-02-09,77.89256198347107,76.73553719008264
2024-02-12,78.30578512396694,77.02479338842976
2024-02-13,78.099173553719,77.25206611570248
2024-02-14,78.51239669421489,77.5
2024-02-15,78.51239669421489,77.76859504132231
2024-02-16,78.71900826446281,77.99586776859505
2024-02-20,79.17525773195877,78.206781971543
2024-02-21,79.38144329896907,78.41765357416716
2024-02-22,79.58762886597938,78.60782141944279
2024-02-23,80.0,78.81856522109568
2024-02-26,80.0,79.02930902274858
2024-02-27,80.41237113402062,79.23996762375393
2024-02-28,80.0,79.43005026838205
2024-02-29,79.58762886597938,79.5375734855585
2024-03-01,79.58762886597938,79.64509670273495
2024-03-04,79.58762886597938,79.73195876288659
2024-03-05,79.58762886597938,79.77319587628865
2024-03-06,79.58762886597938,79.79381443298969
2024-03-07,79.38144329896907,79.77319587628867
2024-03-08,79.38144329896907,79.71134020618555
2024-03-11,79.58762886597938,79.6701030927835
2024-03-12,79.17525773195877,79.54639175257732
2024-03-13,79.38144329896907,79.48453608247424
2024-03-14,79.38144329896907,79.4639175257732
2024-03-15,79.38144329896907,79.44329896907217
2024-03-18,79.17525773195877,79.4020618556701
2024-03-19,79.38144329896907,79.38144329896906
2024-03-20,79.58762886597938,79.38144329896906
2024-03-21,78.96907216494846,79.34020618556701
2024-03-22,78.96907216494846,79.29896907216495
2024-03-25,79.17525773195877,79.25773195876289
2024-03-26,78.96907216494846,79.23711340206185
2024-03-27,79.58762886597938,79.25773195876289
2024-03-28,79.79381443298969,79.29896907216495
2024-04-01,80.0,79.36082474226804
2024-04-02,80.20618556701031,79.46391752577321
2024-04-03,80.20618556701031,79.54639175257732
2024-04-04,80.61855670103093,79.64948453608247
2024-04-05,81.23711340206185,79.8762886597938
2024-04-08,81.64948453608247,80.14432989690721
2024-04-09,82.06185567010309,80.43298969072166
2024-04-10,81.85567010309278,80.72164948453607
2024-04-11,82.06185567010309,80.96907216494844
2024-04-12,81.44329896907216,81.1340206185567
2024-04-15,81.23711340206185,81.25773195876289
2024-04-16,81.44329896907216,81.38144329896906
2024-04-17,81.23711340206185,81.48453608247422
2024-04-18,81.44329896907216,81.56701030927834
2024-04-19,81.64948453608247,81.60824742268042
2024-04-22,81.64948453608247,81.60824742268042
2024-04-23,81.64948453608247,81.56701030927834
2024-04-24,81.85567010309278,81.56701030927834
2024-04-25,82.06185567010309,81.56701030927834
2024-04-26,82.06185567010309,81.62886597938143
2024-04-29,82.68041237113401,81.77319587628865
2024-04-30,83.29896907216495,81.95876288659792
2024-05-01,83.91752577319588,82.22680412371133
2024-05-02,84.3298969072165,82.51546391752576
2024-05-03,84.12371134020619,82.76288659793813
2024-05-06,83.91752577319588,82.98969072164948
2024-05-07,83.50515463917526,83.17525773195875
2024-05-08,83.91752577319588,83.38144329896906
2024-05-09,83.71134020618557,83.5463917525773
2024-05-10,84.5360824742268,83.7938144329897
2024-05-13,83.91752577319588,83.91752577319588
2024-05-14,83.91752577319588,83.97938144329896
2024-05-15,83.91752577319588,83.97938144329896
2024-05-16,84.3298969072165,83.97938144329896
2024-05-17,83.71134020618557,83.93814432989691
2024-05-20,84.12371134020619,83.95876288659794
2024-05-21,83.29896907216495,83.93814432989691
2024-05-22,83.09278350515464,83.85567010309279
2024-05-23,82.88659793814433,83.77319587628867
2024-05-24,82.68041237113401,83.58762886597938
2024-05-28,82.68041237113401,83.4639175257732
2024-05-29,82.2680412371134,83.29896907216495
2024-05-30,82.2680412371134,83.1340206185567
2024-05-31,81.64948453608247,82.8659793814433
2024-06-03,81.44329896907216,82.63917525773196
2024-06-04,80.82474226804123,82.30927835051546
2024-06-05,80.61855670103093,82.04123711340205
2024-06-06,80.61855670103093,81.79381443298969
2024-06-07,80.41237113402062,81.5463917525773
2024-06-10,80.20618556701031,81.29896907216495
2024-06-11,80.20618556701031,81.05154639175257
2024-06-12,80.0,80.82474226804123
2024-06-13,80.0,80.5979381443299
2024-06-14,79.58762886597938,80.39175257731958
2024-06-17,79.38144329896907,80.18556701030927
2024-06-18,78.76288659793815,79.97938144329898
2024-06-20,78.55670103092784,79.77319587628867
2024-06-21,78.35051546391753,79.5463917525773
2024-06-24,77.7319587628866,79.27835051546393
2024-06-25,77.5257731958763,79.01030927835052
2024-06-26,77.11340206185568,78.70103092783505
2024-06-27,77.11340206185568,78.41237113402062
2024-06-28,77.5257731958763,78.16494845360826
2024-07-01,77.7319587628866,77.97938144329899
2024-07-02,77.93814432989691,77.83505154639177
2024-07-03,77.31958762886599,77.69072164948454
2024-07-05,77.11340206185568,77.54639175257734
2024-07-08,76.28865979381443,77.34020618556703
2024-07-09,75.87628865979381,77.15463917525774
2024-07-10,75.6701030927835,76.96907216494846
2024-07-11,75.25773195876289,76.78350515463919
2024-07-12,74.84536082474227,76.55670103092784
2024-07-15,75.05154639175258,76.30927835051547
2024-07-16,74.84536082474227,76.02061855670102
2024-07-17,74.84536082474227,75.71134020618557
2024-07-18,75.05154639175258,75.48453608247424
2024-07-19,75.05154639175258,75.27835051546393
2024-07-22,75.1028806584362,75.1597726019261
2024-07-23,74.48559670781893,75.02070340672861
2024-07-24,74.48559670781893,74.90225276823216
2024-07-25,74.2798353909465,74.80446311145052
2024-07-26,74.48559670781893,74.76848669975818
2024-07-29,74.8971193415638,74.7530439947393
2024-07-30,74.48559670781893,74.71706758304697
2024-07-31,74.69135802469135,74.70166730304187
2024-08-01,74.07407407407408,74.60392007127402
2024-08-02,73.66255144032921,74.46502057613169
2024-08-05,73.4567901234568,74.30041152263375
2024-08-06,73.4567901234568,74.19753086419753
2024-08-07,73.25102880658436,74.07407407407408
2024-08-08,73.04526748971193,73.95061728395062
2024-08-09,73.04526748971193,73.80658436213992
2024-08-12,72.63374485596708,73.58024691358024
2024-08-13,72.0164609053498,73.33333333333334
2024-08-14,72.0164609053498,73.06584362139918
2024-08-15,71.39917695473251,72.79835390946502
2024-08-16,71.39917695473251,72.57201646090536
2024-08-19,71.81069958847736,72.40740740740742
2024-08-20,72.0164609053498,72.2633744855967
2024-08-21,72.0164609053498,72.13991769547326
2024-08-22,72.42798353909465,72.07818930041152
2024-08-23,72.42798353909465,72.0164609053498
2024-08-26,73.25102880658436,72.07818930041154
2024-08-27,73.04526748971193,72.18106995884773
2024-08-28,72.42798353909465,72.22222222222223
2024-08-29,72.42798353909465,72.32510288065843
2024-08-30,72.42798353909465,72.42798353909465
2024-09-03,72.0164609053498,72.44855967078189
2024-09-04,71.81069958847736,72.42798353909465
2024-09-05,71.60493827160494,72.38683127572017
2024-09-06,72.0164609053498,72.34567901234568
2024-09-09,72.0164609053498,72.3045267489712
2024-09-10,71.81069958847736,72.16049382716048
2024-09-11,71.60493827160494,72.01646090534979
2024-09-12,71.60493827160494,71.93415637860082
2024-09-13,71.19341563786008,71.81069958847738
2024-09-16,71.81069958847736,71.74897119341564
2024-09-17,72.42798353909465,71.79012345679013
2024-09-18,73.04526748971193,71.91358024691358
2024-09-19,73.4567901234568,72.09876543209876
2024-09-20,73.25102880658436,72.22222222222223
2024-09-23,73.4567901234568,72.36625514403292
2024-09-24,73.66255144032921,72.55144032921811
2024-09-25,73.25102880658436,72.71604938271605
2024-09-26,73.25102880658436,72.88065843621399
2024-09-27,73.04526748971193,73.06584362139918
2024-09-30,73.25102880658436,73.20987654320987
2024-10-01,73.4567901234568,73.3127572016461
2024-10-02,73.4567901234568,73.35390946502058
2024-10-03,73.66255144032921,73.37448559670781
2024-10-04,74.48559670781893,73.49794238683128
2024-10-07,74.48559670781893,73.60082304526749
2024-10-08,74.07407407407408,73.64197530864197
2024-10-09,74.2798353909465,73.7448559670782
2024-10-10,74.07407407407408,73.82716049382717
2024-10-11,74.2798353909465,73.95061728395062
2024-10-14,74.69135802469135,74.09465020576133
2024-10-15,75.1028806584362,74.25925925925927
2024-10-16,75.30864197530865,74.44444444444443
2024-10-17,76.13168724279835,74.69135802469137
2024-10-18,76.74897119341564,74.91769547325103
2024-10-21,77.1604938271605,75.18518518518519
2024-10-22,77.1604938271605,75.49382716049384
2024-10-23,77.36625514403292,75.80246913580245
2024-10-24,77.36625514403292,76.13168724279835
2024-10-25,76.95473251028807,76.3991769547325
2024-10-28,76.95473251028807,76.62551440329217
2024-10-29,76.74897119341564,76.79012345679011
2024-10-30,76.95473251028807,76.95473251028807
2024-10-31,77.1604938271605,77.05761316872427
2024-11-01,77.1604938271605,77.09876543209876
2024-11-04,77.1604938271605,77.09876543209876
2024-11-05,76.95473251028807,77.07818930041152
2024-11-06,76.74897119341564,77.0164609053498
2024-11-07,76.95473251028807,76.97530864197532
2024-11-08,76.74897119341564,76.95473251028807
2024-11-11,76.5432098765432,76.91358024691358
2024-11-12,76.33744855967079,76.8724279835391
2024-11-13,76.33744855967079,76.81069958847738
2024-11-14,76.33744855967079,76.72839506172839
2024-11-15,76.95473251028807,76.70781893004116
2024-11-18,77.36625514403292,76.72839506172839
2024-11-19,77.9835390946502,76.8312757201646
2024-11-20,77.57201646090535,76.91358024691358
2024-11-21,77.77777777777779,76.99588477366255
2024-11-22,77.57201646090535,77.07818930041152
2024-11-25,78.80658436213992,77.3045267489712
2024-11-26,79.21810699588477,77.59259259259258
2024-11-27,79.21810699588477,77.88065843621399
2024-11-29,78.60082304526749,78.10699588477367
2024-12-02,78.39506172839506,78.25102880658436
2024-12-03,77.9835390946502,78.3127572016461
2024-12-04,77.77777777777779,78.29218106995884
2024-12-05,77.57201646090535,78.29218106995884
2024-12-06,77.77777777777779,78.29218106995884
2024-12-09,77.77777777777779,78.3127572016461
2024-12-10,77.77777777777779,78.20987654320989
2024-12-11,77.77777777777779,78.06584362139918
2024-12-12,77.77777777777779,77.92181069958848
2024-12-13,77.57201646090535,77.81893004115227
2024-12-16,78.18930041152264,77.79835390946502
2024-12-17,77.77777777777779,77.77777777777779
2024-12-18,77.77777777777779,77.77777777777779
2024-12-19,77.36625514403292,77.75720164609054
2024-12-20,77.1604938271605,77.6954732510288
2024-12-23,76.5432098765432,77.57201646090536
2024-12-24,76.13168724279835,77.4074074074074
2024-12-26,75.30864197530865,77.1604938271605
2024-12-27,74.48559670781893,76.8312757201646
2024-12-30,73.86831275720165,76.46090534979423
2024-12-31,73.04526748971193,75.94650205761317
2025-01-02,72.0164609053498,75.37037037037037
2025-01-03,71.19341563786008,74.7119341563786
2025-01-06,70.78189300411523,74.05349794238683
2025-01-07,70.57613168724279,73.39506172839506
2025-01-08,69.75308641975309,72.71604938271605
2025-01-10,69.60985626283367,72.06386628471958
2025-01-13,69.4672131147541,71.47972339866413
2025-01-14,69.26229508196722,70.95739323607896
2025-01-15,69.26229508196722,70.49679146855551
2025-01-16,69.26229508196722,70.11849422778104
2025-01-17,68.44262295081968,69.76111043232802
2025-01-21,67.62295081967213,69.40406395050924
2025-01-22,67.62295081967213,69.08816973206493
2025-01-23,67.21311475409836,68.75186803875049
2025-01-24,67.21311475409836,68.49787087218502
2025-01-27,67.21311475409836,68.25819672131148
2025-01-28,66.59836065573771,67.97131147540983
2025-01-29,66.39344262295081,67.6844262295082
2025-01-30,66.18852459016394,67.37704918032787
2025-01-31,65.57377049180327,67.00819672131146
2025-02-03,65.3688524590164,66.70081967213115
2025-02-04,64.75409836065575,66.4139344262295
2025-02-05,64.54918032786885,66.10655737704919
2025-02-06,63.52459016393443,65.73770491803279
2025-02-07,63.114754098360656,65.32786885245902
2025-02-10,62.5,64.85655737704919
2025-02-11,62.090163934426236,64.40573770491804
2025-02-12,61.885245901639344,63.954918032786885
2025-02-13,62.090163934426236,63.545081967213115
2025-02-14,61.68032786885246,63.15573770491803
2025-02-18,61.47540983606557,62.76639344262295
2025-02-19,61.065573770491795,62.39754098360656
2025-02-20,61.065573770491795,62.049180327868854
2025-02-21,60.65573770491803,61.76229508196722
2025-02-24,59.83606557377049,61.4344262295082
2025-02-25,59.63114754098361,61.147540983606554
2025-02-26,59.42622950819673,60.88114754098361
2025-02-27,59.63114754098361,60.65573770491803
2025-02-28,59.01639344262295,60.3483606557377
2025-03-03,59.221311475409834,60.102459016393446
2025-03-04,59.01639344262295,59.856557377049185
2025-03-05,58.81147540983606,59.631147540983605
2025-03-06,58.81147540983606,59.40573770491803
2025-03-07,58.606557377049185,59.20081967213114
2025-03-10,58.606557377049185,59.07786885245903
2025-03-11,58.19672131147541,58.9344262295082
2025-03-12,58.606557377049185,58.85245901639344
2025-03-13,58.40163934426229,58.72950819672131
2025-03-14,58.81147540983606,58.70901639344262
2025-03-17,58.40163934426229,58.627049180327866
2025-03-18,59.01639344262295,58.627049180327866
2025-03-19,58.81147540983606,58.627049180327866
2025-03-20,59.01639344262295,58.64754098360656
2025-03-21,59.01639344262295,58.68852459016394
2025-03-24,58.81147540983606,58.70901639344262
2025-03-25,58.19672131147541,58.70901639344262
2025-03-26,58.40163934426229,58.68852459016394
2025-03-27,57.786885245901644,58.627049180327866
2025-03-28,57.377049180327866,58.48360655737705
2025-03-31,56.76229508196722,58.319672131147534
2025-04-01,56.9672131147541,58.11475409836065
2025-04-02,56.557377049180324,57.88934426229508
2025-04-03,54.713114754098356,57.45901639344262
2025-04-04,53.278688524590166,56.88524590163935
2025-04-07,51.84426229508197,56.18852459016394
2025-04-08,50.0,55.36885245901639
2025-04-09,49.18032786885246,54.446721311475414
2025-04-10,48.36065573770492,53.50409836065573
2025-04-11,47.33606557377049,52.5
2025-04-14,46.10655737704918,51.4344262295082
2025-04-15,45.28688524590164,50.26639344262295
2025-04-16,43.85245901639344,48.99590163934426
2025-04-17,43.23770491803279,47.84836065573771
2025-04-21,42.82786885245902,46.80327868852459
2025-04-22,40.77868852459016,45.69672131147541
2025-04-23,39.75409836065574,44.67213114754098
2025-04-24,39.34426229508197,43.68852459016394
2025-04-25,38.9344262295082,42.74590163934427
2025-04-28,38.72950819672131,41.88524590163935
2025-04-29,38.9344262295082,41.16803278688525
2025-04-30,38.52459016393443,40.49180327868852
2025-05-01,37.704918032786885,39.87704918032787
2025-05-02,37.704918032786885,39.32377049180327
2025-05-05,36.885245901639344,38.72950819672131
2025-05-06,36.0655737704918,38.25819672131148
2025-05-07,35.86065573770492,37.868852459016395
2025-05-08,35.86065573770492,37.52049180327869
2025-05-09,36.0655737704918,37.23360655737705
2025-05-12,35.450819672131146,36.905737704918025
2025-05-13,35.040983606557376,36.51639344262295
2025-05-14,34.83606557377049,36.14754098360656
2025-05-15,34.83606557377049,35.86065573770492
2025-05-16,34.83606557377049,35.57377049180328
2025-05-19,34.63114754098361,35.34836065573771
2025-05-20,34.42622950819672,35.1844262295082
2025-05-21,34.63114754098361,35.06147540983606
2025-05-22,34.63114754098361,34.93852459016394
2025-05-23,34.42622950819672,34.77459016393443
2025-05-27,34.63114754098361,34.692622950819676
2025-05-28,35.040983606557376,34.692622950819676
2025-05-29,35.040983606557376,34.713114754098356
2025-05-30,35.040983606557376,34.73360655737705
2025-06-02,35.24590163934426,34.77459016393443
2025-06-03,34.83606557377049,34.795081967213115
2025-06-04,34.42622950819672,34.795081967213115
2025-06-05,34.42622950819672,34.77459016393443
2025-06-06,35.24590163934426,34.83606557377049
2025-06-09,35.86065573770492,34.97950819672131
2025-06-10,36.47540983606557,35.16393442622951
2025-06-11,36.885245901639344,35.3483606557377
2025-06-12,37.09016393442623,35.55327868852459
2025-06-13,37.09016393442623,35.75819672131148
2025-06-16,37.704918032786885,36.00409836065573
2025-06-17,38.52459016393443,36.37295081967213
2025-06-18,39.13934426229508,36.84426229508197
2025-06-20,40.36885245901639,37.43852459016394
2025-06-23,40.98360655737705,38.01229508196722
2025-06-24,41.59836065573771,38.58606557377049
2025-06-25,42.82786885245902,39.221311475409834
2025-06-26,42.82786885245902,39.81557377049181
2025-06-27,43.85245901639344,40.49180327868852
2025-06-30,44.26229508196721,41.20901639344262
2025-07-01,45.69672131147541,42.00819672131148
2025-07-02,47.33606557377049,42.88934426229508
2025-07-03,48.15573770491803,43.79098360655738
2025-07-07,48.77049180327869,44.631147540983605
2025-07-08,49.59016393442623,45.49180327868852
2025-07-09,50.204918032786885,46.35245901639344
2025-07-10,50.409836065573764,47.11065573770492
2025-07-11,51.02459016393443,47.93032786885245
2025-07-14,51.229508196721305,48.66803278688524
2025-07-15,52.04918032786885,49.44672131147541
2025-07-16,52.459016393442624,50.122950819672134
2025-07-17,53.48360655737705,50.73770491803278
2025-07-18,54.30327868852459,51.352459016393446
2025-07-21,55.122950819672134,51.98770491803278
2025-07-22,55.5327868852459,52.58196721311475
2025-07-23,55.942622950819676,53.15573770491803
2025-07-24,56.35245901639344,53.75
2025-07-25,56.9672131147541,54.34426229508197
2025-07-28,56.9672131147541,54.91803278688525
2025-07-29,57.17213114754098,55.430327868852466
2025-07-30,57.58196721311475,55.94262295081967
2025-07-31,57.99180327868852,56.393442622950815
2025-08-01,57.786885245901644,56.74180327868853
2025-08-04,57.786885245901644,57.00819672131148
2025-08-05,57.99180327868852,57.254098360655746
2025-08-06,58.40163934426229,57.5
2025-08-07,58.606557377049185,57.72540983606558
2025-08-08,59.83606557377049,58.0122950819672
2025-08-11,60.245901639344254,58.34016393442623
2025-08-12,60.245901639344254,58.64754098360656
2025-08-13,60.040983606557376,58.893442622950815
2025-08-14,60.040983606557376,59.0983606557377
2025-08-15,61.270491803278695,59.4467213114754
2025-08-18,61.47540983606557,59.8155737704918
2025-08-19,60.86065573770492,60.10245901639344
2025-08-20,60.65573770491803,60.32786885245902
2025-08-21,60.45081967213115,60.5122950819672
2025-08-22,61.065573770491795,60.63524590163935
2025-08-25,60.86065573770492,60.6967213114754
2025-08-26,61.47540983606557,60.819672131147534
2025-08-27,61.68032786885246,60.98360655737705
2025-08-28,62.090163934426236,61.18852459016394
2025-08-29,62.704918032786885,61.33196721311475
2025-09-02,63.52459016393443,61.53688524590164
2025-09-03,63.729508196721305,61.82377049180328
2025-09-04,64.54918032786885,62.21311475409836
2025-09-05,65.3688524590164,62.704918032786885
2025-09-08,66.39344262295081,63.23770491803278
2025-09-09,66.59836065573771,63.81147540983606
2025-09-10,67.21311475409836,64.38524590163935
2025-09-11,67.21311475409836,64.93852459016394
2025-09-12,67.21311475409836,65.45081967213115
2025-09-15,67.62295081967213,65.94262295081968
2025-09-16,68.64754098360656,66.45491803278688
2025-09-17,68.64754098360656,66.9467213114754
2025-09-18,68.64754098360656,67.35655737704919
2025-09-19,68.64754098360656,67.6844262295082
2025-09-22,68.0327868852459,67.84836065573771
2025-09-23,68.0327868852459,67.99180327868854
2025-09-24,68.44262295081968,68.11475409836065
2025-09-25,68.64754098360656,68.25819672131146
2025-09-26,68.44262295081968,68.3811475409836
2025-09-29,68.44262295081968,68.46311475409837
2025-09-30,68.44262295081968,68.44262295081968
2025-10-01,68.23770491803278,68.40163934426229
2025-10-02,67.82786885245902,68.31967213114754
2025-10-03,68.0327868852459,68.25819672131148
2025-10-06,68.0327868852459,68.25819672131148
2025-10-07,68.64754098360656,68.31967213114754
2025-10-08,68.85245901639344,68.36065573770492
2025-10-09,68.44262295081968,68.34016393442623
2025-10-10,68.44262295081968,68.34016393442623
2025-10-13,68.23770491803278,68.31967213114754
2025-10-14,68.0327868852459,68.27868852459017
2025-10-15,68.0327868852459,68.25819672131148
2025-10-16,67.82786885245902,68.25819672131146
2025-10-17,67.62295081967213,68.2172131147541
2025-10-20,67.62295081967213,68.17622950819673
2025-10-21,68.44262295081968,68.15573770491804
2025-10-22,68.44262295081968,68.11475409836066
2025-10-23,68.64754098360656,68.13524590163935
2025-10-24,68.64754098360656,68.15573770491804
2025-10-27,68.85245901639344,68.2172131147541
2025-10-28,68.64754098360656,68.27868852459017
2025-10-29,67.82786885245902,68.25819672131148
2025-10-30,67.62295081967213,68.23770491803279
2025-10-31,66.59836065573771,68.13524590163935
2025-11-03,66.39344262295081,68.01229508196721
2025-11-04,65.98360655737704,67.76639344262296
2025-11-05,66.39344262295081,67.56147540983606
2025-11-06,66.18852459016394,67.3155737704918
2025-11-07,65.57377049180327,67.00819672131146
2025-11-10,65.1639344262295,66.63934426229508
2025-11-11,64.75409836065575,66.25
2025-11-12,64.54918032786885,65.92213114754097
2025-11-13,64.75409836065575,65.63524590163935
2025-11-14,64.54918032786885,65.43032786885246
2025-11-17,63.729508196721305,65.1639344262295
2025-11-18,63.934426229508205,64.95901639344262
2025-11-19,63.52459016393443,64.67213114754098
2025-11-20,63.114754098360656,64.36475409836066
2025-11-21,63.114754098360656,64.1188524590164
2025-11-24,62.909836065573764,63.893442622950815
2025-11-25,62.704918032786885,63.68852459016394
2025-11-26,62.704918032786885,63.50409836065573
2025-11-28,63.114754098360656,63.34016393442623
2025-12-01,63.52459016393443,63.23770491803278
2025-12-02,63.31967213114754,63.196721311475414
2025-12-03,63.52459016393443,63.15573770491803
2025-12-04,63.31967213114754,63.13524590163934
2025-12-05,63.31967213114754,63.15573770491803
2025-12-08,63.31967213114754,63.17622950819672
2025-12-09,61.68032786885246,63.0532786885246
2025-12-10,62.090163934426236,62.99180327868852
2025-12-11,62.090163934426236,62.930327868852466
2025-12-12,61.885245901639344,62.80737704918033
2025-12-15,61.68032786885246,62.622950819672134
2025-12-16,61.68032786885246,62.45901639344262
2025-12-17,61.270491803278695,62.23360655737705
2025-12-18,61.065573770491795,62.00819672131148
2025-12-19,61.68032786885246,61.84426229508197
2025-12-22,61.47540983606557,61.65983606557377
2025-12-23,61.065573770491795,61.5983606557377
2025-12-24,60.45081967213115,61.4344262295082
2025-12-26,60.65573770491803,61.29098360655737
2025-12-29,60.65573770491803,61.168032786885234
2025-12-30,60.45081967213115,61.045081967213115
2025-12-31,60.040983606557376,60.881147540983605
2026-01-02,60.245901639344254,60.778688524590166
2026-01-05,60.245901639344254,60.6967213114754
2026-01-06,60.245901639344254,60.553278688524586
2026-01-07,60.245901639344254,60.43032786885245
2026-01-08,59.83606557377049,60.30737704918032
2026-01-09,59.42622950819673,60.204918032786885
2026-01-12,59.63114754098361,60.10245901639344
2026-01-13,59.63114754098361,60.0
2026-01-14,59.63114754098361,59.91803278688525
2026-01-15,59.63114754098361,59.877049180327866
2026-01-16,59.83606557377049,59.83606557377048
2026-01-20,60.245901639344254,59.8360655737705
2026-01-21,60.65573770491803,59.877049180327866
2026-01-22,59.83606557377049,59.8360655737705
2026-01-23,60.245901639344254,59.87704918032788
2026-01-26,60.245901639344254,59.95901639344262
2026-01-27,60.040983606557376,60.0
2026-01-28,60.040983606557376,60.04098360655738
2026-01-29,60.245901639344254,60.10245901639344
2026-01-30,60.45081967213115,60.18442622950819
2026-02-02,60.86065573770492,60.28688524590164
2026-02-03,60.65573770491803,60.32786885245902
2026-02-04,60.86065573770492,60.3483606557377
2026-02-05,60.86065573770492,60.450819672131146
2026-02-06,61.270491803278695,60.553278688524586
2026-02-09,62.090163934426236,60.73770491803278
2026-02-10,62.5,60.98360655737705
2026-02-11,62.295081967213115,61.20901639344262
2026-02-12,62.704918032786885,61.454918032786885
2026-02-13,62.909836065573764,61.700819672131146
2026-02-17,64.13934426229508,62.028688524590166
2026-02-18,64.54918032786885,62.418032786885234
2026-02-19,64.75409836065575,62.80737704918033
2026-02-20,65.3688524590164,63.25819672131147
2026-02-23,66.18852459016394,63.75
2026-02-24,65.98360655737704,64.13934426229508
2026-02-25,65.98360655737704,64.48770491803279
2026-02-26,65.98360655737704,64.85655737704919
2026-02-27,65.77868852459017,65.16393442622952
2026-03-02,67.00819672131148,65.57377049180329
2026-03-03,66.80327868852459,65.84016393442623
2026-03-04,67.62295081967213,66.14754098360655
2026-03-05,68.0327868852459,66.47540983606557
2026-03-06,68.0327868852459,66.74180327868854
2026-03-09,68.0327868852459,66.92622950819671
2026-03-10,68.64754098360656,67.19262295081967
2026-03-11,68.44262295081968,67.43852459016394
2026-03-12,68.23770491803278,67.6639344262295
2026-03-13,67.62295081967213,67.84836065573771
2026-03-16,67.41803278688525,67.88934426229507
2026-03-17,67.00819672131148,67.90983606557377
2026-03-18,67.00819672131148,67.84836065573771
2026-03-19,66.59836065573771,67.70491803278688
2026-03-20,65.57377049180327,67.45901639344262
2026-03-23,64.95901639344262,67.15163934426229
2026-03-24,64.75409836065575,66.76229508196721
2026-03-25,63.934426229508205,66.31147540983606
2026-03-26,63.52459016393443,65.84016393442623
2026-03-27,63.114754098360656,65.38934426229508
2026-03-30,61.885245901639344,64.8360655737705
2026-03-31,60.65573770491803,64.20081967213115
2026-04-01,60.040983606557376,63.50409836065573
2026-04-02,59.83606557377049,62.82786885245902
2026-04-06,59.63114754098361,62.23360655737705
2026-04-07,58.606557377049185,61.5983606557377
2026-04-08,58.40163934426229,60.96311475409836
2026-04-09,58.19672131147541,60.38934426229507
2026-04-10,57.58196721311475,59.795081967213115
2026-04-13,57.17213114754098,59.200819672131146
2026-04-14,57.17213114754098,58.72950819672131
2026-04-15,56.557377049180324,58.31967213114755
2026-04-16,56.14754098360656,57.93032786885245
2026-04-17,55.942622950819676,57.54098360655738
2026-04-20,56.14754098360656,57.19262295081967
2026-04-21,56.14754098360656,56.946721311475414
2026-04-22,56.35245901639344,56.74180327868852
2026-04-23,56.14754098360656,56.53688524590164
2026-04-24,55.73770491803278,56.35245901639344
2026-04-27,55.5327868852459,56.18852459016394
2026-04-28,55.32786885245902,56.00409836065573
2026-04-29,54.91803278688525,55.84016393442623
2026-04-30,54.50819672131148,55.67622950819672
2026-05-01,54.50819672131148,55.5327868852459
2026-05-04,53.893442622950815,55.30737704918033
2026-05-05,54.30327868852459,55.122950819672134
2026-05-06,54.09836065573771,54.897540983606554
2026-05-07,54.09836065573771,54.69262295081967
2026-05-08,53.893442622950815,54.50819672131148
2026-05-11,53.68852459016394,54.32377049180328
2026-05-12,53.278688524590166,54.118852459016395
2026-05-13,52.66393442622951,53.893442622950815
2026-05-14,52.66393442622951,53.70901639344262
2026-05-15,52.459016393442624,53.50409836065573
2026-05-18,52.66393442622951,53.38114754098361
2026-05-19,52.66393442622951,53.2172131147541
2026-05-20,52.66393442622951,53.07377049180328
2026-05-21,52.459016393442624,52.90983606557377
2026-05-22,52.66393442622951,52.786885245901644
2026-05-26,52.66393442622951,52.6844262295082
2026-05-27,53.07377049180327,52.66393442622952
2026-05-28,53.278688524590166,52.72540983606558
2026-05-29,53.278688524590166,52.78688524590164
2026-06-01,53.893442622950815,52.930327868852466
2026-06-02,54.91803278688525,53.15573770491803
2026-06-03,55.32786885245902,53.42213114754098
2026-06-04,55.32786885245902,53.68852459016394
2026-06-05,55.73770491803278,54.01639344262295
2026-06-08,56.557377049180324,54.40573770491803
2026-06-09,56.76229508196722,54.8155737704918
2026-06-10,56.9672131147541,55.204918032786885
2026-06-11,57.17213114754098,55.59426229508197
2026-06-12,56.76229508196722,55.94262295081967
2026-06-15,57.377049180327866,56.29098360655738
2026-06-16,57.58196721311475,56.55737704918033
2026-06-17,57.58196721311475,56.7827868852459
2026-06-18,57.17213114754098,56.9672131147541
2026-06-22,57.17213114754098,57.11065573770492
2026-06-23,57.17213114754098,57.17213114754098
2026-06-24,57.58196721311475,57.25409836065573
2026-06-25,57.17213114754098,57.27459016393442
2026-06-26,57.17213114754098,57.27459016393442
2026-06-29,57.58196721311475,57.356557377049185
2026-06-30,57.786885245901644,57.39754098360656
2026-07-01,58.40163934426229,57.479508196721305
2026-07-02,58.606557377049185,57.58196721311475
2026-07-06,58.81147540983606,57.74590163934427
2026-07-07,58.40163934426229,57.868852459016395
2026-07-08,58.40163934426229,57.99180327868852
2026-07-09,58.81147540983606,58.11475409836066
2026-07-10,59.01639344262295,58.299180327868854
2026-07-13,59.42622950819673,58.524590163934434
2026-07-14,59.63114754098361,58.729508196721305
2026-07-15,59.63114754098361,58.9139344262295
2026-07-16,60.040983606557376,59.07786885245902
2026-07-17,60.040983606557376,59.22131147540985
2026-07-20,60.245901639344254,59.36475409836065
2026-07-21,60.65573770491803,59.59016393442622
2026-07-22,60.65573770491803,59.8155737704918
2026-07-23,61.270491803278695,60.06147540983606
2026-07-24,61.47540983606557,60.30737704918033
2026-07-27,61.68032786885246,60.5327868852459
2026-07-28,62.5,60.81967213114755
2026-07-29,62.704918032786885,61.127049180327866
2026-07-30,63.114754098360656,61.4344262295082
2026-07-31,63.934426229508205,61.82377049180327
2026-08-03,64.13934426229508,62.21311475409836
2026-08-04,64.34426229508196,62.581967213114766
2026-08-05,64.95901639344262,63.01229508196722
2026-08-06,65.77868852459017,63.463114754098356
2026-08-07,66.59836065573771,63.97540983606558
2026-08-10,66.80327868852459,64.48770491803279
2026-08-11,67.00819672131148,64.93852459016394
2026-08-12,68.0327868852459,65.47131147540983
2026-08-13,68.44262295081968,66.00409836065573
2026-08-14,68.44262295081968,66.45491803278689
2026-08-17,68.44262295081968,66.88524590163935
2026-08-18,68.85245901639344,67.33606557377048
2026-08-19,68.85245901639344,67.72540983606558
2026-08-20,69.26229508196722,68.07377049180329
2026-08-21,69.4672131147541,68.36065573770492
2026-08-24,68.85245901639344,68.56557377049181
2026-08-25,69.26229508196722,68.79098360655738
2026-08-26,69.05737704918032,68.89344262295083
2026-08-27,69.26229508196722,68.97540983606558
2026-08-28,69.05737704918032,69.03688524590163
2026-08-31,69.4672131147541,69.13934426229508
2026-09-01,69.87704918032787,69.24180327868854
2026-09-02,69.87704918032787,69.34426229508196
2026-09-03,70.28688524590164,69.44672131147541
2026-09-04,70.49180327868852,69.54918032786885
2026-09-08,70.28688524590164,69.69262295081967
2026-09-09,70.28688524590164,69.79508196721312
2026-09-10,70.90163934426229,69.97950819672131
2026-09-11,70.69672131147541,70.12295081967213
2026-09-14,70.28688524590164,70.24590163934427
2026-09-15,70.28688524590164,70.32786885245902
2026-09-16,69.87704918032787,70.32786885245902
2026-09-17,69.87704918032787,70.32786885245903
2026-09-18,69.05737704918032,70.20491803278688
2026-09-21,68.64754098360656,70.0204918032787
2026-09-22,68.23770491803278,69.8155737704918
2026-09-23,67.82786885245902,69.56967213114754
2026-09-24,67.00819672131148,69.18032786885246
2026-09-25,67.00819672131148,68.81147540983606
2026-09-28,67.00819672131148,68.48360655737704
2026-09-29,66.59836065573771,68.11475409836065
2026-09-30,65.98360655737704,67.72540983606558
2026-10-01,65.57377049180327,67.29508196721312
2026-10-02,64.75409836065575,66.86475409836066
2026-10-05,63.31967213114754,66.33196721311475
2026-10-06,63.52459016393443,65.86065573770493
