Date,MACD_Breadth
2003-01-02,52.054794520547944
2003-01-03,55.61643835616439
2003-01-06,62.19178082191781
2003-01-07,65.47945205479452
2003-01-08,63.013698630136986
2003-01-09,65.20547945205479
2003-01-10,67.67123287671232
2003-01-13,68.21917808219177
2003-01-14,69.12568306010928
2003-01-15,66.66666666666666
2003-01-16,64.20765027322405
2003-01-17,61.30790190735694
2003-01-21,53.13351498637602
2003-01-22,44.4141689373297
2003-01-23,41.689373297002724
2003-01-24,35.967302452316076
2003-01-27,30.24523160762943
2003-01-28,25.885558583106267
2003-01-29,24.250681198910083
2003-01-30,21.798365122615802
2003-01-31,21.25340599455041
2003-02-03,21.525885558583106
2003-02-04,20.98092643051771
2003-02-05,20.435967302452315
2003-02-06,19.618528610354225
2003-02-07,18.52861035422343
2003-02-10,19.07356948228883
2003-02-11,18.52861035422343
2003-02-12,14.986376021798364
2003-02-13,13.623978201634879
2003-02-14,14.713896457765669
2003-02-18,17.983651226158038
2003-02-19,20.708446866485016
2003-02-20,22.070844686648503
2003-02-21,25.068119891008173
2003-02-24,25.340599455040874
2003-02-25,28.882833787465938
2003-02-26,29.427792915531338
2003-02-27,31.33514986376022
2003-02-28,32.15258855585831
2003-03-03,33.5149863760218
2003-03-04,32.69754768392371
2003-03-05,33.787465940054496
2003-03-06,33.5149863760218
2003-03-07,33.787465940054496
2003-03-10,30.517711171662125
2003-03-11,28.337874659400548
2003-03-12,26.70299727520436
2003-03-13,28.337874659400548
2003-03-14,30.517711171662125
2003-03-17,35.42234332425068
2003-03-18,43.869209809264305
2003-03-19,51.49863760217984
2003-03-20,58.855585831062676
2003-03-21,69.20980926430518
2003-03-24,70.57220708446866
2003-03-25,71.93460490463215
2003-03-26,73.29700272479565
2003-03-27,72.47956403269755
2003-03-28,71.93460490463215
2003-03-31,68.93732970027247
2003-04-01,67.57493188010899
2003-04-02,72.47956403269755
2003-04-03,73.84196185286103
2003-04-04,73.02452316076294
2003-04-07,76.02179836512262
2003-04-08,75.74931880108991
2003-04-09,73.29700272479565
2003-04-10,73.02452316076294
2003-04-11,72.75204359673025
2003-04-14,74.38692098092643
2003-04-15,76.29427792915531
2003-04-16,77.9291553133515
2003-04-17,79.56403269754769
2003-04-21,79.83651226158038
2003-04-22,83.10626702997274
2003-04-23,84.46866485013625
2003-04-24,85.83106267029973
2003-04-25,84.46866485013625
2003-04-28,85.83106267029973
2003-04-29,87.19346049046321
2003-04-30,88.0108991825613
2003-05-01,87.19346049046321
2003-05-02,88.0108991825613
2003-05-05,89.64577656675749
2003-05-06,90.73569482288828
2003-05-07,91.28065395095368
2003-05-08,91.00817438692098
2003-05-09,92.09809264305177
2003-05-12,92.64305177111717
2003-05-13,92.09809264305177
2003-05-14,92.64305177111717
2003-05-15,93.73297002724796
2003-05-16,93.73297002724796
2003-05-19,92.09809264305177
2003-05-20,90.73569482288828
2003-05-21,89.3732970027248
2003-05-22,88.28337874659401
2003-05-23,86.10354223433242
2003-05-27,87.19346049046321
2003-05-28,87.19346049046321
2003-05-29,86.64850136239782
2003-05-30,88.0108991825613
2003-06-02,88.5558583106267
2003-06-03,90.19073569482289
2003-06-04,92.09809264305177
2003-06-05,93.18801089918256
2003-06-06,94.00544959128065
2003-06-09,93.46049046321527
2003-06-10,93.18801089918256
2003-06-11,93.73297002724796
2003-06-12,94.00544959128065
2003-06-13,93.18801089918256
2003-06-16,93.46049046321527
2003-06-17,93.73297002724796
2003-06-18,93.46049046321527
2003-06-19,92.09809264305177
2003-06-20,90.73569482288828
2003-06-23,88.5558583106267
2003-06-24,87.19346049046321
2003-06-25,84.19618528610354
2003-06-26,83.92370572207084
2003-06-27,81.19891008174388
2003-06-30,77.9291553133515
2003-07-01,76.02179836512262
2003-07-02,76.83923705722071
2003-07-03,75.74931880108991
2003-07-07,74.93188010899182
2003-07-08,77.11171662125341
2003-07-09,77.3841961852861
2003-07-10,76.29427792915531
2003-07-11,75.20435967302453
2003-07-14,76.83923705722071
2003-07-15,75.47683923705722
2003-07-16,74.65940054495913
2003-07-17,70.84468664850137
2003-07-18,70.29972752043598
2003-07-21,65.9400544959128
2003-07-22,64.85013623978202
2003-07-23,64.03269754768392
2003-07-24,61.30790190735694
2003-07-25,63.21525885558583
2003-07-28,63.48773841961853
2003-07-29,63.48773841961853
2003-07-30,63.48773841961853
2003-07-31,62.94277929155313
2003-08-01,60.76294277929155
2003-08-04,59.40054495912806
2003-08-05,55.313351498637594
2003-08-06,52.86103542234333
2003-08-07,52.44565217391305
2003-08-08,53.2608695652174
2003-08-11,55.434782608695656
2003-08-12,57.88043478260869
2003-08-13,58.96739130434783
2003-08-14,61.684782608695656
2003-08-15,63.858695652173914
2003-08-18,65.48913043478261
2003-08-19,69.56521739130434
2003-08-20,70.65217391304348
2003-08-21,72.55434782608695
2003-08-22,71.73913043478261
2003-08-25,71.46739130434783
2003-08-26,72.82608695652173
2003-08-27,72.82608695652173
2003-08-28,73.36956521739131
2003-08-29,73.6413043478261
2003-09-02,76.08695652173914
2003-09-03,79.34782608695652
2003-09-04,81.79347826086956
2003-09-05,82.6086956521739
2003-09-08,83.15217391304348
2003-09-09,84.78260869565217
2003-09-10,83.96739130434783
2003-09-11,82.33695652173914
2003-09-12,81.79347826086956
2003-09-15,81.25
2003-09-16,83.15217391304348
2003-09-17,82.88043478260869
2003-09-18,86.41304347826086
2003-09-19,85.59782608695652
2003-09-22,82.33695652173914
2003-09-23,80.43478260869566
2003-09-24,74.72826086956522
2003-09-25,70.38043478260869
2003-09-26,61.95652173913043
2003-09-29,59.2391304347826
2003-09-30,55.16304347826087
2003-10-01,56.25
2003-10-02,57.88043478260869
2003-10-03,63.04347826086957
2003-10-06,67.93478260869566
2003-10-07,70.65217391304348
2003-10-08,72.82608695652173
2003-10-09,75.27173913043478
2003-10-10,76.90217391304348
2003-10-13,79.34782608695652
2003-10-14,81.79347826086956
2003-10-15,83.42391304347827
2003-10-16,84.78260869565217
2003-10-17,82.88043478260869
2003-10-20,81.79347826086956
2003-10-21,80.43478260869566
2003-10-22,77.71739130434783
2003-10-23,76.08695652173914
2003-10-24,73.6413043478261
2003-10-27,72.01086956521739
2003-10-28,73.91304347826086
2003-10-29,75.27173913043478
2003-10-30,75.27173913043478
2003-10-31,75.81521739130434
2003-11-03,77.17391304347827
2003-11-04,76.63043478260869
2003-11-05,76.63043478260869
2003-11-06,76.08695652173914
2003-11-07,76.3586956521739
2003-11-10,75.88075880758808
2003-11-11,73.71273712737127
2003-11-12,75.06775067750678
2003-11-13,75.88075880758808
2003-11-14,75.60975609756098
2003-11-17,73.17073170731707
2003-11-18,69.10569105691057
2003-11-19,66.39566395663957
2003-11-20,64.22764227642277
2003-11-21,63.143631436314365
2003-11-24,64.22764227642277
2003-11-25,65.85365853658537
2003-11-26,69.10569105691057
2003-11-28,69.37669376693766
2003-12-01,75.33875338753387
2003-12-02,76.96476964769647
2003-12-03,79.40379403794037
2003-12-04,81.84281842818429
2003-12-05,81.84281842818429
2003-12-08,81.57181571815718
2003-12-09,79.40379403794037
2003-12-10,78.31978319783198
2003-12-11,78.04878048780488
2003-12-12,78.04878048780488
2003-12-15,76.96476964769647
2003-12-16,76.15176151761518
2003-12-17,75.06775067750678
2003-12-18,75.33875338753387
2003-12-19,75.06775067750678
2003-12-22,76.69376693766937
2003-12-23,79.40379403794037
2003-12-24,79.94579945799458
2003-12-26,81.02981029810297
2003-12-29,82.65582655826557
2003-12-30,84.5528455284553
2003-12-31,84.5528455284553
2004-01-02,84.82384823848238
2004-01-05,85.90785907859079
2004-01-06,87.53387533875339
2004-01-07,87.26287262872629
2004-01-08,85.13513513513513
2004-01-09,85.13513513513513
2004-01-12,84.05405405405405
2004-01-13,82.97297297297297
2004-01-14,82.16216216216216
2004-01-15,81.89189189189189
2004-01-16,82.16216216216216
2004-01-20,82.16216216216216
2004-01-21,83.51351351351352
2004-01-22,83.51351351351352
2004-01-23,84.32432432432432
2004-01-26,84.32432432432432
2004-01-27,82.97297297297297
2004-01-28,80.0
2004-01-29,78.64864864864865
2004-01-30,76.21621621621621
2004-02-02,73.51351351351352
2004-02-03,72.70270270270271
2004-02-04,70.0
2004-02-05,65.67567567567568
2004-02-06,67.83783783783784
2004-02-09,66.75675675675676
2004-02-10,67.29729729729729
2004-02-11,70.0
2004-02-12,70.8108108108108
2004-02-13,72.43243243243244
2004-02-17,74.86486486486487
2004-02-18,75.4054054054054
2004-02-19,74.5945945945946
2004-02-20,73.78378378378379
2004-02-23,69.1891891891892
2004-02-24,67.02702702702703
2004-02-25,64.5945945945946
2004-02-26,66.21621621621621
2004-02-27,67.56756756756756
2004-03-01,67.56756756756756
2004-03-02,69.45945945945947
2004-03-03,70.27027027027027
2004-03-04,70.54054054054055
2004-03-05,70.54054054054055
2004-03-08,69.45945945945947
2004-03-09,69.1891891891892
2004-03-10,64.5945945945946
2004-03-11,60.27027027027027
2004-03-12,59.299191374663074
2004-03-15,51.482479784366575
2004-03-16,47.16981132075472
2004-03-17,46.900269541778975
2004-03-18,48.24797843665768
2004-03-19,47.16981132075472
2004-03-22,44.474393530997304
2004-03-23,40.700808625336926
2004-03-24,39.35309973045822
2004-03-25,37.46630727762803
2004-03-26,36.65768194070081
2004-03-29,40.43126684636118
2004-03-30,46.900269541778975
2004-03-31,51.482479784366575
2004-04-01,56.8733153638814
2004-04-02,65.22911051212938
2004-04-05,69.54177897574124
2004-04-06,74.66307277628033
2004-04-07,75.47169811320755
2004-04-08,73.31536388140162
2004-04-12,71.42857142857143
2004-04-13,68.73315363881402
2004-04-14,64.42048517520216
2004-04-15,63.61185983827493
2004-04-16,64.42048517520216
2004-04-19,63.881401617250674
2004-04-20,60.64690026954178
2004-04-21,59.83827493261455
2004-04-22,60.64690026954178
2004-04-23,61.18598382749326
2004-04-26,61.18598382749326
2004-04-27,60.91644204851752
2004-04-28,58.490566037735846
2004-04-29,55.525606469002696
2004-04-30,51.482479784366575
2004-05-03,49.865229110512125
2004-05-04,49.865229110512125
2004-05-05,47.97843665768194
2004-05-06,44.74393530997305
2004-05-07,39.35309973045822
2004-05-10,34.50134770889488
2004-05-11,30.18867924528302
2004-05-12,29.919137466307276
2004-05-13,28.30188679245283
2004-05-14,27.22371967654987
2004-05-17,25.067385444743934
2004-05-18,24.528301886792452
2004-05-19,23.98921832884097
2004-05-20,24.258760107816713
2004-05-21,25.87601078167116
2004-05-24,26.41509433962264
2004-05-25,30.45822102425876
2004-05-26,35.04043126684636
2004-05-27,41.77897574123989
2004-05-28,49.865229110512125
2004-06-01,54.44743935309974
2004-06-02,59.299191374663074
2004-06-03,60.37735849056604
2004-06-04,64.95956873315365
2004-06-07,70.08086253369272
2004-06-08,75.2021563342318
2004-06-09,76.01078167115904
2004-06-10,77.088948787062
2004-06-14,75.2021563342318
2004-06-15,76.81940700808624
2004-06-16,76.81940700808624
2004-06-17,76.81940700808624
2004-06-18,75.74123989218329
2004-06-21,73.8544474393531
2004-06-22,73.31536388140162
2004-06-23,74.66307277628033
2004-06-24,76.81940700808624
2004-06-25,78.16711590296495
2004-06-28,77.89757412398922
2004-06-29,77.89757412398922
2004-06-30,77.088948787062
2004-07-01,74.39353099730458
2004-07-02,73.58490566037736
2004-07-06,73.31536388140162
2004-07-07,71.15902964959568
2004-07-08,66.57681940700809
2004-07-09,63.61185983827493
2004-07-12,61.725067385444746
2004-07-13,58.490566037735846
2004-07-14,56.8733153638814
2004-07-15,55.525606469002696
2004-07-16,54.17789757412399
2004-07-19,52.68817204301075
2004-07-20,52.1505376344086
2004-07-21,48.655913978494624
2004-07-22,44.086021505376344
2004-07-23,39.784946236559136
2004-07-26,36.29032258064516
2004-07-27,34.40860215053764
2004-07-28,34.13978494623656
2004-07-29,34.316353887399465
2004-07-30,38.069705093833775
2004-08-02,40.75067024128686
2004-08-03,41.8230563002681
2004-08-04,41.8230563002681
2004-08-05,39.14209115281501
2004-08-06,34.316353887399465
2004-08-09,29.49061662198391
2004-08-10,28.150134048257375
2004-08-11,28.686327077747993
2004-08-12,27.07774798927614
2004-08-13,27.07774798927614
2004-08-16,29.2225201072386
2004-08-17,32.62032085561498
2004-08-18,37.16577540106952
2004-08-19,39.3048128342246
2004-08-20,42.780748663101605
2004-08-23,46.79144385026738
2004-08-24,49.73262032085562
2004-08-25,54.01069518716578
2004-08-26,55.88235294117647
2004-08-27,58.55614973262032
2004-08-30,60.16042780748663
2004-08-31,61.49732620320856
2004-09-01,64.43850267379679
2004-09-02,69.78609625668449
2004-09-03,72.99465240641712
2004-09-07,77.54010695187165
2004-09-08,78.34224598930481
2004-09-09,78.87700534759358
2004-09-10,80.21390374331551
2004-09-13,82.35294117647058
2004-09-14,83.9572192513369
2004-09-15,84.49197860962568
2004-09-16,84.22459893048129
2004-09-17,85.29411764705883
2004-09-20,84.75935828877004
2004-09-21,85.06666666666666
2004-09-22,81.06666666666666
2004-09-23,78.93333333333334
2004-09-24,76.657824933687
2004-09-27,71.61803713527851
2004-09-28,71.08753315649867
2004-09-29,70.55702917771883
2004-09-30,72.41379310344827
2004-10-01,75.86206896551724
2004-10-04,78.77984084880637
2004-10-05,78.51458885941645
2004-10-06,79.84084880636605
2004-10-07,79.84084880636605
2004-10-08,78.24933687002653
2004-10-11,77.71883289124668
2004-10-12,75.59681697612733
2004-10-13,72.14854111405835
2004-10-14,68.70026525198939
2004-10-15,65.78249336870027
2004-10-18,63.660477453580896
2004-10-19,58.620689655172406
2004-10-20,57.294429708222815
2004-10-21,57.02917771883289
2004-10-22,55.172413793103445
2004-10-25,54.11140583554377
2004-10-26,54.11140583554377
2004-10-27,58.09018567639257
2004-10-28,62.864721485411145
2004-10-29,66.04774535809018
2004-11-01,67.90450928381962
2004-11-02,68.96551724137932
2004-11-03,73.47480106100795
2004-11-04,77.9840848806366
2004-11-05,81.43236074270557
2004-11-08,84.08488063660478
2004-11-09,86.20689655172413
2004-11-10,88.06366047745358
2004-11-11,89.12466843501326
2004-11-12,89.65517241379311
2004-11-15,90.98143236074272
2004-11-16,90.71618037135278
2004-11-17,90.98143236074272
2004-11-18,90.98143236074272
2004-11-19,90.71618037135278
2004-11-22,90.71618037135278
2004-11-23,90.18567639257294
2004-11-24,90.18567639257294
2004-11-26,89.92042440318302
2004-11-29,89.38992042440319
2004-11-30,88.59416445623343
2004-12-01,89.12466843501326
2004-12-02,90.18567639257294
2004-12-03,90.71618037135278
2004-12-06,90.47619047619048
2004-12-07,88.35978835978835
2004-12-08,87.83068783068782
2004-12-09,87.03703703703704
2004-12-10,84.92063492063492
2004-12-13,84.65608465608466
2004-12-14,85.44973544973546
2004-12-15,85.97883597883597
2004-12-16,87.03703703703704
2004-12-17,85.71428571428571
2004-12-20,85.97883597883597
2004-12-21,87.3015873015873
2004-12-22,87.3015873015873
2004-12-23,87.03703703703704
2004-12-27,87.56613756613757
2004-12-28,86.80738786279683
2004-12-29,87.33509234828496
2004-12-30,87.86279683377309
2004-12-31,88.12664907651715
2005-01-03,85.75197889182058
2005-01-04,80.73878627968337
2005-01-05,74.40633245382587
2005-01-06,67.28232189973615
2005-01-07,60.4221635883905
2005-01-10,55.93667546174142
2005-01-11,51.45118733509235
2005-01-12,49.340369393139845
2005-01-13,46.437994722955146
2005-01-14,45.11873350923483
2005-01-18,48.02110817941953
2005-01-19,47.229551451187334
2005-01-20,47.4934036939314
2005-01-21,45.26315789473684
2005-01-24,41.31578947368421
2005-01-25,40.78947368421053
2005-01-26,41.578947368421055
2005-01-27,41.05263157894737
2005-01-28,41.05263157894737
2005-01-31,43.684210526315795
2005-02-01,46.578947368421055
2005-02-02,48.1578947368421
2005-02-03,50.78947368421053
2005-02-04,57.10526315789474
2005-02-07,59.73684210526316
2005-02-08,61.31578947368421
2005-02-09,62.36842105263158
2005-02-10,61.05263157894737
2005-02-11,63.68421052631579
2005-02-14,64.21052631578948
2005-02-15,65.52631578947368
2005-02-16,66.84210526315789
2005-02-17,66.57894736842105
2005-02-18,66.05263157894737
2005-02-22,63.68421052631579
2005-02-23,62.36842105263158
2005-02-24,61.31578947368421
2005-02-25,61.05263157894737
2005-02-28,61.8421052631579
2005-03-01,64.21052631578948
2005-03-02,66.3157894736842
2005-03-03,67.63157894736842
2005-03-04,68.94736842105263
2005-03-07,71.3157894736842
2005-03-08,72.36842105263158
2005-03-09,71.05263157894737
2005-03-10,70.52631578947368
2005-03-11,67.36842105263158
2005-03-14,67.10526315789474
2005-03-15,65.52631578947368
2005-03-16,61.31578947368421
2005-03-17,58.42105263157895
2005-03-18,55.78947368421052
2005-03-21,52.89473684210526
2005-03-22,48.1578947368421
2005-03-23,43.42105263157895
2005-03-24,41.578947368421055
2005-03-28,40.0
2005-03-29,33.94736842105263
2005-03-30,34.473684210526315
2005-03-31,34.73684210526316
2005-04-01,33.94736842105263
2005-04-04,33.94736842105263
2005-04-05,35.26315789473684
2005-04-06,37.10526315789473
2005-04-07,40.78947368421053
2005-04-08,40.0
2005-04-11,40.0
2005-04-12,42.63157894736842
2005-04-13,41.31578947368421
2005-04-14,36.578947368421055
2005-04-15,31.57894736842105
2005-04-18,27.89473684210526
2005-04-19,27.368421052631582
2005-04-20,25.0
2005-04-21,26.57894736842105
2005-04-22,27.368421052631582
2005-04-25,31.05263157894737
2005-04-26,31.31578947368421
2005-04-27,31.31578947368421
2005-04-28,30.789473684210527
2005-04-29,32.631578947368425
2005-05-02,36.578947368421055
2005-05-03,39.21052631578947
2005-05-04,42.63157894736842
2005-05-05,44.473684210526315
2005-05-06,47.89473684210526
2005-05-09,51.31578947368421
2005-05-10,52.63157894736842
2005-05-11,54.736842105263165
2005-05-12,54.21052631578947
2005-05-13,53.421052631578945
2005-05-16,54.473684210526315
2005-05-17,56.57894736842105
2005-05-18,59.73684210526316
2005-05-19,63.25459317585301
2005-05-20,67.45406824146981
2005-05-23,70.34120734908137
2005-05-24,72.96587926509186
2005-05-25,73.49081364829397
2005-05-26,74.54068241469817
2005-05-27,76.37795275590551
2005-05-31,76.11548556430446
2005-06-01,79.00262467191601
2005-06-02,79.79002624671917
2005-06-03,79.79002624671917
2005-06-06,80.0524934383202
2005-06-07,80.0524934383202
2005-06-08,78.74015748031496
2005-06-09,77.95275590551181
2005-06-10,77.16535433070865
2005-06-13,77.16535433070865
2005-06-14,77.16535433070865
2005-06-15,77.95275590551181
2005-06-16,79.52755905511812
2005-06-17,80.83989501312337
2005-06-20,81.62729658792651
2005-06-21,81.10236220472441
2005-06-22,80.83989501312337
2005-06-23,78.74015748031496
2005-06-24,76.64041994750657
2005-06-27,71.39107611548556
2005-06-28,70.34120734908137
2005-06-29,68.76640419947506
2005-06-30,66.92913385826772
2005-07-01,65.87926509186352
2005-07-05,65.87926509186352
2005-07-06,66.40419947506561
2005-07-07,67.19160104986877
2005-07-08,68.76640419947506
2005-07-11,72.44094488188976
2005-07-12,74.54068241469817
2005-07-13,76.11548556430446
2005-07-14,76.9028871391076
2005-07-15,78.74015748031496
2005-07-18,79.00262467191601
2005-07-19,80.83989501312337
2005-07-20,82.41469816272966
2005-07-21,82.67716535433071
2005-07-22,83.46456692913385
2005-07-25,82.41469816272966
2005-07-26,81.62729658792651
2005-07-27,80.5774278215223
2005-07-28,81.62729658792651
2005-07-29,82.1522309711286
2005-08-01,82.41469816272966
2005-08-02,81.88976377952756
2005-08-03,81.41361256544502
2005-08-04,80.89005235602095
2005-08-05,78.27225130890052
2005-08-08,72.25130890052355
2005-08-09,68.58638743455498
2005-08-10,64.13612565445025
2005-08-11,62.04188481675392
2005-08-12,60.20942408376963
2005-08-15,58.37696335078534
2005-08-16,54.712041884816756
2005-08-17,52.35602094240838
2005-08-18,50.523560209424076
2005-08-19,48.42931937172775
2005-08-22,47.12041884816754
2005-08-23,47.64397905759162
2005-08-24,46.07329842931937
2005-08-25,46.21409921671018
2005-08-26,43.86422976501306
2005-08-29,41.253263707571804
2005-08-30,41.253263707571804
2005-08-31,42.03655352480418
2005-09-01,45.43080939947781
2005-09-02,47.78067885117493
2005-09-06,52.48041775456919
2005-09-07,55.35248041775457
2005-09-08,56.39686684073107
2005-09-09,59.530026109660575
2005-09-12,63.18537859007834
2005-09-13,65.0130548302872
2005-09-14,63.44647519582245
2005-09-15,63.44647519582245
2005-09-16,63.802083333333336
2005-09-19,61.979166666666664
2005-09-20,58.333333333333336
2005-09-21,52.34375
2005-09-22,48.95833333333333
2005-09-23,45.83333333333333
2005-09-26,44.01041666666667
2005-09-27,45.3125
2005-09-28,45.57291666666667
2005-09-29,47.91666666666667
2005-09-30,52.083333333333336
2005-10-03,53.90625
2005-10-04,54.427083333333336
2005-10-05,52.864583333333336
2005-10-06,46.875
2005-10-07,42.1875
2005-10-10,40.10416666666667
2005-10-11,37.23958333333333
2005-10-12,33.33333333333333
2005-10-13,28.385416666666668
2005-10-14,27.34375
2005-10-17,27.864583333333332
2005-10-18,28.125
2005-10-19,32.55208333333333
2005-10-20,32.20779220779221
2005-10-21,32.72727272727273
2005-10-24,36.103896103896105
2005-10-25,38.701298701298704
2005-10-26,41.03896103896104
2005-10-27,38.961038961038966
2005-10-28,41.2987012987013
2005-10-31,43.63636363636363
2005-11-01,48.311688311688314
2005-11-02,51.42857142857142
2005-11-03,54.54545454545454
2005-11-04,57.66233766233766
2005-11-07,60.259740259740255
2005-11-08,61.81818181818181
2005-11-09,62.33766233766234
2005-11-10,67.79220779220779
2005-11-11,68.83116883116884
2005-11-14,69.61038961038962
2005-11-15,70.64935064935065
2005-11-16,72.20779220779221
2005-11-17,72.98701298701299
2005-11-18,73.76623376623377
2005-11-21,75.84415584415585
2005-11-22,80.0
2005-11-23,82.07792207792208
2005-11-25,84.93506493506493
2005-11-28,85.71428571428571
2005-11-29,85.71428571428571
2005-11-30,85.45454545454545
2005-12-01,87.01298701298701
2005-12-02,87.01298701298701
2005-12-05,87.53246753246754
2005-12-06,87.27272727272727
2005-12-07,87.27272727272727
2005-12-08,87.01298701298701
2005-12-09,85.71428571428571
2005-12-12,85.45454545454545
2005-12-13,85.19480519480518
2005-12-14,85.45454545454545
2005-12-15,85.45454545454545
2005-12-16,84.15584415584415
2005-12-19,82.07792207792208
2005-12-20,78.44155844155844
2005-12-21,76.62337662337663
2005-12-22,75.90673575129534
2005-12-23,75.64766839378238
2005-12-27,73.05699481865285
2005-12-28,72.02072538860104
2005-12-29,69.43005181347151
2005-12-30,68.13471502590673
2006-01-03,67.61658031088082
2006-01-04,67.61658031088082
2006-01-05,70.72538860103627
2006-01-06,76.16580310880829
2006-01-09,80.05181347150258
2006-01-10,82.90155440414507
2006-01-11,83.93782383419689
2006-01-12,83.16062176165802
2006-01-13,82.64248704663213
2006-01-17,80.31088082901555
2006-01-18,78.75647668393782
2006-01-19,77.97927461139896
2006-01-20,74.09326424870466
2006-01-23,71.24352331606218
2006-01-24,67.61658031088082
2006-01-25,65.80310880829016
2006-01-26,65.80310880829016
2006-01-27,67.61658031088082
2006-01-30,69.50904392764858
2006-01-31,68.9922480620155
2006-02-01,68.47545219638242
2006-02-02,67.44186046511628
2006-02-03,64.34108527131784
2006-02-06,62.532299741602074
2006-02-07,59.43152454780362
2006-02-08,58.39793281653747
2006-02-09,58.39793281653747
2006-02-10,57.88113695090439
2006-02-13,56.58914728682171
2006-02-14,58.39793281653747
2006-02-15,61.49870801033591
2006-02-16,65.37467700258398
2006-02-17,68.21705426356588
2006-02-21,70.28423772609818
2006-02-22,72.3514211886305
2006-02-23,72.09302325581395
2006-02-24,73.1266149870801
2006-02-27,75.1937984496124
2006-02-28,73.64341085271317
2006-03-01,74.93540051679587
2006-03-02,75.1937984496124
2006-03-03,75.0
2006-03-06,74.74226804123711
2006-03-07,71.90721649484536
2006-03-08,68.81443298969072
2006-03-09,66.49484536082474
2006-03-10,66.49484536082474
2006-03-13,65.97938144329896
2006-03-14,67.86632390745501
2006-03-15,71.2082262210797
2006-03-16,71.97943444730078
2006-03-17,73.7789203084833
2006-03-20,74.55012853470437
2006-03-21,73.00771208226222
2006-03-22,73.26478149100257
2006-03-23,72.75064267352185
2006-03-24,71.46529562982005
2006-03-27,71.72236503856041
2006-03-28,71.97943444730078
2006-03-29,72.23650385604114
2006-03-30,71.72236503856041
2006-03-31,69.9228791773779
2006-04-03,68.63753213367609
2006-04-04,68.63753213367609
2006-04-05,69.66580976863753
2006-04-06,69.1516709511568
2006-04-07,66.0668380462725
2006-04-10,63.75321336760925
2006-04-11,61.18251928020566
2006-04-12,58.354755784061695
2006-04-13,54.75578406169666
2006-04-17,51.670951156812336
2006-04-18,54.498714652956295
2006-04-19,56.29820051413882
2006-04-20,58.97435897435898
2006-04-21,61.794871794871796
2006-04-24,62.30769230769231
2006-04-25,60.51282051282051
2006-04-26,59.48717948717949
2006-04-27,58.46153846153847
2006-04-28,59.23076923076923
2006-05-01,58.20512820512821
2006-05-02,60.256410256410255
2006-05-03,59.48717948717949
2006-05-04,59.743589743589745
2006-05-05,63.84615384615384
2006-05-08,66.15384615384615
2006-05-09,66.15384615384615
2006-05-10,68.46153846153847
2006-05-11,64.87179487179488
2006-05-12,58.46153846153847
2006-05-15,55.8974358974359
2006-05-16,51.28205128205128
2006-05-17,43.07692307692308
2006-05-18,35.64102564102564
2006-05-19,32.56410256410256
2006-05-22,28.974358974358978
2006-05-23,26.153846153846157
2006-05-24,24.358974358974358
2006-05-25,24.358974358974358
2006-05-26,26.923076923076923
2006-05-30,24.102564102564102
2006-05-31,24.615384615384617
2006-06-01,28.205128205128204
2006-06-02,32.05128205128205
2006-06-05,31.025641025641026
2006-06-06,30.256410256410255
2006-06-07,30.0
2006-06-08,30.512820512820515
2006-06-09,29.230769230769234
2006-06-12,26.410256410256412
2006-06-13,22.564102564102566
2006-06-14,19.48717948717949
2006-06-15,21.794871794871796
2006-06-16,23.076923076923077
2006-06-19,22.05128205128205
2006-06-20,22.564102564102566
2006-06-21,26.153846153846157
2006-06-22,24.615384615384617
2006-06-23,24.871794871794872
2006-06-26,25.384615384615383
2006-06-27,26.153846153846157
2006-06-28,27.94871794871795
2006-06-29,34.87179487179487
2006-06-30,41.687979539641944
2006-07-03,49.36061381074169
2006-07-05,52.94117647058824
2006-07-06,54.73145780051151
2006-07-07,54.47570332480819
2006-07-10,54.987212276214834
2006-07-11,56.01023017902813
2006-07-12,53.452685421994886
2006-07-13,49.87212276214834
2006-07-14,45.012787723785166
2006-07-17,39.89769820971867
2006-07-18,36.57289002557545
2006-07-19,38.36317135549872
2006-07-20,40.153452685421996
2006-07-21,39.130434782608695
2006-07-24,40.40920716112532
2006-07-25,42.710997442455245
2006-07-26,46.03580562659847
2006-07-27,48.08184143222506
2006-07-28,52.17391304347826
2006-07-31,53.452685421994886
2006-08-01,54.21994884910486
2006-08-02,57.289002557544755
2006-08-03,58.567774936061376
2006-08-04,58.82352941176471
2006-08-07,59.590792838874684
2006-08-08,58.82352941176471
2006-08-09,57.033248081841435
2006-08-10,57.289002557544755
2006-08-11,55.24296675191815
2006-08-14,55.24296675191815
2006-08-15,56.26598465473146
2006-08-16,60.35805626598465
2006-08-17,63.171355498721226
2006-08-18,67.51918158567774
2006-08-21,69.0537084398977
2006-08-22,69.0537084398977
2006-08-23,68.28644501278772
2006-08-24,69.0537084398977
2006-08-25,69.30946291560103
2006-08-28,70.33248081841433
2006-08-29,70.84398976982096
2006-08-30,71.61125319693095
2006-08-31,72.1227621483376
2006-09-01,77.23785166240408
2006-09-05,79.53964194373401
2006-09-06,78.26086956521739
2006-09-07,76.47058823529412
2006-09-08,75.44757033248082
2006-09-11,74.42455242966753
2006-09-12,76.21483375959079
2006-09-13,77.74936061381074
2006-09-14,78.51662404092072
2006-09-15,80.05115089514067
2006-09-18,79.53964194373401
2006-09-19,78.00511508951406
2006-09-20,79.02813299232737
2006-09-21,79.28388746803068
2006-09-22,77.23785166240408
2006-09-25,77.49360613810742
2006-09-26,78.51662404092072
2006-09-27,80.05115089514067
2006-09-28,81.58567774936061
2006-09-29,83.12020460358056
2006-10-02,82.09718670076727
2006-10-03,80.81841432225065
2006-10-04,81.58567774936061
2006-10-05,83.12020460358056
2006-10-06,83.63171355498721
2006-10-09,84.39897698209718
2006-10-10,83.88746803069054
2006-10-11,83.63171355498721
2006-10-12,85.42199488491049
2006-10-13,85.93350383631714
2006-10-16,87.7237851662404
2006-10-17,87.21227621483376
2006-10-18,87.7237851662404
2006-10-19,86.95652173913044
2006-10-20,85.93350383631714
2006-10-23,86.44501278772378
2006-10-24,86.95652173913044
2006-10-25,86.70076726342711
2006-10-26,87.46803069053708
2006-10-27,86.44501278772378
2006-10-30,84.39897698209718
2006-10-31,83.88746803069054
2006-11-01,81.84143222506394
2006-11-02,79.02813299232737
2006-11-03,75.95907928388746
2006-11-06,75.70332480818415
2006-11-07,75.44757033248082
2006-11-08,75.95907928388746
2006-11-09,73.40153452685422
2006-11-10,74.16879795396419
2006-11-13,74.68030690537084
2006-11-14,76.21483375959079
2006-11-15,76.72634271099744
2006-11-16,80.05115089514067
2006-11-17,80.05115089514067
2006-11-20,80.30690537084399
2006-11-21,80.86734693877551
2006-11-22,81.88775510204081
2006-11-24,80.61224489795919
2006-11-27,79.33673469387756
2006-11-28,76.78571428571429
2006-11-29,77.29591836734694
2006-11-30,77.04081632653062
2006-12-01,75.25510204081633
2006-12-04,75.51020408163265
2006-12-05,78.31632653061224
2006-12-06,78.57142857142857
2006-12-07,78.06122448979592
2006-12-08,78.57142857142857
2006-12-11,78.31632653061224
2006-12-12,77.55102040816327
2006-12-13,76.0204081632653
2006-12-14,78.06122448979592
2006-12-15,77.55102040816327
2006-12-18,76.53061224489795
2006-12-19,75.25510204081633
2006-12-20,74.23469387755102
2006-12-21,71.42857142857143
2006-12-22,66.58163265306123
2006-12-26,67.17557251908397
2006-12-27,66.92111959287533
2006-12-28,66.66666666666666
2006-12-29,65.64885496183206
2007-01-03,65.13994910941476
2007-01-04,65.9033078880407
2007-01-05,63.104325699745544
2007-01-08,59.796437659033074
2007-01-09,58.524173027989825
2007-01-10,57.50636132315522
2007-01-11,59.796437659033074
2007-01-12,62.34096692111959
2007-01-16,63.8676844783715
2007-01-17,65.9033078880407
2007-01-18,64.3765903307888
2007-01-19,65.64885496183206
2007-01-22,64.63104325699746
2007-01-23,66.41221374045801
2007-01-24,67.68447837150127
2007-01-25,66.41221374045801
2007-01-26,65.39440203562341
2007-01-29,64.3765903307888
2007-01-30,65.64885496183206
2007-01-31,67.68447837150127
2007-02-01,70.99236641221374
2007-02-02,73.79134860050891
2007-02-05,75.06361323155217
2007-02-06,76.33587786259542
2007-02-07,77.09923664122137
2007-02-08,78.88040712468194
2007-02-09,78.37150127226464
2007-02-12,77.60814249363868
2007-02-13,76.59033078880407
2007-02-14,77.60814249363868
2007-02-15,78.37150127226464
2007-02-16,79.89821882951654
2007-02-20,81.42493638676844
2007-02-21,81.93384223918575
2007-02-22,82.44274809160305
2007-02-23,79.89821882951654
2007-02-26,77.86259541984732
2007-02-27,69.21119592875317
2007-02-28,63.358778625954194
2007-03-01,57.50636132315522
2007-03-02,49.36386768447837
2007-03-05,39.18575063613232
2007-03-06,34.605597964376585
2007-03-07,31.552162849872772
2007-03-08,31.297709923664126
2007-03-09,31.552162849872772
2007-03-12,34.86005089058524
2007-03-13,32.31552162849873
2007-03-14,29.770992366412212
2007-03-15,29.262086513994912
2007-03-16,29.00763358778626
2007-03-19,30.788804071246815
2007-03-20,34.605597964376585
2007-03-21,39.94910941475827
2007-03-22,45.5470737913486
2007-03-23,53.18066157760815
2007-03-26,55.72519083969466
2007-03-27,55.97964376590331
2007-03-28,54.70737913486005
2007-03-29,54.70737913486005
2007-03-30,55.72519083969466
2007-04-02,55.216284987277355
2007-04-03,59.28753180661578
2007-04-04,60.81424936386769
2007-04-05,63.61323155216285
2007-04-09,65.39440203562341
2007-04-10,67.43002544529261
2007-04-11,67.17557251908397
2007-04-12,67.68447837150127
2007-04-13,69.46564885496184
2007-04-16,74.04580152671755
2007-04-17,76.84478371501272
2007-04-18,80.6615776081425
2007-04-19,81.1704834605598
2007-04-20,81.93384223918575
2007-04-23,82.69720101781171
2007-04-24,83.20610687022901
2007-04-25,83.46055979643766
2007-04-26,82.95165394402035
2007-04-27,81.97969543147208
2007-04-30,79.44162436548223
2007-05-01,77.66497461928934
2007-05-02,77.66497461928934
2007-05-03,77.15736040609137
2007-05-04,77.21518987341773
2007-05-07,77.21518987341773
2007-05-08,77.46835443037975
2007-05-09,78.22784810126582
2007-05-10,76.20253164556962
2007-05-11,75.69620253164557
2007-05-14,73.9240506329114
2007-05-15,72.65822784810126
2007-05-16,73.41772151898735
2007-05-17,71.39240506329114
2007-05-18,72.15189873417721
2007-05-21,72.9113924050633
2007-05-22,75.18987341772151
2007-05-23,73.41772151898735
2007-05-24,69.6969696969697
2007-05-25,67.92929292929293
2007-05-29,68.43434343434343
2007-05-30,70.2020202020202
2007-05-31,70.70707070707071
2007-06-01,73.48484848484848
2007-06-04,75.0
2007-06-05,75.25252525252525
2007-06-06,71.96969696969697
2007-06-07,65.40404040404042
2007-06-08,63.476070528967256
2007-06-11,59.798994974874375
2007-06-12,54.773869346733676
2007-06-13,54.020100502512555
2007-06-14,54.52261306532663
2007-06-15,57.286432160804026
2007-06-18,57.78894472361809
2007-06-19,57.78894472361809
2007-06-20,56.14035087719298
2007-06-21,55.88972431077694
2007-06-22,52.38095238095239
2007-06-25,50.125313283208015
2007-06-26,45.86466165413533
2007-06-27,46.8671679197995
2007-06-28,46.8671679197995
2007-06-29,46.8671679197995
2007-07-02,49.62406015037594
2007-07-03,51.8796992481203
2007-07-05,52.63157894736842
2007-07-06,54.88721804511278
2007-07-09,56.89223057644111
2007-07-10,56.390977443609025
2007-07-11,55.388471177944865
2007-07-12,58.39598997493734
2007-07-13,61.65413533834586
2007-07-16,64.16040100250626
2007-07-17,63.90977443609023
2007-07-18,64.91228070175438
2007-07-19,65.16290726817043
2007-07-20,63.0
2007-07-23,61.25000000000001
2007-07-24,56.99999999999999
2007-07-25,55.50000000000001
2007-07-26,48.75
2007-07-27,36.25
2007-07-30,33.16708229426434
2007-07-31,30.174563591022448
2007-08-01,27.431421446384043
2007-08-02,27.431421446384043
2007-08-03,25.43640897755611
2007-08-06,25.187032418952622
2007-08-07,26.184538653366584
2007-08-08,29.42643391521197
2007-08-09,28.179551122194514
2007-08-10,28.6783042394015
2007-08-13,28.428927680798004
2007-08-14,25.6857855361596
2007-08-15,22.693266832917704
2007-08-16,19.201995012468828
2007-08-17,19.950124688279303
2007-08-20,20.698254364089774
2007-08-21,21.695760598503743
2007-08-22,24.438902743142144
2007-08-23,25.6857855361596
2007-08-24,31.67082294264339
2007-08-27,32.66832917705736
2007-08-28,31.421446384039903
2007-08-29,32.66832917705736
2007-08-30,34.1645885286783
2007-08-31,40.298507462686565
2007-09-04,45.52238805970149
2007-09-05,48.00995024875622
2007-09-06,50.0
2007-09-07,47.76119402985074
2007-09-10,46.517412935323385
2007-09-11,45.27363184079602
2007-09-12,47.51243781094527
2007-09-13,50.99502487562189
2007-09-14,52.736318407960205
2007-09-17,52.98507462686567
2007-09-18,59.70149253731343
2007-09-19,68.90547263681593
2007-09-20,70.64676616915423
2007-09-21,73.6318407960199
2007-09-24,74.12935323383084
2007-09-25,73.13432835820896
2007-09-26,74.37810945273633
2007-09-27,76.86567164179104
2007-09-28,75.62189054726367
2007-10-01,80.09950248756219
2007-10-02,81.59203980099502
2007-10-03,82.08955223880598
2007-10-04,82.08955223880598
2007-10-05,83.08457711442786
2007-10-08,81.8407960199005
2007-10-09,82.83582089552239
2007-10-10,83.08457711442786
2007-10-11,83.33333333333334
2007-10-12,83.83084577114428
2007-10-15,84.07960199004975
2007-10-16,80.59701492537313
2007-10-17,80.09950248756219
2007-10-18,77.363184079602
2007-10-19,71.14427860696517
2007-10-22,65.92039800995025
2007-10-23,61.69154228855721
2007-10-24,59.452736318407965
2007-10-25,57.960199004975124
2007-10-26,57.960199004975124
2007-10-29,59.950248756218905
2007-10-30,58.70646766169154
2007-10-31,60.447761194029844
2007-11-01,56.96517412935324
2007-11-02,54.72636815920397
2007-11-05,51.243781094527364
2007-11-06,50.24875621890548
2007-11-07,45.77114427860697
2007-11-08,42.039800995024876
2007-11-09,38.55721393034826
2007-11-12,35.32338308457712
2007-11-13,36.56716417910448
2007-11-14,37.06467661691542
2007-11-15,36.069651741293534
2007-11-16,35.82089552238806
2007-11-19,32.08955223880597
2007-11-20,30.34825870646766
2007-11-21,26.865671641791046
2007-11-23,26.865671641791046
2007-11-26,26.119402985074625
2007-11-27,26.616915422885572
2007-11-28,30.845771144278604
2007-11-29,32.83582089552239
2007-11-30,36.22828784119106
2007-12-03,39.20595533498759
2007-12-04,39.70223325062035
2007-12-05,42.67990074441687
2007-12-06,48.883374689826304
2007-12-07,54.3424317617866
2007-12-10,61.53846153846154
2007-12-11,60.297766749379655
2007-12-12,59.801488833746895
2007-12-13,59.553349875930515
2007-12-14,56.07940446650124
2007-12-17,50.12406947890818
2007-12-18,48.38709677419355
2007-12-19,46.15384615384615
2007-12-20,46.40198511166253
2007-12-21,49.257425742574256
2007-12-24,50.99009900990099
2007-12-26,54.45544554455446
2007-12-27,53.46534653465347
2007-12-28,53.21782178217822
2007-12-31,52.722772277227726
2008-01-02,46.78217821782179
2008-01-03,42.07920792079208
2008-01-04,33.910891089108915
2008-01-07,27.475247524752476
2008-01-08,24.504950495049506
2008-01-09,23.51485148514851
2008-01-10,24.257425742574256
2008-01-11,23.01980198019802
2008-01-14,23.26732673267327
2008-01-15,21.287128712871286
2008-01-16,18.06930693069307
2008-01-17,14.356435643564355
2008-01-18,10.891089108910892
2008-01-22,7.673267326732673
2008-01-23,8.415841584158416
2008-01-24,8.663366336633663
2008-01-25,8.91089108910891
2008-01-28,11.386138613861387
2008-01-29,14.356435643564355
2008-01-30,15.841584158415841
2008-01-31,20.049504950495052
2008-02-01,25.742574257425744
2008-02-04,31.18811881188119
2008-02-05,29.950495049504948
2008-02-06,29.7029702970297
2008-02-07,29.7029702970297
2008-02-08,30.198019801980198
2008-02-11,29.7029702970297
2008-02-12,31.683168316831683
2008-02-13,34.4059405940594
2008-02-14,35.148514851485146
2008-02-15,35.89108910891089
2008-02-19,36.633663366336634
2008-02-20,37.87128712871287
2008-02-21,36.88118811881188
2008-02-22,38.11881188118812
2008-02-25,41.83168316831683
2008-02-26,45.04950495049505
2008-02-27,49.504950495049506
2008-02-28,48.76237623762376
2008-02-29,44.801980198019805
2008-03-03,40.34653465346535
2008-03-04,38.86138613861386
2008-03-05,36.88118811881188
2008-03-06,31.18811881188119
2008-03-07,25.495049504950494
2008-03-10,20.544554455445542
2008-03-11,21.03960396039604
2008-03-12,22.02970297029703
2008-03-13,24.00990099009901
2008-03-14,23.26732673267327
2008-03-17,20.049504950495052
2008-03-18,24.752475247524753
2008-03-19,25.247524752475247
2008-03-20,27.970297029702973
2008-03-24,33.415841584158414
2008-03-25,39.851485148514854
2008-03-26,44.05940594059406
2008-03-27,45.54455445544555
2008-03-28,45.2970297029703
2008-03-31,46.28712871287129
2008-04-01,53.21782178217822
2008-04-02,60.148514851485146
2008-04-03,65.5940594059406
2008-04-04,70.29702970297029
2008-04-07,73.51485148514851
2008-04-08,74.5049504950495
2008-04-09,74.25742574257426
2008-04-10,73.01980198019803
2008-04-11,69.3069306930693
2008-04-14,65.84158415841584
2008-04-15,63.11881188118812
2008-04-16,66.0891089108911
2008-04-17,69.05940594059405
2008-04-18,71.53465346534654
2008-04-21,73.01980198019803
2008-04-22,70.37037037037037
2008-04-23,70.61728395061728
2008-04-24,72.9064039408867
2008-04-25,73.15270935960592
2008-04-28,75.61576354679804
2008-04-29,76.60098522167488
2008-04-30,77.58620689655173
2008-05-01,79.06403940886699
2008-05-02,81.77339901477832
2008-05-05,81.77339901477832
2008-05-06,81.5270935960591
2008-05-07,79.80295566502463
2008-05-08,78.32512315270937
2008-05-09,75.86206896551724
2008-05-12,75.61576354679804
2008-05-13,76.60098522167488
2008-05-14,76.35467980295566
2008-05-15,78.07881773399015
2008-05-16,79.06403940886699
2008-05-19,79.80295566502463
2008-05-20,78.32512315270937
2008-05-21,75.36945812807882
2008-05-22,72.41379310344827
2008-05-23,67.24137931034483
2008-05-27,64.77832512315271
2008-05-28,63.793103448275865
2008-05-29,65.35626535626535
2008-05-30,64.86486486486487
2008-06-02,64.12776412776412
2008-06-03,61.67076167076168
2008-06-04,60.1965601965602
2008-06-05,62.40786240786241
2008-06-06,59.45945945945946
2008-06-09,56.51105651105651
2008-06-10,51.105651105651106
2008-06-11,47.91154791154791
2008-06-12,44.85294117647059
2008-06-13,44.85294117647059
2008-06-16,45.34313725490196
2008-06-17,44.6078431372549
2008-06-18,41.17647058823529
2008-06-19,39.46078431372549
2008-06-20,34.80392156862745
2008-06-23,32.35294117647059
2008-06-24,29.411764705882355
2008-06-25,29.411764705882355
2008-06-26,25.735294117647058
2008-06-27,20.833333333333336
2008-06-30,18.627450980392158
2008-07-01,16.42156862745098
2008-07-02,13.725490196078432
2008-07-03,12.254901960784313
2008-07-07,11.27450980392157
2008-07-08,9.803921568627452
2008-07-09,10.294117647058822
2008-07-10,10.784313725490197
2008-07-11,11.27450980392157
2008-07-14,10.784313725490197
2008-07-15,11.27450980392157
2008-07-16,12.009803921568627
2008-07-17,13.725490196078432
2008-07-18,16.666666666666664
2008-07-21,21.323529411764707
2008-07-22,25.0
2008-07-23,31.05134474327628
2008-07-24,32.27383863080684
2008-07-25,34.229828850855746
2008-07-28,33.496332518337404
2008-07-29,36.18581907090464
2008-07-30,39.85330073349633
2008-07-31,43.27628361858191
2008-08-01,43.76528117359413
2008-08-04,44.743276283618584
2008-08-05,48.41075794621027
2008-08-06,51.34474327628362
2008-08-07,53.0562347188264
2008-08-08,59.41320293398533
2008-08-11,64.30317848410758
2008-08-12,64.30317848410758
2008-08-13,65.28117359413203
2008-08-14,66.99266503667481
2008-08-15,69.19315403422983
2008-08-18,68.45965770171149
2008-08-19,66.99266503667481
2008-08-20,65.52567237163814
2008-08-21,64.79217603911981
2008-08-22,65.77017114914425
2008-08-25,63.325183374083124
2008-08-26,60.880195599022
2008-08-27,59.90220048899756
2008-08-28,62.34718826405869
2008-08-29,63.325183374083124
2008-09-02,64.05867970660147
2008-09-03,61.858190709046454
2008-09-04,56.47921760391198
2008-09-05,52.32273838630807
2008-09-08,54.278728606356964
2008-09-09,50.8557457212714
2008-09-10,48.655256723716384
2008-09-11,48.655256723716384
2008-09-12,47.92176039119804
2008-09-15,43.03178484107579
2008-09-16,41.56479217603912
2008-09-17,34.96332518337408
2008-09-18,37.163814180929094
2008-09-19,40.34229828850856
2008-09-22,37.40831295843521
2008-09-23,34.229828850855746
2008-09-24,32.27383863080684
2008-09-25,31.295843520782395
2008-09-26,32.02933985330073
2008-09-29,22.73838630806846
2008-09-30,23.71638141809291
2008-10-01,21.515892420537895
2008-10-02,17.84841075794621
2008-10-03,15.403422982885084
2008-10-06,11.7359413202934
2008-10-07,7.090464547677261
2008-10-08,4.645476772616137
2008-10-09,1.7114914425427872
2008-10-10,0.4889975550122249
2008-10-13,0.4889975550122249
2008-10-14,0.4889975550122249
2008-10-15,0.24449877750611246
2008-10-16,0.4889975550122249
2008-10-17,0.4889975550122249
2008-10-20,0.7334963325183375
2008-10-21,0.9779951100244498
2008-10-22,0.7334963325183375
2008-10-23,0.7334963325183375
2008-10-24,0.7334963325183375
2008-10-27,0.7334963325183375
2008-10-28,0.9779951100244498
2008-10-29,1.2224938875305624
2008-10-30,2.444987775061125
2008-10-31,4.156479217603912
2008-11-03,5.8679706601467
2008-11-04,10.024449877750612
2008-11-05,10.024449877750612
2008-11-06,9.04645476772616
2008-11-07,9.04645476772616
2008-11-10,9.535452322738386
2008-11-11,8.80195599022005
2008-11-12,6.112469437652812
2008-11-13,7.823960880195599
2008-11-14,8.557457212713937
2008-11-17,7.823960880195599
2008-11-18,8.312958435207824
2008-11-19,5.8679706601467
2008-11-20,2.689486552567237
2008-11-21,2.689486552567237
2008-11-24,5.378973105134474
2008-11-25,7.090464547677261
2008-11-26,10.024449877750612
2008-11-28,12.224938875305623
2008-12-01,12.224938875305623
2008-12-02,12.71393643031785
2008-12-03,14.425427872860636
2008-12-04,13.93643031784841
2008-12-05,17.6039119804401
2008-12-08,22.00488997555012
2008-12-09,24.205378973105134
2008-12-10,27.628361858190708
2008-12-11,29.095354523227385
2008-12-12,31.54034229828851
2008-12-15,31.05134474327628
2008-12-16,37.89731051344744
2008-12-17,44.743276283618584
2008-12-18,48.16625916870416
2008-12-19,52.32273838630807
2008-12-22,51.58924205378973
2008-12-23,49.63325183374083
2008-12-24,50.36674816625917
2008-12-26,49.877750611246945
2008-12-29,48.41075794621027
2008-12-30,51.1002444987775
2008-12-31,56.234718826405874
2009-01-02,65.28117359413203
2009-01-05,70.90464547677261
2009-01-06,77.26161369193154
2009-01-07,78.239608801956
2009-01-08,78.97310513447434
2009-01-09,76.77261613691931
2009-01-12,72.6161369193154
2009-01-13,69.19315403422983
2009-01-14,60.391198044009776
2009-01-15,52.567237163814184
2009-01-16,49.877750611246945
2009-01-20,41.80929095354523
2009-01-21,38.63080684596577
2009-01-22,35.2078239608802
2009-01-23,33.251833740831295
2009-01-26,34.229828850855746
2009-01-27,35.94132029339853
2009-01-28,41.56479217603912
2009-01-29,41.32029339853301
2009-01-30,38.386308068459655
2009-02-02,37.40831295843521
2009-02-03,38.63080684596577
2009-02-04,38.386308068459655
2009-02-05,42.053789731051346
2009-02-06,48.16625916870416
2009-02-09,52.81173594132029
2009-02-10,49.877750611246945
2009-02-11,47.67726161369193
2009-02-12,44.987775061124694
2009-02-13,44.743276283618584
2009-02-17,38.141809290953546
2009-02-18,32.51833740831296
2009-02-19,29.584352078239608
2009-02-20,25.183374083129586
2009-02-23,21.026894865525673
2009-02-24,19.070904645476773
2009-02-25,17.84841075794621
2009-02-26,15.158924205378973
2009-02-27,12.95843520782396
2009-03-02,10.024449877750612
2009-03-03,9.04645476772616
2009-03-04,8.312958435207824
2009-03-05,7.579462102689487
2009-03-06,6.356968215158925
2009-03-09,6.601466992665037
2009-03-10,7.823960880195599
2009-03-11,8.06845965770171
2009-03-12,12.224938875305623
2009-03-13,16.13691931540342
2009-03-16,18.09290953545232
2009-03-17,22.00488997555012
2009-03-18,30.317848410757946
2009-03-19,34.71882640586797
2009-03-20,37.89731051344744
2009-03-23,48.655256723716384
2009-03-24,53.54523227383863
2009-03-25,60.63569682151589
2009-03-26,67.72616136919315
2009-03-27,70.90464547677261
2009-03-30,70.17114914425427
2009-03-31,72.12713936430319
2009-04-01,74.08312958435208
2009-04-02,78.97310513447434
2009-04-03,81.90709046454768
2009-04-06,85.33007334963325
2009-04-07,85.08557457212714
2009-04-08,85.81907090464547
2009-04-09,87.77506112469437
2009-04-13,88.99755501222494
2009-04-14,89.24205378973105
2009-04-15,89.97555012224939
2009-04-16,90.4645476772616
2009-04-17,90.95354523227384
2009-04-20,88.99755501222494
2009-04-21,87.53056234718827
2009-04-22,86.3080684596577
2009-04-23,85.08557457212714
2009-04-24,84.84107579462102
2009-04-27,82.88508557457213
2009-04-28,83.37408312958435
2009-04-29,83.86308068459658
2009-04-30,85.33007334963325
2009-05-01,86.3080684596577
2009-05-04,86.3080684596577
2009-05-05,88.75305623471883
2009-05-06,89.24205378973105
2009-05-07,88.50855745721272
2009-05-08,90.2200488997555
2009-05-11,89.97555012224939
2009-05-12,87.77506112469437
2009-05-13,85.57457212713936
2009-05-14,83.37408312958435
2009-05-15,79.21760391198043
2009-05-18,77.99511002444987
2009-05-19,78.239608801956
2009-05-20,77.99511002444987
2009-05-21,75.55012224938875
2009-05-22,73.59413202933986
2009-05-26,74.81662591687042
2009-05-27,71.39364303178483
2009-05-28,72.37163814180929
2009-05-29,74.57212713936431
2009-06-01,79.46210268948656
2009-06-02,83.12958435207824
2009-06-03,84.3520782396088
2009-06-04,85.08557457212714
2009-06-05,85.08557457212714
2009-06-08,86.55256723716381
2009-06-09,87.77506112469437
2009-06-10,87.04156479217605
2009-06-11,86.55256723716381
2009-06-12,87.04156479217605
2009-06-15,83.61858190709046
2009-06-16,77.99511002444987
2009-06-17,73.59413202933986
2009-06-18,70.17114914425427
2009-06-19,67.23716381418093
2009-06-22,60.63569682151589
2009-06-23,54.034229828850854
2009-06-24,50.8557457212714
2009-06-25,51.58924205378973
2009-06-26,52.81173594132029
2009-06-29,56.47921760391198
2009-06-30,56.723716381418086
2009-07-01,57.94621026894865
2009-07-02,54.76772616136919
2009-07-06,52.07823960880196
2009-07-07,46.69926650366748
2009-07-08,41.32029339853301
2009-07-09,37.163814180929094
2009-07-10,33.74083129584352
2009-07-13,34.71882640586797
2009-07-14,37.89731051344744
2009-07-15,47.67726161369193
2009-07-16,55.99022004889975
2009-07-17,60.391198044009776
2009-07-20,68.45965770171149
2009-07-21,74.32762836185819
2009-07-22,78.4841075794621
2009-07-23,84.3520782396088
2009-07-24,86.06356968215158
2009-07-27,88.26405867970661
2009-07-28,89.97555012224939
2009-07-29,90.2200488997555
2009-07-30,91.44254278728606
2009-07-31,91.68704156479217
2009-08-03,92.1760391198044
2009-08-04,92.42053789731052
2009-08-05,92.1760391198044
2009-08-06,91.93154034229829
2009-08-07,91.68704156479217
2009-08-10,91.44254278728606
2009-08-11,89.48655256723717
2009-08-12,88.26405867970661
2009-08-13,88.26405867970661
2009-08-14,88.26405867970661
2009-08-17,86.79706601466992
2009-08-18,85.33007334963325
2009-08-19,85.08557457212714
2009-08-20,85.33007334963325
2009-08-21,87.28606356968214
2009-08-24,88.50855745721272
2009-08-25,90.2200488997555
2009-08-26,91.44254278728606
2009-08-27,92.90953545232273
2009-08-28,92.90953545232273
2009-08-31,91.68704156479217
2009-09-01,88.50855745721272
2009-09-02,86.3080684596577
2009-09-03,82.88508557457213
2009-09-04,82.64058679706602
2009-09-08,84.3520782396088
2009-09-09,84.3520782396088
2009-09-10,86.06356968215158
2009-09-11,86.58536585365853
2009-09-14,87.8048780487805
2009-09-15,88.29268292682927
2009-09-16,90.73170731707317
2009-09-17,91.21951219512195
2009-09-18,91.95121951219512
2009-09-21,92.6829268292683
2009-09-22,91.95121951219512
2009-09-23,90.48780487804878
2009-09-24,89.26829268292683
2009-09-25,86.09756097560975
2009-09-28,84.8780487804878
2009-09-29,85.1219512195122
2009-09-30,84.8780487804878
2009-10-01,81.21951219512195
2009-10-02,72.6829268292683
2009-10-05,69.02439024390243
2009-10-06,68.53658536585367
2009-10-07,68.04878048780488
2009-10-08,69.51219512195121
2009-10-09,72.6829268292683
2009-10-12,75.60975609756098
2009-10-13,74.63414634146342
2009-10-14,77.5609756097561
2009-10-15,81.70731707317073
2009-10-16,81.70731707317073
2009-10-19,84.8780487804878
2009-10-20,84.8780487804878
2009-10-21,81.70731707317073
2009-10-22,80.97560975609757
2009-10-23,77.07317073170732
2009-10-26,72.6829268292683
2009-10-27,66.58536585365854
2009-10-28,60.48780487804878
2009-10-29,57.56097560975609
2009-10-30,48.78048780487805
2009-11-02,44.390243902439025
2009-11-03,40.97560975609756
2009-11-04,39.51219512195122
2009-11-05,44.63414634146341
2009-11-06,47.3170731707317
2009-11-09,53.65853658536586
2009-11-10,59.512195121951216
2009-11-11,63.990267639902676
2009-11-12,66.66666666666666
2009-11-13,70.31630170316302
2009-11-16,73.96593673965937
2009-11-17,75.669099756691
2009-11-18,77.37226277372264
2009-11-19,76.15571776155717
2009-11-20,74.45255474452554
2009-11-23,74.45255474452554
2009-11-24,73.96593673965937
2009-11-25,73.72262773722628
2009-11-27,70.8029197080292
2009-11-30,68.85644768856449
2009-12-01,68.61313868613139
2009-12-02,71.04622871046229
2009-12-03,70.8029197080292
2009-12-04,72.74939172749392
2009-12-07,72.01946472019465
2009-12-08,71.77615571776155
2009-12-09,71.77615571776155
2009-12-10,71.28953771289538
2009-12-11,72.01946472019465
2009-12-14,74.20924574209245
2009-12-15,75.669099756691
2009-12-16,75.669099756691
2009-12-17,75.4257907542579
2009-12-18,75.18248175182481
2009-12-21,76.2135922330097
2009-12-22,77.66990291262135
2009-12-23,79.85436893203884
2009-12-24,81.35593220338984
2009-12-28,82.32445520581115
2009-12-29,82.80871670702179
2009-12-30,83.29297820823246
2009-12-31,82.80871670702179
2010-01-04,84.01937046004842
2010-01-05,85.23002421307507
2010-01-06,86.19854721549636
2010-01-07,87.40920096852301
2010-01-08,87.65133171912834
2010-01-11,88.13559322033898
2010-01-12,86.92493946731234
2010-01-13,87.16707021791767
2010-01-14,86.4406779661017
2010-01-15,83.29297820823246
2010-01-19,83.05084745762711
2010-01-20,82.08232445520581
2010-01-21,76.02905569007264
2010-01-22,67.55447941888619
2010-01-25,57.869249394673126
2010-01-26,53.99515738498789
2010-01-27,49.63680387409201
2010-01-28,43.09927360774818
2010-01-29,35.59322033898305
2010-02-01,33.171912832929785
2010-02-02,35.1089588377724
2010-02-03,35.1089588377724
2010-02-04,29.297820823244553
2010-02-05,25.907990314769975
2010-02-08,22.033898305084744
2010-02-09,22.033898305084744
2010-02-10,21.256038647342994
2010-02-11,21.497584541062803
2010-02-12,22.705314009661837
2010-02-16,25.120772946859905
2010-02-17,30.434782608695656
2010-02-18,36.473429951690825
2010-02-19,46.61835748792271
2010-02-22,52.41545893719807
2010-02-23,54.106280193236714
2010-02-24,57.48792270531401
2010-02-25,59.90338164251207
2010-02-26,61.35265700483091
2010-03-01,64.25120772946859
2010-03-02,66.18357487922705
2010-03-03,71.01449275362319
2010-03-04,75.60386473429952
2010-03-05,79.22705314009661
2010-03-08,82.3671497584541
2010-03-09,85.74879227053141
2010-03-10,87.19806763285024
2010-03-11,88.40579710144928
2010-03-12,89.13043478260869
2010-03-15,89.61352657004831
2010-03-16,91.30434782608695
2010-03-17,92.02898550724638
2010-03-18,92.27053140096618
2010-03-19,92.53012048192771
2010-03-22,93.25301204819277
2010-03-23,93.49397590361446
2010-03-24,92.7710843373494
2010-03-25,91.80722891566265
2010-03-26,90.60240963855422
2010-03-29,91.08433734939759
2010-03-30,89.63855421686748
2010-03-31,89.1566265060241
2010-04-01,88.67469879518072
2010-04-05,89.39759036144578
2010-04-06,90.36144578313254
2010-04-07,89.87951807228916
2010-04-08,87.95180722891565
2010-04-09,88.19277108433735
2010-04-12,88.43373493975903
2010-04-13,88.43373493975903
2010-04-14,88.91566265060241
2010-04-15,88.91566265060241
2010-04-16,86.50602409638554
2010-04-19,85.78313253012048
2010-04-20,86.02409638554217
2010-04-21,85.54216867469879
2010-04-22,85.06024096385542
2010-04-23,85.78313253012048
2010-04-26,85.06024096385542
2010-04-27,82.89156626506025
2010-04-28,80.48192771084337
2010-04-29,80.72289156626506
2010-04-30,79.51807228915662
2010-05-03,79.03614457831326
2010-05-04,74.69879518072288
2010-05-05,69.39759036144578
2010-05-06,58.79518072289157
2010-05-07,43.6144578313253
2010-05-10,42.89156626506024
2010-05-11,43.6144578313253
2010-05-12,46.74698795180723
2010-05-13,46.74698795180723
2010-05-14,42.89156626506024
2010-05-17,40.963855421686745
2010-05-18,35.903614457831324
2010-05-19,29.63855421686747
2010-05-20,19.759036144578314
2010-05-21,16.867469879518072
2010-05-24,13.253012048192772
2010-05-25,10.361445783132531
2010-05-26,9.156626506024097
2010-05-27,10.120481927710843
2010-05-28,10.843373493975903
2010-06-01,11.566265060240964
2010-06-02,13.493975903614459
2010-06-03,16.826923076923077
2010-06-04,15.144230769230768
2010-06-07,12.980769230769232
2010-06-08,12.5
2010-06-09,12.259615384615383
2010-06-10,15.384615384615385
2010-06-11,18.990384615384613
2010-06-14,22.115384615384613
2010-06-15,27.403846153846157
2010-06-16,34.855769230769226
2010-06-17,43.75
2010-06-18,50.96153846153846
2010-06-21,55.28846153846154
2010-06-22,52.644230769230774
2010-06-23,50.480769230769226
2010-06-24,44.47115384615385
2010-06-25,42.06730769230769
2010-06-28,40.86538461538461
2010-06-29,32.21153846153847
2010-06-30,22.355769230769234
2010-07-01,17.307692307692307
2010-07-02,12.980769230769232
2010-07-06,11.778846153846153
2010-07-07,15.384615384615385
2010-07-08,18.75
2010-07-09,23.557692307692307
2010-07-12,26.201923076923077
2010-07-13,34.61538461538461
2010-07-14,40.625
2010-07-15,45.43269230769231
2010-07-16,43.75
2010-07-19,43.269230769230774
2010-07-20,45.91346153846153
2010-07-21,45.563549160671464
2010-07-22,50.83932853717026
2010-07-23,59.2326139088729
2010-07-26,65.70743405275779
2010-07-27,69.7841726618705
2010-07-28,71.22302158273382
2010-07-29,72.66187050359713
2010-07-30,73.14148681055156
2010-08-02,76.2589928057554
2010-08-03,76.97841726618705
2010-08-04,77.99043062200957
2010-08-05,77.51196172248804
2010-08-06,77.75119617224881
2010-08-09,78.22966507177034
2010-08-10,79.66507177033493
2010-08-11,73.68421052631578
2010-08-12,66.50717703349282
2010-08-13,61.004784688995215
2010-08-16,53.34928229665071
2010-08-17,53.110047846889955
2010-08-18,53.588516746411486
2010-08-19,48.21002386634845
2010-08-20,44.868735083532215
2010-08-23,40.334128878281625
2010-08-24,37.23150357995227
2010-08-25,35.56085918854415
2010-08-26,31.26491646778043
2010-08-27,31.980906921241047
2010-08-30,29.116945107398568
2010-08-31,28.639618138424822
2010-09-01,32.4582338902148
2010-09-02,39.37947494033413
2010-09-03,48.44868735083532
2010-09-07,52.02863961813843
2010-09-08,55.36992840095465
2010-09-09,58.47255369928401
2010-09-10,63.48448687350835
2010-09-13,69.28571428571428
2010-09-14,73.57142857142858
2010-09-15,78.33333333333333
2010-09-16,81.19047619047619
2010-09-17,81.42857142857143
2010-09-20,84.76190476190476
2010-09-21,85.71428571428571
2010-09-22,86.19047619047619
2010-09-23,85.47619047619047
2010-09-24,87.14285714285714
2010-09-27,87.85714285714286
2010-09-28,88.09523809523809
2010-09-29,88.09523809523809
2010-09-30,88.33333333333333
2010-10-01,89.52380952380953
2010-10-04,88.09523809523809
2010-10-05,89.28571428571429
2010-10-06,89.76190476190476
2010-10-07,89.52380952380953
2010-10-08,89.52380952380953
2010-10-11,89.52380952380953
2010-10-12,89.76190476190476
2010-10-13,90.95238095238095
2010-10-14,90.23809523809524
2010-10-15,89.76190476190476
2010-10-18,90.23809523809524
2010-10-19,89.76190476190476
2010-10-20,88.80952380952381
2010-10-21,89.04761904761904
2010-10-22,89.04761904761904
2010-10-25,89.76190476190476
2010-10-26,89.04761904761904
2010-10-27,87.14285714285714
2010-10-28,86.19047619047619
2010-10-29,85.71428571428571
2010-11-01,84.04761904761905
2010-11-02,82.85714285714286
2010-11-03,81.66666666666667
2010-11-04,84.28571428571429
2010-11-05,86.19047619047619
2010-11-08,86.90476190476191
2010-11-09,85.0
2010-11-10,84.52380952380952
2010-11-11,84.04761904761905
2010-11-12,81.66666666666667
2010-11-15,79.76190476190477
2010-11-16,76.19047619047619
2010-11-17,74.04761904761905
2010-11-18,72.61904761904762
2010-11-19,70.95238095238095
2010-11-22,69.52380952380952
2010-11-23,66.66666666666666
2010-11-24,68.0952380952381
2010-11-26,65.95238095238095
2010-11-29,64.28571428571429
2010-11-30,60.0
2010-12-01,63.095238095238095
2010-12-02,66.66666666666666
2010-12-03,71.9047619047619
2010-12-06,74.28571428571429
2010-12-07,74.76190476190476
2010-12-08,76.42857142857142
2010-12-09,77.61904761904762
2010-12-10,79.52380952380952
2010-12-13,79.28571428571428
2010-12-14,80.47619047619048
2010-12-15,80.23809523809524
2010-12-16,81.9047619047619
2010-12-17,81.9047619047619
2010-12-20,83.33333333333334
2010-12-21,84.76190476190476
2010-12-22,85.23809523809524
2010-12-23,84.76190476190476
2010-12-27,84.08551068883611
2010-12-28,84.32304038004752
2010-12-29,84.56057007125891
2010-12-30,84.79809976247031
2010-12-31,85.2731591448931
2011-01-03,86.93586698337292
2011-01-04,86.69833729216153
2011-01-05,86.46080760095012
2011-01-06,86.46080760095012
2011-01-07,84.32304038004752
2011-01-10,83.8479809976247
2011-01-11,82.6603325415677
2011-01-12,83.17535545023696
2011-01-13,83.17535545023696
2011-01-14,83.41232227488152
2011-01-18,83.17535545023696
2011-01-19,81.75355450236967
2011-01-20,81.75355450236967
2011-01-21,78.72340425531915
2011-01-24,79.43262411347519
2011-01-25,78.95981087470449
2011-01-26,80.6146572104019
2011-01-27,80.1418439716312
2011-01-28,78.4869976359338
2011-01-31,77.06855791962175
2011-02-01,76.59574468085107
2011-02-02,76.8321513002364
2011-02-03,76.8321513002364
2011-02-04,77.54137115839244
2011-02-07,79.43262411347519
2011-02-08,80.6146572104019
2011-02-09,80.37825059101655
2011-02-10,80.6146572104019
2011-02-11,82.26950354609929
2011-02-14,83.92434988179669
2011-02-15,83.92434988179669
2011-02-16,84.16075650118204
2011-02-17,84.63356973995272
2011-02-18,85.34278959810875
2011-02-22,83.21513002364065
2011-02-23,78.72340425531915
2011-02-24,75.177304964539
2011-02-25,73.75886524822694
2011-02-28,73.99527186761229
2011-03-01,70.2127659574468
2011-03-02,67.13947990543736
2011-03-03,69.97635933806147
2011-03-04,70.44917257683215
2011-03-07,69.03073286052009
2011-03-08,70.2127659574468
2011-03-09,70.92198581560284
2011-03-10,67.37588652482269
2011-03-11,65.01182033096927
2011-03-14,61.46572104018912
2011-03-15,54.37352245862884
2011-03-16,45.15366430260047
2011-03-17,40.189125295508276
2011-03-18,37.825059101654844
2011-03-21,39.85849056603774
2011-03-22,41.509433962264154
2011-03-23,42.924528301886795
2011-03-24,46.4622641509434
2011-03-25,51.17924528301887
2011-03-28,54.24528301886793
2011-03-29,60.37735849056604
2011-03-30,66.50943396226415
2011-03-31,70.28301886792453
2011-04-01,74.76415094339622
2011-04-04,78.06603773584906
2011-04-05,79.24528301886792
2011-04-06,80.89622641509435
2011-04-07,81.60377358490565
2011-04-08,80.18867924528303
2011-04-11,79.71698113207547
2011-04-12,78.06603773584906
2011-04-13,73.82075471698113
2011-04-14,72.0
2011-04-15,71.76470588235294
2011-04-18,68.94117647058823
2011-04-19,66.11764705882352
2011-04-20,67.76470588235294
2011-04-21,70.11764705882354
2011-04-25,71.29411764705881
2011-04-26,74.3529411764706
2011-04-27,76.99530516431925
2011-04-28,80.51643192488262
2011-04-29,81.45539906103286
2011-05-02,82.86384976525821
2011-05-03,82.3943661971831
2011-05-04,79.81220657276995
2011-05-05,77.28337236533957
2011-05-06,74.94145199063233
2011-05-09,74.7072599531616
2011-05-10,76.34660421545667
2011-05-11,75.64402810304449
2011-05-12,75.64402810304449
2011-05-13,72.59953161592506
2011-05-16,69.3208430913349
2011-05-17,66.51053864168618
2011-05-18,65.33957845433255
2011-05-19,65.807962529274
2011-05-20,65.33957845433255
2011-05-23,59.71896955503513
2011-05-24,56.674473067915685
2011-05-25,54.09836065573771
2011-05-26,54.332552693208434
2011-05-27,55.0351288056206
2011-05-31,55.26932084309133
2011-06-01,52.2248243559719
2011-06-02,50.11709601873536
2011-06-03,43.79391100702576
2011-06-06,37.470725995316165
2011-06-07,32.55269320843091
2011-06-08,27.634660421545664
2011-06-09,25.292740046838407
2011-06-10,21.311475409836063
2011-06-13,18.26697892271663
2011-06-14,19.20374707259953
2011-06-15,16.39344262295082
2011-06-16,15.92505854800937
2011-06-17,13.817330210772832
2011-06-20,15.456674473067917
2011-06-21,19.437939110070257
2011-06-22,22.24824355971897
2011-06-23,23.88758782201405
2011-06-24,23.653395784543328
2011-06-27,25.995316159250585
2011-06-28,30.913348946135834
2011-06-29,36.29976580796253
2011-06-30,44.96487119437939
2011-07-01,58.07962529274005
2011-07-05,64.87119437939111
2011-07-06,69.55503512880561
2011-07-07,75.40983606557377
2011-07-08,77.75175644028103
2011-07-11,75.40983606557377
2011-07-12,72.59953161592506
2011-07-13,70.96018735362998
2011-07-14,66.51053864168618
2011-07-15,62.997658079625296
2011-07-18,56.674473067915685
2011-07-19,57.377049180327866
2011-07-20,56.674473067915685
2011-07-21,57.377049180327866
2011-07-22,60.187353629976585
2011-07-25,59.250585480093676
2011-07-26,57.377049180327866
2011-07-27,50.35128805620609
2011-07-28,45.19906323185012
2011-07-29,37.23653395784544
2011-08-01,32.476635514018696
2011-08-02,24.299065420560748
2011-08-03,20.327102803738317
2011-08-04,12.616822429906541
2011-08-05,7.710280373831775
2011-08-08,3.0373831775700935
2011-08-09,1.8691588785046727
2011-08-10,1.1682242990654206
2011-08-11,1.6355140186915886
2011-08-12,1.8691588785046727
2011-08-15,2.570093457943925
2011-08-16,3.2710280373831773
2011-08-17,4.439252336448598
2011-08-18,3.9719626168224296
2011-08-19,3.5046728971962615
2011-08-22,3.0373831775700935
2011-08-23,4.906542056074766
2011-08-24,7.943925233644859
2011-08-25,9.11214953271028
2011-08-26,11.682242990654206
2011-08-29,16.822429906542055
2011-08-30,21.02803738317757
2011-08-31,26.168224299065418
2011-09-01,28.971962616822427
2011-09-02,28.971962616822427
2011-09-06,28.504672897196258
2011-09-07,30.60747663551402
2011-09-08,32.71028037383177
2011-09-09,31.074766355140188
2011-09-12,30.60747663551402
2011-09-13,31.074766355140188
2011-09-14,33.8785046728972
2011-09-15,37.850467289719624
2011-09-16,43.45794392523364
2011-09-19,46.728971962616825
2011-09-20,48.598130841121495
2011-09-21,43.45794392523364
2011-09-22,37.149532710280376
2011-09-23,32.71028037383177
2011-09-26,32.476635514018696
2011-09-27,33.64485981308411
2011-09-28,31.308411214953267
2011-09-29,30.60747663551402
2011-09-30,28.504672897196258
2011-10-03,21.02803738317757
2011-10-04,20.5607476635514
2011-10-05,20.794392523364486
2011-10-06,23.598130841121495
2011-10-07,27.33644859813084
2011-10-10,34.81308411214953
2011-10-11,42.28971962616823
2011-10-12,50.23364485981309
2011-10-13,57.242990654205606
2011-10-14,65.18691588785047
2011-10-17,66.35514018691589
2011-10-18,70.32710280373831
2011-10-19,71.72897196261682
2011-10-20,73.83177570093457
2011-10-21,78.27102803738318
2011-10-24,85.74766355140187
2011-10-25,87.85046728971963
2011-10-26,89.48598130841121
2011-10-27,92.5233644859813
2011-10-28,94.1588785046729
2011-10-31,93.92523364485982
2011-11-01,91.58878504672897
2011-11-02,89.48598130841121
2011-11-03,89.7196261682243
2011-11-04,88.55140186915888
2011-11-07,90.42056074766354
2011-11-08,90.88785046728972
2011-11-09,87.38317757009347
2011-11-10,85.51401869158879
2011-11-11,85.74766355140187
2011-11-14,84.11214953271028
2011-11-15,84.11214953271028
2011-11-16,82.00934579439252
2011-11-17,77.15617715617715
2011-11-18,72.49417249417249
2011-11-21,64.56876456876456
2011-11-22,55.011655011655016
2011-11-23,44.28904428904429
2011-11-25,31.46853146853147
2011-11-28,31.46853146853147
2011-11-29,32.86713286713287
2011-11-30,42.19114219114219
2011-12-01,53.379953379953385
2011-12-02,58.74125874125874
2011-12-05,65.96736596736596
2011-12-06,70.3962703962704
2011-12-07,74.35897435897436
2011-12-08,74.12587412587412
2011-12-09,75.990675990676
2011-12-12,75.05827505827506
2011-12-13,70.3962703962704
2011-12-14,64.33566433566433
2011-12-15,60.13986013986013
2011-12-16,56.87645687645687
2011-12-19,52.680652680652685
2011-12-20,57.10955710955711
2011-12-21,60.37296037296037
2011-12-22,64.1025641025641
2011-12-23,66.97674418604652
2011-12-27,70.0
2011-12-28,69.06976744186046
2011-12-29,70.0
2011-12-30,70.93023255813954
2012-01-03,74.65116279069768
2012-01-04,75.34883720930232
2012-01-05,79.30232558139535
2012-01-06,79.30232558139535
2012-01-09,80.46511627906978
2012-01-10,82.32558139534883
2012-01-11,84.88372093023256
2012-01-12,85.5813953488372
2012-01-13,85.34883720930233
2012-01-17,85.5813953488372
2012-01-18,86.74418604651163
2012-01-19,87.20930232558139
2012-01-20,86.74418604651163
2012-01-23,87.67441860465117
2012-01-24,88.13953488372093
2012-01-25,88.83720930232558
2012-01-26,89.30232558139535
2012-01-27,88.13953488372093
2012-01-30,87.44186046511628
2012-01-31,87.44186046511628
2012-02-01,87.20930232558139
2012-02-02,88.13953488372093
2012-02-03,87.90697674418605
2012-02-06,88.60465116279069
2012-02-07,88.60465116279069
2012-02-08,89.76744186046511
2012-02-09,89.76744186046511
2012-02-10,89.53488372093024
2012-02-13,88.37209302325581
2012-02-14,86.9767441860465
2012-02-15,86.27906976744187
2012-02-16,85.81395348837209
2012-02-17,86.27906976744187
2012-02-21,86.27906976744187
2012-02-22,86.51162790697674
2012-02-23,85.5813953488372
2012-02-24,84.88372093023256
2012-02-27,82.55813953488372
2012-02-28,82.32558139534883
2012-02-29,80.23255813953489
2012-03-01,80.93023255813954
2012-03-02,79.53488372093022
2012-03-05,78.83720930232559
2012-03-06,73.25581395348837
2012-03-07,70.23255813953489
2012-03-08,71.3953488372093
2012-03-09,72.32558139534883
2012-03-12,70.93023255813954
2012-03-13,75.81395348837209
2012-03-14,78.83720930232559
2012-03-15,80.97447795823666
2012-03-16,83.29466357308584
2012-03-19,84.91879350348029
2012-03-20,85.38283062645012
2012-03-21,85.1508120649652
2012-03-22,82.13457076566125
2012-03-23,80.74245939675174
2012-03-26,83.06264501160094
2012-03-27,83.75870069605568
2012-03-28,84.22273781902551
2012-03-29,84.45475638051045
2012-03-30,83.9907192575406
2012-04-02,85.61484918793504
2012-04-03,85.1508120649652
2012-04-04,83.06264501160094
2012-04-05,78.88631090487239
2012-04-09,73.78190255220419
2012-04-10,61.7169373549884
2012-04-11,55.22041763341067
2012-04-12,53.596287703016245
2012-04-13,48.49187935034803
2012-04-16,45.011600928074245
2012-04-17,48.72389791183295
2012-04-18,49.88399071925754
2012-04-19,49.187935034802784
2012-04-20,49.88399071925754
2012-04-23,49.187935034802784
2012-04-24,48.25986078886311
2012-04-25,52.43619489559165
2012-04-26,56.380510440835266
2012-04-27,59.86078886310905
2012-04-30,61.25290023201856
2012-05-01,63.57308584686775
2012-05-02,63.80510440835266
2012-05-03,60.78886310904872
2012-05-04,56.8445475638051
2012-05-07,54.988399071925755
2012-05-08,53.596287703016245
2012-05-09,50.81206496519721
2012-05-10,48.49187935034803
2012-05-11,45.93967517401392
2012-05-14,41.76334106728538
2012-05-15,39.443155452436194
2012-05-16,37.12296983758701
2012-05-17,32.407407407407405
2012-05-18,28.47222222222222
2012-05-21,26.620370370370374
2012-05-22,25.0
2012-05-23,25.23148148148148
2012-05-24,25.925925925925924
2012-05-25,26.38888888888889
2012-05-29,28.240740740740737
2012-05-30,26.851851851851855
2012-05-31,27.546296296296298
2012-06-01,22.685185185185187
2012-06-04,19.444444444444446
2012-06-05,17.824074074074073
2012-06-06,19.675925925925927
2012-06-07,21.52777777777778
2012-06-08,24.537037037037038
2012-06-11,25.0
2012-06-12,28.47222222222222
2012-06-13,29.166666666666668
2012-06-14,32.63888888888889
2012-06-15,38.657407407407405
2012-06-18,42.592592592592595
2012-06-19,49.30555555555556
2012-06-20,54.50346420323326
2012-06-21,53.34872979214781
2012-06-22,53.11778290993071
2012-06-25,51.382488479262676
2012-06-26,50.0
2012-06-27,50.46082949308756
2012-06-28,51.61290322580645
2012-06-29,55.06912442396313
2012-07-02,61.05990783410138
2012-07-03,66.12903225806451
2012-07-05,69.5852534562212
2012-07-06,69.12442396313364
2012-07-09,67.74193548387096
2012-07-10,67.2811059907834
2012-07-11,64.74654377880185
2012-07-12,61.05990783410138
2012-07-13,62.44239631336406
2012-07-16,61.29032258064516
2012-07-17,63.133640552995395
2012-07-18,64.97695852534562
2012-07-19,69.12442396313364
2012-07-20,68.4331797235023
2012-07-23,66.12903225806451
2012-07-24,61.52073732718893
2012-07-25,56.91244239631337
2012-07-26,57.14285714285714
2012-07-27,62.21198156682027
2012-07-30,65.2073732718894
2012-07-31,65.2073732718894
2012-08-01,64.74654377880185
2012-08-02,63.133640552995395
2012-08-03,64.97695852534562
2012-08-06,68.96551724137932
2012-08-07,69.88505747126436
2012-08-08,71.72413793103448
2012-08-09,73.79310344827587
2012-08-10,74.48275862068967
2012-08-13,74.94252873563218
2012-08-14,75.40229885057471
2012-08-15,75.86206896551724
2012-08-16,78.16091954022988
2012-08-17,80.45977011494253
2012-08-20,80.45977011494253
2012-08-21,80.0
2012-08-22,78.39080459770115
2012-08-23,76.0919540229885
2012-08-24,75.68807339449542
2012-08-27,75.0
2012-08-28,76.37614678899082
2012-08-29,75.68807339449542
2012-08-30,74.54128440366972
2012-08-31,74.31192660550458
2012-09-04,72.47706422018348
2012-09-05,74.08256880733946
2012-09-06,76.60550458715596
2012-09-07,78.21100917431193
2012-09-10,79.35779816513761
2012-09-11,80.5045871559633
2012-09-12,80.27522935779817
2012-09-13,82.56880733944955
2012-09-14,82.79816513761467
2012-09-17,83.02752293577981
2012-09-18,82.56880733944955
2012-09-19,82.56880733944955
2012-09-20,82.33944954128441
2012-09-21,81.19266055045871
2012-09-24,79.81651376146789
2012-09-25,77.29357798165137
2012-09-26,75.0
2012-09-27,72.70642201834863
2012-09-28,70.41284403669725
2012-10-01,68.57798165137615
2012-10-02,67.66055045871559
2012-10-03,67.66055045871559
2012-10-04,68.80733944954129
2012-10-05,71.10091743119266
2012-10-08,70.18348623853211
2012-10-09,68.57798165137615
2012-10-10,66.5137614678899
2012-10-11,62.61467889908256
2012-10-12,58.944954128440365
2012-10-15,57.11009174311926
2012-10-16,58.48623853211009
2012-10-17,61.46788990825688
2012-10-18,65.13761467889908
2012-10-19,61.69724770642202
2012-10-22,58.02752293577982
2012-10-23,54.58715596330275
2012-10-24,50.0
2012-10-25,50.68807339449541
2012-10-26,48.853211009174316
2012-10-31,49.77064220183486
2012-11-01,53.21100917431193
2012-11-02,52.06422018348624
2012-11-05,52.06422018348624
2012-11-06,52.522935779816514
2012-11-07,50.0
2012-11-08,46.330275229357795
2012-11-09,43.11926605504588
2012-11-12,41.74311926605505
2012-11-13,39.908256880733944
2012-11-14,36.23853211009174
2012-11-15,32.798165137614674
2012-11-16,30.73394495412844
2012-11-19,32.56880733944954
2012-11-20,34.24657534246575
2012-11-21,36.07305936073059
2012-11-23,42.922374429223744
2012-11-26,46.57534246575342
2012-11-27,48.858447488584474
2012-11-28,53.88127853881278
2012-11-29,57.30593607305936
2012-11-30,60.73059360730594
2012-12-03,62.55707762557078
2012-12-04,64.15525114155251
2012-12-05,66.43835616438356
2012-12-06,68.72146118721462
2012-12-07,71.68949771689498
2012-12-10,73.51598173515981
2012-12-11,76.02739726027397
2012-12-12,78.31050228310502
2012-12-13,77.1689497716895
2012-12-14,76.02739726027397
2012-12-17,77.1689497716895
2012-12-18,79.90867579908677
2012-12-19,81.7351598173516
2012-12-20,82.87671232876713
2012-12-21,82.42009132420091
2012-12-24,81.9634703196347
2012-12-26,79.90867579908677
2012-12-27,77.1689497716895
2012-12-28,72.14611872146118
2012-12-31,72.3744292237443
2013-01-02,77.1689497716895
2013-01-03,80.13698630136986
2013-01-04,83.78995433789954
2013-01-07,85.84474885844749
2013-01-08,86.7579908675799
2013-01-09,86.3013698630137
2013-01-10,87.21461187214612
2013-01-11,87.44292237442922
2013-01-14,88.12785388127854
2013-01-15,88.12785388127854
2013-01-16,87.89954337899543
2013-01-17,89.26940639269407
2013-01-18,89.26940639269407
2013-01-22,90.41095890410958
2013-01-23,91.0958904109589
2013-01-24,91.78082191780823
2013-01-25,94.29223744292237
2013-01-28,94.29223744292237
2013-01-29,94.52054794520548
2013-01-30,93.37899543378995
2013-01-31,93.37899543378995
2013-02-01,93.60730593607306
2013-02-04,93.15068493150685
2013-02-05,91.78082191780823
2013-02-06,91.32420091324201
2013-02-07,89.97722095671982
2013-02-08,89.749430523918
2013-02-11,89.29384965831434
2013-02-12,88.15489749430525
2013-02-13,89.06605922551253
2013-02-14,88.38268792710706
2013-02-15,87.47152619589977
2013-02-19,87.24373576309794
2013-02-20,86.10478359908885
2013-02-21,83.5990888382688
2013-02-22,81.54897494305239
2013-02-25,75.39863325740319
2013-02-26,70.68181818181817
2013-02-27,70.45454545454545
2013-02-28,71.13636363636363
2013-03-01,72.27272727272728
2013-03-04,73.63636363636363
2013-03-05,76.13636363636364
2013-03-06,77.72727272727272
2013-03-07,80.0
2013-03-08,83.63636363636363
2013-03-11,84.12698412698413
2013-03-12,85.71428571428571
2013-03-13,86.84807256235828
2013-03-14,86.84807256235828
2013-03-15,87.07482993197279
2013-03-18,85.94104308390023
2013-03-19,83.90022675736961
2013-03-20,84.58049886621315
2013-03-21,82.99319727891157
2013-03-22,80.72562358276643
2013-03-25,79.13832199546485
2013-03-26,79.36507936507937
2013-03-27,78.45804988662131
2013-03-28,78.91156462585033
2013-04-01,77.77777777777779
2013-04-02,77.77777777777779
2013-04-03,74.14965986394559
2013-04-04,72.56235827664399
2013-04-05,69.1609977324263
2013-04-08,68.48072562358276
2013-04-09,68.70748299319727
2013-04-10,71.65532879818595
2013-04-11,74.82993197278913
2013-04-12,77.55102040816327
2013-04-15,72.10884353741497
2013-04-16,69.61451247165533
2013-04-17,64.85260770975057
2013-04-18,58.50340136054422
2013-04-19,57.36961451247166
2013-04-22,56.00907029478458
2013-04-23,57.596371882086174
2013-04-24,59.410430839002274
2013-04-25,64.39909297052154
2013-04-26,67.12018140589569
2013-04-29,68.48072562358276
2013-04-30,70.06802721088435
2013-05-01,70.97505668934241
2013-05-02,73.01587301587301
2013-05-03,76.64399092970523
2013-05-06,79.36507936507937
2013-05-07,83.90022675736961
2013-05-08,86.39455782312925
2013-05-09,88.20861678004536
2013-05-10,88.66213151927438
2013-05-13,89.56916099773242
2013-05-14,91.15646258503402
2013-05-15,92.06349206349206
2013-05-16,91.83673469387756
2013-05-17,92.7437641723356
2013-05-20,92.7437641723356
2013-05-21,92.7437641723356
2013-05-22,91.38321995464852
2013-05-23,90.24943310657596
2013-05-24,86.84807256235828
2013-05-28,85.4875283446712
2013-05-29,80.72562358276643
2013-05-30,78.2312925170068
2013-05-31,72.56235827664399
2013-06-03,70.06802721088435
2013-06-04,66.89342403628117
2013-06-05,63.49206349206349
2013-06-06,58.50340136054422
2013-06-07,58.50340136054422
2013-06-10,59.63718820861678
2013-06-11,56.916099773242635
2013-06-12,52.38095238095239
2013-06-13,53.06122448979592
2013-06-14,51.35746606334841
2013-06-17,52.488687782805435
2013-06-18,56.334841628959275
2013-06-19,54.97737556561086
2013-06-20,47.963800904977376
2013-06-21,41.17647058823529
2013-06-24,35.97285067873303
2013-06-25,33.93665158371041
2013-06-26,33.257918552036195
2013-06-27,35.74660633484163
2013-06-28,37.10407239819005
2013-07-01,40.95022624434389
2013-07-02,42.53393665158371
2013-07-03,43.665158371040725
2013-07-05,49.547511312217196
2013-07-08,53.16742081447964
2013-07-09,59.72850678733032
2013-07-10,65.83710407239819
2013-07-11,72.62443438914026
2013-07-12,79.18552036199095
2013-07-15,83.710407239819
2013-07-16,84.84162895927602
2013-07-17,87.33031674208145
2013-07-18,88.23529411764706
2013-07-19,89.36651583710407
2013-07-22,90.49773755656109
2013-07-23,91.17647058823529
2013-07-24,89.81900452488688
2013-07-25,90.09009009009009
2013-07-26,88.28828828828829
2013-07-29,86.93693693693693
2013-07-30,86.26126126126125
2013-07-31,84.009009009009
2013-08-01,84.90990990990991
2013-08-02,84.71910112359551
2013-08-05,82.92134831460675
2013-08-06,81.57303370786518
2013-08-07,79.5505617977528
2013-08-08,78.65168539325843
2013-08-09,76.62921348314606
2013-08-12,75.50561797752809
2013-08-13,74.6067415730337
2013-08-14,72.80898876404494
2013-08-15,68.08988764044945
2013-08-16,62.247191011235955
2013-08-19,54.831460674157306
2013-08-20,53.033707865168545
2013-08-21,49.43820224719101
2013-08-22,48.764044943820224
2013-08-23,47.640449438202246
2013-08-26,47.19101123595505
2013-08-27,42.247191011235955
2013-08-28,38.87640449438202
2013-08-29,34.831460674157306
2013-08-30,30.56179775280899
2013-09-03,31.011235955056183
2013-09-04,32.13483146067416
2013-09-05,35.73033707865169
2013-09-06,37.07865168539326
2013-09-09,42.247191011235955
2013-09-10,50.56179775280899
2013-09-11,56.62921348314607
2013-09-12,60.449438202247194
2013-09-13,63.82022471910113
2013-09-16,67.41573033707866
2013-09-17,71.46067415730337
2013-09-18,76.85393258426966
2013-09-19,82.69662921348313
2013-09-20,82.47191011235955
2013-09-23,82.69662921348313
2013-09-24,82.69662921348313
2013-09-25,79.10112359550561
2013-09-26,78.20224719101122
2013-09-27,77.07865168539327
2013-09-30,75.0561797752809
2013-10-01,75.28089887640449
2013-10-02,74.8314606741573
2013-10-03,71.68539325842697
2013-10-04,70.11235955056179
2013-10-07,65.84269662921348
2013-10-08,61.12359550561798
2013-10-09,56.62921348314607
2013-10-10,61.12359550561798
2013-10-11,64.26966292134831
2013-10-14,67.86516853932584
2013-10-15,69.88764044943821
2013-10-16,73.25842696629213
2013-10-17,77.97752808988764
2013-10-18,80.67415730337079
2013-10-21,82.24719101123596
2013-10-22,84.26966292134831
2013-10-23,84.49438202247191
2013-10-24,86.06741573033709
2013-10-25,85.84269662921349
2013-10-28,86.06741573033709
2013-10-29,85.61797752808988
2013-10-30,86.29213483146067
2013-10-31,84.04494382022472
2013-11-01,83.37078651685394
2013-11-04,83.14606741573034
2013-11-05,82.47191011235955
2013-11-06,81.57303370786518
2013-11-07,79.7752808988764
2013-11-08,79.32584269662921
2013-11-11,78.42696629213484
2013-11-12,77.75280898876404
2013-11-13,78.65168539325843
2013-11-14,78.42696629213484
2013-11-15,79.32584269662921
2013-11-18,78.87640449438203
2013-11-19,78.87640449438203
2013-11-20,77.75280898876404
2013-11-21,77.97752808988764
2013-11-22,78.87640449438203
2013-11-25,78.20224719101122
2013-11-26,77.97752808988764
2013-11-27,76.85393258426966
2013-11-29,76.17977528089888
2013-12-02,75.50561797752809
2013-12-03,73.25842696629213
2013-12-04,71.46067415730337
2013-12-05,69.21348314606742
2013-12-06,70.78651685393258
2013-12-09,71.46067415730337
2013-12-10,71.01123595505618
2013-12-11,68.76404494382022
2013-12-12,63.59550561797753
2013-12-13,60.67415730337079
2013-12-16,61.12359550561798
2013-12-17,60.0
2013-12-18,62.47191011235955
2013-12-19,63.82022471910113
2013-12-20,65.61797752808988
2013-12-23,68.31460674157303
2013-12-24,71.52466367713004
2013-12-26,73.54260089686099
2013-12-27,75.11210762331838
2013-12-30,77.80269058295964
2013-12-31,80.26905829596413
2014-01-02,79.37219730941703
2014-01-03,78.69955156950674
2014-01-06,76.68161434977578
2014-01-07,78.47533632286996
2014-01-08,78.02690582959642
2014-01-09,76.68161434977578
2014-01-10,77.80269058295964
2014-01-13,75.11210762331838
2014-01-14,76.00896860986546
2014-01-15,76.00896860986546
2014-01-16,77.13004484304933
2014-01-17,75.7847533632287
2014-01-21,74.9440715883669
2014-01-22,76.28635346756153
2014-01-23,75.39149888143176
2014-01-24,68.0089485458613
2014-01-27,60.178970917225946
2014-01-28,56.152125279642064
2014-01-29,51.67785234899329
2014-01-30,50.78299776286354
2014-01-31,48.09843400447427
2014-02-03,42.95302013422819
2014-02-04,39.14988814317674
2014-02-05,36.46532438478747
2014-02-06,37.13646532438479
2014-02-07,38.92617449664429
2014-02-10,41.61073825503356
2014-02-11,44.51901565995526
2014-02-12,48.322147651006716
2014-02-13,53.46756152125279
2014-02-14,57.94183445190156
2014-02-18,61.521252796420576
2014-02-19,63.758389261744966
2014-02-20,66.44295302013423
2014-02-21,67.56152125279642
2014-02-24,70.02237136465325
2014-02-25,71.36465324384787
2014-02-26,72.93064876957494
2014-02-27,74.49664429530202
2014-02-28,76.95749440715883
2014-03-03,76.0626398210291
2014-03-04,79.19463087248322
2014-03-05,81.87919463087249
2014-03-06,84.11633109619687
2014-03-07,84.78747203579418
2014-03-10,85.23489932885906
2014-03-11,85.01118568232661
2014-03-12,85.23489932885906
2014-03-13,83.44519015659955
2014-03-14,80.76062639821029
2014-03-17,79.64205816554811
2014-03-18,80.76062639821029
2014-03-19,79.41834451901566
2014-03-20,78.52348993288591
2014-03-21,77.40492170022371
2014-03-24,72.93064876957494
2014-03-25,71.36465324384787
2014-03-26,68.0089485458613
2014-03-27,62.19239373601789
2014-03-28,61.521252796420576
2014-03-31,64.65324384787472
2014-04-01,66.66666666666666
2014-04-02,69.35123042505593
2014-04-03,71.14093959731544
2014-04-04,68.90380313199105
2014-04-07,62.41610738255034
2014-04-08,59.50782997762863
2014-04-09,60.40268456375839
2014-04-10,55.48098434004475
2014-04-11,47.651006711409394
2014-04-14,43.84787472035794
2014-04-15,42.281879194630875
2014-04-16,42.505592841163306
2014-04-17,43.84787472035794
2014-04-21,45.19015659955257
2014-04-22,49.44071588366891
2014-04-23,51.67785234899329
2014-04-24,53.691275167785236
2014-04-25,53.24384787472036
2014-04-28,53.914988814317674
2014-04-29,54.36241610738255
2014-04-30,55.92841163310962
2014-05-01,56.59955257270693
2014-05-02,58.38926174496645
2014-05-05,59.95525727069351
2014-05-06,59.28411633109619
2014-05-07,59.28411633109619
2014-05-08,59.06040268456376
2014-05-09,60.40268456375839
2014-05-12,63.982102908277405
2014-05-13,64.87695749440716
2014-05-14,64.20581655480984
2014-05-15,60.85011185682326
2014-05-16,59.06040268456376
2014-05-19,59.28411633109619
2014-05-20,55.70469798657718
2014-05-21,54.46428571428571
2014-05-22,56.02678571428571
2014-05-23,59.15178571428571
2014-05-27,63.61607142857143
2014-05-28,67.63392857142857
2014-05-29,71.42857142857143
2014-05-30,74.33035714285714
2014-06-02,77.00892857142857
2014-06-03,77.45535714285714
2014-06-04,79.46428571428571
2014-06-05,83.70535714285714
2014-06-06,85.9375
2014-06-09,86.38392857142857
2014-06-10,86.83035714285714
2014-06-11,86.38392857142857
2014-06-12,85.71428571428571
2014-06-13,85.26785714285714
2014-06-16,85.04464285714286
2014-06-17,84.375
2014-06-18,84.82142857142857
2014-06-19,86.60714285714286
2014-06-20,86.83035714285714
2014-06-23,86.83035714285714
2014-06-24,85.26785714285714
2014-06-25,84.59821428571429
2014-06-26,83.70535714285714
2014-06-27,82.58928571428571
2014-06-30,80.80357142857143
2014-07-01,81.91964285714286
2014-07-02,83.25892857142857
2014-07-03,84.375
2014-07-07,83.92857142857143
2014-07-08,81.69642857142857
2014-07-09,81.91964285714286
2014-07-10,80.13392857142857
2014-07-11,76.78571428571429
2014-07-14,74.61024498886414
2014-07-15,73.71937639198218
2014-07-16,73.2739420935412
2014-07-17,69.04231625835189
2014-07-18,67.92873051224944
2014-07-21,66.815144766147
2014-07-22,67.03786191536749
2014-07-23,67.26057906458797
2014-07-24,68.37416481069042
2014-07-25,66.36971046770601
2014-07-28,64.58797327394208
2014-07-29,60.35634743875279
2014-07-30,59.46547884187082
2014-07-31,47.88418708240535
2014-08-01,42.31625835189309
2014-08-04,40.089086859688194
2014-08-05,38.084632516703785
2014-08-06,32.73942093541203
2014-08-07,29.84409799554566
2014-08-08,30.066815144766146
2014-08-11,30.734966592427615
2014-08-12,31.180400890868597
2014-08-13,35.85746102449889
2014-08-14,40.089086859688194
2014-08-15,43.42984409799555
2014-08-18,47.88418708240535
2014-08-19,55.233853006681514
2014-08-20,60.13363028953229
2014-08-21,67.26057906458797
2014-08-22,70.15590200445433
2014-08-25,74.16481069042317
2014-08-26,75.50111358574611
2014-08-27,77.28285077951003
2014-08-28,77.28285077951003
2014-08-29,79.06458797327394
2014-09-02,80.40089086859689
2014-09-03,80.84632516703786
2014-09-04,81.06904231625836
2014-09-05,81.33333333333333
2014-09-08,82.0
2014-09-09,80.44444444444444
2014-09-10,78.44444444444446
2014-09-11,78.0
2014-09-12,73.55555555555556
2014-09-15,70.66666666666667
2014-09-16,70.0
2014-09-17,67.55555555555556
2014-09-18,67.77777777777779
2014-09-19,66.88888888888889
2014-09-22,64.44444444444444
2014-09-23,60.22222222222222
2014-09-24,58.44444444444444
2014-09-25,52.44444444444445
2014-09-26,48.888888888888886
2014-09-29,45.33333333333333
2014-09-30,41.55555555555556
2014-10-01,36.0
2014-10-02,34.22222222222222
2014-10-03,34.66666666666667
2014-10-06,34.88888888888889
2014-10-07,31.333333333333336
2014-10-08,33.33333333333333
2014-10-09,29.777777777777775
2014-10-10,26.222222222222225
2014-10-13,21.777777777777775
2014-10-14,21.333333333333336
2014-10-15,18.88888888888889
2014-10-16,17.333333333333336
2014-10-17,17.77777777777778
2014-10-20,19.77777777777778
2014-10-21,24.88888888888889
2014-10-22,30.88888888888889
2014-10-23,36.44444444444444
2014-10-24,43.111111111111114
2014-10-27,47.77777777777778
2014-10-28,56.44444444444444
2014-10-29,62.97117516629712
2014-10-30,68.51441241685144
2014-10-31,76.71840354767184
2014-11-03,79.82261640798227
2014-11-04,82.26164079822617
2014-11-05,84.03547671840354
2014-11-06,85.14412416851441
2014-11-07,86.25277161862527
2014-11-10,86.91796008869179
2014-11-11,87.36141906873614
2014-11-12,88.470066518847
2014-11-13,89.3569844789357
2014-11-14,89.80044345898004
2014-11-17,90.2439024390244
2014-11-18,90.46563192904657
2014-11-19,90.9090909090909
2014-11-20,90.9090909090909
2014-11-21,91.35254988913526
2014-11-24,91.8141592920354
2014-11-25,91.8141592920354
2014-11-26,91.8141592920354
2014-11-28,90.7079646017699
2014-12-01,89.82300884955751
2014-12-02,89.38053097345133
2014-12-03,88.71681415929203
2014-12-04,88.27433628318585
2014-12-05,88.27433628318585
2014-12-08,87.83185840707965
2014-12-09,86.06194690265487
2014-12-10,82.07964601769912
2014-12-11,80.30973451327434
2014-12-12,76.99115044247787
2014-12-15,70.13274336283186
2014-12-16,64.38053097345133
2014-12-17,62.38938053097345
2014-12-18,66.1504424778761
2014-12-19,69.46902654867256
2014-12-22,73.23008849557522
2014-12-23,75.88495575221239
2014-12-24,78.09734513274337
2014-12-26,80.30973451327434
2014-12-29,82.52212389380531
2014-12-30,83.1858407079646
2014-12-31,82.30088495575221
2015-01-02,82.07964601769912
2015-01-05,76.99115044247787
2015-01-06,67.47787610619469
2015-01-07,62.38938053097345
2015-01-08,63.716814159292035
2015-01-09,60.17699115044248
2015-01-12,57.07964601769911
2015-01-13,54.424778761061944
2015-01-14,51.991150442477874
2015-01-15,48.451327433628315
2015-01-16,48.008849557522126
2015-01-20,46.23893805309734
2015-01-21,47.34513274336283
2015-01-22,51.76991150442478
2015-01-23,53.98230088495575
2015-01-26,57.30088495575221
2015-01-27,57.30088495575221
2015-01-28,53.09734513274337
2015-01-29,53.09734513274337
2015-01-30,50.442477876106196
2015-02-02,49.7787610619469
2015-02-03,53.09734513274337
2015-02-04,56.19469026548673
2015-02-05,61.72566371681416
2015-02-06,63.27433628318584
2015-02-09,63.05309734513275
2015-02-10,65.7079646017699
2015-02-11,66.1504424778761
2015-02-12,68.36283185840708
2015-02-13,71.90265486725663
2015-02-17,74.11504424778761
2015-02-18,75.88495575221239
2015-02-19,76.32743362831859
2015-02-20,77.65486725663717
2015-02-23,77.65486725663717
2015-02-24,78.76106194690266
2015-02-25,79.42477876106194
2015-02-26,78.31858407079646
2015-02-27,76.54867256637168
2015-03-02,77.43362831858407
2015-03-03,76.76991150442478
2015-03-04,75.66371681415929
2015-03-05,74.77876106194691
2015-03-06,71.90265486725663
2015-03-09,68.58407079646017
2015-03-10,63.716814159292035
2015-03-11,59.070796460176986
2015-03-12,57.9646017699115
2015-03-13,55.309734513274336
2015-03-16,56.415929203539825
2015-03-17,56.415929203539825
2015-03-18,58.4070796460177
2015-03-19,60.61946902654868
2015-03-20,63.93805309734514
2015-03-23,66.5929203539823
2015-03-24,67.2566371681416
2015-03-25,64.15929203539822
2015-03-26,59.51327433628318
2015-03-27,57.52212389380531
2015-03-30,59.29203539823009
2015-03-31,59.070796460176986
2015-04-01,56.415929203539825
2015-04-02,56.63716814159292
2015-04-06,58.1858407079646
2015-04-07,59.73451327433629
2015-04-08,60.17699115044248
2015-04-09,62.16814159292036
2015-04-10,64.15929203539822
2015-04-13,62.61061946902655
2015-04-14,61.504424778761056
2015-04-15,64.60176991150442
2015-04-16,65.929203539823
2015-04-17,62.38938053097345
2015-04-20,61.504424778761056
2015-04-21,60.17699115044248
2015-04-22,62.38938053097345
2015-04-23,61.06194690265486
2015-04-24,61.94690265486725
2015-04-27,60.17699115044248
2015-04-28,59.51327433628318
2015-04-29,57.30088495575221
2015-04-30,52.876106194690266
2015-05-01,53.09734513274337
2015-05-04,53.31858407079646
2015-05-05,49.557522123893804
2015-05-06,46.57836644591612
2015-05-07,45.253863134657834
2015-05-08,48.78587196467991
2015-05-11,49.668874172185426
2015-05-12,49.448123620309055
2015-05-13,49.22737306843267
2015-05-14,52.09713024282561
2015-05-15,54.52538631346579
2015-05-18,57.395143487858725
2015-05-19,62.03090507726269
2015-05-20,64.90066225165563
2015-05-21,66.00441501103754
2015-05-22,66.44591611479028
2015-05-26,63.13465783664459
2015-05-27,62.913907284768214
2015-05-28,63.13465783664459
2015-05-29,61.36865342163355
2015-06-01,60.04415011037527
2015-06-02,57.615894039735096
2015-06-03,59.16114790286976
2015-06-04,55.62913907284768
2015-06-05,52.980132450331126
2015-06-08,47.90286975717439
2015-06-09,46.57836644591612
2015-06-10,46.799116997792495
2015-06-11,49.668874172185426
2015-06-12,49.448123620309055
2015-06-15,48.12362030905077
2015-06-16,48.12362030905077
2015-06-17,47.90286975717439
2015-06-18,50.77262693156733
2015-06-19,51.65562913907284
2015-06-22,55.18763796909493
2015-06-23,58.05739514348785
2015-06-24,55.40838852097131
2015-06-25,54.746136865342166
2015-06-26,52.75938189845475
2015-06-29,47.24061810154526
2015-06-30,42.384105960264904
2015-07-01,41.280353200883
2015-07-02,39.51434878587197
2015-07-06,38.41059602649007
2015-07-07,38.18984547461369
2015-07-08,35.76158940397351
2015-07-09,33.77483443708609
2015-07-10,35.76158940397351
2015-07-13,40.618101545253865
2015-07-14,44.150110375275936
2015-07-15,49.88962472406181
2015-07-16,54.52538631346579
2015-07-17,56.29139072847682
2015-07-20,58.27814569536424
2015-07-21,59.38189845474614
2015-07-22,58.498896247240616
2015-07-23,58.498896247240616
2015-07-24,55.40838852097131
2015-07-27,51.434878587196465
2015-07-28,51.65562913907284
2015-07-29,52.980132450331126
2015-07-30,52.53863134657837
2015-07-31,54.966887417218544
2015-08-03,55.62913907284768
2015-08-04,55.62913907284768
2015-08-05,57.17439293598234
2015-08-06,57.17439293598234
2015-08-07,57.836644591611474
2015-08-10,59.120879120879124
2015-08-11,59.120879120879124
2015-08-12,59.120879120879124
2015-08-13,58.24175824175825
2015-08-14,58.901098901098905
2015-08-17,59.78021978021978
2015-08-18,60.0
2015-08-19,58.901098901098905
2015-08-20,51.42857142857142
2015-08-21,43.2967032967033
2015-08-24,29.89010989010989
2015-08-25,18.461538461538463
2015-08-26,14.945054945054945
2015-08-27,15.164835164835164
2015-08-28,15.604395604395604
2015-08-31,12.967032967032969
2015-09-01,8.571428571428571
2015-09-02,7.6923076923076925
2015-09-03,8.131868131868131
2015-09-04,6.813186813186813
2015-09-08,9.230769230769232
2015-09-09,10.54945054945055
2015-09-10,11.868131868131867
2015-09-11,12.307692307692308
2015-09-14,13.846153846153847
2015-09-15,18.021978021978022
2015-09-16,22.63736263736264
2015-09-17,25.934065934065938
2015-09-18,27.472527472527474
2015-09-21,30.10989010989011
2015-09-22,28.13186813186813
2015-09-23,27.912087912087912
2015-09-24,27.912087912087912
2015-09-25,27.912087912087912
2015-09-28,22.63736263736264
2015-09-29,20.439560439560438
2015-09-30,20.21978021978022
2015-10-01,21.53846153846154
2015-10-02,25.274725274725274
2015-10-05,30.98901098901099
2015-10-06,34.94505494505494
2015-10-07,41.75824175824176
2015-10-08,49.67032967032967
2015-10-09,55.38461538461539
2015-10-12,59.78021978021978
2015-10-13,60.879120879120876
2015-10-14,61.0989010989011
2015-10-15,63.07692307692307
2015-10-16,63.51648351648351
2015-10-19,65.93406593406593
2015-10-20,67.91208791208791
2015-10-21,67.6923076923077
2015-10-22,70.54945054945055
2015-10-23,73.84615384615385
2015-10-26,76.04395604395604
2015-10-27,76.70329670329672
2015-10-28,77.58241758241759
2015-10-29,77.58241758241759
2015-10-30,78.24175824175825
2015-11-02,79.34065934065934
2015-11-03,80.43956043956044
2015-11-04,79.34065934065934
2015-11-05,80.21978021978022
2015-11-06,79.12087912087912
2015-11-09,77.36263736263737
2015-11-10,74.94505494505495
2015-11-11,73.84615384615385
2015-11-12,69.67032967032966
2015-11-13,65.05494505494505
2015-11-16,62.637362637362635
2015-11-17,60.43956043956044
2015-11-18,61.0989010989011
2015-11-19,62.1978021978022
2015-11-20,64.61538461538461
2015-11-23,65.5701754385965
2015-11-24,68.2017543859649
2015-11-25,68.64035087719299
2015-11-27,69.95614035087719
2015-11-30,70.83333333333334
2015-12-01,73.90350877192982
2015-12-02,71.49122807017544
2015-12-03,66.66666666666666
2015-12-04,66.8859649122807
2015-12-07,65.13157894736842
2015-12-08,63.59649122807017
2015-12-09,60.08771929824561
2015-12-10,55.26315789473685
2015-12-11,47.58771929824561
2015-12-14,42.32456140350877
2015-12-15,40.78947368421053
2015-12-16,46.71052631578947
2015-12-17,45.39473684210527
2015-12-18,40.57017543859649
2015-12-21,38.59649122807017
2015-12-22,41.00877192982456
2015-12-23,44.51754385964912
2015-12-24,46.92982456140351
2015-12-28,49.23413566739606
2015-12-29,53.39168490153173
2015-12-30,55.36105032822757
2015-12-31,54.04814004376368
2016-01-04,47.26477024070022
2016-01-05,44.85776805251641
2016-01-06,38.7308533916849
2016-01-07,30.63457330415755
2016-01-08,23.851203501094094
2016-01-11,19.037199124726477
2016-01-12,16.849015317286653
2016-01-13,15.098468271334792
2016-01-14,14.660831509846828
2016-01-15,12.691466083150985
2016-01-19,12.691466083150985
2016-01-20,11.159737417943107
2016-01-21,10.065645514223196
2016-01-22,11.597374179431071
2016-01-25,11.597374179431071
2016-01-26,12.910284463894966
2016-01-27,13.347921225382933
2016-01-28,14.442013129102845
2016-01-29,17.943107221006567
2016-02-01,22.100656455142232
2016-02-02,24.945295404814004
2016-02-03,27.78993435448578
2016-02-04,30.63457330415755
2016-02-05,30.41575492341357
2016-02-08,28.227571115973742
2016-02-09,28.00875273522976
2016-02-10,27.571115973741794
2016-02-11,26.477024070021884
2016-02-12,26.914660831509845
2016-02-16,30.85339168490153
2016-02-17,36.10503282275711
2016-02-18,40.70021881838075
2016-02-19,43.544857768052516
2016-02-22,47.70240700218819
2016-02-23,50.984682713347915
2016-02-24,53.610503282275715
2016-02-25,57.76805251641138
2016-02-26,61.70678336980306
2016-02-29,63.23851203501094
2016-03-01,68.9277899343545
2016-03-02,75.92997811816193
2016-03-03,79.86870897155362
2016-03-04,84.46389496717724
2016-03-07,87.96498905908096
2016-03-08,87.74617067833698
2016-03-09,88.40262582056893
2016-03-10,88.18380743982495
2016-03-11,90.80962800875274
2016-03-14,91.90371991247265
2016-03-15,92.12253829321662
2016-03-16,92.99781181619255
2016-03-17,93.21663019693655
2016-03-18,93.21663019693655
2016-03-21,92.77899343544857
2016-03-22,93.43544857768052
2016-03-23,93.21663019693655
2016-03-24,92.99781181619255
2016-03-28,92.99781181619255
2016-03-29,92.99781181619255
2016-03-30,93.21663019693655
2016-03-31,92.99781181619255
2016-04-01,92.34135667396062
2016-04-04,92.99781181619255
2016-04-05,91.90371991247265
2016-04-06,92.12253829321662
2016-04-07,89.71553610503283
2016-04-08,87.30853391684902
2016-04-11,86.65207877461707
2016-04-12,85.33916849015317
2016-04-13,87.30853391684902
2016-04-14,88.40262582056893
2016-04-15,87.30853391684902
2016-04-18,88.40262582056893
2016-04-19,89.93435448577681
2016-04-20,89.49671772428884
2016-04-21,87.08971553610503
2016-04-22,83.58862144420132
2016-04-25,82.27571115973743
2016-04-26,79.21225382932167
2016-04-27,78.99343544857767
2016-04-28,77.68052516411379
2016-04-29,76.36761487964989
2016-05-02,76.36761487964989
2016-05-03,73.52297592997812
2016-05-04,71.55361050328227
2016-05-05,68.7089715536105
2016-05-06,68.7089715536105
2016-05-09,68.27133479212254
2016-05-10,70.02188183807439
2016-05-11,67.83369803063457
2016-05-12,66.73960612691467
2016-05-13,63.01969365426696
2016-05-16,62.144420131291035
2016-05-17,59.73741794310722
2016-05-18,57.98687089715536
2016-05-19,53.82932166301969
2016-05-20,52.735229759299784
2016-05-23,51.42231947483589
2016-05-24,54.48577680525164
2016-05-25,57.330415754923415
2016-05-26,62.80087527352297
2016-05-27,65.20787746170679
2016-05-31,67.17724288840262
2016-06-01,68.7089715536105
2016-06-02,73.30415754923413
2016-06-03,74.61706783369803
2016-06-06,75.92997811816193
2016-06-07,77.24288840262582
2016-06-08,80.74398249452955
2016-06-09,80.74398249452955
2016-06-10,78.33698030634574
2016-06-13,75.27352297592998
2016-06-14,71.33479212253829
2016-06-15,68.05251641137856
2016-06-16,65.86433260393873
2016-06-17,63.23851203501094
2016-06-20,63.23851203501094
2016-06-21,63.89496717724289
2016-06-22,64.33260393873084
2016-06-23,68.49015317286651
2016-06-24,60.83150984682714
2016-06-27,45.076586433260395
2016-06-28,40.70021881838075
2016-06-29,43.10722100656455
2016-06-30,47.04595185995623
2016-07-01,50.984682713347915
2016-07-05,51.85995623632385
2016-07-06,54.04814004376368
2016-07-07,55.798687089715536
2016-07-08,60.61269146608315
2016-07-11,65.86433260393873
2016-07-12,70.67833698030634
2016-07-13,75.92997811816193
2016-07-14,79.86870897155362
2016-07-15,82.05689277899344
2016-07-18,85.12035010940919
2016-07-19,86.43326039387308
2016-07-20,88.18380743982495
2016-07-21,87.96498905908096
2016-07-22,89.49671772428884
2016-07-25,89.71553610503283
2016-07-26,89.05908096280088
2016-07-27,87.08971553610503
2016-07-28,84.9015317286652
2016-07-29,84.24507658643327
2016-08-01,83.36980306345733
2016-08-02,79.21225382932167
2016-08-03,77.89934354485777
2016-08-04,75.71115973741794
2016-08-05,75.71115973741794
2016-08-08,73.7417943107221
2016-08-09,73.36244541484717
2016-08-10,72.48908296943232
2016-08-11,71.83406113537117
2016-08-12,71.61572052401746
2016-08-15,71.17903930131004
2016-08-16,70.74235807860262
2016-08-17,69.86899563318777
2016-08-18,70.08733624454149
2016-08-19,69.65065502183407
2016-08-22,69.65065502183407
2016-08-23,69.21397379912663
2016-08-24,68.99563318777294
2016-08-25,66.5938864628821
2016-08-26,64.41048034934498
2016-08-29,65.72052401746726
2016-08-30,65.06550218340611
2016-08-31,62.66375545851528
2016-09-01,62.882096069869
2016-09-02,63.53711790393013
2016-09-06,64.8471615720524
2016-09-07,65.93886462882097
2016-09-08,64.8471615720524
2016-09-09,57.64192139737992
2016-09-12,55.45851528384279
2016-09-13,47.379912663755455
2016-09-14,42.13973799126637
2016-09-15,41.26637554585153
2016-09-16,36.8995633187773
2016-09-19,37.117903930131
2016-09-20,37.77292576419214
2016-09-21,41.26637554585153
2016-09-22,47.05882352941176
2016-09-23,51.4161220043573
2016-09-26,51.4161220043573
2016-09-27,53.15904139433552
2016-09-28,55.33769063180828
2016-09-29,55.33769063180828
2016-09-30,55.119825708061
2016-10-03,54.68409586056645
2016-10-04,52.069716775599126
2016-10-05,51.19825708061002
2016-10-06,52.28758169934641
2016-10-07,50.326797385620914
2016-10-10,49.673202614379086
2016-10-11,47.276688453159046
2016-10-12,44.44444444444444
2016-10-13,41.394335511982575
2016-10-14,38.99782135076253
2016-10-17,35.5119825708061
2016-10-18,34.64052287581699
2016-10-19,34.42265795206972
2016-10-20,34.20479302832244
2016-10-21,34.85838779956427
2016-10-24,36.38344226579521
2016-10-25,36.60130718954248
2016-10-26,35.65217391304348
2016-10-27,35.65217391304348
2016-10-28,36.08695652173913
2016-10-31,36.95652173913043
2016-11-01,36.52173913043478
2016-11-02,33.47826086956522
2016-11-03,31.30434782608696
2016-11-04,29.130434782608695
2016-11-07,31.956521739130434
2016-11-08,38.69565217391304
2016-11-09,42.0824295010846
2016-11-10,46.420824295010846
2016-11-11,49.457700650759215
2016-11-14,54.229934924078094
2016-11-15,55.9652928416486
2016-11-16,59.00216919739696
2016-11-17,60.95444685466378
2016-11-18,61.82212581344903
2016-11-21,63.1236442516269
2016-11-22,64.20824295010846
2016-11-23,65.94360086767897
2016-11-25,67.89587852494577
2016-11-28,68.76355748373102
2016-11-29,69.19739696312365
2016-11-30,69.41431670281996
2016-12-01,66.81127982646422
2016-12-02,64.64208242950107
2016-12-05,63.77440347071583
2016-12-06,64.20824295010846
2016-12-07,66.45021645021644
2016-12-08,69.6969696969697
2016-12-09,71.64502164502164
2016-12-12,74.45887445887446
2016-12-13,77.48917748917748
2016-12-14,76.40692640692642
2016-12-15,76.62337662337663
2016-12-16,76.88984881209502
2016-12-19,78.18574514038878
2016-12-20,78.40172786177105
2016-12-21,78.40172786177105
2016-12-22,77.10583153347731
2016-12-23,76.45788336933045
2016-12-27,76.88984881209502
2016-12-28,74.73002159827213
2016-12-29,73.2181425485961
2016-12-30,72.35421166306696
2017-01-03,72.57019438444925
2017-01-04,74.73002159827213
2017-01-05,74.94600431965442
2017-01-06,76.88984881209502
2017-01-09,77.10583153347731
2017-01-10,77.96976241900649
2017-01-11,77.7537796976242
2017-01-12,77.32181425485962
2017-01-13,79.6976241900648
2017-01-17,78.40172786177105
2017-01-18,79.04967602591793
2017-01-19,78.18574514038878
2017-01-20,76.45788336933045
2017-01-23,75.80993520518359
2017-01-24,76.02591792656588
2017-01-25,78.61771058315334
2017-01-26,78.18574514038878
2017-01-27,77.96976241900649
2017-01-30,75.5939524838013
2017-01-31,73.4341252699784
2017-02-01,70.62634989200865
2017-02-02,69.97840172786177
2017-02-03,71.2742980561555
2017-02-06,70.84233261339092
2017-02-07,70.84233261339092
2017-02-08,71.05831533477321
2017-02-09,72.78617710583153
2017-02-10,76.02591792656588
2017-02-13,79.91360691144709
2017-02-14,81.20950323974083
2017-02-15,82.72138228941685
2017-02-16,83.36933045356372
2017-02-17,83.58531317494601
2017-02-21,84.66522678185746
2017-02-22,84.66522678185746
2017-02-23,84.66522678185746
2017-02-24,84.88120950323975
2017-02-27,84.66522678185746
2017-02-28,83.8012958963283
2017-03-01,84.01727861771057
2017-03-02,83.8012958963283
2017-03-03,83.58531317494601
2017-03-06,83.15334773218143
2017-03-07,81.20950323974083
2017-03-08,79.6976241900648
2017-03-09,77.80172413793103
2017-03-10,76.50862068965517
2017-03-13,74.13793103448276
2017-03-14,73.49137931034483
2017-03-15,73.70689655172413
2017-03-16,74.35344827586206
2017-03-17,75.64655172413794
2017-03-20,74.35344827586206
2017-03-21,69.18103448275862
2017-03-22,65.94827586206897
2017-03-23,63.577586206896555
2017-03-24,61.63793103448276
2017-03-27,60.3448275862069
2017-03-28,59.48275862068966
2017-03-29,58.4051724137931
2017-03-30,59.91379310344828
2017-03-31,60.775862068965516
2017-04-03,59.05172413793104
2017-04-04,58.83620689655172
2017-04-05,58.620689655172406
2017-04-06,57.543103448275865
2017-04-07,57.758620689655174
2017-04-10,58.620689655172406
2017-04-11,58.83620689655172
2017-04-12,56.68103448275862
2017-04-13,51.293103448275865
2017-04-17,52.80172413793104
2017-04-18,51.939655172413794
2017-04-19,51.724137931034484
2017-04-20,53.879310344827594
2017-04-21,54.956896551724135
2017-04-24,58.189655172413794
2017-04-25,63.793103448275865
2017-04-26,65.94827586206897
2017-04-27,68.96551724137932
2017-04-28,68.75
2017-05-01,69.18103448275862
2017-05-02,67.67241379310344
2017-05-03,67.02586206896551
2017-05-04,65.73275862068965
2017-05-05,67.24137931034483
2017-05-08,67.02586206896551
2017-05-09,67.02586206896551
2017-05-10,66.8103448275862
2017-05-11,66.8103448275862
2017-05-12,65.30172413793103
2017-05-15,66.8103448275862
2017-05-16,66.37931034482759
2017-05-17,62.28448275862068
2017-05-18,60.3448275862069
2017-05-19,58.83620689655172
2017-05-22,59.26724137931034
2017-05-23,60.775862068965516
2017-05-24,61.206896551724135
2017-05-25,62.06896551724138
2017-05-26,64.87068965517241
2017-05-30,67.02586206896551
2017-05-31,68.10344827586206
2017-06-01,69.82758620689656
2017-06-02,71.98275862068965
2017-06-05,74.13793103448276
2017-06-06,73.27586206896551
2017-06-07,72.84482758620689
2017-06-08,73.0603448275862
2017-06-09,74.35344827586206
2017-06-12,77.15517241379311
2017-06-13,79.95689655172413
2017-06-14,81.25
2017-06-15,80.81896551724138
2017-06-16,80.17241379310344
2017-06-19,80.86021505376344
2017-06-20,78.70967741935485
2017-06-21,78.06451612903226
2017-06-22,75.05376344086021
2017-06-23,73.76344086021506
2017-06-26,73.9784946236559
2017-06-27,70.96774193548387
2017-06-28,71.82795698924731
2017-06-29,69.46236559139784
2017-06-30,68.60215053763442
2017-07-03,66.02150537634408
2017-07-05,66.66666666666666
2017-07-06,61.505376344086024
2017-07-07,61.0752688172043
2017-07-10,60.215053763440864
2017-07-11,58.49462365591398
2017-07-12,62.365591397849464
2017-07-13,63.2258064516129
2017-07-14,66.23655913978494
2017-07-17,68.38709677419355
2017-07-18,70.10752688172043
2017-07-19,72.47311827956989
2017-07-20,73.76344086021506
2017-07-21,74.6236559139785
2017-07-24,73.33333333333333
2017-07-25,73.9784946236559
2017-07-26,73.33333333333333
2017-07-27,73.33333333333333
2017-07-28,74.19354838709677
2017-07-31,73.33333333333333
2017-08-01,71.82795698924731
2017-08-02,69.89247311827957
2017-08-03,68.38709677419355
2017-08-04,68.81720430107528
2017-08-07,69.03225806451613
2017-08-08,67.52688172043011
2017-08-09,66.88172043010752
2017-08-10,61.935483870967744
2017-08-11,57.41935483870968
2017-08-14,56.98924731182796
2017-08-15,56.12903225806451
2017-08-16,57.204301075268816
2017-08-17,54.83870967741935
2017-08-18,50.967741935483865
2017-08-21,49.67741935483871
2017-08-22,48.817204301075265
2017-08-23,49.46236559139785
2017-08-24,47.74193548387097
2017-08-25,49.03225806451613
2017-08-28,49.89247311827957
2017-08-29,49.24731182795699
2017-08-30,49.67741935483871
2017-08-31,52.473118279569896
2017-09-01,56.12903225806451
2017-09-05,57.41935483870968
2017-09-06,58.27956989247311
2017-09-07,60.64516129032258
2017-09-08,62.1505376344086
2017-09-11,64.08602150537635
2017-09-12,68.38709677419355
2017-09-13,69.6774193548387
2017-09-14,70.10752688172043
2017-09-15,70.3225806451613
2017-09-18,70.96774193548387
2017-09-19,72.25806451612902
2017-09-20,72.25806451612902
2017-09-21,72.47311827956989
2017-09-22,71.82795698924731
2017-09-25,69.89247311827957
2017-09-26,69.89247311827957
2017-09-27,69.6774193548387
2017-09-28,69.46236559139784
2017-09-29,69.03225806451613
2017-10-02,70.53763440860214
2017-10-03,72.04301075268818
2017-10-04,73.33333333333333
2017-10-05,76.12903225806451
2017-10-06,77.63440860215054
2017-10-09,77.41935483870968
2017-10-10,78.06451612903226
2017-10-11,79.13978494623656
2017-10-12,80.86021505376344
2017-10-13,79.78494623655914
2017-10-16,80.86021505376344
2017-10-17,81.50537634408602
2017-10-18,80.86021505376344
2017-10-19,81.93548387096774
2017-10-20,82.36559139784946
2017-10-23,82.36559139784946
2017-10-24,81.0752688172043
2017-10-25,80.86021505376344
2017-10-26,78.70967741935485
2017-10-27,77.20430107526882
2017-10-30,77.41935483870968
2017-10-31,76.12903225806451
2017-11-01,75.6989247311828
2017-11-02,74.83870967741936
2017-11-03,73.33333333333333
2017-11-06,72.04301075268818
2017-11-07,71.82795698924731
2017-11-08,71.3978494623656
2017-11-09,70.53763440860214
2017-11-10,69.03225806451613
2017-11-13,68.38709677419355
2017-11-14,68.60215053763442
2017-11-15,66.23655913978494
2017-11-16,66.23655913978494
2017-11-17,66.23655913978494
2017-11-20,66.02150537634408
2017-11-21,66.88172043010752
2017-11-22,67.31182795698925
2017-11-24,67.74193548387096
2017-11-27,68.17204301075269
2017-11-28,70.3225806451613
2017-11-29,73.9784946236559
2017-11-30,77.84946236559139
2017-12-01,79.35483870967742
2017-12-04,79.78494623655914
2017-12-05,77.63440860215054
2017-12-06,75.48387096774194
2017-12-07,75.48387096774194
2017-12-08,75.48387096774194
2017-12-11,75.91397849462366
2017-12-12,76.55913978494624
2017-12-13,76.12903225806451
2017-12-14,74.6236559139785
2017-12-15,76.34408602150538
2017-12-18,77.41935483870968
2017-12-19,76.55913978494624
2017-12-20,74.19354838709677
2017-12-21,75.05376344086021
2017-12-22,75.05376344086021
2017-12-26,73.76344086021506
2017-12-27,73.11827956989248
2017-12-28,73.33333333333333
2017-12-29,73.76344086021506
2018-01-02,73.76344086021506
2018-01-03,75.26881720430107
2018-01-04,76.98924731182795
2018-01-05,78.06451612903226
2018-01-08,80.64516129032258
2018-01-09,81.0752688172043
2018-01-10,80.86021505376344
2018-01-11,82.15053763440861
2018-01-12,81.50537634408602
2018-01-16,81.29032258064515
2018-01-17,83.01075268817203
2018-01-18,83.01075268817203
2018-01-19,83.01075268817203
2018-01-22,83.22580645161291
2018-01-23,84.08602150537634
2018-01-24,83.65591397849462
2018-01-25,84.3010752688172
2018-01-26,85.16129032258064
2018-01-29,84.08602150537634
2018-01-30,83.44086021505376
2018-01-31,82.58064516129032
2018-02-01,79.78494623655914
2018-02-02,76.12903225806451
2018-02-05,66.88172043010752
2018-02-06,58.06451612903226
2018-02-07,49.57081545064378
2018-02-08,33.261802575107296
2018-02-09,25.321888412017167
2018-02-12,22.317596566523605
2018-02-13,21.67381974248927
2018-02-14,22.96137339055794
2018-02-15,26.609442060085836
2018-02-16,31.115879828326182
2018-02-20,33.47639484978541
2018-02-21,34.54935622317596
2018-02-22,35.407725321888414
2018-02-23,38.62660944206009
2018-02-26,45.92274678111588
2018-02-27,46.78111587982833
2018-02-28,45.493562231759654
2018-03-01,42.70386266094421
2018-03-02,41.41630901287554
2018-03-05,42.06008583690987
2018-03-06,44.20600858369099
2018-03-07,45.06437768240343
2018-03-08,48.283261802575105
2018-03-09,52.78969957081545
2018-03-12,54.93562231759657
2018-03-13,57.5107296137339
2018-03-14,58.15450643776824
2018-03-15,59.01287553648069
2018-03-16,60.08583690987125
2018-03-19,60.08583690987125
2018-03-20,59.65665236051502
2018-03-21,58.15450643776824
2018-03-22,51.716738197424895
2018-03-23,43.13304721030043
2018-03-26,41.201716738197426
2018-03-27,35.622317596566525
2018-03-28,33.047210300429185
2018-03-29,32.61802575107296
2018-04-02,29.613733905579398
2018-04-03,29.399141630901287
2018-04-04,30.472103004291846
2018-04-05,32.40343347639485
2018-04-06,30.686695278969957
2018-04-09,30.686695278969957
2018-04-10,32.61802575107296
2018-04-11,34.33476394849785
2018-04-12,35.407725321888414
2018-04-13,36.26609442060086
2018-04-16,40.987124463519315
2018-04-17,46.137339055793994
2018-04-18,52.36051502145923
2018-04-19,53.00429184549357
2018-04-20,53.862660944206006
2018-04-23,54.93562231759657
2018-04-24,52.57510729613733
2018-04-25,51.716738197424895
2018-04-26,50.0
2018-04-27,50.21459227467812
2018-04-30,50.42918454935622
2018-05-01,51.072961373390555
2018-05-02,48.497854077253216
2018-05-03,46.78111587982833
2018-05-04,48.06866952789699
2018-05-07,49.141630901287556
2018-05-08,51.072961373390555
2018-05-09,51.28755364806867
2018-05-10,55.5793991416309
2018-05-11,58.36909871244635
2018-05-14,61.1587982832618
2018-05-15,60.94420600858369
2018-05-16,61.1587982832618
2018-05-17,61.587982832618025
2018-05-18,61.80257510729614
2018-05-21,63.30472103004292
2018-05-22,64.37768240343348
2018-05-23,64.59227467811158
2018-05-24,65.02145922746782
2018-05-25,64.37768240343348
2018-05-29,62.66094420600859
2018-05-30,63.73390557939914
2018-05-31,60.30042918454935
2018-06-01,58.798283261802574
2018-06-04,60.72961373390557
2018-06-05,61.1587982832618
2018-06-06,64.59227467811158
2018-06-07,66.09442060085837
2018-06-08,68.45493562231759
2018-06-11,70.60085836909872
2018-06-12,72.53218884120172
2018-06-13,73.39055793991416
2018-06-14,75.10729613733905
2018-06-15,74.67811158798283
2018-06-18,73.39055793991416
2018-06-19,71.67381974248927
2018-06-20,69.95708154506438
2018-06-21,67.38197424892704
2018-06-22,67.59656652360515
2018-06-25,65.23605150214593
2018-06-26,62.231759656652365
2018-06-27,57.72532188841202
2018-06-28,53.21888412017167
2018-06-29,53.00429184549357
2018-07-02,52.14592274678112
2018-07-03,50.21459227467812
2018-07-05,50.21459227467812
2018-07-06,51.716738197424895
2018-07-09,55.15021459227468
2018-07-10,59.442060085836914
2018-07-11,60.30042918454935
2018-07-12,62.231759656652365
2018-07-13,64.16309012875536
2018-07-16,64.8068669527897
2018-07-17,67.16738197424893
2018-07-18,70.81545064377683
2018-07-19,71.45922746781116
2018-07-20,71.67381974248927
2018-07-23,70.60085836909872
2018-07-24,71.45922746781116
2018-07-25,71.88841201716738
2018-07-26,72.53218884120172
2018-07-27,72.53218884120172
2018-07-30,71.45922746781116
2018-07-31,70.3862660944206
2018-08-01,68.88412017167383
2018-08-02,69.95708154506438
2018-08-03,70.17167381974248
2018-08-06,71.67381974248927
2018-08-07,73.60515021459227
2018-08-08,74.2489270386266
2018-08-09,74.67811158798283
2018-08-10,73.60515021459227
2018-08-13,71.67381974248927
2018-08-14,70.3862660944206
2018-08-15,68.88412017167383
2018-08-16,69.09871244635193
2018-08-17,68.02575107296137
2018-08-20,69.09871244635193
2018-08-21,71.24463519313305
2018-08-22,70.81545064377683
2018-08-23,70.60085836909872
2018-08-24,71.45922746781116
2018-08-27,73.60515021459227
2018-08-28,75.32188841201717
2018-08-29,76.1802575107296
2018-08-30,76.1802575107296
2018-08-31,75.53648068669528
2018-09-04,74.89270386266095
2018-09-05,74.46351931330472
2018-09-06,74.67811158798283
2018-09-07,73.8197424892704
2018-09-10,72.74678111587983
2018-09-11,72.1030042918455
2018-09-12,72.96137339055794
2018-09-13,72.53218884120172
2018-09-14,73.17596566523605
2018-09-17,71.88841201716738
2018-09-18,72.3175965665236
2018-09-19,72.53218884120172
2018-09-20,73.17596566523605
2018-09-21,73.17596566523605
2018-09-24,72.3175965665236
2018-09-25,69.52789699570815
2018-09-26,65.45064377682404
2018-09-27,63.30472103004292
2018-09-28,61.37339055793991
2018-10-01,60.08583690987125
2018-10-02,59.01287553648069
2018-10-03,56.437768240343345
2018-10-04,54.29184549356223
2018-10-05,51.28755364806867
2018-10-08,50.42918454935622
2018-10-09,48.497854077253216
2018-10-10,40.128755364806864
2018-10-11,25.321888412017167
2018-10-12,21.030042918454935
2018-10-15,17.811158798283262
2018-10-16,19.098712446351932
2018-10-17,19.95708154506438
2018-10-18,19.098712446351932
2018-10-19,19.313304721030043
2018-10-22,18.025751072961373
2018-10-23,17.59656652360515
2018-10-24,16.09442060085837
2018-10-25,15.879828326180256
2018-10-26,15.450643776824036
2018-10-29,15.879828326180256
2018-10-30,16.738197424892704
2018-10-31,17.167381974248926
2018-11-01,18.88412017167382
2018-11-02,19.742489270386265
2018-11-05,22.532188841201716
2018-11-06,27.467811158798284
2018-11-07,35.407725321888414
2018-11-08,42.48927038626609
2018-11-09,47.21030042918455
2018-11-12,46.56652360515021
2018-11-13,45.70815450643777
2018-11-14,44.20600858369099
2018-11-15,45.06437768240343
2018-11-16,47.42489270386266
2018-11-19,46.137339055793994
2018-11-20,43.13304721030043
2018-11-21,40.557939914163086
2018-11-23,39.48497854077253
2018-11-26,39.91416309012876
2018-11-27,41.201716738197426
2018-11-28,45.92274678111588
2018-11-29,47.63948497854077
2018-11-30,53.43347639484979
2018-12-03,59.65665236051502
2018-12-04,56.22317596566524
2018-12-06,54.506437768240346
2018-12-07,46.3519313304721
2018-12-10,42.48927038626609
2018-12-11,37.98283261802575
2018-12-12,37.1244635193133
2018-12-13,35.622317596566525
2018-12-14,30.90128755364807
2018-12-17,24.463519313304722
2018-12-18,19.098712446351932
2018-12-19,15.879828326180256
2018-12-20,12.231759656652361
2018-12-21,9.012875536480687
2018-12-24,4.935622317596566
2018-12-26,3.004291845493562
2018-12-27,3.2188841201716736
2018-12-28,3.862660944206009
2018-12-31,4.721030042918455
2019-01-02,5.36480686695279
2019-01-03,4.935622317596566
2019-01-04,6.223175965665236
2019-01-07,8.583690987124463
2019-01-08,12.875536480686694
2019-01-09,17.381974248927037
2019-01-10,24.463519313304722
2019-01-11,33.90557939914164
2019-01-14,40.987124463519315
2019-01-15,46.466809421841546
2019-01-16,51.17773019271949
2019-01-17,58.886509635974306
2019-01-18,70.66381156316916
2019-01-22,71.94860813704497
2019-01-23,74.51820128479658
2019-01-24,77.73019271948608
2019-01-25,79.87152034261243
2019-01-28,81.37044967880087
2019-01-29,83.72591006423983
2019-01-30,84.36830835117773
2019-01-31,86.50963597430406
2019-02-01,88.22269807280514
2019-02-04,89.93576017130621
2019-02-05,90.5781584582441
2019-02-06,91.00642398286938
2019-02-07,91.22055674518201
2019-02-08,91.43468950749465
2019-02-11,90.36402569593149
2019-02-12,90.5781584582441
2019-02-13,90.79229122055675
2019-02-14,91.00642398286938
2019-02-15,92.29122055674517
2019-02-19,92.71948608137045
2019-02-20,93.36188436830835
2019-02-21,93.36188436830835
2019-02-22,92.71948608137045
2019-02-25,93.36188436830835
2019-02-26,93.14775160599572
2019-02-27,92.07708779443254
2019-02-28,91.64882226980728
2019-03-01,92.29122055674517
2019-03-04,91.64882226980728
2019-03-05,89.93576017130621
2019-03-06,88.0085653104925
2019-03-07,85.4389721627409
2019-03-08,83.08351177730194
2019-03-11,82.44111349036403
2019-03-12,81.37044967880087
2019-03-13,82.44111349036403
2019-03-14,81.37044967880087
2019-03-15,81.15631691648822
2019-03-18,81.5845824411135
2019-03-19,81.37044967880087
2019-03-20,78.80085653104925
2019-03-21,78.37259100642399
2019-03-22,76.65952890792292
2019-03-25,74.08993576017131
2019-03-26,72.59100642398288
2019-03-27,71.73447537473233
2019-03-28,71.09207708779444
2019-03-29,72.37687366167023
2019-04-01,77.08779443254818
2019-04-02,78.58672376873662
2019-04-03,80.29978586723769
2019-04-04,82.65524625267666
2019-04-05,85.01070663811564
2019-04-08,86.29550321199143
2019-04-09,85.86723768736617
2019-04-10,86.29550321199143
2019-04-11,86.29550321199143
2019-04-12,87.79443254817987
2019-04-15,87.15203426124198
2019-04-16,85.47008547008546
2019-04-17,81.02345415778251
2019-04-18,79.1044776119403
2019-04-22,77.18550106609808
2019-04-23,75.90618336886993
2019-04-24,76.11940298507463
2019-04-25,74.8936170212766
2019-04-26,75.53191489361703
2019-04-29,75.95744680851064
2019-04-30,76.59574468085107
2019-05-01,75.74468085106383
2019-05-02,73.61702127659574
2019-05-03,73.82978723404256
2019-05-06,74.04255319148936
2019-05-07,70.42553191489361
2019-05-08,66.38297872340425
2019-05-09,62.12765957446808
2019-05-10,62.34042553191489
2019-05-13,56.59574468085107
2019-05-14,52.55319148936171
2019-05-15,49.787234042553195
2019-05-16,49.787234042553195
2019-05-17,48.93617021276596
2019-05-20,47.02127659574468
2019-05-21,48.93617021276596
2019-05-22,49.787234042553195
2019-05-23,47.23404255319149
2019-05-24,45.744680851063826
2019-05-28,44.46808510638298
2019-05-29,41.27659574468085
2019-05-30,38.72340425531915
2019-05-31,37.02127659574468
2019-06-03,35.74468085106383
2019-06-04,38.297872340425535
2019-06-05,40.638297872340424
2019-06-06,44.46808510638298
2019-06-07,47.23404255319149
2019-06-10,52.12765957446809
2019-06-11,56.17021276595745
2019-06-12,57.87234042553191
2019-06-13,62.12765957446808
2019-06-14,64.46808510638297
2019-06-17,65.18046709129511
2019-06-18,68.15286624203821
2019-06-19,72.1868365180467
2019-06-20,75.79617834394905
2019-06-21,79.19320594479831
2019-06-24,78.98089171974523
2019-06-25,79.19320594479831
2019-06-26,78.76857749469215
2019-06-27,78.76857749469215
2019-06-28,80.04246284501062
2019-07-01,81.5677966101695
2019-07-02,83.6864406779661
2019-07-03,85.38135593220339
2019-07-05,86.22881355932203
2019-07-08,86.22881355932203
2019-07-09,86.01694915254238
2019-07-10,86.86440677966102
2019-07-11,85.80508474576271
2019-07-12,86.01694915254238
2019-07-15,86.01694915254238
2019-07-16,86.22881355932203
2019-07-17,85.16949152542372
2019-07-18,83.29809725158562
2019-07-19,82.4524312896406
2019-07-22,79.9154334038055
2019-07-23,79.70401691331924
2019-07-24,79.9154334038055
2019-07-25,78.64693446088795
2019-07-26,77.58985200845666
2019-07-29,76.32135306553911
2019-07-30,74.20718816067652
2019-07-31,71.67019027484145
2019-08-01,68.28752642706131
2019-08-02,61.52219873150106
2019-08-05,49.89429175475687
2019-08-06,43.34038054968288
2019-08-07,39.95771670190275
2019-08-08,41.43763213530655
2019-08-09,41.014799154334035
2019-08-12,40.38054968287527
2019-08-13,40.803382663847785
2019-08-14,37.420718816067655
2019-08-15,35.517970401691336
2019-08-16,36.57505285412262
2019-08-19,39.53488372093023
2019-08-20,41.43763213530655
2019-08-21,44.18604651162791
2019-08-22,46.93446088794926
2019-08-23,43.34038054968288
2019-08-26,42.917547568710354
2019-08-27,43.34038054968288
2019-08-28,43.551797040169134
2019-08-29,45.87737843551797
2019-08-30,46.088794926004226
2019-09-03,46.30021141649049
2019-09-04,47.99154334038055
2019-09-05,51.58562367864693
2019-09-06,54.96828752642706
2019-09-09,62.579281183932345
2019-09-10,67.65327695560254
2019-09-11,69.3446088794926
2019-09-12,70.61310782241014
2019-09-13,74.20718816067652
2019-09-16,75.68710359408034
2019-09-17,78.64693446088795
2019-09-18,79.70401691331924
2019-09-19,79.06976744186046
2019-09-20,78.43551797040169
2019-09-23,77.16701902748414
2019-09-24,76.10993657505286
2019-09-25,75.05285412262155
2019-09-26,73.36152219873149
2019-09-27,70.40169133192389
2019-09-30,69.97885835095138
2019-10-01,65.53911205073996
2019-10-02,57.082452431289646
2019-10-03,50.10570824524313
2019-10-04,47.99154334038055
2019-10-07,44.397463002114165
2019-10-08,39.112050739957716
2019-10-09,36.57505285412262
2019-10-10,37.2093023255814
2019-10-11,40.59196617336152
2019-10-14,42.706131078224104
2019-10-15,46.30021141649049
2019-10-16,49.471458773784356
2019-10-17,53.911205073995774
2019-10-18,57.2938689217759
2019-10-21,58.56236786469344
2019-10-22,59.830866807610995
2019-10-23,59.40803382663847
2019-10-24,60.970464135021096
2019-10-25,62.65822784810127
2019-10-28,63.50210970464135
2019-10-29,66.03375527426161
2019-10-30,66.87763713080169
2019-10-31,68.35443037974683
2019-11-01,67.9324894514768
2019-11-04,67.72151898734177
2019-11-05,67.08860759493672
2019-11-06,67.08860759493672
2019-11-07,67.9324894514768
2019-11-08,67.51054852320675
2019-11-11,67.29957805907173
2019-11-12,67.72151898734177
2019-11-13,68.77637130801688
2019-11-14,69.40928270042194
2019-11-15,69.62025316455697
2019-11-18,71.09704641350211
2019-11-19,71.72995780590718
2019-11-20,71.72995780590718
2019-11-21,71.51898734177216
2019-11-22,70.67510548523207
2019-11-25,71.94092827004219
2019-11-26,72.78481012658227
2019-11-27,73.62869198312237
2019-11-29,74.0506329113924
2019-12-02,73.41772151898735
2019-12-03,71.30801687763713
2019-12-04,70.46413502109705
2019-12-05,68.9873417721519
2019-12-06,70.042194092827
2019-12-09,70.25316455696202
2019-12-10,69.83122362869199
2019-12-11,69.40928270042194
2019-12-12,70.25316455696202
2019-12-13,72.15189873417721
2019-12-16,73.20675105485233
2019-12-17,73.41772151898735
2019-12-18,74.68354430379746
2019-12-19,76.37130801687763
2019-12-20,78.27004219409282
2019-12-23,80.16877637130801
2019-12-24,79.957805907173
2019-12-26,80.59071729957806
2019-12-27,80.80168776371308
2019-12-30,81.0126582278481
2019-12-31,80.80168776371308
2020-01-02,81.64556962025317
2020-01-03,81.0126582278481
2020-01-06,81.43459915611815
2020-01-07,79.74683544303798
2020-01-08,78.05907172995781
2020-01-09,78.69198312236287
2020-01-10,77.42616033755274
2020-01-13,78.90295358649789
2020-01-14,78.69198312236287
2020-01-15,79.11392405063292
2020-01-16,80.59071729957806
2020-01-17,82.48945147679325
2020-01-21,83.12236286919831
2020-01-22,83.12236286919831
2020-01-23,82.27848101265823
2020-01-24,78.27004219409282
2020-01-27,73.20675105485233
2020-01-28,71.09704641350211
2020-01-29,68.35443037974683
2020-01-30,65.61181434599156
2020-01-31,60.12658227848101
2020-02-03,56.118143459915615
2020-02-04,58.016877637130804
2020-02-05,60.970464135021096
2020-02-06,63.50210970464135
2020-02-07,62.447257383966246
2020-02-10,63.92405063291139
2020-02-11,65.40084388185655
2020-02-12,67.9324894514768
2020-02-13,69.19831223628692
2020-02-14,70.67510548523207
2020-02-18,71.09704641350211
2020-02-19,70.46413502109705
2020-02-20,71.09704641350211
2020-02-21,68.77637130801688
2020-02-24,62.869198312236286
2020-02-25,51.26582278481012
2020-02-26,41.983122362869196
2020-02-27,29.535864978902953
2020-02-28,17.51054852320675
2020-03-02,14.135021097046414
2020-03-03,11.181434599156118
2020-03-04,14.135021097046414
2020-03-05,15.400843881856542
2020-03-06,14.978902953586498
2020-03-09,9.915611814345992
2020-03-10,9.282700421940929
2020-03-11,6.5400843881856545
2020-03-12,2.9535864978902953
2020-03-13,3.1645569620253164
2020-03-16,2.320675105485232
2020-03-17,2.5316455696202533
2020-03-18,2.5316455696202533
2020-03-19,2.5316455696202533
2020-03-20,2.7426160337552745
2020-03-23,1.6877637130801686
2020-03-24,1.89873417721519
2020-03-25,1.4767932489451476
2020-03-26,1.6877637130801686
2020-03-27,1.6877637130801686
2020-03-30,2.320675105485232
2020-03-31,2.7426160337552745
2020-04-01,3.5864978902953584
2020-04-02,5.063291139240507
2020-04-03,5.485232067510549
2020-04-06,7.59493670886076
2020-04-07,8.860759493670885
2020-04-08,14.345991561181433
2020-04-09,19.831223628691983
2020-04-13,24.47257383966245
2020-04-14,33.12236286919831
2020-04-15,37.34177215189873
2020-04-16,41.561181434599156
2020-04-17,51.0548523206751
2020-04-20,53.16455696202531
2020-04-21,52.109704641350206
2020-04-22,53.58649789029536
2020-04-23,53.58649789029536
2020-04-24,55.67226890756303
2020-04-27,60.29411764705882
2020-04-28,67.85714285714286
2020-04-29,75.84033613445378
2020-04-30,78.15126050420169
2020-05-01,75.42016806722688
2020-05-04,72.05882352941177
2020-05-05,69.9579831932773
2020-05-06,67.43697478991596
2020-05-07,67.43697478991596
2020-05-08,69.9579831932773
2020-05-11,71.00840336134453
2020-05-12,68.4873949579832
2020-05-13,64.07563025210085
2020-05-14,60.50420168067227
2020-05-15,57.773109243697476
2020-05-18,61.97478991596639
2020-05-19,63.65546218487395
2020-05-20,67.01680672268907
2020-05-21,69.32773109243698
2020-05-22,70.16806722689076
2020-05-26,76.47058823529412
2020-05-27,82.35294117647058
2020-05-28,86.76470588235294
2020-05-29,90.12605042016807
2020-06-01,93.0672268907563
2020-06-02,95.37815126050421
2020-06-03,96.84873949579831
2020-06-04,96.42857142857143
2020-06-05,96.84873949579831
2020-06-08,97.26890756302521
2020-06-09,97.47899159663865
2020-06-10,96.84873949579831
2020-06-11,95.7983193277311
2020-06-12,93.90756302521008
2020-06-15,92.22689075630252
2020-06-16,91.59663865546219
2020-06-17,91.59663865546219
2020-06-18,90.75630252100841
2020-06-19,87.81512605042016
2020-06-22,84.66386554621849
2020-06-23,80.25210084033614
2020-06-24,73.94957983193278
2020-06-25,70.37815126050421
2020-06-26,60.50420168067227
2020-06-29,57.98319327731093
2020-06-30,57.98319327731093
2020-07-01,58.61344537815126
2020-07-02,59.45378151260504
2020-07-06,63.23529411764706
2020-07-07,63.65546218487395
2020-07-08,61.76470588235294
2020-07-09,57.773109243697476
2020-07-10,57.56302521008403
2020-07-13,57.98319327731093
2020-07-14,60.71428571428571
2020-07-15,65.54621848739495
2020-07-16,69.74789915966386
2020-07-17,72.89915966386555
2020-07-20,73.52941176470588
2020-07-21,75.63025210084034
2020-07-22,78.15126050420169
2020-07-23,79.2016806722689
2020-07-24,78.57142857142857
2020-07-27,79.2016806722689
2020-07-28,78.99159663865547
2020-07-29,81.09243697478992
2020-07-30,79.62184873949579
2020-07-31,79.62184873949579
2020-08-03,78.15126050420169
2020-08-04,77.31092436974791
2020-08-05,77.73109243697479
2020-08-06,78.36134453781513
2020-08-07,80.25210084033614
2020-08-10,81.9327731092437
2020-08-11,82.14285714285714
2020-08-12,82.35294117647058
2020-08-13,81.9327731092437
2020-08-14,82.14285714285714
2020-08-17,81.30252100840336
2020-08-18,80.88235294117648
2020-08-19,80.46218487394958
2020-08-20,78.15126050420169
2020-08-21,76.05042016806722
2020-08-24,76.47058823529412
2020-08-25,75.84033613445378
2020-08-26,75.0
2020-08-27,75.84033613445378
2020-08-28,77.31092436974791
2020-08-31,77.10084033613445
2020-09-01,76.47058823529412
2020-09-02,78.36134453781513
2020-09-03,76.47058823529412
2020-09-04,74.36974789915966
2020-09-08,68.4873949579832
2020-09-09,66.17647058823529
2020-09-10,62.18487394957983
2020-09-11,59.03361344537815
2020-09-14,57.98319327731093
2020-09-15,58.82352941176471
2020-09-16,60.50420168067227
2020-09-17,58.61344537815126
2020-09-18,56.51260504201681
2020-09-21,51.470588235294116
2020-09-22,45.378151260504204
2020-09-23,39.49579831932773
2020-09-24,32.142857142857146
2020-09-25,31.30252100840336
2020-09-28,34.03361344537815
2020-09-29,35.924369747899156
2020-09-30,37.81512605042017
2020-10-01,42.436974789915965
2020-10-02,44.11764705882353
2020-10-05,50.84033613445378
2020-10-06,54.621848739495796
2020-10-07,58.82352941176471
2020-10-08,65.75630252100841
2020-10-09,73.31932773109243
2020-10-12,77.10084033613445
2020-10-13,80.0420168067227
2020-10-14,80.46218487394958
2020-10-15,80.0420168067227
2020-10-16,80.25210084033614
2020-10-19,77.52100840336135
2020-10-20,76.05042016806722
2020-10-21,74.78991596638656
2020-10-22,73.94957983193278
2020-10-23,74.36974789915966
2020-10-26,70.58823529411765
2020-10-27,64.70588235294117
2020-10-28,53.78151260504202
2020-10-29,47.689075630252105
2020-10-30,39.705882352941174
2020-11-02,38.865546218487395
2020-11-03,44.11764705882353
2020-11-04,49.266247379454924
2020-11-05,54.088050314465406
2020-11-06,59.329140461215935
2020-11-09,66.87631027253668
2020-11-10,74.0041928721174
2020-11-11,76.31027253668763
2020-11-12,77.9874213836478
2020-11-13,81.34171907756813
2020-11-16,83.43815513626835
2020-11-17,84.0670859538784
2020-11-18,84.69601677148847
2020-11-19,85.1153039832285
2020-11-20,84.48637316561845
2020-11-23,82.59958071278825
2020-11-24,83.01886792452831
2020-11-25,82.38993710691824
2020-11-27,81.9706498951782
2020-11-30,82.59958071278825
2020-12-01,81.9706498951782
2020-12-02,82.59958071278825
2020-12-03,82.18029350104821
2020-12-04,83.22851153039832
2020-12-07,83.43815513626835
2020-12-08,83.43815513626835
2020-12-09,80.50314465408806
2020-12-10,79.45492662473794
2020-12-11,79.03563941299791
2020-12-14,76.51991614255765
2020-12-15,78.61635220125787
2020-12-16,78.82599580712788
2020-12-17,80.29350104821803
2020-12-18,82.18029350104821
2020-12-21,81.76100628930818
2020-12-22,79.24528301886792
2020-12-23,77.77777777777779
2020-12-24,78.82599580712788
2020-12-28,79.03563941299791
2020-12-29,77.9874213836478
2020-12-30,78.61635220125787
2020-12-31,79.03563941299791
2021-01-04,77.35849056603774
2021-01-05,75.05241090146751
2021-01-06,78.61635220125787
2021-01-07,79.66457023060796
2021-01-08,79.87421383647799
2021-01-11,79.24528301886792
2021-01-12,79.03563941299791
2021-01-13,78.19706498951781
2021-01-14,77.14884696016772
2021-01-15,75.73221757322176
2021-01-19,75.5741127348643
2021-01-20,77.03549060542797
2021-01-21,77.8705636743215
2021-01-22,76.61795407098121
2021-01-25,75.5741127348643
2021-01-26,74.11273486430062
2021-01-27,66.80584551148226
2021-01-28,64.50939457202504
2021-01-29,58.037578288100214
2021-02-01,54.90605427974948
2021-02-02,55.94989561586638
2021-02-03,55.53235908141963
2021-02-04,57.62004175365344
2021-02-05,62.421711899791234
2021-02-08,65.34446764091858
2021-02-09,68.26722338204593
2021-02-10,70.56367432150313
2021-02-11,71.81628392484343
2021-02-12,74.53027139874739
2021-02-16,73.69519832985387
2021-02-17,72.65135699373695
2021-02-18,72.65135699373695
2021-02-19,70.77244258872652
2021-02-22,69.10229645093946
2021-02-23,68.05845511482255
2021-02-24,67.84968684759917
2021-02-25,65.1356993736952
2021-02-26,61.5866388308977
2021-03-01,60.96033402922756
2021-03-02,60.125260960334025
2021-03-03,58.872651356993735
2021-03-04,56.36743215031316
2021-03-05,57.41127348643006
2021-03-08,57.62004175365344
2021-03-09,59.49895615866389
2021-03-10,62.63048016701461
2021-03-11,65.1356993736952
2021-03-12,68.26722338204593
2021-03-15,71.60751565762004
2021-03-16,73.48643006263048
2021-03-17,75.99164926931107
2021-03-18,76.66666666666667
2021-03-19,76.04166666666666
2021-03-22,77.29166666666667
2021-03-23,75.625
2021-03-24,75.625
2021-03-25,74.58333333333333
2021-03-26,78.75
2021-03-29,79.375
2021-03-30,79.375
2021-03-31,79.79166666666667
2021-04-01,81.875
2021-04-05,84.16666666666667
2021-04-06,87.5
2021-04-07,88.125
2021-04-08,88.95833333333333
2021-04-09,88.95833333333333
2021-04-12,89.16666666666667
2021-04-13,90.0
2021-04-14,90.83333333333333
2021-04-15,91.875
2021-04-16,92.29166666666667
2021-04-19,92.08333333333333
2021-04-20,90.20833333333333
2021-04-21,90.41666666666667
2021-04-22,88.54166666666666
2021-04-23,88.125
2021-04-26,89.58333333333334
2021-04-27,89.375
2021-04-28,90.0
2021-04-29,90.625
2021-04-30,89.375
2021-05-03,88.125
2021-05-04,85.20833333333333
2021-05-05,83.33333333333334
2021-05-06,81.04166666666667
2021-05-07,81.45833333333333
2021-05-10,80.625
2021-05-11,77.29166666666667
2021-05-12,73.33333333333333
2021-05-13,72.5
2021-05-14,72.5
2021-05-17,70.625
2021-05-18,70.20833333333333
2021-05-19,67.56756756756756
2021-05-20,66.59751037344398
2021-05-21,65.35269709543569
2021-05-24,66.39004149377593
2021-05-25,67.84232365145229
2021-05-26,68.67219917012449
2021-05-27,70.53941908713693
2021-05-28,73.02904564315352
2021-06-01,71.57676348547717
2021-06-02,71.16182572614107
2021-06-03,70.95435684647303
2021-06-04,72.19917012448133
2021-06-07,71.36929460580913
2021-06-08,69.70954356846472
2021-06-09,68.87966804979253
2021-06-10,68.46473029045643
2021-06-11,69.08713692946058
2021-06-14,66.39004149377593
2021-06-15,66.39004149377593
2021-06-16,63.27800829875518
2021-06-17,58.50622406639005
2021-06-18,53.52697095435685
2021-06-21,52.074688796680505
2021-06-22,50.20746887966805
2021-06-23,48.54771784232365
2021-06-24,48.3402489626556
2021-06-25,49.5850622406639
2021-06-28,50.20746887966805
2021-06-29,50.0
2021-06-30,50.20746887966805
2021-07-01,51.45228215767634
2021-07-02,52.69709543568465
2021-07-06,52.9045643153527
2021-07-07,52.4896265560166
2021-07-08,51.45228215767634
2021-07-09,54.149377593360995
2021-07-12,55.601659751037346
2021-07-13,55.809128630705395
2021-07-14,55.3941908713693
2021-07-15,55.18672199170125
2021-07-16,55.3941908713693
2021-07-19,49.79253112033195
2021-07-20,50.20746887966805
2021-07-21,50.4149377593361
2021-07-22,50.829875518672196
2021-07-23,53.7344398340249
2021-07-26,55.601659751037346
2021-07-27,56.016597510373444
2021-07-28,57.26141078838174
2021-07-29,58.713692946058096
2021-07-30,59.75103734439834
2021-08-02,59.33609958506224
2021-08-03,60.37344398340249
2021-08-04,59.54356846473029
2021-08-05,61.41078838174274
2021-08-06,61.82572614107884
2021-08-09,63.27800829875518
2021-08-10,65.14522821576763
2021-08-11,67.84232365145229
2021-08-12,69.08713692946058
2021-08-13,69.91701244813278
2021-08-16,70.53941908713693
2021-08-17,69.50207468879668
2021-08-18,68.04979253112033
2021-08-19,65.35269709543569
2021-08-20,64.52282157676349
2021-08-23,64.10788381742739
2021-08-24,64.93775933609959
2021-08-25,66.39004149377593
2021-08-26,67.21991701244814
2021-08-27,68.25726141078839
2021-08-30,70.33195020746888
2021-08-31,70.33195020746888
2021-09-01,70.53941908713693
2021-09-02,71.63561076604555
2021-09-03,71.63561076604555
2021-09-07,67.90890269151139
2021-09-08,66.66666666666666
2021-09-09,64.80331262939958
2021-09-10,59.8343685300207
2021-09-13,59.006211180124225
2021-09-14,54.6583850931677
2021-09-15,53.20910973084886
2021-09-16,52.79503105590062
2021-09-17,51.13871635610766
2021-09-20,44.51345755693582
2021-09-21,38.923395445134574
2021-09-22,38.095238095238095
2021-09-23,39.33747412008282
2021-09-24,43.064182194616976
2021-09-27,43.2712215320911
2021-09-28,40.57971014492754
2021-09-29,38.095238095238095
2021-09-30,33.33333333333333
2021-10-01,33.126293995859214
2021-10-04,31.05590062111801
2021-10-05,31.262939958592135
2021-10-06,31.88405797101449
2021-10-07,34.161490683229815
2021-10-08,36.85300207039337
2021-10-11,39.130434782608695
2021-10-12,38.302277432712216
2021-10-13,40.165631469979296
2021-10-14,43.68530020703933
2021-10-15,47.82608695652174
2021-10-18,50.931677018633536
2021-10-19,55.27950310559007
2021-10-20,60.66252587991718
2021-10-21,66.25258799171843
2021-10-22,68.94409937888199
2021-10-25,71.2215320910973
2021-10-26,71.84265010351967
2021-10-27,71.63561076604555
2021-10-28,73.08488612836439
2021-10-29,71.42857142857143
2021-11-01,72.67080745341616
2021-11-02,72.67080745341616
2021-11-03,74.94824016563147
2021-11-04,75.36231884057972
2021-11-05,76.19047619047619
2021-11-08,77.84679089026915
2021-11-09,77.63975155279503
2021-11-10,76.81159420289855
2021-11-11,77.4327122153209
2021-11-12,78.67494824016563
2021-11-15,79.08902691511386
2021-11-16,78.88198757763976
2021-11-17,76.60455486542443
2021-11-18,73.08488612836439
2021-11-19,69.97929606625259
2021-11-22,68.73706004140787
2021-11-23,67.70186335403726
2021-11-24,66.87370600414079
2021-11-26,61.904761904761905
2021-11-29,59.62732919254658
2021-11-30,50.5175983436853
2021-12-01,41.61490683229814
2021-12-02,39.54451345755693
2021-12-03,38.095238095238095
2021-12-06,39.54451345755693
2021-12-07,42.857142857142854
2021-12-08,46.58385093167702
2021-12-09,49.06832298136646
2021-12-10,53.002070393374744
2021-12-13,54.24430641821946
2021-12-14,53.83022774327122
2021-12-15,54.24430641821946
2021-12-16,55.48654244306418
2021-12-17,53.002070393374744
2021-12-20,50.72463768115942
2021-12-21,51.345755693581786
2021-12-22,53.002070393374744
2021-12-23,54.45134575569358
2021-12-27,61.49068322981367
2021-12-28,66.0455486542443
2021-12-29,69.15113871635612
2021-12-30,71.63561076604555
2021-12-31,74.32712215320912
2022-01-03,75.15527950310559
2022-01-04,77.84679089026915
2022-01-05,78.05383022774328
2022-01-06,75.15527950310559
2022-01-07,74.12008281573499
2022-01-10,69.56521739130434
2022-01-11,67.90890269151139
2022-01-12,67.08074534161491
2022-01-13,64.38923395445134
2022-01-14,62.52587991718427
2022-01-18,58.7991718426501
2022-01-19,53.002070393374744
2022-01-20,48.24016563146998
2022-01-21,41.821946169772254
2022-01-24,38.50931677018634
2022-01-25,36.024844720496894
2022-01-26,32.091097308488614
2022-01-27,28.57142857142857
2022-01-28,29.39958592132505
2022-01-31,30.641821946169774
2022-02-01,30.641821946169774
2022-02-02,32.91925465838509
2022-02-03,34.57556935817806
2022-02-04,34.57556935817806
2022-02-07,36.024844720496894
2022-02-08,38.50931677018634
2022-02-09,40.165631469979296
2022-02-10,41.61490683229814
2022-02-11,39.958592132505174
2022-02-14,38.71635610766045
2022-02-15,38.923395445134574
2022-02-16,40.78674948240166
2022-02-17,39.958592132505174
2022-02-18,37.88819875776397
2022-02-22,34.78260869565217
2022-02-23,31.469979296066253
2022-02-24,29.338842975206614
2022-02-25,31.818181818181817
2022-02-28,32.438016528925615
2022-03-01,31.198347107438018
2022-03-02,32.85123966942149
2022-03-03,33.67768595041322
2022-03-04,35.12396694214876
2022-03-07,33.057851239669425
2022-03-08,30.785123966942145
2022-03-09,30.785123966942145
2022-03-10,32.02479338842975
2022-03-11,30.57851239669421
2022-03-14,29.545454545454547
2022-03-15,31.198347107438018
2022-03-16,33.67768595041322
2022-03-17,37.60330578512397
2022-03-18,43.595041322314046
2022-03-21,48.96694214876033
2022-03-22,53.925619834710744
2022-03-23,54.132231404958674
2022-03-24,57.02479338842975
2022-03-25,60.12396694214877
2022-03-28,62.8099173553719
2022-03-29,69.42148760330579
2022-03-30,72.93388429752066
2022-03-31,72.31404958677686
2022-04-01,71.900826446281
2022-04-04,72.10743801652893
2022-04-05,69.42148760330579
2022-04-06,68.18181818181817
2022-04-07,67.14876033057851
2022-04-08,65.28925619834712
2022-04-11,61.15702479338842
2022-04-12,57.438016528925615
2022-04-13,58.26446280991735
2022-04-14,56.81818181818182
2022-04-18,53.71900826446281
2022-04-19,54.54545454545454
2022-04-20,55.78512396694215
2022-04-21,56.19834710743802
2022-04-22,53.30578512396694
2022-04-25,50.20661157024794
2022-04-26,43.595041322314046
2022-04-27,40.70247933884297
2022-04-28,39.0495867768595
2022-04-29,33.057851239669425
2022-05-02,28.512396694214875
2022-05-03,26.239669421487605
2022-05-04,28.09917355371901
2022-05-05,27.27272727272727
2022-05-06,26.446280991735538
2022-05-09,22.520661157024794
2022-05-10,19.62809917355372
2022-05-11,16.94214876033058
2022-05-12,15.082644628099173
2022-05-13,14.87603305785124
2022-05-16,15.909090909090908
2022-05-17,17.56198347107438
2022-05-18,17.355371900826448
2022-05-19,16.115702479338843
2022-05-20,15.289256198347106
2022-05-23,15.702479338842975
2022-05-24,16.32231404958678
2022-05-25,18.801652892561986
2022-05-26,22.520661157024794
2022-05-27,27.27272727272727
2022-05-31,32.64462809917356
2022-06-01,36.77685950413223
2022-06-02,42.561983471074385
2022-06-03,46.28099173553719
2022-06-06,48.34710743801653
2022-06-07,54.132231404958674
2022-06-08,53.925619834710744
2022-06-09,49.17355371900827
2022-06-10,36.15702479338843
2022-06-13,21.487603305785125
2022-06-14,14.87603305785124
2022-06-15,11.15702479338843
2022-06-16,7.231404958677685
2022-06-17,4.958677685950414
2022-06-21,3.512396694214876
2022-06-22,3.3057851239669422
2022-06-23,4.545454545454546
2022-06-24,8.057851239669422
2022-06-27,11.570247933884298
2022-06-28,13.636363636363635
2022-06-29,15.702479338842975
2022-06-30,16.115702479338843
2022-07-01,17.355371900826448
2022-07-05,18.801652892561986
2022-07-06,21.487603305785125
2022-07-07,26.446280991735538
2022-07-08,28.09917355371901
2022-07-11,29.75206611570248
2022-07-12,30.165289256198346
2022-07-13,28.305785123966942
2022-07-14,26.65289256198347
2022-07-15,26.859504132231404
2022-07-18,27.066115702479337
2022-07-19,31.198347107438018
2022-07-20,37.8099173553719
2022-07-21,47.107438016528924
2022-07-22,52.892561983471076
2022-07-25,59.29752066115702
2022-07-26,62.396694214876035
2022-07-27,67.56198347107438
2022-07-28,74.58677685950413
2022-07-29,79.33884297520662
2022-08-01,80.99173553719008
2022-08-02,82.43801652892562
2022-08-03,82.64462809917356
2022-08-04,82.43801652892562
2022-08-05,82.23140495867769
2022-08-08,83.67768595041323
2022-08-09,82.43801652892562
2022-08-10,84.71074380165288
2022-08-11,86.57024793388429
2022-08-12,89.0495867768595
2022-08-15,90.28925619834712
2022-08-16,91.32231404958677
2022-08-17,91.52892561983471
2022-08-18,91.73553719008265
2022-08-19,91.11570247933885
2022-08-22,89.87603305785123
2022-08-23,86.77685950413223
2022-08-24,85.53719008264463
2022-08-25,84.71074380165288
2022-08-26,78.099173553719
2022-08-29,72.72727272727273
2022-08-30,61.77685950413223
2022-08-31,52.27272727272727
2022-09-01,46.90082644628099
2022-09-02,39.46280991735537
2022-09-06,33.67768595041322
2022-09-07,35.9504132231405
2022-09-08,37.39669421487603
2022-09-09,40.909090909090914
2022-09-12,46.90082644628099
2022-09-13,41.11570247933884
2022-09-14,38.22314049586777
2022-09-15,35.12396694214876
2022-09-16,30.991735537190085
2022-09-19,29.75206611570248
2022-09-20,26.239669421487605
2022-09-21,21.280991735537192
2022-09-22,16.528925619834713
2022-09-23,11.15702479338843
2022-09-26,7.43801652892562
2022-09-27,5.371900826446281
2022-09-28,5.785123966942149
2022-09-29,5.371900826446281
2022-09-30,4.338842975206612
2022-10-03,5.371900826446281
2022-10-04,6.8181818181818175
2022-10-05,10.537190082644628
2022-10-06,14.669421487603307
2022-10-07,14.87603305785124
2022-10-10,15.289256198347106
2022-10-11,15.082644628099173
2022-10-12,15.289256198347106
2022-10-13,15.702479338842975
2022-10-14,14.669421487603307
2022-10-17,17.148760330578515
2022-10-18,21.280991735537192
2022-10-19,23.96694214876033
2022-10-20,24.380165289256198
2022-10-21,29.132231404958674
2022-10-24,32.438016528925615
2022-10-25,39.0495867768595
2022-10-26,45.45454545454545
2022-10-27,52.27272727272727
2022-10-28,59.917355371900825
2022-10-31,64.46280991735537
2022-11-01,67.14876033057851
2022-11-02,65.9090909090909
2022-11-03,65.08264462809917
2022-11-04,66.32231404958677
2022-11-07,66.94214876033058
2022-11-08,68.38842975206612
2022-11-09,67.56198347107438
2022-11-10,75.20661157024794
2022-11-11,80.16528925619835
2022-11-14,81.19834710743802
2022-11-15,83.26446280991735
2022-11-16,85.12396694214877
2022-11-17,84.50413223140497
2022-11-18,84.50413223140497
2022-11-21,84.0909090909091
2022-11-22,86.15702479338843
2022-11-23,88.01652892561982
2022-11-25,89.6694214876033
2022-11-28,89.0495867768595
2022-11-29,88.84297520661157
2022-11-30,90.08264462809917
2022-12-01,89.46280991735537
2022-12-02,89.46280991735537
2022-12-05,88.63636363636364
2022-12-06,85.53719008264463
2022-12-07,82.85123966942149
2022-12-08,82.23140495867769
2022-12-09,80.16528925619835
2022-12-12,79.13223140495867
2022-12-13,78.71900826446281
2022-12-14,76.65289256198346
2022-12-15,73.7603305785124
2022-12-16,67.76859504132231
2022-12-19,57.64462809917356
2022-12-20,51.446280991735534
2022-12-21,50.20661157024794
2022-12-22,46.074380165289256
2022-12-23,45.24793388429752
2022-12-27,44.83471074380165
2022-12-28,41.32231404958678
2022-12-29,42.35537190082644
2022-12-30,42.561983471074385
2023-01-03,40.909090909090914
2023-01-04,42.14876033057851
2023-01-05,41.735537190082646
2023-01-06,47.93388429752066
2023-01-09,52.066115702479344
2023-01-10,58.67768595041323
2023-01-11,64.6694214876033
2023-01-12,68.80165289256198
2023-01-13,71.900826446281
2023-01-17,74.79338842975206
2023-01-18,73.34710743801654
2023-01-19,69.42148760330579
2023-01-20,68.80165289256198
2023-01-23,71.07438016528926
2023-01-24,71.95876288659794
2023-01-25,71.54639175257732
2023-01-26,72.57731958762886
2023-01-27,73.19587628865979
2023-01-30,72.98969072164948
2023-01-31,74.22680412371135
2023-02-01,75.4639175257732
2023-02-02,74.84536082474227
2023-02-03,74.63917525773196
2023-02-06,74.02061855670104
2023-02-07,75.4639175257732
2023-02-08,72.57731958762886
2023-02-09,70.9278350515464
2023-02-10,69.89690721649484
2023-02-13,70.72164948453609
2023-02-14,71.1340206185567
2023-02-15,70.72164948453609
2023-02-16,69.69072164948453
2023-02-17,68.65979381443299
2023-02-21,62.68041237113402
2023-02-22,58.14432989690722
2023-02-23,55.05154639175258
2023-02-24,50.72164948453608
2023-02-27,45.97938144329897
2023-02-28,42.2680412371134
2023-03-01,38.96907216494846
2023-03-02,38.144329896907216
2023-03-03,40.824742268041234
2023-03-06,41.03092783505154
2023-03-07,39.381443298969074
2023-03-08,37.52577319587629
2023-03-09,33.4020618556701
2023-03-10,25.979381443298973
2023-03-13,22.061855670103093
2023-03-14,21.443298969072163
2023-03-15,20.618556701030926
2023-03-16,21.855670103092784
2023-03-17,20.412371134020617
2023-03-20,22.061855670103093
2023-03-21,23.711340206185564
2023-03-22,22.474226804123713
2023-03-23,22.88659793814433
2023-03-24,23.917525773195877
2023-03-27,24.948453608247423
2023-03-28,25.36082474226804
2023-03-29,27.835051546391753
2023-03-30,31.1340206185567
2023-03-31,39.381443298969074
2023-04-03,45.36082474226804
2023-04-04,49.48453608247423
2023-04-05,51.340206185567006
2023-04-06,52.57731958762887
2023-04-10,54.63917525773196
2023-04-11,58.35051546391753
2023-04-12,58.76288659793815
2023-04-13,60.618556701030926
2023-04-14,62.47422680412371
2023-04-17,64.74226804123711
2023-04-18,67.21649484536083
2023-04-19,68.24742268041237
2023-04-20,68.24742268041237
2023-04-21,67.83505154639175
2023-04-24,67.42268041237114
2023-04-25,64.12371134020619
2023-04-26,55.4639175257732
2023-04-27,56.28865979381443
2023-04-28,57.319587628865975
2023-05-01,59.175257731958766
2023-05-02,56.28865979381443
2023-05-03,51.546391752577314
2023-05-04,48.865979381443296
2023-05-05,50.51546391752577
2023-05-08,50.72164948453608
2023-05-09,50.51546391752577
2023-05-10,50.92783505154639
2023-05-11,49.896907216494846
2023-05-12,49.69072164948454
2023-05-15,49.48453608247423
2023-05-16,45.77319587628866
2023-05-17,45.56701030927835
2023-05-18,47.21649484536082
2023-05-19,47.62886597938144
2023-05-22,48.04123711340206
2023-05-23,46.18556701030928
2023-05-24,41.03092783505154
2023-05-25,37.93814432989691
2023-05-26,36.907216494845365
2023-05-30,35.25773195876289
2023-05-31,34.43298969072165
2023-06-01,35.25773195876289
2023-06-02,37.93814432989691
2023-06-05,41.23711340206185
2023-06-06,46.18556701030928
2023-06-07,51.958762886597945
2023-06-08,55.25773195876289
2023-06-09,58.0246913580247
2023-06-12,59.053497942386834
2023-06-13,65.22633744855966
2023-06-14,66.66666666666666
2023-06-15,70.16460905349794
2023-06-16,72.42798353909465
2023-06-20,71.19341563786008
2023-06-21,72.8395061728395
2023-06-22,72.8395061728395
2023-06-23,70.57613168724279
2023-06-26,70.98765432098766
2023-06-27,72.63374485596708
2023-06-28,71.60493827160494
2023-06-29,71.81069958847736
2023-06-30,75.51440329218107
2023-07-03,77.57201646090535
2023-07-05,77.9835390946502
2023-07-06,77.57201646090535
2023-07-07,77.77777777777779
2023-07-10,77.9835390946502
2023-07-11,79.62962962962963
2023-07-12,81.6872427983539
2023-07-13,84.15637860082305
2023-07-14,85.80246913580247
2023-07-17,85.39094650205762
2023-07-18,84.97942386831275
2023-07-19,85.80246913580247
2023-07-20,88.68312757201646
2023-07-21,89.09465020576131
2023-07-24,89.09465020576131
2023-07-25,89.30041152263375
2023-07-26,89.50617283950618
2023-07-27,86.83127572016461
2023-07-28,86.0082304526749
2023-07-31,84.36213991769547
2023-08-01,82.71604938271605
2023-08-02,79.83539094650206
2023-08-03,76.5432098765432
2023-08-04,70.37037037037037
2023-08-07,67.90123456790124
2023-08-08,65.02057613168725
2023-08-09,62.139917695473244
2023-08-10,59.25925925925925
2023-08-11,56.99588477366255
2023-08-14,56.5843621399177
2023-08-15,51.23456790123457
2023-08-16,47.11934156378601
2023-08-17,42.592592592592595
2023-08-18,39.300411522633745
2023-08-21,37.86008230452675
2023-08-22,35.18518518518518
2023-08-23,34.5679012345679
2023-08-24,32.30452674897119
2023-08-25,31.48148148148148
2023-08-28,32.510288065843625
2023-08-29,35.59670781893004
2023-08-30,38.68312757201646
2023-08-31,40.94650205761317
2023-09-01,42.592592592592595
2023-09-05,41.76954732510288
2023-09-06,41.1522633744856
2023-09-07,41.358024691358025
2023-09-08,40.32921810699588
2023-09-11,41.1522633744856
2023-09-12,41.1522633744856
2023-09-13,41.358024691358025
2023-09-14,43.00411522633745
2023-09-15,41.1522633744856
2023-09-18,41.358024691358025
2023-09-19,40.94650205761317
2023-09-20,41.1522633744856
2023-09-21,35.80246913580247
2023-09-22,30.864197530864196
2023-09-25,28.80658436213992
2023-09-26,23.868312757201647
2023-09-27,20.37037037037037
2023-09-28,20.781893004115226
2023-09-29,18.72427983539095
2023-10-02,17.901234567901234
2023-10-03,14.609053497942387
2023-10-04,13.991769547325102
2023-10-05,13.168724279835391
2023-10-06,14.609053497942387
2023-10-09,17.28395061728395
2023-10-10,20.16460905349794
2023-10-11,22.839506172839506
2023-10-12,25.308641975308642
2023-10-13,26.543209876543212
2023-10-16,28.600823045267486
2023-10-17,31.069958847736622
2023-10-18,30.864197530864196
2023-10-19,28.600823045267486
2023-10-20,26.543209876543212
2023-10-23,21.193415637860085
2023-10-24,20.16460905349794
2023-10-25,19.54732510288066
2023-10-26,18.106995884773664
2023-10-27,15.637860082304528
2023-10-30,15.432098765432098
2023-10-31,16.255144032921812
2023-11-01,19.753086419753085
2023-11-02,25.514403292181072
2023-11-03,33.744855967078195
2023-11-06,40.74074074074074
2023-11-07,44.8559670781893
2023-11-08,47.84394250513347
2023-11-09,48.870636550308014
2023-11-10,52.15605749486652
2023-11-13,53.182751540041075
2023-11-14,59.54825462012321
2023-11-15,64.27104722792608
2023-11-16,69.40451745379876
2023-11-17,71.86858316221766
2023-11-20,73.92197125256673
2023-11-21,76.59137577002053
2023-11-22,77.61806981519507
2023-11-24,79.46611909650923
2023-11-27,79.67145790554414
2023-11-28,80.49281314168378
2023-11-29,81.51950718685832
2023-11-30,81.3141683778234
2023-12-01,83.16221765913757
2023-12-04,85.01026694045176
2023-12-05,85.62628336755647
2023-12-06,84.80492813141683
2023-12-07,84.59958932238193
2023-12-08,84.59958932238193
2023-12-11,85.01026694045176
2023-12-12,85.62628336755647
2023-12-13,86.24229979466119
2023-12-14,87.88501026694045
2023-12-15,88.09034907597535
2023-12-18,89.5277207392197
2023-12-19,89.3223819301848
2023-12-20,87.88501026694045
2023-12-21,88.29568788501027
2023-12-22,88.7063655030801
2023-12-26,89.5277207392197
2023-12-27,89.73305954825463
2023-12-28,89.3223819301848
2023-12-29,89.73305954825463
2024-01-02,90.14373716632443
2024-01-03,90.75975359342917
2024-01-04,90.14373716632443
2024-01-05,89.93839835728953
2024-01-08,89.5277207392197
2024-01-09,89.11704312114989
2024-01-10,88.7063655030801
2024-01-11,86.652977412731
2024-01-12,85.62628336755647
2024-01-16,82.75154004106776
2024-01-17,79.46611909650923
2024-01-18,75.564681724846
2024-01-19,74.12731006160165
2024-01-22,73.30595482546201
2024-01-23,73.92197125256673
2024-01-24,70.63655030800821
2024-01-25,70.4312114989733
2024-01-26,70.63655030800821
2024-01-29,70.84188911704312
2024-01-30,71.25256673511294
2024-01-31,68.17248459958932
2024-02-01,67.96714579055441
2024-02-02,67.5564681724846
2024-02-05,65.09240246406571
2024-02-06,65.09240246406571
2024-02-07,65.70841889117042
2024-02-08,65.09240246406571
2024-02-09,64.27104722792608
2024-02-12,64.8870636550308
2024-02-13,62.01232032854209
2024-02-14,62.01232032854209
2024-02-15,64.06570841889116
2024-02-16,63.039014373716626
2024-02-20,63.65503080082136
2024-02-21,64.47638603696099
2024-02-22,65.91375770020534
2024-02-23,67.96714579055441
2024-02-26,67.96714579055441
2024-02-27,68.99383983572895
2024-02-28,69.60985626283367
2024-02-29,70.4312114989733
2024-03-01,71.45790554414785
2024-03-04,73.1006160164271
2024-03-05,73.92197125256673
2024-03-06,76.18069815195072
2024-03-07,78.02874743326488
2024-03-08,79.05544147843942
2024-03-11,80.69815195071868
2024-03-12,81.51950718685832
2024-03-13,81.51950718685832
2024-03-14,80.9034907597536
2024-03-15,80.69815195071868
2024-03-18,78.85010266940452
2024-03-19,78.4394250513347
2024-03-20,78.2340862422998
2024-03-21,79.67145790554414
2024-03-22,79.87679671457906
2024-03-25,79.46611909650923
2024-03-26,77.82340862422998
2024-03-27,80.69815195071868
2024-03-28,83.16221765913757
2024-04-01,82.95687885010267
2024-04-02,81.3141683778234
2024-04-03,79.67145790554414
2024-04-04,76.79671457905543
2024-04-05,75.35934291581108
2024-04-08,74.33264887063655
2024-04-09,75.15400410677618
2024-04-10,71.86858316221766
2024-04-11,65.50308008213553
2024-04-12,59.54825462012321
2024-04-15,50.308008213552355
2024-04-16,41.68377823408625
2024-04-17,35.1129363449692
2024-04-18,32.03285420944558
2024-04-19,29.774127310061605
2024-04-22,30.184804928131413
2024-04-23,33.67556468172484
2024-04-24,35.93429158110883
2024-04-25,37.16632443531827
2024-04-26,38.398357289527716
2024-04-29,40.24640657084189
2024-04-30,38.809034907597535
2024-05-01,38.72950819672131
2024-05-02,40.49079754601227
2024-05-03,42.12678936605317
2024-05-06,43.558282208588956
2024-05-07,46.62576687116564
2024-05-08,50.511247443762784
2024-05-09,53.578732106339466
2024-05-10,56.646216768916155
2024-05-13,57.668711656441715
2024-05-14,61.963190184049076
2024-05-15,65.03067484662577
2024-05-16,66.66666666666666
2024-05-17,67.280163599182
2024-05-20,67.68916155419224
2024-05-21,66.87116564417178
2024-05-22,67.280163599182
2024-05-23,64.82617586912065
2024-05-24,64.0081799591002
2024-05-28,60.73619631901841
2024-05-29,53.78323108384458
2024-05-30,49.693251533742334
2024-05-31,50.715746421267895
2024-06-03,50.511247443762784
2024-06-04,49.693251533742334
2024-06-05,50.306748466257666
2024-06-06,51.124744376278116
2024-06-07,49.897750511247445
2024-06-10,49.693251533742334
2024-06-11,49.897750511247445
2024-06-12,48.875255623721884
2024-06-13,47.85276073619632
2024-06-14,46.421267893660534
2024-06-17,45.39877300613497
2024-06-18,45.39877300613497
2024-06-20,46.62576687116564
2024-06-21,48.466257668711656
2024-06-24,51.32924335378323
2024-06-25,50.306748466257666
2024-06-26,50.306748466257666
2024-06-27,49.693251533742334
2024-06-28,48.875255623721884
2024-07-01,47.85276073619632
2024-07-02,45.603271983640084
2024-07-03,46.62576687116564
2024-07-05,45.807770961145195
2024-07-08,45.807770961145195
2024-07-09,45.39877300613497
2024-07-10,47.443762781186095
2024-07-11,53.37423312883436
2024-07-12,59.100204498977504
2024-07-15,63.394683026584865
2024-07-16,70.75664621676891
2024-07-17,75.25562372188139
2024-07-18,75.66462167689161
2024-07-19,74.64212678936605
2024-07-22,73.8241308793456
2024-07-23,73.00613496932516
2024-07-24,71.98364008179959
2024-07-25,69.93865030674846
2024-07-26,69.93865030674846
2024-07-29,70.14314928425358
2024-07-30,70.75664621676891
2024-07-31,71.16564417177914
2024-08-01,68.71165644171779
2024-08-02,62.78118609406953
2024-08-05,57.259713701431494
2024-08-06,54.396728016359916
2024-08-07,51.94274028629857
2024-08-08,51.738241308793455
2024-08-09,51.32924335378323
2024-08-12,50.10224948875256
2024-08-13,51.32924335378323
2024-08-14,53.16973415132924
2024-08-15,56.850715746421265
2024-08-16,59.30470347648262
2024-08-19,62.78118609406953
2024-08-20,64.0081799591002
2024-08-21,67.07566462167689
2024-08-22,68.9161554192229
2024-08-23,72.59713701431492
2024-08-26,76.68711656441718
2024-08-27,78.11860940695297
2024-08-28,78.11860940695297
2024-08-29,80.57259713701431
2024-08-30,82.20858895705521
2024-09-03,80.98159509202453
2024-09-04,78.52760736196319
2024-09-05,75.86912065439672
2024-09-06,72.80163599182005
2024-09-09,69.73415132924336
2024-09-10,68.30265848670757
2024-09-11,68.50715746421268
2024-09-12,68.71165644171779
2024-09-13,70.75664621676891
2024-09-16,72.1881390593047
2024-09-17,74.64212678936605
2024-09-18,75.86912065439672
2024-09-19,79.55010224948876
2024-09-20,80.3680981595092
2024-09-23,80.57259713701431
2024-09-24,81.18609406952966
2024-09-25,80.77709611451944
2024-09-26,80.57259713701431
2024-09-27,82.61758691206545
2024-09-30,82.41308793456032
2024-10-01,81.59509202453987
2024-10-02,79.75460122699386
2024-10-03,78.11860940695297
2024-10-04,77.30061349693251
2024-10-07,74.02862985685071
2024-10-08,72.39263803680981
2024-10-09,72.59713701431492
2024-10-10,71.16564417177914
2024-10-11,71.98364008179959
2024-10-14,73.21063394683026
2024-10-15,75.25562372188139
2024-10-16,76.68711656441718
2024-10-17,75.66462167689161
2024-10-18,76.48261758691206
2024-10-21,76.07361963190185
2024-10-22,74.23312883435584
2024-10-23,71.98364008179959
2024-10-24,68.71165644171779
2024-10-25,65.84867075664621
2024-10-28,63.59918200408998
2024-10-29,62.57668711656442
2024-10-30,60.53169734151329
2024-10-31,57.259713701431494
2024-11-01,53.16973415132924
2024-11-04,50.920245398773
2024-11-05,51.32924335378323
2024-11-06,55.419222903885476
2024-11-07,58.077709611451944
2024-11-08,59.30470347648262
2024-11-11,60.940695296523515
2024-11-12,61.554192229038854
2024-11-13,62.985685071574636
2024-11-14,62.16768916155419
2024-11-15,60.53169734151329
2024-11-18,59.50920245398773
2024-11-19,59.50920245398773
2024-11-20,59.30470347648262
2024-11-21,59.918200408997954
2024-11-22,61.554192229038854
2024-11-25,64.62167689161554
2024-11-26,67.280163599182
2024-11-27,69.73415132924336
2024-11-29,71.16564417177914
2024-12-02,72.39263803680981
2024-12-03,72.39263803680981
2024-12-04,71.37014314928425
2024-12-05,69.52965235173824
2024-12-06,67.68916155419224
2024-12-09,66.87116564417178
2024-12-10,64.41717791411043
2024-12-11,60.73619631901841
2024-12-12,56.44171779141104
2024-12-13,54.396728016359916
2024-12-16,49.693251533742334
2024-12-17,44.989775051124745
2024-12-18,36.19631901840491
2024-12-19,29.447852760736197
2024-12-20,26.58486707566462
2024-12-23,25.562372188139058
2024-12-24,25.357873210633947
2024-12-26,25.562372188139058
2024-12-27,24.335378323108383
2024-12-30,21.676891615541923
2024-12-31,20.654396728016362
2025-01-02,17.995910020449898
2025-01-03,17.791411042944784
2025-01-06,17.791411042944784
2025-01-07,18.813905930470348
2025-01-08,19.427402862985684
2025-01-10,18.200408997955012
2025-01-13,17.995910020449898
2025-01-14,19.427402862985684
2025-01-15,24.74437627811861
2025-01-16,28.016359918200408
2025-01-17,32.719836400818
2025-01-21,40.49079754601227
2025-01-22,46.830265848670756
2025-01-23,52.965235173824134
2025-01-24,56.44171779141104
2025-01-27,60.73619631901841
2025-01-28,63.80368098159509
2025-01-29,63.59918200408998
2025-01-30,65.84867075664621
2025-01-31,64.62167689161554
2025-02-03,62.78118609406953
2025-02-04,61.75869120654397
2025-02-05,61.34969325153374
2025-02-06,62.16768916155419
2025-02-07,60.32719836400818
2025-02-10,60.53169734151329
2025-02-11,59.71370143149284
2025-02-12,58.895705521472394
2025-02-13,58.282208588957054
2025-02-14,56.44171779141104
2025-02-18,57.873210633946826
2025-02-19,59.50920245398773
2025-02-20,58.691206543967276
2025-02-21,56.032719836400815
2025-02-24,55.419222903885476
2025-02-25,54.805725971370144
2025-02-26,53.987730061349694
2025-02-27,51.94274028629857
2025-02-28,51.94274028629857
2025-03-03,48.670756646216766
2025-03-04,43.353783231083845
2025-03-05,41.717791411042946
2025-03-06,40.49079754601227
2025-03-07,42.944785276073624
2025-03-10,41.922290388548056
2025-03-11,38.65030674846626
2025-03-12,35.787321063394685
2025-03-13,31.083844580777097
2025-03-14,30.67484662576687
2025-03-17,31.492842535787318
2025-03-18,32.10633946830266
2025-03-19,33.94683026584867
2025-03-20,33.74233128834356
2025-03-21,33.537832310838446
2025-03-24,35.173824130879346
2025-03-25,36.400817995910025
2025-03-26,38.24130879345603
2025-03-27,38.445807770961146
2025-03-28,37.21881390593047
2025-03-31,37.627811860940696
2025-04-01,39.46830265848671
2025-04-02,40.286298568507156
2025-04-03,38.24130879345603
2025-04-04,27.811860940695297
2025-04-07,18.404907975460123
2025-04-08,13.701431492842536
2025-04-09,13.496932515337424
2025-04-10,11.451942740286299
2025-04-11,13.701431492842536
2025-04-14,16.56441717791411
2025-04-15,19.018404907975462
2025-04-16,19.631901840490798
2025-04-17,20.245398773006134
2025-04-21,18.609406952965234
2025-04-22,19.836400817995912
2025-04-23,22.085889570552148
2025-04-24,25.971370143149286
2025-04-25,28.22085889570552
2025-04-28,30.879345603271986
2025-04-29,34.56032719836401
2025-04-30,39.263803680981596
2025-05-01,43.967280163599185
2025-05-02,50.306748466257666
2025-05-05,54.396728016359916
2025-05-06,57.46421267893661
2025-05-07,60.53169734151329
2025-05-08,64.41717791411043
2025-05-09,68.30265848670757
2025-05-12,70.34764826175869
2025-05-13,71.98364008179959
2025-05-14,72.59713701431492
2025-05-15,75.05112474437627
2025-05-16,76.27811860940696
2025-05-19,78.93660531697341
2025-05-20,79.55010224948876
2025-05-21,78.32310838445807
2025-05-22,76.68711656441718
2025-05-23,75.66462167689161
2025-05-27,74.84662576687117
2025-05-28,73.00613496932516
2025-05-29,72.80163599182005
2025-05-30,73.00613496932516
2025-06-02,72.59713701431492
2025-06-03,72.59713701431492
2025-06-04,72.80163599182005
2025-06-05,70.75664621676891
2025-06-06,70.96114519427404
2025-06-09,71.37014314928425
2025-06-10,73.8241308793456
2025-06-11,75.05112474437627
2025-06-12,76.48261758691206
2025-06-13,73.8241308793456
2025-06-16,72.1881390593047
2025-06-17,69.73415132924336
2025-06-18,65.03067484662577
2025-06-20,62.57668711656442
2025-06-23,61.963190184049076
2025-06-24,65.84867075664621
2025-06-25,64.82617586912065
2025-06-26,65.439672801636
2025-06-27,66.46216768916156
2025-06-30,68.71165644171779
2025-07-01,72.39263803680981
2025-07-02,75.66462167689161
2025-07-03,77.50511247443764
2025-07-07,76.89161554192229
2025-07-08,76.68711656441718
2025-07-09,76.48261758691206
2025-07-10,77.0961145194274
2025-07-11,75.25562372188139
2025-07-14,75.05112474437627
2025-07-15,72.1881390593047
2025-07-16,71.37014314928425
2025-07-17,71.16564417177914
2025-07-18,70.34764826175869
2025-07-21,68.71165644171779
2025-07-22,70.75664621676891
2025-07-23,72.80163599182005
2025-07-24,73.8241308793456
2025-07-25,75.25562372188139
2025-07-28,73.8241308793456
2025-07-29,74.02862985685071
2025-07-30,70.96114519427404
2025-07-31,66.46216768916156
2025-08-01,61.554192229038854
2025-08-04,59.918200408997954
2025-08-05,57.05521472392638
2025-08-06,54.805725971370144
2025-08-07,53.987730061349694
2025-08-08,53.78323108384458
2025-08-11,53.16973415132924
2025-08-12,54.805725971370144
2025-08-13,57.668711656441715
2025-08-14,59.100204498977504
2025-08-15,59.100204498977504
2025-08-18,59.30470347648262
2025-08-19,60.53169734151329
2025-08-20,61.34969325153374
2025-08-21,62.985685071574636
2025-08-22,65.23517382413088
2025-08-25,66.87116564417178
2025-08-26,66.46216768916156
2025-08-27,67.68916155419224
2025-08-28,67.89366053169734
2025-08-29,67.07566462167689
2025-09-02,65.84867075664621
2025-09-03,64.41717791411043
2025-09-04,63.394683026584865
2025-09-05,62.57668711656442
2025-09-08,62.985685071574636
2025-09-09,62.372188139059304
2025-09-10,59.918200408997954
2025-09-11,62.57668711656442
2025-09-12,62.372188139059304
2025-09-15,60.73619631901841
2025-09-16,57.873210633946826
2025-09-17,56.23721881390593
2025-09-18,56.23721881390593
2025-09-19,56.44171779141104
2025-09-22,57.05521472392638
2025-09-23,56.646216768916155
2025-09-24,56.44171779141104
2025-09-25,54.601226993865026
2025-09-26,55.828220858895705
2025-09-29,55.828220858895705
2025-09-30,56.032719836400815
2025-10-01,55.419222903885476
2025-10-02,55.623721881390594
2025-10-03,55.828220858895705
2025-10-06,56.23721881390593
2025-10-07,56.44171779141104
2025-10-08,55.010224948875255
2025-10-09,53.578732106339466
2025-10-10,49.079754601226995
2025-10-13,47.034764826175866
2025-10-14,47.648261758691206
2025-10-15,48.261758691206545
2025-10-16,45.603271983640084
2025-10-17,43.353783231083845
2025-10-20,44.785276073619634
2025-10-21,46.62576687116564
2025-10-22,47.443762781186095
2025-10-23,49.693251533742334
2025-10-24,50.920245398773
2025-10-27,52.965235173824134
2025-10-28,52.760736196319016
2025-10-29,48.466257668711656
2025-10-30,47.034764826175866
2025-10-31,45.194274028629856
2025-11-03,44.171779141104295
2025-11-04,42.12678936605317
2025-11-05,39.87730061349693
2025-11-06,40.286298568507156
2025-11-07,40.081799591002046
2025-11-10,41.922290388548056
2025-11-11,44.785276073619634
2025-11-12,46.012269938650306
2025-11-13,45.603271983640084
2025-11-14,44.580777096114524
2025-11-17,42.740286298568506
2025-11-18,41.104294478527606
2025-11-19,39.059304703476485
2025-11-20,36.809815950920246
2025-11-21,38.85480572597137
2025-11-24,38.85480572597137
2025-11-25,42.12678936605317
2025-11-26,46.421267893660534
2025-11-28,51.94274028629857
2025-12-01,53.78323108384458
2025-12-02,54.805725971370144
2025-12-03,55.21472392638037
2025-12-04,55.828220858895705
2025-12-05,57.46421267893661
2025-12-08,55.623721881390594
2025-12-09,55.419222903885476
2025-12-10,55.21472392638037
2025-12-11,57.668711656441715
2025-12-12,58.895705521472394
2025-12-15,60.940695296523515
2025-12-16,61.34969325153374
2025-12-17,59.71370143149284
2025-12-18,59.50920245398773
2025-12-19,58.895705521472394
2025-12-22,61.34969325153374
2025-12-23,60.53169734151329
2025-12-24,61.554192229038854
2025-12-26,61.145194274028626
2025-12-29,62.78118609406953
2025-12-30,62.78118609406953
2025-12-31,60.940695296523515
2026-01-02,62.372188139059304
2026-01-05,60.940695296523515
2026-01-06,62.57668711656442
2026-01-07,62.16768916155419
2026-01-08,64.0081799591002
2026-01-09,66.05316973415133
2026-01-12,66.87116564417178
2026-01-13,67.07566462167689
2026-01-14,69.32515337423312
2026-01-15,70.96114519427404
2026-01-16,71.98364008179959
2026-01-20,70.34764826175869
2026-01-21,69.93865030674846
2026-01-22,69.32515337423312
2026-01-23,69.12065439672801
2026-01-26,68.30265848670757
2026-01-27,66.87116564417178
2026-01-28,65.84867075664621
2026-01-29,63.80368098159509
2026-01-30,63.80368098159509
2026-02-02,64.21267893660531
2026-02-03,63.394683026584865
2026-02-04,64.82617586912065
2026-02-05,65.03067484662577
2026-02-06,66.05316973415133
2026-02-09,66.87116564417178
2026-02-10,68.09815950920245
2026-02-11,67.89366053169734
2026-02-12,66.25766871165644
2026-02-13,66.25766871165644
2026-02-17,66.05316973415133
2026-02-18,67.07566462167689
2026-02-19,66.66666666666666
2026-02-20,67.280163599182
2026-02-23,64.62167689161554
2026-02-24,63.190184049079754
2026-02-25,63.59918200408998
2026-02-26,64.82617586912065
2026-02-27,63.394683026584865
2026-03-02,61.963190184049076
2026-03-03,59.30470347648262
2026-03-04,58.48670756646217
2026-03-05,56.646216768916155
2026-03-06,53.37423312883436
2026-03-09,50.511247443762784
2026-03-10,45.39877300613497
2026-03-11,41.922290388548056
2026-03-12,37.423312883435585
2026-03-13,35.173824130879346
2026-03-16,32.92433537832311
2026-03-17,30.879345603271986
2026-03-18,29.85685071574642
2026-03-19,27.607361963190186
2026-03-20,23.517382413087933
2026-03-23,23.31288343558282
2026-03-24,22.085889570552148
2026-03-25,21.267893660531698
2026-03-26,20.449897750511248
2026-03-27,19.836400817995912
2026-03-30,18.404907975460123
2026-03-31,19.018404907975462
2026-04-01,20.040899795501023
2026-04-02,21.063394683026583
2026-04-06,23.92638036809816
2026-04-07,26.789366053169733
2026-04-08,33.94683026584867
2026-04-09,41.513292433537835
2026-04-10,43.149284253578735
2026-04-13,48.261758691206545
2026-04-14,51.32924335378323
2026-04-15,54.396728016359916
2026-04-16,58.282208588957054
2026-04-17,61.963190184049076
2026-04-20,64.21267893660531
2026-04-21,64.62167689161554
2026-04-22,62.985685071574636
2026-04-23,61.554192229038854
2026-04-24,60.32719836400818
2026-04-27,60.53169734151329
2026-04-28,59.30470347648262
2026-04-29,57.05521472392638
2026-04-30,58.48670756646217
2026-05-01,56.23721881390593
2026-05-04,55.010224948875255
2026-05-05,56.032719836400815
2026-05-06,57.05521472392638
2026-05-07,54.805725971370144
2026-05-08,53.37423312883436
2026-05-11,50.715746421267895
2026-05-12,50.511247443762784
2026-05-13,47.443762781186095
2026-05-14,46.012269938650306
2026-05-15,44.989775051124745
2026-05-18,45.194274028629856
2026-05-19,43.76278118609407
2026-05-20,44.376278118609406
2026-05-21,44.580777096114524
2026-05-22,47.034764826175866
2026-05-26,49.079754601226995
2026-05-27,50.920245398773
2026-05-28,51.738241308793455
2026-05-29,52.3517382413088
2026-06-01,50.511247443762784
2026-06-02,50.306748466257666
2026-06-03,51.738241308793455
2026-06-04,52.556237218813905
2026-06-05,53.987730061349694
2026-06-08,54.19222903885481
2026-06-09,55.21472392638037
2026-06-10,55.419222903885476
2026-06-11,57.259713701431494
2026-06-12,58.48670756646217
2026-06-15,61.34969325153374
2026-06-16,65.03067484662577
2026-06-17,64.21267893660531
2026-06-18,61.963190184049076
2026-06-22,60.73619631901841
2026-06-23,60.122699386503065
2026-06-24,63.394683026584865
2026-06-25,64.41717791411043
2026-06-26,64.0081799591002
2026-06-29,65.03067484662577
2026-06-30,64.82617586912065
2026-07-01,65.03067484662577
2026-07-02,67.07566462167689
2026-07-06,68.09815950920245
2026-07-07,70.34764826175869
2026-07-08,69.12065439672801
2026-07-09,69.73415132924336
2026-07-10,69.52965235173824
2026-07-13,69.32515337423312
2026-07-14,67.48466257668711
2026-07-15,66.25766871165644
2026-07-16,67.68916155419224
2026-07-17,66.66666666666666
2026-07-20,65.84867075664621
2026-07-21,63.59918200408998
2026-07-22,63.394683026584865
2026-07-23,60.940695296523515
2026-07-24,63.80368098159509
2026-07-27,64.21267893660531
2026-07-28,68.9161554192229
2026-07-29,68.50715746421268
2026-07-30,67.280163599182
2026-07-31,66.66666666666666
2026-08-03,67.48466257668711
2026-08-04,68.50715746421268
2026-08-05,67.48466257668711
2026-08-06,66.66666666666666
2026-08-07,67.48466257668711
2026-08-10,67.07566462167689
2026-08-11,67.280163599182
2026-08-12,66.25766871165644
2026-08-13,67.280163599182
2026-08-14,68.09815950920245
2026-08-17,67.68916155419224
2026-08-18,65.6441717791411
2026-08-19,64.0081799591002
2026-08-20,62.57668711656442
2026-08-21,62.985685071574636
2026-08-24,60.53169734151329
2026-08-25,59.918200408997954
2026-08-26,58.895705521472394
2026-08-27,57.259713701431494
2026-08-28,56.850715746421265
2026-08-31,54.601226993865026
2026-09-01,51.94274028629857
2026-09-02,51.124744376278116
2026-09-03,51.533742331288344
2026-09-04,50.10224948875256
2026-09-08,47.648261758691206
2026-09-09,42.331288343558285
2026-09-10,39.46830265848671
2026-09-11,38.24130879345603
2026-09-14,36.60531697341513
2026-09-15,35.37832310838446
2026-09-16,32.719836400818
2026-09-17,31.083844580777097
2026-09-18,29.447852760736197
2026-09-21,27.811860940695297
2026-09-22,25.971370143149286
2026-09-23,24.74437627811861
2026-09-24,24.130879345603272
2026-09-25,24.539877300613497
2026-09-28,23.517382413087933
2026-09-29,23.31288343558282
2026-09-30,21.676891615541923
2026-10-01,22.085889570552148
2026-10-02,22.494887525562373
2026-10-05,23.108384458077712
2026-10-06,24.948875255623722
2026-10-07,24.948875255623722
