Date,SPY,Composite,Threshold
2014-01-02,147.83135986328125,0.0,5
2014-01-03,147.80714416503906,0.0,5
2014-01-06,147.3787841796875,0.0,5
2014-01-07,148.28396606445312,0.0,5
2014-01-08,148.31626892089844,0.0,5
2014-01-09,148.4132843017578,0.0,5
2014-01-10,148.81736755371094,0.0,5
2014-01-13,146.83731079101562,0.0,5
2014-01-14,148.43751525878906,0.0,5
2014-01-15,149.237548828125,0.0,5
2014-01-16,149.04364013671875,0.0,5
2014-01-17,148.4132843017578,0.0,5
2014-01-21,148.8496551513672,0.0,5
2014-01-22,148.9467010498047,0.0,5
2014-01-23,147.72628784179688,0.0,5
2014-01-24,144.57443237304688,0.0,5
2014-01-27,143.8632049560547,0.0,5
2014-01-28,144.7199249267578,0.0,5
2014-01-29,143.329833984375,0.0,5
2014-01-30,144.84921264648438,0.0,5
2014-01-31,144.00059509277344,0.0,5
2014-02-03,140.7598876953125,0.0,5
2014-02-04,141.74578857421875,0.0,5
2014-02-05,141.5679931640625,0.0,5
2014-02-06,143.43484497070312,0.0,5
2014-02-07,145.21286010742188,0.0,5
2014-02-10,145.47955322265625,0.0,5
2014-02-11,147.07171630859375,1.0,5
2014-02-12,147.1444549560547,0.0,5
2014-02-13,147.90414428710938,0.0,5
2014-02-14,148.7203826904297,0.0,5
2014-02-18,148.89817810058594,1.0,5
2014-02-19,147.91220092773438,0.0,5
2014-02-20,148.7850341796875,0.0,5
2014-02-21,148.61529541015625,1.0,5
2014-02-24,149.43963623046875,1.0,5
2014-02-25,149.38308715820312,1.0,5
2014-02-26,149.39112854003906,1.0,5
2014-02-27,150.17506408691406,1.0,5
2014-02-28,150.5548858642578,1.0,5
2014-03-03,149.49624633789062,1.0,5
2014-03-04,151.59742736816406,1.0,5
2014-03-05,151.73484802246094,1.0,5
2014-03-06,152.0823516845703,1.0,5
2014-03-07,152.1470184326172,1.0,5
2014-03-10,152.06617736816406,1.0,5
2014-03-11,151.31463623046875,1.0,5
2014-03-12,151.35499572753906,1.0,5
2014-03-13,149.65786743164062,1.0,5
2014-03-14,149.237548828125,4.0,5
2014-03-17,150.5872344970703,5.0,5
2014-03-18,151.6621551513672,7.0,5
2014-03-19,150.8539276123047,6.0,5
2014-03-20,151.73484802246094,7.0,5
2014-03-21,151.1463165283203,7.0,5
2014-03-24,150.52134704589844,6.0,5
2014-03-25,151.2356414794922,5.0,5
2014-03-26,150.14791870117188,4.0,5
2014-03-27,149.83131408691406,3.0,5
2014-03-28,150.57005310058594,4.0,5
2014-03-31,151.80381774902344,5.0,5
2014-04-01,152.81040954589844,6.0,5
2014-04-02,153.32183837890625,6.0,5
2014-04-03,153.11883544921875,5.0,5
2014-04-04,151.30873107910156,4.0,5
2014-04-07,149.63650512695312,2.0,5
2014-04-08,150.2534942626953,3.0,5
2014-04-09,151.86886596679688,4.0,5
2014-04-10,148.6786346435547,1.0,5
2014-04-11,147.3392333984375,0.0,5
2014-04-14,148.5000762939453,1.0,5
2014-04-15,149.52288818359375,0.0,5
2014-04-16,151.08949279785156,3.0,5
2014-04-17,151.3005828857422,2.0,5
2014-04-21,151.82823181152344,3.0,5
2014-04-22,152.5181884765625,3.0,5
2014-04-23,152.16099548339844,3.0,5
2014-04-24,152.46942138671875,3.0,5
2014-04-25,151.21939086914062,3.0,5
2014-04-28,151.6983184814453,3.0,5
2014-04-29,152.40457153320312,3.0,5
2014-04-30,152.859130859375,3.0,5
2014-05-01,152.87533569335938,2.0,5
2014-05-02,152.65623474121094,2.0,5
2014-05-05,152.94845581054688,3.0,5
2014-05-06,151.6171875,3.0,5
2014-05-07,152.51004028320312,3.0,5
2014-05-08,152.3477325439453,3.0,5
2014-05-09,152.5750732421875,3.0,5
2014-05-12,154.0605010986328,3.0,5
2014-05-13,154.19845581054688,3.0,5
2014-05-14,153.4679718017578,3.0,5
2014-05-15,152.12051391601562,3.0,5
2014-05-16,152.64810180664062,3.0,5
2014-05-19,153.2081756591797,3.0,5
2014-05-20,152.24220275878906,2.0,5
2014-05-21,153.5247344970703,3.0,5
2014-05-22,153.8981475830078,3.0,5
2014-05-23,154.5150604248047,4.0,5
2014-05-27,155.4647979736328,4.0,5
2014-05-28,155.3511962890625,4.0,5
2014-05-29,156.15478515625,4.0,5
2014-05-30,156.4064178466797,4.0,5
2014-06-02,156.5850372314453,4.0,5
2014-06-03,156.50381469726562,5.0,5
2014-06-04,156.82044982910156,5.0,5
2014-06-05,157.8431854248047,5.0,5
2014-06-06,158.59815979003906,6.0,5
2014-06-09,158.760498046875,7.0,5
2014-06-10,158.77670288085938,5.0,5
2014-06-11,158.22476196289062,5.0,5
2014-06-12,157.10452270507812,6.0,5
2014-06-13,157.58346557617188,7.0,5
2014-06-16,157.71331787109375,7.0,5
2014-06-17,158.1516571044922,7.0,5
2014-06-18,159.31246948242188,7.0,5
2014-06-19,159.4910125732422,7.0,5
2014-06-20,159.81483459472656,7.0,5
2014-06-23,159.76589965820312,7.0,5
2014-06-24,158.80345153808594,7.0,5
2014-06-25,159.521240234375,7.0,5
2014-06-26,159.40707397460938,7.0,5
2014-06-27,159.71697998046875,7.0,5
2014-06-30,159.6354522705078,7.0,5
2014-07-01,160.70388793945312,7.0,5
2014-07-02,160.8670196533203,7.0,5
2014-07-03,161.6581573486328,8.0,5
2014-07-07,161.09542846679688,7.0,5
2014-07-08,160.05953979492188,7.0,5
2014-07-09,160.77731323242188,7.0,5
2014-07-10,160.14109802246094,4.0,5
2014-07-11,160.3613739013672,4.0,5
2014-07-14,161.1688232421875,5.0,5
2014-07-15,160.8670196533203,4.0,5
2014-07-16,161.46240234375,5.0,5
2014-07-17,159.6272735595703,4.0,5
2014-07-18,161.25852966308594,4.0,5
2014-07-21,160.9567108154297,4.0,5
2014-07-22,161.6581573486328,4.0,5
2014-07-23,162.01705932617188,5.0,5
2014-07-24,162.0252227783203,4.0,5
2014-07-25,161.26669311523438,4.0,5
2014-07-28,161.33193969726562,4.0,5
2014-07-29,160.6385955810547,4.0,5
2014-07-30,160.6630859375,3.0,5
2014-07-31,157.49026489257812,2.0,5
2014-08-01,157.0091094970703,2.0,5
2014-08-04,158.14280700683594,2.0,5
2014-08-05,156.6094512939453,2.0,5
2014-08-06,156.65834045410156,2.0,5
2014-08-07,155.81015014648438,2.0,5
2014-08-08,157.61265563964844,2.0,5
2014-08-11,158.06942749023438,2.0,5
2014-08-12,157.84915161132812,2.0,5
2014-08-13,158.91763305664062,2.0,5
2014-08-14,159.66802978515625,5.0,5
2014-08-15,159.6354522705078,3.0,5
2014-08-18,160.97299194335938,5.0,5
2014-08-19,161.81314086914062,5.0,5
2014-08-20,162.24545288085938,6.0,5
2014-08-21,162.71852111816406,5.0,5
2014-08-22,162.46568298339844,5.0,5
2014-08-25,163.28945922851562,5.0,5
2014-08-26,163.39547729492188,5.0,5
2014-08-27,163.3302459716797,5.0,5
2014-08-28,163.24053955078125,5.0,5
2014-08-29,163.7053985595703,5.0,5
2014-09-02,163.62387084960938,5.0,5
2014-09-03,163.5341033935547,6.0,5
2014-09-04,163.29759216308594,6.0,5
2014-09-05,164.0316925048828,6.0,5
2014-09-08,163.60751342773438,6.0,5
2014-09-09,162.5716552734375,5.0,5
2014-09-10,163.18341064453125,4.0,5
2014-09-11,163.37100219726562,6.0,5
2014-09-12,162.416748046875,5.0,5
2014-09-15,162.2943878173828,5.0,5
2014-09-16,163.51783752441406,6.0,5
2014-09-17,163.738037109375,6.0,5
2014-09-18,164.6107635498047,6.0,5
2014-09-19,164.4624786376953,6.0,5
2014-09-22,163.19229125976562,4.0,5
2014-09-23,162.2581787109375,2.0,5
2014-09-24,163.52833557128906,4.0,5
2014-09-25,160.88967895507812,1.0,5
2014-09-26,162.16802978515625,2.0,5
2014-09-29,161.8730010986328,2.0,5
2014-09-30,161.44691467285156,1.0,5
2014-10-01,159.2589874267578,1.0,5
2014-10-02,159.28359985351562,1.0,5
2014-10-03,161.03720092773438,1.0,5
2014-10-06,160.84869384765625,1.0,5
2014-10-07,158.36575317382812,1.0,5
2014-10-08,161.135498046875,1.0,5
2014-10-09,157.939697265625,1.0,5
2014-10-10,156.13690185546875,1.0,5
2014-10-13,153.57203674316406,1.0,5
2014-10-14,153.80967712402344,1.0,5
2014-10-15,152.7689971923828,1.0,5
2014-10-16,152.63784790039062,2.0,5
2014-10-17,154.44065856933594,1.0,5
2014-10-20,155.9402618408203,2.0,5
2014-10-21,159.02951049804688,2.0,5
2014-10-22,157.898681640625,2.0,5
2014-10-23,159.73423767089844,2.0,5
2014-10-24,160.9634246826172,3.0,5
2014-10-27,160.7421417236328,2.0,5
2014-10-28,162.58592224121094,6.0,5
2014-10-29,162.3400421142578,6.0,5
2014-10-30,163.3807830810547,7.0,5
2014-10-31,165.24913024902344,7.0,5
2014-11-03,165.33929443359375,8.0,5
2014-11-04,164.76560974121094,6.0,5
2014-11-05,165.8063201904297,8.0,5
2014-11-06,166.47012329101562,8.0,5
2014-11-07,166.6258087158203,8.0,5
2014-11-10,167.1501922607422,8.0,5
2014-11-11,167.3140869140625,8.0,5
2014-11-12,167.13381958007812,8.0,5
2014-11-13,167.32229614257812,7.0,5
2014-11-14,167.36329650878906,6.0,5
2014-11-17,167.4698028564453,6.0,5
2014-11-18,168.43678283691406,6.0,5
2014-11-19,168.16629028320312,7.0,5
2014-11-20,168.46131896972656,6.0,5
2014-11-21,169.36276245117188,7.0,5
2014-11-24,169.83804321289062,8.0,5
2014-11-25,169.715087890625,8.0,5
2014-11-26,170.14944458007812,8.0,5
2014-11-28,169.78883361816406,6.0,5
2014-12-01,168.6088104248047,6.0,5
2014-12-02,169.69874572753906,6.0,5
2014-12-03,170.354248046875,6.0,5
2014-12-04,170.165771484375,6.0,5
2014-12-05,170.4444122314453,6.0,5
2014-12-08,169.3053436279297,6.0,5
2014-12-09,169.19064331054688,7.0,5
2014-12-10,166.4782257080078,5.0,5
2014-12-11,167.32229614257812,6.0,5
2014-12-12,164.61810302734375,5.0,5
2014-12-15,163.48727416992188,4.0,5
2014-12-16,162.1761932373047,4.0,5
2014-12-17,165.35565185546875,5.0,5
2014-12-18,169.44468688964844,6.0,5
2014-12-19,170.16566467285156,6.0,5
2014-12-22,170.94842529296875,7.0,5
2014-12-23,171.17913818359375,7.0,5
2014-12-24,171.1956024169922,7.0,5
2014-12-26,171.74766540527344,7.0,5
2014-12-29,171.97836303710938,7.0,5
2014-12-30,171.0555419921875,6.0,5
2014-12-31,169.3582000732422,5.0,5
2015-01-02,169.2675018310547,5.0,5
2015-01-05,166.2106170654297,4.0,5
2015-01-06,164.64508056640625,4.0,5
2015-01-07,166.69677734375,4.0,5
2015-01-08,169.65478515625,6.0,5
2015-01-09,168.2952423095703,6.0,5
2015-01-12,166.97691345214844,3.0,5
2015-01-13,166.50721740722656,4.0,5
2015-01-14,165.50196838378906,4.0,5
2015-01-15,163.98590087890625,4.0,5
2015-01-16,166.13644409179688,4.0,5
2015-01-20,166.49073791503906,3.0,5
2015-01-21,167.3312225341797,2.0,5
2015-01-22,169.819580078125,4.0,5
2015-01-23,168.8885040283203,4.0,5
2015-01-26,169.2839813232422,6.0,5
2015-01-27,167.05105590820312,4.0,5
2015-01-28,164.9087371826172,4.0,5
2015-01-29,166.43309020996094,4.0,5
2015-01-30,164.34017944335938,4.0,5
2015-02-02,166.3753662109375,4.0,5
2015-02-03,168.78135681152344,6.0,5
2015-02-04,168.13864135742188,6.0,5
2015-02-05,169.83602905273438,7.0,5
2015-02-06,169.36642456054688,7.0,5
2015-02-09,168.6083221435547,7.0,5
2015-02-10,170.40457153320312,9.0,5
2015-02-11,170.50347900390625,9.0,5
2015-02-12,172.1431884765625,9.0,5
2015-02-13,172.85174560546875,9.0,5
2015-02-17,173.12368774414062,9.0,5
2015-02-18,173.14019775390625,9.0,5
2015-02-19,173.01657104492188,9.0,5
2015-02-20,174.0547637939453,9.0,5
2015-02-23,174.03004455566406,9.0,5
2015-02-24,174.52442932128906,9.0,5
2015-02-25,174.3761444091797,9.0,5
2015-02-26,174.1700897216797,9.0,5
2015-02-27,173.5768585205078,9.0,5
2015-03-02,174.6727752685547,9.0,5
2015-03-03,173.9558868408203,9.0,5
2015-03-04,173.22254943847656,9.0,5
2015-03-05,173.41209411621094,9.0,5
2015-03-06,170.97311401367188,8.0,5
2015-03-09,171.68174743652344,8.0,5
2015-03-10,168.89671325683594,7.0,5
2015-03-11,168.50120544433594,7.0,5
2015-03-12,170.64361572265625,9.0,5
2015-03-13,169.5971221923828,7.0,5
2015-03-16,171.86302185058594,8.0,5
2015-03-17,171.3521728515625,8.0,5
2015-03-18,173.41209411621094,8.0,5
2015-03-19,172.62106323242188,7.0,5
2015-03-20,174.14480590820312,8.0,5
2015-03-23,173.80540466308594,7.0,5
2015-03-24,172.8288116455078,7.0,5
2015-03-25,170.29617309570312,6.0,5
2015-03-26,169.8906707763672,7.0,5
2015-03-27,170.27964782714844,7.0,5
2015-03-30,172.3570098876953,8.0,5
2015-03-31,170.8507537841797,6.0,5
2015-04-01,170.2466278076172,6.0,5
2015-04-02,170.8589630126953,6.0,5
2015-04-06,172.00950622558594,8.0,5
2015-04-07,171.55426025390625,8.0,5
2015-04-08,172.13360595703125,9.0,5
2015-04-09,172.8949737548828,9.0,5
2015-04-10,173.8385009765625,9.0,5
2015-04-13,173.05227661132812,9.0,5
2015-04-14,173.38336181640625,9.0,5
2015-04-15,174.1613006591797,9.0,5
2015-04-16,174.11166381835938,9.0,5
2015-04-17,172.10873413085938,6.0,5
2015-04-20,173.68125915527344,7.0,5
2015-04-21,173.47438049316406,8.0,5
2015-04-22,174.32679748535156,9.0,5
2015-04-23,174.7654571533203,9.0,5
2015-04-24,175.17103576660156,8.0,5
2015-04-27,174.44271850585938,7.0,5
2015-04-28,174.9972381591797,7.0,5
2015-04-29,174.27725219726562,7.0,5
2015-04-30,172.53086853027344,5.0,5
2015-05-01,174.40135192871094,7.0,5
2015-05-04,174.89794921875,7.0,5
2015-05-05,172.8949737548828,6.0,5
2015-05-06,172.18325805664062,5.0,5
2015-05-07,172.8701934814453,5.0,5
2015-05-08,175.1461944580078,7.0,5
2015-05-11,174.310302734375,7.0,5
2015-05-12,173.7888946533203,7.0,5
2015-05-13,173.82199096679688,6.0,5
2015-05-14,175.6344451904297,7.0,5
2015-05-15,175.82489013671875,7.0,5
2015-05-18,176.37112426757812,7.0,5
2015-05-19,176.31320190429688,6.0,5
2015-05-20,176.18905639648438,7.0,5
2015-05-21,176.70220947265625,7.0,5
2015-05-22,176.28005981445312,7.0,5
2015-05-26,174.384765625,5.0,5
2015-05-27,176.04006958007812,7.0,5
2015-05-28,175.84144592285156,6.0,5
2015-05-29,174.74896240234375,5.0,5
2015-06-01,175.1048583984375,5.0,5
2015-06-02,174.93106079101562,6.0,5
2015-06-03,175.3945770263672,6.0,5
2015-06-04,173.9130096435547,6.0,5
2015-06-05,173.6150665283203,6.0,5
2015-06-08,172.54742431640625,5.0,5
2015-06-09,172.5225830078125,4.0,5
2015-06-10,174.59165954589844,8.0,5
2015-06-11,175.15452575683594,7.0,5
2015-06-12,173.81375122070312,4.0,5
2015-06-15,173.06884765625,4.0,5
2015-06-16,174.0123291015625,4.0,5
2015-06-17,174.29376220703125,4.0,5
2015-06-18,176.10630798339844,6.0,5
2015-06-19,175.3245086669922,5.0,5
2015-06-22,176.2227020263672,6.0,5
2015-06-23,176.3474884033203,7.0,5
2015-06-24,175.0666961669922,6.0,5
2015-06-25,174.534423828125,4.0,5
2015-06-26,174.50119018554688,4.0,5
2015-06-29,170.841796875,2.0,5
2015-06-30,171.1994171142578,3.0,5
2015-07-01,172.57159423828125,4.0,5
2015-07-02,172.4136505126953,4.0,5
2015-07-06,171.92295837402344,3.0,5
2015-07-07,173.0041961669922,4.0,5
2015-07-08,170.1016082763672,3.0,5
2015-07-09,170.40931701660156,3.0,5
2015-07-10,172.55508422851562,4.0,5
2015-07-13,174.4595489501953,7.0,5
2015-07-14,175.21641540527344,7.0,5
2015-07-15,175.1581573486328,7.0,5
2015-07-16,176.56370544433594,7.0,5
2015-07-17,176.71340942382812,5.0,5
2015-07-20,176.80490112304688,5.0,5
2015-07-21,176.1063232421875,4.0,5
2015-07-22,175.79022216796875,4.0,5
2015-07-23,174.80055236816406,4.0,5
2015-07-24,172.9875030517578,3.0,5
2015-07-27,171.98118591308594,2.0,5
2015-07-28,174.09364318847656,4.0,5
2015-07-29,175.291259765625,5.0,5
2015-07-30,175.3328399658203,5.0,5
2015-07-31,175.0666961669922,5.0,5
2015-08-03,174.47616577148438,5.0,5
2015-08-04,174.13522338867188,4.0,5
2015-08-05,174.70909118652344,5.0,5
2015-08-06,173.27857971191406,4.0,5
2015-08-07,172.9459228515625,4.0,5
2015-08-10,175.1248779296875,5.0,5
2015-08-11,173.54478454589844,3.0,5
2015-08-12,173.75262451171875,3.0,5
2015-08-13,173.536376953125,3.0,5
2015-08-14,174.16848754882812,4.0,5
2015-08-17,175.14154052734375,4.0,5
2015-08-18,174.6342315673828,4.0,5
2015-08-19,173.25364685058594,2.0,5
2015-08-20,169.6359100341797,0.0,5
2015-08-21,164.5294189453125,1.0,5
2015-08-24,157.60159301757812,1.0,5
2015-08-25,155.7469940185547,1.0,5
2015-08-26,161.72669982910156,0.0,5
2015-08-27,165.72705078125,0.0,5
2015-08-28,165.73533630371094,1.0,5
2015-08-31,164.3962860107422,1.0,5
2015-09-01,159.489501953125,1.0,5
2015-09-02,162.51681518554688,1.0,5
2015-09-03,162.6332244873047,1.0,5
2015-09-04,160.17149353027344,2.0,5
2015-09-08,164.1967315673828,1.0,5
2015-09-09,162.0011444091797,2.0,5
2015-09-10,162.88275146484375,2.0,5
2015-09-11,163.62294006347656,2.0,5
2015-09-14,163.01576232910156,2.0,5
2015-09-15,165.0534210205078,3.0,5
2015-09-16,166.4838409423828,3.0,5
2015-09-17,166.10963439941406,2.0,5
2015-09-18,163.39515686035156,2.0,5
2015-09-21,164.23948669433594,2.0,5
2015-09-22,162.10768127441406,2.0,5
2015-09-23,161.8485565185547,2.0,5
2015-09-24,161.26336669921875,1.0,5
2015-09-25,161.22154235839844,0.0,5
2015-09-28,157.1753387451172,0.0,5
2015-09-29,157.2672576904297,0.0,5
2015-09-30,160.20159912109375,1.0,5
2015-10-01,160.61961364746094,0.0,5
2015-10-02,163.01890563964844,1.0,5
2015-10-05,165.9198760986328,2.0,5
2015-10-06,165.3513641357422,3.0,5
2015-10-07,166.70565795898438,4.0,5
2015-10-08,168.21044921875,5.0,5
2015-10-09,168.31076049804688,5.0,5
2015-10-12,168.46958923339844,4.0,5
2015-10-13,167.40794372558594,3.0,5
2015-10-14,166.6053009033203,4.0,5
2015-10-15,169.1635284423828,4.0,5
2015-10-16,169.93255615234375,4.0,5
2015-10-19,170.01620483398438,3.0,5
2015-10-20,169.798828125,3.0,5
2015-10-21,168.74551391601562,3.0,5
2015-10-22,171.5962371826172,4.0,5
2015-10-23,173.4772186279297,4.0,5
2015-10-26,173.05087280273438,4.0,5
2015-10-27,172.71641540527344,4.0,5
2015-10-28,174.6809844970703,5.0,5
2015-10-29,174.5807647705078,6.0,5
2015-10-30,173.82827758789062,5.0,5
2015-11-02,175.88491821289062,6.0,5
2015-11-03,176.39483642578125,7.0,5
2015-11-04,175.8597869873047,7.0,5
2015-11-05,175.6842498779297,7.0,5
2015-11-06,175.59226989746094,7.0,5
2015-11-09,173.95375061035156,7.0,5
2015-11-10,174.35498046875,7.0,5
2015-11-11,173.66944885253906,4.0,5
2015-11-12,171.24514770507812,3.0,5
2015-11-13,169.32232666015625,1.0,5
2015-11-16,171.89720153808594,4.0,5
2015-11-17,171.77174377441406,4.0,5
2015-11-18,174.49716186523438,4.0,5
2015-11-19,174.34669494628906,4.0,5
2015-11-20,174.98199462890625,5.0,5
2015-11-23,174.78138732910156,4.0,5
2015-11-24,175.0154266357422,4.0,5
2015-11-25,174.99038696289062,6.0,5
2015-11-27,175.19097900390625,6.0,5
2015-11-30,174.46368408203125,5.0,5
2015-12-01,176.12730407714844,7.0,5
2015-12-02,174.32989501953125,5.0,5
2015-12-03,171.88882446289062,3.0,5
2015-12-04,175.2411346435547,4.0,5
2015-12-07,174.17945861816406,4.0,5
2015-12-08,173.0091094970703,2.0,5
2015-12-09,171.66310119628906,2.0,5
2015-12-10,172.10614013671875,2.0,5
2015-12-11,168.7705535888672,0.0,5
2015-12-14,169.623291015625,1.0,5
2015-12-15,171.4039306640625,0.0,5
2015-12-16,173.91192626953125,3.0,5
2015-12-17,171.26185607910156,0.0,5
2015-12-18,168.2107696533203,0.0,5
2015-12-21,169.5984344482422,0.0,5
2015-12-22,171.1373748779297,1.0,5
2015-12-23,173.2566375732422,3.0,5
2015-12-24,172.970703125,3.0,5
2015-12-28,172.57545471191406,2.0,5
2015-12-29,174.41717529296875,4.0,5
2015-12-30,173.1809539794922,3.0,5
2015-12-31,171.4485626220703,0.0,5
2016-01-04,169.05178833007812,1.0,5
2016-01-05,169.3376922607422,1.0,5
2016-01-06,167.20159912109375,0.0,5
2016-01-07,163.19021606445312,0.0,5
2016-01-08,161.39895629882812,0.0,5
2016-01-11,161.5587615966797,0.0,5
2016-01-12,162.86219787597656,0.0,5
2016-01-13,158.80035400390625,0.0,5
2016-01-14,161.4073486328125,0.0,5
2016-01-15,157.94256591796875,0.0,5
2016-01-19,158.15284729003906,0.0,5
2016-01-20,156.12606811523438,0.0,5
2016-01-21,157.0006561279297,0.0,5
2016-01-22,160.22157287597656,0.0,5
2016-01-25,157.7995147705078,0.0,5
2016-01-26,159.95242309570312,0.0,5
2016-01-27,158.21160888671875,0.0,5
2016-01-28,159.0358123779297,0.0,5
2016-01-29,162.91270446777344,0.0,5
2016-02-01,162.85379028320312,0.0,5
2016-02-02,159.91883850097656,0.0,5
2016-02-03,160.87757873535156,0.0,5
2016-02-04,161.12982177734375,1.0,5
2016-02-05,158.060302734375,1.0,5
2016-02-08,155.9326629638672,0.0,5
2016-02-09,155.94102478027344,0.0,5
2016-02-10,155.8065185546875,0.0,5
2016-02-11,153.77972412109375,0.0,5
2016-02-12,156.9502410888672,0.0,5
2016-02-16,159.5992889404297,1.0,5
2016-02-17,162.206298828125,2.0,5
2016-02-18,161.54188537597656,2.0,5
2016-02-19,161.46620178222656,2.0,5
2016-02-22,163.8041229248047,3.0,5
2016-02-23,161.73533630371094,2.0,5
2016-02-24,162.47540283203125,3.0,5
2016-02-25,164.4432373046875,5.0,5
2016-02-26,164.06483459472656,6.0,5
2016-02-29,162.77809143066406,2.0,5
2016-03-01,166.60452270507812,6.0,5
2016-03-02,167.35305786132812,7.0,5
2016-03-03,168.00901794433594,8.0,5
2016-03-04,168.55557250976562,8.0,5
2016-03-07,168.69009399414062,8.0,5
2016-03-08,166.84840393066406,8.0,5
2016-03-09,167.67257690429688,8.0,5
2016-03-10,167.80712890625,7.0,5
2016-03-11,170.51499938964844,9.0,5
2016-03-14,170.29638671875,9.0,5
2016-03-15,170.01890563964844,8.0,5
2016-03-16,171.00277709960938,8.0,5
2016-03-17,172.08767700195312,9.0,5
2016-03-18,172.76397705078125,9.0,5
2016-03-21,173.00904846191406,9.0,5
2016-03-22,172.91603088378906,9.0,5
2016-03-23,171.7748565673828,8.0,5
2016-03-24,171.69879150390625,8.0,5
2016-03-28,171.8002471923828,7.0,5
2016-03-29,173.3894805908203,8.0,5
2016-03-30,174.1501922607422,9.0,5
2016-03-31,173.72752380371094,8.0,5
2016-04-01,174.91098022460938,8.0,5
2016-04-04,174.34458923339844,8.0,5
2016-04-05,172.6033172607422,8.0,5
2016-04-06,174.4883270263672,8.0,5
2016-04-07,172.40040588378906,8.0,5
2016-04-08,172.86532592773438,8.0,5
2016-04-11,172.45960998535156,8.0,5
2016-04-12,174.06570434570312,9.0,5
2016-04-13,175.82395935058594,9.0,5
2016-04-14,175.83233642578125,9.0,5
2016-04-15,175.63796997070312,9.0,5
2016-04-18,176.87210083007812,9.0,5
2016-04-19,177.43002319335938,9.0,5
2016-04-20,177.5990753173828,9.0,5
2016-04-21,176.64385986328125,9.0,5
2016-04-22,176.64385986328125,9.0,5
2016-04-25,176.3395233154297,9.0,5
2016-04-26,176.60159301757812,9.0,5
2016-04-27,176.96507263183594,9.0,5
2016-04-28,175.35897827148438,9.0,5
2016-04-29,174.41229248046875,7.0,5
2016-05-02,175.7985382080078,9.0,5
2016-05-03,174.26856994628906,8.0,5
2016-05-04,173.2964324951172,5.0,5
2016-05-05,173.26263427734375,5.0,5
2016-05-06,173.89663696289062,6.0,5
2016-05-09,174.0402374267578,6.0,5
2016-05-10,176.204345703125,8.0,5
2016-05-11,174.5559844970703,6.0,5
2016-05-12,174.60667419433594,6.0,5
2016-05-13,173.08514404296875,1.0,5
2016-05-16,174.79263305664062,5.0,5
2016-05-17,173.1612091064453,4.0,5
2016-05-18,173.21189880371094,3.0,5
2016-05-19,172.61172485351562,3.0,5
2016-05-20,173.7021942138672,5.0,5
2016-05-23,173.4655303955078,5.0,5
2016-05-24,175.7140350341797,8.0,5
2016-05-25,176.9058837890625,8.0,5
2016-05-26,176.95660400390625,9.0,5
2016-05-27,177.71743774414062,9.0,5
2016-05-31,177.3792724609375,9.0,5
2016-06-01,177.74276733398438,9.0,5
2016-06-02,178.28378295898438,9.0,5
2016-06-03,177.7511749267578,9.0,5
2016-06-06,178.65573120117188,9.0,5
2016-06-07,178.93458557128906,9.0,5
2016-06-08,179.51792907714844,9.0,5
2016-06-09,179.2727508544922,8.0,5
2016-06-10,177.57371520996094,7.0,5
2016-06-13,176.204345703125,6.0,5
2016-06-14,175.85772705078125,6.0,5
2016-06-15,175.61260986328125,5.0,5
2016-06-16,176.1366729736328,5.0,5
2016-06-17,175.480712890625,5.0,5
2016-06-20,176.61083984375,6.0,5
2016-06-21,177.11216735839844,7.0,5
2016-06-22,176.82322692871094,7.0,5
2016-06-23,179.1259307861328,7.0,5
2016-06-24,172.69366455078125,2.0,5
2016-06-27,169.6007080078125,0.0,5
2016-06-28,172.65966796875,2.0,5
2016-06-29,175.59970092773438,2.0,5
2016-06-30,177.99583435058594,5.0,5
2016-07-01,178.36965942382812,6.0,5
2016-07-05,177.08668518066406,4.0,5
2016-07-06,178.1487579345703,4.0,5
2016-07-07,178.0382843017578,4.0,5
2016-07-08,180.68936157226562,6.0,5
2016-07-11,181.32667541503906,6.0,5
2016-07-12,182.64370727539062,8.0,5
2016-07-13,182.6182098388672,8.0,5
2016-07-14,183.63787841796875,8.0,5
2016-07-15,183.39146423339844,8.0,5
2016-07-18,183.88430786132812,9.0,5
2016-07-19,183.6973419189453,7.0,5
2016-07-20,184.46209716796875,9.0,5
2016-07-21,183.7653045654297,9.0,5
2016-07-22,184.58958435058594,8.0,5
2016-07-25,184.08819580078125,8.0,5
2016-07-26,184.17315673828125,9.0,5
2016-07-27,183.9777374267578,9.0,5
2016-07-28,184.19020080566406,8.0,5
2016-07-29,184.48757934570312,8.0,5
2016-08-01,184.33460998535156,6.0,5
2016-08-02,183.15353393554688,6.0,5
2016-08-03,183.68885803222656,8.0,5
2016-08-04,183.88430786132812,8.0,5
2016-08-05,185.3882293701172,8.0,5
2016-08-08,185.27780151367188,8.0,5
2016-08-09,185.3882293701172,8.0,5
2016-08-10,184.92941284179688,8.0,5
2016-08-11,185.78759765625,8.0,5
2016-08-12,185.62615966796875,8.0,5
2016-08-15,186.16143798828125,9.0,5
2016-08-16,185.20130920410156,9.0,5
2016-08-17,185.54966735839844,9.0,5
2016-08-18,185.96603393554688,9.0,5
2016-08-19,185.69407653808594,9.0,5
2016-08-22,185.68560791015625,9.0,5
2016-08-23,186.05950927734375,9.0,5
2016-08-24,185.10784912109375,9.0,5
2016-08-25,184.98040771484375,9.0,5
2016-08-26,184.63204956054688,9.0,5
2016-08-29,185.5411834716797,9.0,5
2016-08-30,185.2353057861328,9.0,5
2016-08-31,184.70849609375,9.0,5
2016-09-01,184.7169952392578,9.0,5
2016-09-02,185.54966735839844,9.0,5
2016-09-06,186.11048889160156,9.0,5
2016-09-07,186.09352111816406,9.0,5
2016-09-08,185.6686248779297,9.0,5
2016-09-09,181.2246551513672,6.0,5
2016-09-12,183.82484436035156,6.0,5
2016-09-13,181.1822052001953,5.0,5
2016-09-14,181.11424255371094,5.0,5
2016-09-15,182.9241180419922,5.0,5
2016-09-16,182.2169952392578,5.0,5
2016-09-19,182.25112915039062,5.0,5
2016-09-20,182.25967407226562,5.0,5
2016-09-21,184.30926513671875,5.0,5
2016-09-22,185.470703125,8.0,5
2016-09-23,184.45445251464844,8.0,5
2016-09-26,182.9599609375,6.0,5
2016-09-27,184.09580993652344,6.0,5
2016-09-28,185.0095672607422,8.0,5
2016-09-29,183.3357391357422,6.0,5
2016-09-30,184.71917724609375,8.0,5
2016-10-03,184.27516174316406,6.0,5
2016-10-04,183.3357391357422,5.0,5
2016-10-05,184.14703369140625,7.0,5
2016-10-06,184.27516174316406,7.0,5
2016-10-07,183.64315795898438,6.0,5
2016-10-10,184.599609375,7.0,5
2016-10-11,182.2682647705078,6.0,5
2016-10-12,182.50735473632812,6.0,5
2016-10-13,181.90957641601562,4.0,5
2016-10-14,182.00350952148438,4.0,5
2016-10-17,181.37156677246094,4.0,5
2016-10-18,182.50735473632812,5.0,5
2016-10-19,182.994140625,4.0,5
2016-10-20,182.65252685546875,5.0,5
2016-10-21,182.73793029785156,5.0,5
2016-10-24,183.51513671875,6.0,5
2016-10-25,182.90020751953125,5.0,5
2016-10-26,182.53298950195312,4.0,5
2016-10-27,182.0461883544922,4.0,5
2016-10-28,181.5081787109375,4.0,5
2016-10-31,181.51673889160156,4.0,5
2016-11-01,180.20150756835938,4.0,5
2016-11-02,179.11700439453125,3.0,5
2016-11-03,178.297119140625,3.0,5
2016-11-04,178.10073852539062,3.0,5
2016-11-07,182.0291290283203,4.0,5
2016-11-08,182.8489227294922,5.0,5
2016-11-09,184.7875213623047,7.0,5
2016-11-10,185.2487030029297,9.0,5
2016-11-11,184.82168579101562,8.0,5
2016-11-14,184.966796875,9.0,5
2016-11-15,186.4100799560547,9.0,5
2016-11-16,186.05996704101562,9.0,5
2016-11-17,187.0164794921875,9.0,5
2016-11-18,186.5980682373047,9.0,5
2016-11-21,188.007080078125,9.0,5
2016-11-22,188.37428283691406,9.0,5
2016-11-23,188.47677612304688,9.0,5
2016-11-25,189.17701721191406,9.0,5
2016-11-28,188.28890991210938,9.0,5
2016-11-29,188.65609741210938,9.0,5
2016-11-30,188.20352172851562,9.0,5
2016-12-01,187.51174926757812,9.0,5
2016-12-02,187.6056671142578,9.0,5
2016-12-05,188.73292541503906,9.0,5
2016-12-06,189.330810546875,9.0,5
2016-12-07,191.807373046875,9.0,5
2016-12-08,192.2770538330078,9.0,5
2016-12-09,193.43853759765625,9.0,5
2016-12-12,193.21644592285156,9.0,5
2016-12-13,194.5059814453125,9.0,5
2016-12-14,192.90054321289062,9.0,5
2016-12-15,193.6947021484375,9.0,5
2016-12-16,193.3158416748047,9.0,5
2016-12-19,193.73681640625,9.0,5
2016-12-20,194.48414611816406,8.0,5
2016-12-21,193.94297790527344,9.0,5
2016-12-22,193.60792541503906,8.0,5
2016-12-23,193.89146423339844,8.0,5
2016-12-27,194.37249755859375,8.0,5
2016-12-28,192.76609802246094,8.0,5
2016-12-29,192.72314453125,8.0,5
2016-12-30,192.0187530517578,7.0,5
2017-01-03,193.48765563964844,8.0,5
2017-01-04,194.6387481689453,9.0,5
2017-01-05,194.48414611816406,8.0,5
2017-01-06,195.179931640625,8.0,5
2017-01-09,194.5356903076172,8.0,5
2017-01-10,194.5356903076172,8.0,5
2017-01-11,195.0855255126953,8.0,5
2017-01-12,194.59579467773438,8.0,5
2017-01-13,195.04251098632812,8.0,5
2017-01-17,194.35528564453125,7.0,5
2017-01-18,194.78482055664062,7.0,5
2017-01-19,194.06321716308594,7.0,5
2017-01-20,194.77622985839844,7.0,5
2017-01-23,194.2693634033203,7.0,5
2017-01-24,195.51499938964844,7.0,5
2017-01-25,197.20730590820312,7.0,5
2017-01-26,197.00111389160156,7.0,5
2017-01-27,196.69183349609375,7.0,5
2017-01-30,195.47201538085938,7.0,5
2017-01-31,195.4548797607422,6.0,5
2017-02-01,195.5321502685547,7.0,5
2017-02-02,195.66104125976562,6.0,5
2017-02-03,197.0097198486328,7.0,5
2017-02-06,196.65750122070312,7.0,5
2017-02-07,196.66610717773438,6.0,5
2017-02-08,196.9237823486328,6.0,5
2017-02-09,198.0920867919922,6.0,5
2017-02-10,198.8738250732422,6.0,5
2017-02-13,199.9562225341797,6.0,5
2017-02-14,200.75509643554688,7.0,5
2017-02-15,201.80308532714844,6.0,5
2017-02-16,201.63128662109375,6.0,5
2017-02-17,201.9490509033203,6.0,5
2017-02-21,203.15179443359375,6.0,5
2017-02-22,202.9713592529297,6.0,5
2017-02-23,203.1088104248047,6.0,5
2017-02-24,203.36648559570312,6.0,5
2017-02-27,203.68435668945312,5.0,5
2017-02-28,203.13458251953125,5.0,5
2017-03-01,205.97793579101562,5.0,5
2017-03-02,204.68081665039062,5.0,5
2017-03-03,204.80972290039062,6.0,5
2017-03-06,204.19981384277344,6.0,5
2017-03-07,203.58984375,6.0,5
2017-03-08,203.2118682861328,5.0,5
2017-03-09,203.4695587158203,5.0,5
2017-03-10,204.1825408935547,6.0,5
2017-03-13,204.28565979003906,6.0,5
2017-03-14,203.50396728515625,5.0,5
2017-03-15,205.2649688720703,5.0,5
2017-03-16,204.86123657226562,6.0,5
2017-03-17,204.50144958496094,6.0,5
2017-03-20,204.27713012695312,5.0,5
2017-03-21,201.65432739257812,3.0,5
2017-03-22,202.12887573242188,3.0,5
2017-03-23,201.9131622314453,3.0,5
2017-03-24,201.76646423339844,3.0,5
2017-03-27,201.5593719482422,3.0,5
2017-03-28,203.02613830566406,4.0,5
2017-03-29,203.2158966064453,4.0,5
2017-03-30,203.8629913330078,5.0,5
2017-03-31,203.38848876953125,4.0,5
2017-04-03,203.03469848632812,3.0,5
2017-04-04,203.1641082763672,3.0,5
2017-04-05,202.56016540527344,3.0,5
2017-04-06,203.12969970703125,3.0,5
2017-04-07,202.92257690429688,3.0,5
2017-04-10,203.0433807373047,4.0,5
2017-04-11,202.80181884765625,4.0,5
2017-04-12,201.9131622314453,3.0,5
2017-04-13,200.60171508789062,2.0,5
2017-04-17,202.37904357910156,3.0,5
2017-04-18,201.77508544921875,2.0,5
2017-04-19,201.4040985107422,3.0,5
2017-04-20,203.0433807373047,6.0,5
2017-04-21,202.3962860107422,5.0,5
2017-04-24,204.62222290039062,7.0,5
2017-04-25,205.81283569335938,8.0,5
2017-04-26,205.68341064453125,8.0,5
2017-04-27,205.8560028076172,8.0,5
2017-04-28,205.4073486328125,6.0,5
2017-05-01,205.9250030517578,7.0,5
2017-05-02,206.00262451171875,7.0,5
2017-05-03,205.75245666503906,6.0,5
2017-05-04,205.99398803710938,5.0,5
2017-05-05,206.80499267578125,7.0,5
2017-05-08,206.7705535888672,6.0,5
2017-05-09,206.58067321777344,6.0,5
2017-05-10,206.95169067382812,7.0,5
2017-05-11,206.5290069580078,6.0,5
2017-05-12,206.18385314941406,5.0,5
2017-05-15,207.32272338867188,6.0,5
2017-05-16,207.13287353515625,6.0,5
2017-05-17,203.4574737548828,3.0,5
2017-05-18,204.27713012695312,4.0,5
2017-05-19,205.60574340820312,5.0,5
2017-05-22,206.6497039794922,5.0,5
2017-05-23,207.10694885253906,6.0,5
2017-05-24,207.59014892578125,6.0,5
2017-05-25,208.5823211669922,6.0,5
2017-05-26,208.53916931152344,6.0,5
2017-05-30,208.35801696777344,6.0,5
2017-05-31,208.30625915527344,5.0,5
2017-06-01,209.9627685546875,6.0,5
2017-06-02,210.66163635253906,5.0,5
2017-06-05,210.50633239746094,5.0,5
2017-06-06,209.83334350585938,5.0,5
2017-06-07,210.22161865234375,5.0,5
2017-06-08,210.32510375976562,6.0,5
2017-06-09,210.0059051513672,6.0,5
2017-06-12,209.9627685546875,6.0,5
2017-06-13,210.98948669433594,7.0,5
2017-06-14,210.72201538085938,6.0,5
2017-06-15,210.31649780273438,5.0,5
2017-06-16,210.36244201660156,5.0,5
2017-06-19,212.11375427246094,5.0,5
2017-06-20,210.68319702148438,5.0,5
2017-06-21,210.63119506835938,5.0,5
2017-06-22,210.53585815429688,5.0,5
2017-06-23,210.7872314453125,5.0,5
2017-06-26,210.92599487304688,6.0,5
2017-06-27,209.2267303466797,4.0,5
2017-06-28,211.09934997558594,6.0,5
2017-06-29,209.24407958984375,6.0,5
2017-06-30,209.63414001464844,6.0,5
2017-07-03,209.98963928222656,6.0,5
2017-07-05,210.4751434326172,7.0,5
2017-07-06,208.55047607421875,5.0,5
2017-07-07,209.90293884277344,5.0,5
2017-07-10,210.12835693359375,6.0,5
2017-07-11,209.97230529785156,6.0,5
2017-07-12,211.5502166748047,7.0,5
2017-07-13,211.90565490722656,8.0,5
2017-07-14,212.89405822753906,8.0,5
2017-07-17,212.8679962158203,9.0,5
2017-07-18,212.98069763183594,7.0,5
2017-07-19,214.1337890625,7.0,5
2017-07-20,214.22914123535156,7.0,5
2017-07-21,214.03842163085938,8.0,5
2017-07-24,213.9864044189453,7.0,5
2017-07-25,214.5065460205078,9.0,5
2017-07-26,214.5152587890625,8.0,5
2017-07-27,214.31582641601562,7.0,5
2017-07-28,214.06443786621094,7.0,5
2017-07-31,213.94300842285156,7.0,5
2017-08-01,214.41990661621094,6.0,5
2017-08-02,214.52394104003906,7.0,5
2017-08-03,214.10777282714844,5.0,5
2017-08-04,214.49789428710938,7.0,5
2017-08-07,214.89671325683594,7.0,5
2017-08-08,214.3678741455078,6.0,5
2017-08-09,214.35916137695312,4.0,5
2017-08-10,211.33343505859375,2.0,5
2017-08-11,211.6455841064453,2.0,5
2017-08-14,213.74366760253906,4.0,5
2017-08-15,213.71762084960938,4.0,5
2017-08-16,214.09043884277344,3.0,5
2017-08-17,210.75253295898438,2.0,5
2017-08-18,210.4231414794922,2.0,5
2017-08-21,210.5878448486328,2.0,5
2017-08-22,212.7899627685547,3.0,5
2017-08-23,212.02699279785156,2.0,5
2017-08-24,211.53285217285156,2.0,5
2017-08-25,212.02699279785156,2.0,5
2017-08-28,212.03573608398438,2.0,5
2017-08-29,212.27847290039062,3.0,5
2017-08-30,213.2841339111328,3.0,5
2017-08-31,214.56729125976562,5.0,5
2017-09-01,214.8707275390625,6.0,5
2017-09-05,213.3274688720703,3.0,5
2017-09-06,214.05577087402344,3.0,5
2017-09-07,214.02972412109375,3.0,5
2017-09-08,213.77830505371094,4.0,5
2017-09-11,216.05850219726562,6.0,5
2017-09-12,216.7866973876953,6.0,5
2017-09-13,216.89071655273438,7.0,5
2017-09-14,216.8213653564453,6.0,5
2017-09-15,217.11328125,7.0,5
2017-09-18,217.5750274658203,8.0,5
2017-09-19,217.79290771484375,8.0,5
2017-09-20,217.87127685546875,8.0,5
2017-09-21,217.28750610351562,8.0,5
2017-09-22,217.3311309814453,8.0,5
2017-09-25,216.88673400878906,8.0,5
2017-09-26,217.01742553710938,9.0,5
2017-09-27,217.86260986328125,9.0,5
2017-09-28,218.12396240234375,9.0,5
2017-09-29,218.89068603515625,9.0,5
2017-10-02,219.8404083251953,9.0,5
2017-10-03,220.31082153320312,9.0,5
2017-10-04,220.57223510742188,9.0,5
2017-10-05,221.87916564941406,9.0,5
2017-10-06,221.62649536132812,9.0,5
2017-10-09,221.26055908203125,8.0,5
2017-10-10,221.8442840576172,8.0,5
2017-10-11,222.19288635253906,8.0,5
2017-10-12,221.8617401123047,9.0,5
2017-10-13,222.1318359375,8.0,5
2017-10-16,222.4280548095703,8.0,5
2017-10-17,222.58486938476562,8.0,5
2017-10-18,222.802734375,8.0,5
2017-10-19,222.86375427246094,8.0,5
2017-10-20,224.01377868652344,9.0,5
2017-10-23,223.1424560546875,8.0,5
2017-10-24,223.53460693359375,8.0,5
2017-10-25,222.4280548095703,7.0,5
2017-10-26,222.7155303955078,7.0,5
2017-10-27,224.5365447998047,8.0,5
2017-10-30,223.7001495361328,8.0,5
2017-10-31,224.0486297607422,8.0,5
2017-11-01,224.34487915039062,6.0,5
2017-11-02,224.4320068359375,6.0,5
2017-11-03,225.18130493164062,6.0,5
2017-11-06,225.52980041503906,6.0,5
2017-11-07,225.37298583984375,6.0,5
2017-11-08,225.7563018798828,6.0,5
2017-11-09,224.93736267089844,5.0,5
2017-11-10,224.86766052246094,5.0,5
2017-11-13,225.0767059326172,4.0,5
2017-11-14,224.55398559570312,4.0,5
2017-11-15,223.43002319335938,4.0,5
2017-11-16,225.3293914794922,4.0,5
2017-11-17,224.667236328125,6.0,5
2017-11-20,225.05064392089844,6.0,5
2017-11-21,226.52308654785156,7.0,5
2017-11-22,226.32266235351562,7.0,5
2017-11-24,226.8453826904297,6.0,5
2017-11-27,226.73219299316406,5.0,5
2017-11-28,229.03231811523438,7.0,5
2017-11-29,228.89292907714844,7.0,5
2017-11-30,230.89683532714844,6.0,5
2017-12-01,230.41766357421875,5.0,5
2017-12-04,230.13888549804688,6.0,5
2017-12-05,229.31114196777344,6.0,5
2017-12-06,229.35472106933594,5.0,5
2017-12-07,230.0778045654297,7.0,5
2017-12-08,231.33245849609375,7.0,5
2017-12-11,232.02952575683594,7.0,5
2017-12-12,232.4390869140625,6.0,5
2017-12-13,232.4129180908203,6.0,5
2017-12-14,231.4632110595703,5.0,5
2017-12-15,233.39065551757812,6.0,5
2017-12-18,234.87066650390625,6.0,5
2017-12-19,233.9687042236328,6.0,5
2017-12-20,233.84609985351562,7.0,5
2017-12-21,234.3277130126953,7.0,5
2017-12-22,234.26644897460938,7.0,5
2017-12-26,233.98619079589844,7.0,5
2017-12-27,234.10000610351562,6.0,5
2017-12-28,234.58160400390625,7.0,5
2017-12-29,233.69723510742188,6.0,5
2018-01-02,235.369873046875,8.0,5
2018-01-03,236.85850524902344,8.0,5
2018-01-04,237.8568115234375,8.0,5
2018-01-05,239.44195556640625,8.0,5
2018-01-08,239.87979125976562,8.0,5
2018-01-09,240.4228057861328,7.0,5
2018-01-10,240.05494689941406,7.0,5
2018-01-11,241.80648803710938,8.0,5
2018-01-12,243.3826446533203,8.0,5
2018-01-16,242.5508270263672,6.0,5
2018-01-17,244.86282348632812,6.0,5
2018-01-18,244.45118713378906,6.0,5
2018-01-19,245.56332397460938,6.0,5
2018-01-22,247.55995178222656,6.0,5
2018-01-23,248.0854034423828,6.0,5
2018-01-24,247.98912048339844,6.0,5
2018-01-25,248.09420776367188,6.0,5
2018-01-26,250.9665069580078,6.0,5
2018-01-29,249.3026580810547,6.0,5
2018-01-30,246.74551391601562,6.0,5
2018-01-31,246.86814880371094,6.0,5
2018-02-01,246.5878143310547,6.0,5
2018-02-02,241.21975708007812,6.0,5
2018-02-05,231.13133239746094,4.0,5
2018-02-06,235.68505859375,4.0,5
2018-02-07,234.40650939941406,4.0,5
2018-02-08,225.61422729492188,4.0,5
2018-02-09,229.0032958984375,3.0,5
2018-02-12,232.3660125732422,4.0,5
2018-02-13,232.94400024414062,4.0,5
2018-02-14,236.08792114257812,4.0,5
2018-02-15,239.10040283203125,5.0,5
2018-02-16,239.17051696777344,5.0,5
2018-02-20,237.67295837402344,4.0,5
2018-02-21,236.49073791503906,4.0,5
2018-02-22,236.79721069335938,4.0,5
2018-02-23,240.5716094970703,5.0,5
2018-02-26,243.36514282226562,5.0,5
2018-02-27,240.32640075683594,5.0,5
2018-02-28,237.89198303222656,4.0,5
2018-03-01,234.432861328125,4.0,5
2018-03-02,235.6413116455078,5.0,5
2018-03-05,238.3647918701172,5.0,5
2018-03-06,238.96910095214844,6.0,5
2018-03-07,238.8815155029297,6.0,5
2018-03-08,240.03750610351562,7.0,5
2018-03-09,244.2146453857422,8.0,5
2018-03-12,243.90817260742188,8.0,5
2018-03-13,242.33187866210938,8.0,5
2018-03-14,241.0883026123047,7.0,5
2018-03-15,240.82568359375,8.0,5
2018-03-16,241.0867462158203,8.0,5
2018-03-19,237.82485961914062,6.0,5
2018-03-20,238.229248046875,6.0,5
2018-03-21,237.7720184326172,7.0,5
2018-03-22,231.82838439941406,5.0,5
2018-03-23,226.88706970214844,5.0,5
2018-03-26,233.09445190429688,5.0,5
2018-03-27,229.129150390625,5.0,5
2018-03-28,228.45216369628906,4.0,5
2018-03-29,231.37115478515625,4.0,5
2018-04-02,226.37716674804688,4.0,5
2018-04-03,229.2786407470703,4.0,5
2018-04-04,231.73171997070312,5.0,5
2018-04-05,233.5605926513672,6.0,5
2018-04-06,228.3553924560547,4.0,5
2018-04-09,229.48081970214844,4.0,5
2018-04-10,233.12966918945312,5.0,5
2018-04-11,231.9075469970703,5.0,5
2018-04-12,233.81544494628906,6.0,5
2018-04-13,233.12966918945312,6.0,5
2018-04-16,235.04640197753906,6.0,5
2018-04-17,237.5609893798828,7.0,5
2018-04-18,237.73684692382812,7.0,5
2018-04-19,236.4180450439453,7.0,5
2018-04-20,234.41323852539062,7.0,5
2018-04-23,234.3782501220703,7.0,5
2018-04-24,231.22171020507812,6.0,5
2018-04-25,231.793212890625,7.0,5
2018-04-26,234.14956665039062,7.0,5
2018-04-27,234.3694610595703,7.0,5
2018-04-30,232.56692504882812,7.0,5
2018-05-01,232.98019409179688,7.0,5
2018-05-02,231.41514587402344,6.0,5
2018-05-03,230.9051971435547,6.0,5
2018-05-04,233.89466857910156,6.0,5
2018-05-07,234.68594360351562,6.0,5
2018-05-08,234.68594360351562,7.0,5
2018-05-09,236.95437622070312,8.0,5
2018-05-10,239.17002868652344,8.0,5
2018-05-11,239.89974975585938,8.0,5
2018-05-14,240.01416015625,8.0,5
2018-05-15,238.3611602783203,8.0,5
2018-05-16,239.36343383789062,8.0,5
2018-05-17,239.16123962402344,8.0,5
2018-05-18,238.5632781982422,8.0,5
2018-05-21,240.35696411132812,8.0,5
2018-05-22,239.68869018554688,8.0,5
2018-05-23,240.34823608398438,8.0,5
2018-05-24,239.85580444335938,8.0,5
2018-05-25,239.2842254638672,8.0,5
2018-05-29,236.53236389160156,7.0,5
2018-05-30,239.68869018554688,8.0,5
2018-05-31,238.22044372558594,7.0,5
2018-06-01,240.55921936035156,8.0,5
2018-06-04,241.70223999023438,8.0,5
2018-06-05,241.87803649902344,8.0,5
2018-06-06,243.900390625,8.0,5
2018-06-07,243.8739471435547,8.0,5
2018-06-08,244.59490966796875,8.0,5
2018-06-11,244.92019653320312,8.0,5
2018-06-12,245.23670959472656,8.0,5
2018-06-13,244.4542694091797,8.0,5
2018-06-14,245.06967163085938,8.0,5
2018-06-15,244.75704956054688,8.0,5
2018-06-18,244.2537078857422,8.0,5
2018-06-19,243.3174591064453,8.0,5
2018-06-20,243.7325439453125,9.0,5
2018-06-21,242.20465087890625,8.0,5
2018-06-22,242.64614868164062,9.0,5
2018-06-25,239.34317016601562,7.0,5
2018-06-26,239.87303161621094,7.0,5
2018-06-27,237.88580322265625,5.0,5
2018-06-28,239.2459716796875,6.0,5
2018-06-29,239.59042358398438,5.0,5
2018-07-02,240.1026611328125,4.0,5
2018-07-03,239.25477600097656,5.0,5
2018-07-05,241.2066650390625,5.0,5
2018-07-06,243.24684143066406,6.0,5
2018-07-09,245.4370574951172,6.0,5
2018-07-10,246.32028198242188,6.0,5
2018-07-11,244.5185546875,5.0,5
2018-07-12,246.7354278564453,6.0,5
2018-07-13,246.9297637939453,5.0,5
2018-07-16,246.70884704589844,5.0,5
2018-07-17,247.70697021484375,5.0,5
2018-07-18,248.22789001464844,5.0,5
2018-07-19,247.29183959960938,6.0,5
2018-07-20,247.0091552734375,6.0,5
2018-07-23,247.46849060058594,6.0,5
2018-07-24,248.71365356445312,6.0,5
2018-07-25,250.83346557617188,6.0,5
2018-07-26,250.24159240722656,6.0,5
2018-07-27,248.54588317871094,4.0,5
2018-07-30,247.24769592285156,4.0,5
2018-07-31,248.46644592285156,5.0,5
2018-08-01,248.05140686035156,6.0,5
2018-08-02,249.40269470214844,6.0,5
2018-08-03,250.4712371826172,6.0,5
2018-08-06,251.38975524902344,6.0,5
2018-08-07,252.219970703125,6.0,5
2018-08-08,252.11387634277344,6.0,5
2018-08-09,251.76956176757812,6.0,5
2018-08-10,250.08258056640625,5.0,5
2018-08-13,249.1465606689453,4.0,5
2018-08-14,250.73623657226562,4.0,5
2018-08-15,248.86387634277344,4.0,5
2018-08-16,250.87750244140625,4.0,5
2018-08-17,251.7606658935547,5.0,5
2018-08-20,252.29946899414062,5.0,5
2018-08-21,252.89117431640625,5.0,5
2018-08-22,252.7410125732422,5.0,5
2018-08-23,252.40541076660156,5.0,5
2018-08-24,253.9245147705078,5.0,5
2018-08-27,255.9293212890625,7.0,5
2018-08-28,256.052978515625,7.0,5
2018-08-29,257.4307556152344,7.0,5
2018-08-30,256.38861083984375,6.0,5
2018-08-31,256.3973693847656,6.0,5
2018-09-04,255.95584106445312,6.0,5
2018-09-05,255.2669677734375,5.0,5
2018-09-06,254.49856567382812,5.0,5
2018-09-07,254.00389099121094,5.0,5
2018-09-10,254.4456024169922,5.0,5
2018-09-11,255.28460693359375,5.0,5
2018-09-12,255.34634399414062,5.0,5
2018-09-13,256.8565979003906,6.0,5
2018-09-14,256.90087890625,6.0,5
2018-09-17,255.5408477783203,5.0,5
2018-09-18,256.92742919921875,6.0,5
2018-09-19,257.201171875,7.0,5
2018-09-20,259.28533935546875,7.0,5
2018-09-21,259.04864501953125,7.0,5
2018-09-24,258.1879577636719,7.0,5
2018-09-25,257.9485168457031,7.0,5
2018-09-26,257.1766052246094,6.0,5
2018-09-27,257.8951721191406,7.0,5
2018-09-28,257.921875,7.0,5
2018-10-01,258.8179931640625,7.0,5
2018-10-02,258.66705322265625,7.0,5
2018-10-03,258.8089904785156,7.0,5
2018-10-04,256.7862548828125,6.0,5
2018-10-05,255.34906005859375,5.0,5
2018-10-08,255.34906005859375,5.0,5
2018-10-09,254.97637939453125,4.0,5
2018-10-10,246.90304565429688,3.0,5
2018-10-11,241.4645233154297,2.0,5
2018-10-12,244.81825256347656,3.0,5
2018-10-15,243.4430389404297,3.0,5
2018-10-16,248.7660675048828,3.0,5
2018-10-17,248.8104705810547,3.0,5
2018-10-18,245.21739196777344,3.0,5
2018-10-19,245.08432006835938,3.0,5
2018-10-22,243.98426818847656,3.0,5
2018-10-23,242.7421417236328,2.0,5
2018-10-24,235.38746643066406,1.0,5
2018-10-25,239.61036682128906,2.0,5
2018-10-26,235.39627075195312,1.0,5
2018-10-29,234.0920867919922,1.0,5
2018-10-30,237.56092834472656,2.0,5
2018-10-31,240.0983428955078,2.0,5
2018-11-01,242.65347290039062,2.0,5
2018-11-02,241.21617126464844,3.0,5
2018-11-05,242.5469207763672,3.0,5
2018-11-06,244.08181762695312,4.0,5
2018-11-07,249.30726623535156,5.0,5
2018-11-08,248.85479736328125,4.0,5
2018-11-09,246.42393493652344,5.0,5
2018-11-12,241.81944274902344,2.0,5
2018-11-13,241.3670196533203,2.0,5
2018-11-14,239.7168731689453,2.0,5
2018-11-15,242.2187042236328,2.0,5
2018-11-16,242.84860229492188,2.0,5
2018-11-19,238.74098205566406,1.0,5
2018-11-20,234.32276916503906,1.0,5
2018-11-21,235.12124633789062,1.0,5
2018-11-23,233.55093383789062,1.0,5
2018-11-26,237.3214874267578,3.0,5
2018-11-27,238.1199493408203,2.0,5
2018-11-28,243.60272216796875,4.0,5
2018-11-29,243.07041931152344,4.0,5
2018-11-30,244.552001953125,6.0,5
2018-12-03,247.79019165039062,7.0,5
2018-12-04,239.76119995117188,1.0,5
2018-12-06,239.39744567871094,1.0,5
2018-12-07,233.83485412597656,1.0,5
2018-12-10,234.27838134765625,1.0,5
2018-12-11,234.33169555664062,0.0,5
2018-12-12,235.5115966796875,0.0,5
2018-12-13,235.43174743652344,0.0,5
2018-12-14,231.08457946777344,0.0,5
2018-12-17,226.55108642578125,0.0,5
2018-12-18,226.3026580810547,0.0,5
2018-12-19,222.91360473632812,0.0,5
2018-12-20,219.28504943847656,0.0,5
2018-12-21,214.7919921875,0.0,5
2018-12-24,209.1165008544922,1.0,5
2018-12-26,219.68211364746094,0.0,5
2018-12-27,221.36865234375,0.0,5
2018-12-28,221.08314514160156,0.0,5
2018-12-31,223.01953125,0.0,5
2019-01-02,223.25155639648438,0.0,5
2019-01-03,217.92416381835938,0.0,5
2019-01-04,225.22369384765625,0.0,5
2019-01-07,226.99954223632812,2.0,5
2019-01-08,229.1322479248047,4.0,5
2019-01-09,230.20309448242188,4.0,5
2019-01-10,231.01513671875,5.0,5
2019-01-11,231.10433959960938,4.0,5
2019-01-14,229.6943817138672,4.0,5
2019-01-15,232.3269500732422,6.0,5
2019-01-16,232.8891143798828,6.0,5
2019-01-17,234.656005859375,7.0,5
2019-01-18,237.7792510986328,7.0,5
2019-01-22,234.5667266845703,5.0,5
2019-01-23,235.0575714111328,6.0,5
2019-01-24,235.18247985839844,6.0,5
2019-01-25,237.17245483398438,6.0,5
2019-01-28,235.36988830566406,6.0,5
2019-01-29,235.0575714111328,6.0,5
2019-01-30,238.77870178222656,6.0,5
2019-01-31,240.8757781982422,6.0,5
2019-02-01,240.9917755126953,6.0,5
2019-02-04,242.687255859375,8.0,5
2019-02-05,243.70460510253906,7.0,5
2019-02-06,243.38330078125,8.0,5
2019-02-07,241.0631866455078,6.0,5
2019-02-08,241.35760498046875,6.0,5
2019-02-11,241.49142456054688,6.0,5
2019-02-12,244.59693908691406,8.0,5
2019-02-13,245.39108276367188,8.0,5
2019-02-14,244.84678649902344,8.0,5
2019-02-15,247.51490783691406,8.0,5
2019-02-19,247.94332885742188,8.0,5
2019-02-20,248.4429931640625,8.0,5
2019-02-21,247.5596466064453,8.0,5
2019-02-22,249.09449768066406,8.0,5
2019-02-25,249.43350219726562,8.0,5
2019-02-26,249.25506591796875,8.0,5
2019-02-27,249.14797973632812,8.0,5
2019-02-28,248.68392944335938,8.0,5
2019-03-01,250.2366485595703,8.0,5
2019-03-04,249.32644653320312,8.0,5
2019-03-05,248.98731994628906,8.0,5
2019-03-06,247.47923278808594,6.0,5
2019-03-07,245.40902709960938,6.0,5
2019-03-08,244.91819763183594,4.0,5
2019-03-11,248.46978759765625,5.0,5
2019-03-12,249.40673828125,4.0,5
2019-03-13,251.05760192871094,5.0,5
2019-03-14,250.8970184326172,5.0,5
2019-03-15,252.13662719726562,5.0,5
2019-03-18,253.0507354736328,5.0,5
2019-03-19,253.11354064941406,6.0,5
2019-03-20,252.35169982910156,5.0,5
2019-03-21,255.20205688476562,5.0,5
2019-03-22,250.29017639160156,3.0,5
2019-03-25,250.10205078125,3.0,5
2019-03-26,251.9662628173828,4.0,5
2019-03-27,250.6487274169922,4.0,5
2019-03-28,251.5988006591797,4.0,5
2019-03-29,253.18524169921875,4.0,5
2019-04-01,256.1878967285156,5.0,5
2019-04-02,256.3132629394531,5.0,5
2019-04-03,256.7166442871094,5.0,5
2019-04-04,257.3977966308594,5.0,5
2019-04-05,258.64373779296875,5.0,5
2019-04-08,258.8408203125,6.0,5
2019-04-09,257.5143127441406,6.0,5
2019-04-10,258.3927307128906,6.0,5
2019-04-11,258.32098388671875,6.0,5
2019-04-12,260.06878662109375,6.0,5
2019-04-15,259.8985595703125,7.0,5
2019-04-16,260.06878662109375,7.0,5
2019-04-17,259.43243408203125,7.0,5
2019-04-18,259.94329833984375,7.0,5
2019-04-22,260.1674499511719,6.0,5
2019-04-23,262.5066833496094,6.0,5
2019-04-24,261.9241638183594,6.0,5
2019-04-25,261.7627868652344,6.0,5
2019-04-26,262.98175048828125,6.0,5
2019-04-29,263.39410400390625,6.0,5
2019-04-30,263.5285339355469,6.0,5
2019-05-01,261.54766845703125,5.0,5
2019-05-02,260.98297119140625,5.0,5
2019-05-03,263.5374450683594,6.0,5
2019-05-06,262.4529724121094,6.0,5
2019-05-07,258.07000732421875,4.0,5
2019-05-08,257.7115783691406,4.0,5
2019-05-09,256.9317626953125,3.0,5
2019-05-10,258.2224426269531,3.0,5
2019-05-13,251.73329162597656,2.0,5
2019-05-14,254.00979614257812,2.0,5
2019-05-15,255.49769592285156,2.0,5
2019-05-16,257.86383056640625,3.0,5
2019-05-17,256.1968078613281,2.0,5
2019-05-20,254.5028076171875,2.0,5
2019-05-21,256.79736328125,2.0,5
2019-05-22,256.00860595703125,2.0,5
2019-05-23,252.88055419921875,2.0,5
2019-05-24,253.4541473388672,2.0,5
2019-05-28,251.0968475341797,2.0,5
2019-05-29,249.41188049316406,2.0,5
2019-05-30,250.09300231933594,2.0,5
2019-05-31,246.7229766845703,1.0,5
2019-06-03,246.09559631347656,2.0,5
2019-06-04,251.43751525878906,3.0,5
2019-06-05,253.615478515625,3.0,5
2019-06-06,255.26470947265625,2.0,5
2019-06-07,257.819091796875,4.0,5
2019-06-10,259.002197265625,4.0,5
2019-06-11,258.939453125,4.0,5
2019-06-12,258.4822692871094,4.0,5
2019-06-13,259.54901123046875,4.0,5
2019-06-14,259.2621765136719,4.0,5
2019-06-17,259.3607482910156,4.0,5
2019-06-18,262.07647705078125,5.0,5
2019-06-19,262.6680603027344,5.0,5
2019-06-20,265.1776428222656,5.0,5
2019-06-21,264.7921447753906,5.0,5
2019-06-24,264.4679870605469,5.0,5
2019-06-25,261.8741455078125,4.0,5
2019-06-26,261.61297607421875,4.0,5
2019-06-27,262.5406188964844,4.0,5
2019-06-28,263.8914489746094,7.0,5
2019-07-01,266.2872619628906,7.0,5
2019-07-02,266.9808349609375,5.0,5
2019-07-03,269.1153869628906,5.0,5
2019-07-05,268.8091735839844,5.0,5
2019-07-08,267.33203125,5.0,5
2019-07-09,267.66534423828125,5.0,5
2019-07-10,268.944091796875,6.0,5
2019-07-11,269.57470703125,6.0,5
2019-07-12,270.781494140625,6.0,5
2019-07-15,270.87158203125,6.0,5
2019-07-16,269.998046875,6.0,5
2019-07-17,268.16064453125,6.0,5
2019-07-18,269.14227294921875,6.0,5
2019-07-19,267.64727783203125,6.0,5
2019-07-22,268.3046875,6.0,5
2019-07-23,270.22314453125,6.0,5
2019-07-24,271.4930725097656,6.0,5
2019-07-25,270.1961975097656,6.0,5
2019-07-26,272.00640869140625,6.0,5
2019-07-29,271.51104736328125,6.0,5
2019-07-30,270.8445129394531,6.0,5
2019-07-31,267.88140869140625,6.0,5
2019-08-01,265.5487365722656,3.0,5
2019-08-02,263.5493469238281,3.0,5
2019-08-05,255.6235809326172,2.0,5
2019-08-06,259.2081604003906,2.0,5
2019-08-07,259.3612060546875,2.0,5
2019-08-08,264.45001220703125,3.0,5
2019-08-09,262.6486511230469,2.0,5
2019-08-12,259.451416015625,2.0,5
2019-08-13,263.4862365722656,2.0,5
2019-08-14,255.6956329345703,2.0,5
2019-08-15,256.3710632324219,2.0,5
2019-08-16,260.1538391113281,2.0,5
2019-08-19,263.2881164550781,2.0,5
2019-08-20,261.2705993652344,2.0,5
2019-08-21,263.39617919921875,2.0,5
2019-08-22,263.31512451171875,2.0,5
2019-08-23,256.5511474609375,2.0,5
2019-08-26,259.3882751464844,2.0,5
2019-08-27,258.3705139160156,2.0,5
2019-08-28,260.18988037109375,2.0,5
2019-08-29,263.51324462890625,2.0,5
2019-08-30,263.39617919921875,2.0,5
2019-09-03,261.8561096191406,3.0,5
2019-09-04,264.8282470703125,4.0,5
2019-09-05,268.2327575683594,4.0,5
2019-09-06,268.4398498535156,5.0,5
2019-09-09,268.57501220703125,5.0,5
2019-09-10,268.51190185546875,8.0,5
2019-09-11,270.4212951660156,9.0,5
2019-09-12,271.35797119140625,9.0,5
2019-09-13,271.1778869628906,9.0,5
2019-09-16,270.3402099609375,9.0,5
2019-09-17,271.02471923828125,9.0,5
2019-09-18,271.1868591308594,8.0,5
2019-09-19,271.1687927246094,8.0,5
2019-09-20,269.88763427734375,8.0,5
2019-09-23,269.82427978515625,8.0,5
2019-09-24,267.70709228515625,5.0,5
2019-09-25,269.2904968261719,8.0,5
2019-09-26,268.7294616699219,7.0,5
2019-09-27,267.2817687988281,5.0,5
2019-09-30,268.521240234375,6.0,5
2019-10-01,265.3273620605469,4.0,5
2019-10-02,260.640380859375,2.0,5
2019-10-03,262.77587890625,2.0,5
2019-10-04,266.33172607421875,4.0,5
2019-10-07,265.1825866699219,3.0,5
2019-10-08,261.065673828125,2.0,5
2019-10-09,263.5448303222656,2.0,5
2019-10-10,265.3273620605469,4.0,5
2019-10-11,268.07794189453125,6.0,5
2019-10-14,267.7794189453125,6.0,5
2019-10-15,270.43048095703125,6.0,5
2019-10-16,269.9962158203125,6.0,5
2019-10-17,270.7923889160156,6.0,5
2019-10-18,269.6071472167969,6.0,5
2019-10-21,271.43487548828125,9.0,5
2019-10-22,270.5481262207031,9.0,5
2019-10-23,271.3353576660156,9.0,5
2019-10-24,271.7786865234375,9.0,5
2019-10-25,272.89154052734375,9.0,5
2019-10-28,274.42974853515625,9.0,5
2019-10-29,274.3482971191406,9.0,5
2019-10-30,275.1898498535156,8.0,5
2019-10-31,274.4569091796875,7.0,5
2019-11-01,276.99945068359375,7.0,5
2019-11-04,278.1123352050781,9.0,5
2019-11-05,277.8047180175781,9.0,5
2019-11-06,277.8680725097656,9.0,5
2019-11-07,278.84521484375,8.0,5
2019-11-08,279.5329895019531,8.0,5
2019-11-11,278.9991455078125,8.0,5
2019-11-12,279.58721923828125,8.0,5
2019-11-13,279.67767333984375,7.0,5
2019-11-14,280.0848388671875,6.0,5
2019-11-15,282.11163330078125,7.0,5
2019-11-18,282.31964111328125,6.0,5
2019-11-19,282.2383117675781,6.0,5
2019-11-20,281.1886901855469,6.0,5
2019-11-21,280.7362365722656,6.0,5
2019-11-22,281.36065673828125,6.0,5
2019-11-25,283.54119873046875,7.0,5
2019-11-26,284.18365478515625,7.0,5
2019-11-27,285.4504089355469,7.0,5
2019-11-29,284.39178466796875,7.0,5
2019-12-02,281.97589111328125,6.0,5
2019-12-03,280.0848388671875,6.0,5
2019-12-04,281.81298828125,6.0,5
2019-12-05,282.31964111328125,6.0,5
2019-12-06,284.8984069824219,7.0,5
2019-12-09,284.0026550292969,6.0,5
2019-12-10,283.68597412109375,7.0,5
2019-12-11,284.4913024902344,6.0,5
2019-12-12,286.9432678222656,8.0,5
2019-12-13,287.1152648925781,8.0,5
2019-12-16,289.0877380371094,8.0,5
2019-12-17,289.1510009765625,8.0,5
2019-12-18,289.1691589355469,8.0,5
2019-12-19,290.35443115234375,8.0,5
2019-12-20,291.6274108886719,8.0,5
2019-12-23,292.0729675292969,8.0,5
2019-12-24,292.08209228515625,8.0,5
2019-12-26,293.63690185546875,8.0,5
2019-12-27,293.56414794921875,6.0,5
2019-12-30,291.9456481933594,6.0,5
2019-12-31,292.6549072265625,6.0,5
2020-01-02,295.3917541503906,7.0,5
2020-01-03,293.15496826171875,6.0,5
2020-01-06,294.27337646484375,6.0,5
2020-01-07,293.4458923339844,6.0,5
2020-01-08,295.00982666015625,6.0,5
2020-01-09,297.0102844238281,7.0,5
2020-01-10,296.1556091308594,7.0,5
2020-01-13,298.1922912597656,7.0,5
2020-01-14,297.7376403808594,7.0,5
2020-01-15,298.4105224609375,7.0,5
2020-01-16,300.892822265625,7.0,5
2020-01-17,301.8293151855469,7.0,5
2020-01-21,301.2383117675781,6.0,5
2020-01-22,301.2746276855469,6.0,5
2020-01-23,301.6202697753906,6.0,5
2020-01-24,298.9378662109375,4.0,5
2020-01-27,294.1460876464844,4.0,5
2020-01-28,297.22845458984375,4.0,5
2020-01-29,296.9828796386719,4.0,5
2020-01-30,297.9467468261719,4.0,5
2020-01-31,292.5367736816406,3.0,5
2020-02-03,294.7099304199219,4.0,5
2020-02-04,299.2015686035156,4.0,5
2020-02-05,302.65673828125,4.0,5
2020-02-06,303.6751708984375,4.0,5
2020-02-07,302.056640625,4.0,5
2020-02-10,304.3116149902344,4.0,5
2020-02-11,304.8390808105469,4.0,5
2020-02-12,306.8030090332031,5.0,5
2020-02-13,306.47564697265625,4.0,5
2020-02-14,306.9666442871094,5.0,5
2020-02-18,306.17559814453125,4.0,5
2020-02-19,307.6394348144531,4.0,5
2020-02-20,306.375732421875,4.0,5
2020-02-21,303.2205505371094,4.0,5
2020-02-24,293.16412353515625,2.0,5
2020-02-25,284.2806091308594,2.0,5
2020-02-26,283.2349853515625,2.0,5
2020-02-27,270.51434326171875,1.0,5
2020-02-28,269.3778991699219,1.0,5
2020-03-02,281.04364013671875,2.0,5
2020-03-03,272.9966125488281,1.0,5
2020-03-04,284.4715270996094,2.0,5
2020-03-05,275.0152282714844,1.0,5
2020-03-06,270.4689025878906,1.0,5
2020-03-09,249.34678649902344,0.0,5
2020-03-10,262.2491760253906,0.0,5
2020-03-11,249.46495056152344,0.0,5
2020-03-12,225.5968780517578,0.0,5
2020-03-13,244.88232421875,0.0,5
2020-03-16,218.0863494873047,0.0,5
2020-03-17,229.86129760742188,0.0,5
2020-03-18,218.22274780273438,0.0,5
2020-03-19,218.68650817871094,1.0,5
2020-03-20,209.26235961914062,0.0,5
2020-03-23,203.91189575195312,0.0,5
2020-03-24,222.38697814941406,0.0,5
2020-03-25,225.71617126464844,0.0,5
2020-03-26,238.89566040039062,0.0,5
2020-03-27,231.7799835205078,0.0,5
2020-03-30,239.3072509765625,0.0,5
2020-03-31,235.7402801513672,0.0,5
2020-04-01,225.1308135986328,0.0,5
2020-04-02,230.32579040527344,0.0,5
2020-04-03,226.99664306640625,0.0,5
2020-04-06,242.24313354492188,0.0,5
2020-04-07,242.4900360107422,0.0,5
2020-04-08,250.63002014160156,1.0,5
2020-04-09,254.44403076171875,1.0,5
2020-04-13,252.1209259033203,1.0,5
2020-04-14,259.5566101074219,1.0,5
2020-04-15,254.04153442382812,1.0,5
2020-04-16,255.26715087890625,1.0,5
2020-04-17,262.16326904296875,2.0,5
2020-04-20,257.54449462890625,1.0,5
2020-04-21,249.7246551513672,1.0,5
2020-04-22,255.26715087890625,1.0,5
2020-04-23,255.24888610839844,1.0,5
2020-04-24,258.806640625,3.0,5
2020-04-27,262.5382080078125,3.0,5
2020-04-28,261.33099365234375,4.0,5
2020-04-29,268.1722717285156,5.0,5
2020-04-30,265.67547607421875,3.0,5
2020-05-01,258.64208984375,3.0,5
2020-05-04,259.3555603027344,3.0,5
2020-05-05,261.751708984375,3.0,5
2020-05-06,259.97747802734375,3.0,5
2020-05-07,263.114501953125,3.0,5
2020-05-08,267.468017578125,5.0,5
2020-05-11,267.52288818359375,5.0,5
2020-05-12,262.19073486328125,4.0,5
2020-05-13,257.5537109375,3.0,5
2020-05-14,260.63592529296875,3.0,5
2020-05-15,261.83404541015625,2.0,5
2020-05-18,269.8094177246094,4.0,5
2020-05-19,267.03814697265625,4.0,5
2020-05-20,271.5746154785156,4.0,5
2020-05-21,269.69964599609375,5.0,5
2020-05-22,270.2118225097656,5.0,5
2020-05-26,273.5410461425781,7.0,5
2020-05-27,277.6109619140625,7.0,5
2020-05-28,277.09881591796875,7.0,5
2020-05-29,278.3335876464844,7.0,5
2020-06-01,279.45849609375,7.0,5
2020-06-02,281.7724304199219,7.0,5
2020-06-03,285.5223388671875,8.0,5
2020-06-04,284.77239990234375,8.0,5
2020-06-05,292.071044921875,8.0,5
2020-06-08,295.60137939453125,8.0,5
2020-06-09,293.39715576171875,8.0,5
2020-06-10,291.760009765625,8.0,5
2020-06-11,274.94036865234375,7.0,5
2020-06-12,278.23291015625,7.0,5
2020-06-15,280.8304138183594,7.0,5
2020-06-16,286.2357482910156,7.0,5
2020-06-17,285.0467834472656,7.0,5
2020-06-18,285.15655517578125,7.0,5
2020-06-19,283.5268859863281,6.0,5
2020-06-22,285.34576416015625,6.0,5
2020-06-23,286.659423828125,6.0,5
2020-06-24,279.34716796875,5.0,5
2020-06-25,282.34185791015625,5.0,5
2020-06-26,275.6358337402344,4.0,5
2020-06-29,279.6871032714844,5.0,5
2020-06-30,283.2696533203125,5.0,5
2020-07-01,285.25390625,4.0,5
2020-07-02,286.8247985839844,5.0,5
2020-07-06,291.2525634765625,3.0,5
2020-07-07,288.24859619140625,2.0,5
2020-07-08,290.4533386230469,3.0,5
2020-07-09,288.7998352050781,2.0,5
2020-07-10,291.74859619140625,3.0,5
2020-07-13,289.222412109375,3.0,5
2020-07-14,292.970458984375,3.0,5
2020-07-15,295.66204833984375,5.0,5
2020-07-16,294.68829345703125,5.0,5
2020-07-17,295.5425720214844,4.0,5
2020-07-20,297.9310607910156,3.0,5
2020-07-21,298.56494140625,4.0,5
2020-07-22,300.2642822265625,3.0,5
2020-07-23,296.68170166015625,5.0,5
2020-07-24,294.7710266113281,4.0,5
2020-07-27,296.9205627441406,5.0,5
2020-07-28,295.03741455078125,3.0,5
2020-07-29,298.6660461425781,6.0,5
2020-07-30,297.60040283203125,5.0,5
2020-07-31,299.95208740234375,5.0,5
2020-08-03,302.037353515625,4.0,5
2020-08-04,303.20404052734375,4.0,5
2020-08-05,305.08721923828125,5.0,5
2020-08-06,307.12646484375,5.0,5
2020-08-07,307.34710693359375,5.0,5
2020-08-10,308.2657470703125,7.0,5
2020-08-11,305.7209777832031,7.0,5
2020-08-12,309.9835205078125,7.0,5
2020-08-13,309.423095703125,7.0,5
2020-08-14,309.432373046875,7.0,5
2020-08-17,310.415283203125,7.0,5
2020-08-18,311.0859069824219,6.0,5
2020-08-19,309.7906494140625,6.0,5
2020-08-20,310.755126953125,6.0,5
2020-08-21,311.8575744628906,5.0,5
2020-08-24,315.01763916015625,6.0,5
2020-08-25,316.1199951171875,6.0,5
2020-08-26,319.2892761230469,5.0,5
2020-08-27,319.98736572265625,6.0,5
2020-08-28,322.0543518066406,6.0,5
2020-08-31,320.8876647949219,6.0,5
2020-09-01,323.9100341796875,6.0,5
2020-09-02,328.59503173828125,6.0,5
2020-09-03,317.28668212890625,6.0,5
2020-09-04,314.6961364746094,6.0,5
2020-09-08,306.0976867675781,6.0,5
2020-09-09,312.14227294921875,6.0,5
2020-09-10,306.7222900390625,5.0,5
2020-09-11,306.87847900390625,6.0,5
2020-09-14,310.9205017089844,7.0,5
2020-09-15,312.4914245605469,7.0,5
2020-09-16,311.2513122558594,8.0,5
2020-09-17,308.513671875,7.0,5
2020-09-18,304.9619140625,6.0,5
2020-09-21,301.56781005859375,2.0,5
2020-09-22,304.6390686035156,3.0,5
2020-09-23,297.5742492675781,2.0,5
2020-09-24,298.36737060546875,3.0,5
2020-09-25,303.1910705566406,2.0,5
2020-09-28,308.2268981933594,4.0,5
2020-09-29,306.54827880859375,3.0,5
2020-09-30,308.8724365234375,4.0,5
2020-10-01,310.85546875,4.0,5
2020-10-02,307.90399169921875,5.0,5
2020-10-05,313.3641662597656,7.0,5
2020-10-06,308.9093322753906,6.0,5
2020-10-07,314.286376953125,8.0,5
2020-10-08,317.07177734375,8.0,5
2020-10-09,319.90325927734375,8.0,5
2020-10-12,325.0498046875,7.0,5
2020-10-13,322.928466796875,6.0,5
2020-10-14,320.8994140625,6.0,5
2020-10-15,320.50274658203125,7.0,5
2020-10-16,320.3090515136719,7.0,5
2020-10-19,315.4393615722656,7.0,5
2020-10-20,316.7029724121094,8.0,5
2020-10-21,316.10345458984375,7.0,5
2020-10-22,317.8373107910156,8.0,5
2020-10-23,318.91644287109375,8.0,5
2020-10-26,313.02294921875,7.0,5
2020-10-27,311.9438171386719,5.0,5
2020-10-28,301.2818603515625,4.0,5
2020-10-29,304.34393310546875,5.0,5
2020-10-30,301.17120361328125,6.0,5
2020-11-02,304.54681396484375,6.0,5
2020-11-03,309.923828125,7.0,5
2020-11-04,316.8504943847656,8.0,5
2020-11-05,323.02996826171875,8.0,5
2020-11-06,322.95623779296875,7.0,5
2020-11-09,327.014404296875,8.0,5
2020-11-10,326.5347595214844,8.0,5
2020-11-11,328.9604797363281,8.0,5
2020-11-12,325.7691650390625,8.0,5
2020-11-13,330.279296875,8.0,5
2020-11-16,334.4020080566406,8.0,5
2020-11-17,332.6034851074219,8.0,5
2020-11-18,328.60076904296875,8.0,5
2020-11-19,329.98419189453125,8.0,5
2020-11-20,327.72454833984375,8.0,5
2020-11-23,329.6889343261719,8.0,5
2020-11-24,335.00146484375,8.0,5
2020-11-25,334.48492431640625,8.0,5
2020-11-27,335.4166259765625,8.0,5
2020-11-30,333.9316711425781,7.0,5
2020-12-01,337.58404541015625,8.0,5
2020-12-02,338.2942199707031,8.0,5
2020-12-03,338.20184326171875,8.0,5
2020-12-04,341.116455078125,8.0,5
2020-12-07,340.41546630859375,8.0,5
2020-12-08,341.41156005859375,8.0,5
2020-12-09,338.34954833984375,8.0,5
2020-12-10,338.2388610839844,8.0,5
2020-12-11,337.84228515625,8.0,5
2020-12-14,336.32958984375,8.0,5
2020-12-15,340.8766784667969,8.0,5
2020-12-16,341.41156005859375,8.0,5
2020-12-17,343.3208312988281,8.0,5
2020-12-18,341.94989013671875,8.0,5
2020-12-21,340.72723388671875,8.0,5
2020-12-22,340.153076171875,8.0,5
2020-12-23,340.4585876464844,8.0,5
2020-12-24,341.783203125,8.0,5
2020-12-28,344.7194519042969,8.0,5
2020-12-29,344.0617980957031,8.0,5
2020-12-30,344.5527038574219,8.0,5
2020-12-31,346.3032531738281,8.0,5
2021-01-04,341.5887145996094,8.0,5
2021-01-05,343.94140625,8.0,5
2021-01-06,345.99755859375,8.0,5
2021-01-07,351.1382141113281,8.0,5
2021-01-08,353.138916015625,8.0,5
2021-01-11,350.7585144042969,8.0,5
2021-01-12,350.83258056640625,8.0,5
2021-01-13,351.77740478515625,8.0,5
2021-01-14,350.54541015625,8.0,5
2021-01-15,347.98907470703125,8.0,5
2021-01-19,350.721435546875,8.0,5
2021-01-20,355.5749816894531,8.0,5
2021-01-21,355.8992004394531,8.0,5
2021-01-22,354.6394348144531,8.0,5
2021-01-25,356.0380859375,7.0,5
2021-01-26,355.48236083984375,7.0,5
2021-01-27,346.79425048828125,6.0,5
2021-01-28,349.7767333984375,7.0,5
2021-01-29,342.7742919921875,4.0,5
2021-02-01,348.4799499511719,7.0,5
2021-02-02,353.40753173828125,7.0,5
2021-02-03,353.6854248046875,7.0,5
2021-02-04,357.705322265625,7.0,5
2021-02-05,359.1131286621094,7.0,5
2021-02-08,361.7066955566406,8.0,5
2021-02-09,361.46575927734375,8.0,5
2021-02-10,361.3083801269531,8.0,5
2021-02-11,361.891845703125,8.0,5
2021-02-12,363.6795959472656,9.0,5
2021-02-16,363.3646240234375,8.0,5
2021-02-17,363.447998046875,8.0,5
2021-02-18,361.90118408203125,8.0,5
2021-02-19,361.2620849609375,8.0,5
2021-02-22,358.48333740234375,8.0,5
2021-02-23,358.9186706542969,8.0,5
2021-02-24,362.8736877441406,8.0,5
2021-02-25,354.1300048828125,8.0,5
2021-02-26,352.3053283691406,8.0,5
2021-03-01,360.8452453613281,8.0,5
2021-03-02,358.0295104980469,8.0,5
2021-03-03,353.28717041015625,7.0,5
2021-03-04,348.9152526855469,6.0,5
2021-03-05,355.3340759277344,7.0,5
2021-03-08,353.5650634765625,7.0,5
2021-03-09,358.613037109375,7.0,5
2021-03-10,360.8452453613281,7.0,5
2021-03-11,364.50390625,8.0,5
2021-03-12,364.994873046875,8.0,5
2021-03-15,367.1715087890625,8.0,5
2021-03-16,366.7083740234375,9.0,5
2021-03-17,367.95880126953125,9.0,5
2021-03-18,362.6050720214844,8.0,5
2021-03-19,361.9342041015625,8.0,5
2021-03-22,364.82421875,9.0,5
2021-03-23,361.9526672363281,7.0,5
2021-03-24,360.1127624511719,6.0,5
2021-03-25,362.138671875,8.0,5
2021-03-26,367.9744873046875,8.0,5
2021-03-29,367.7886047363281,7.0,5
2021-03-30,366.8128967285156,8.0,5
2021-03-31,368.2996826171875,8.0,5
2021-04-01,372.27703857421875,8.0,5
2021-04-05,377.6203918457031,8.0,5
2021-04-06,377.3973388671875,8.0,5
2021-04-07,377.8340148925781,8.0,5
2021-04-08,379.6276550292969,8.0,5
2021-04-09,382.3875427246094,8.0,5
2021-04-12,382.52691650390625,8.0,5
2021-04-13,383.6606140136719,6.0,5
2021-04-14,382.3504333496094,8.0,5
2021-04-15,386.45770263671875,6.0,5
2021-04-16,387.7494201660156,6.0,5
2021-04-19,385.84442138671875,6.0,5
2021-04-20,383.0195007324219,6.0,5
2021-04-21,386.6436462402344,7.0,5
2021-04-22,383.1123352050781,6.0,5
2021-04-23,387.26617431640625,7.0,5
2021-04-26,388.0746765136719,6.0,5
2021-04-27,387.9910583496094,7.0,5
2021-04-28,387.87957763671875,8.0,5
2021-04-29,390.3514709472656,8.0,5
2021-04-30,387.78662109375,7.0,5
2021-05-03,388.6229553222656,7.0,5
2021-05-04,386.2254638671875,6.0,5
2021-05-05,386.3462219238281,7.0,5
2021-05-06,389.43145751953125,6.0,5
2021-05-07,392.2657165527344,7.0,5
2021-05-10,388.38134765625,7.0,5
2021-05-11,384.9151611328125,6.0,5
2021-05-12,376.73760986328125,5.0,5
2021-05-13,381.2631530761719,5.0,5
2021-05-14,387.1174621582031,7.0,5
2021-05-17,386.132568359375,6.0,5
2021-05-18,382.8056335449219,6.0,5
2021-05-19,381.8020935058594,5.0,5
2021-05-20,385.9094543457031,5.0,5
2021-05-21,385.5936279296875,5.0,5
2021-05-24,389.5244140625,7.0,5
2021-05-25,388.6601867675781,7.0,5
2021-05-26,389.43145751953125,7.0,5
2021-05-27,389.6358642578125,6.0,5
2021-05-28,390.3329162597656,7.0,5
2021-06-01,389.9889831542969,8.0,5
2021-06-02,390.6023254394531,8.0,5
2021-06-03,389.1526794433594,9.0,5
2021-06-04,392.7117919921875,7.0,5
2021-06-07,392.3307800292969,8.0,5
2021-06-08,392.4144592285156,8.0,5
2021-06-09,391.82904052734375,8.0,5
2021-06-10,393.6503601074219,8.0,5
2021-06-11,394.3009033203125,8.0,5
2021-06-14,395.1836853027344,7.0,5
2021-06-15,394.4587707519531,8.0,5
2021-06-16,392.2564697265625,7.0,5
2021-06-17,392.1263427734375,6.0,5
2021-06-18,386.8364562988281,3.0,5
2021-06-21,392.3743591308594,7.0,5
2021-06-22,394.4720458984375,7.0,5
2021-06-23,393.9966125488281,7.0,5
2021-06-24,396.3273620605469,7.0,5
2021-06-25,397.7351989746094,7.0,5
2021-06-28,398.53692626953125,7.0,5
2021-06-29,398.7514343261719,6.0,5
2021-06-30,399.0870666503906,6.0,5
2021-07-01,401.296630859375,6.0,5
2021-07-02,404.3639221191406,6.0,5
2021-07-06,403.62738037109375,5.0,5
2021-07-07,405.0538330078125,5.0,5
2021-07-08,401.75347900390625,4.0,5
2021-07-09,406.04205322265625,5.0,5
2021-07-12,407.49658203125,5.0,5
2021-07-13,406.1073303222656,5.0,5
2021-07-14,406.7133483886719,5.0,5
2021-07-15,405.32427978515625,5.0,5
2021-07-16,402.14501953125,4.0,5
2021-07-19,396.2061767578125,4.0,5
2021-07-20,401.8839416503906,4.0,5
2021-07-21,405.13775634765625,5.0,5
2021-07-22,405.9861145019531,5.0,5
2021-07-23,410.1629638671875,5.0,5
2021-07-26,411.1698303222656,5.0,5
2021-07-27,409.2958984375,4.0,5
2021-07-28,409.1280212402344,4.0,5
2021-07-29,410.8248596191406,4.0,5
2021-07-30,408.8297119140625,4.0,5
2021-08-02,407.9720458984375,4.0,5
2021-08-03,411.2910461425781,4.0,5
2021-08-04,409.2678527832031,4.0,5
2021-08-05,411.8598327636719,5.0,5
2021-08-06,412.54034423828125,5.0,5
2021-08-09,412.2047119140625,5.0,5
2021-08-10,412.7174377441406,5.0,5
2021-08-11,413.7430725097656,5.0,5
2021-08-12,414.98297119140625,5.0,5
2021-08-13,415.7381591796875,5.0,5
2021-08-16,416.71710205078125,5.0,5
2021-08-17,413.9855041503906,4.0,5
2021-08-18,409.454345703125,4.0,5
2021-08-19,410.0882873535156,4.0,5
2021-08-20,413.3514404296875,4.0,5
2021-08-23,416.987548828125,5.0,5
2021-08-24,417.6495056152344,6.0,5
2021-08-25,418.52581787109375,6.0,5
2021-08-26,416.0551452636719,5.0,5
2021-08-27,419.77508544921875,7.0,5
2021-08-30,421.62109375,6.0,5
2021-08-31,420.9964904785156,6.0,5
2021-09-01,421.22021484375,6.0,5
2021-09-02,422.51611328125,6.0,5
2021-09-03,422.41357421875,6.0,5
2021-09-07,420.9032287597656,6.0,5
2021-09-08,420.3904113769531,5.0,5
2021-09-09,418.591064453125,5.0,5
2021-09-10,415.2907409667969,5.0,5
2021-09-13,416.3534851074219,6.0,5
2021-09-14,414.10662841796875,4.0,5
2021-09-15,417.5655212402344,6.0,5
2021-09-16,416.9035949707031,6.0,5
2021-09-17,412.84246826171875,7.0,5
2021-09-20,405.958740234375,3.0,5
2021-09-21,405.5751953125,4.0,5
2021-09-22,409.531494140625,4.0,5
2021-09-23,414.5072937011719,7.0,5
2021-09-24,415.1900329589844,8.0,5
2021-09-27,414.00225830078125,7.0,5
2021-09-28,405.65936279296875,6.0,5
2021-09-29,406.3421325683594,6.0,5
2021-09-30,401.3757019042969,6.0,5
2021-10-01,406.1456604003906,6.0,5
2021-10-04,400.90802001953125,6.0,5
2021-10-05,405.0794982910156,6.0,5
2021-10-06,406.76300048828125,6.0,5
2021-10-07,410.27978515625,6.0,5
2021-10-08,409.531494140625,7.0,5
2021-10-11,406.5666198730469,6.0,5
2021-10-12,405.56585693359375,6.0,5
2021-10-13,407.02490234375,7.0,5
2021-10-14,413.871337890625,8.0,5
2021-10-15,417.0232849121094,9.0,5
2021-10-18,418.25787353515625,9.0,5
2021-10-19,421.4847717285156,8.0,5
2021-10-20,423.14013671875,9.0,5
2021-10-21,424.24383544921875,9.0,5
2021-10-22,423.8042297363281,9.0,5
2021-10-25,426.0770263671875,9.0,5
2021-10-26,426.4604797363281,8.0,5
2021-10-27,424.5711975097656,6.0,5
2021-10-28,428.6677551269531,7.0,5
2021-10-29,429.53765869140625,6.0,5
2021-11-01,430.2765197753906,7.0,5
2021-11-02,432.0162048339844,7.0,5
2021-11-03,434.65374755859375,8.0,5
2021-11-04,436.7021179199219,7.0,5
2021-11-05,438.21728515625,7.0,5
2021-11-08,438.5913391113281,7.0,5
2021-11-09,437.14166259765625,7.0,5
2021-11-10,433.6248779296875,6.0,5
2021-11-11,433.76519775390625,8.0,5
2021-11-12,437.0387878417969,8.0,5
2021-11-15,437.1884765625,8.0,5
2021-11-16,438.9187316894531,8.0,5
2021-11-17,437.85247802734375,7.0,5
2021-11-18,439.3396301269531,7.0,5
2021-11-19,438.55401611328125,6.0,5
2021-11-22,437.3193359375,6.0,5
2021-11-23,437.8992614746094,6.0,5
2021-11-24,439.0683898925781,6.0,5
2021-11-26,429.2757568359375,4.0,5
2021-11-29,434.54156494140625,4.0,5
2021-11-30,426.08636474609375,3.0,5
2021-12-01,421.353759765625,2.0,5
2021-12-02,427.807373046875,3.0,5
2021-12-03,424.0848083496094,3.0,5
2021-12-06,429.1074523925781,3.0,5
2021-12-07,437.9834289550781,3.0,5
2021-12-08,439.14324951171875,5.0,5
2021-12-09,436.1783142089844,5.0,5
2021-12-10,440.2842102050781,6.0,5
2021-12-13,436.38409423828125,3.0,5
2021-12-14,433.3817443847656,3.0,5
2021-12-15,440.1533508300781,5.0,5
2021-12-16,436.2718200683594,4.0,5
2021-12-17,431.628662109375,3.0,5
2021-12-20,427.0389404296875,3.0,5
2021-12-21,434.6226806640625,4.0,5
2021-12-22,438.9684143066406,6.0,5
2021-12-23,441.6997375488281,6.0,5
2021-12-27,447.9507141113281,6.0,5
2021-12-28,447.58465576171875,6.0,5
2021-12-29,448.1571350097656,6.0,5
2021-12-30,446.918212890625,6.0,5
2021-12-31,445.79193115234375,6.0,5
2022-01-03,448.3730163574219,6.0,5
2022-01-04,448.2228698730469,7.0,5
2022-01-05,439.61602783203125,6.0,5
2022-01-06,439.20306396484375,7.0,5
2022-01-07,437.4665832519531,7.0,5
2022-01-10,436.92236328125,6.0,5
2022-01-11,440.9019470214844,7.0,5
2022-01-12,442.0938720703125,7.0,5
2022-01-13,436.00250244140625,4.0,5
2022-01-14,436.1808166503906,5.0,5
2022-01-18,428.4562072753906,4.0,5
2022-01-19,424.0072937011719,4.0,5
2022-01-20,419.3143310546875,4.0,5
2022-01-21,411.0830078125,3.0,5
2022-01-24,412.8287048339844,4.0,5
2022-01-25,407.78851318359375,2.0,5
2022-01-26,406.76544189453125,2.0,5
2022-01-27,404.7568664550781,2.0,5
2022-01-28,414.8092041015625,4.0,5
2022-01-31,422.2802734375,4.0,5
2022-02-01,425.13360595703125,4.0,5
2022-02-02,429.26336669921875,4.0,5
2022-02-03,419.1735534667969,4.0,5
2022-02-04,421.14459228515625,4.0,5
2022-02-07,419.79302978515625,4.0,5
2022-02-08,423.2470703125,5.0,5
2022-02-09,429.4418029785156,6.0,5
2022-02-10,421.7265625,5.0,5
2022-02-11,413.4106140136719,3.0,5
2022-02-14,412.0590515136719,3.0,5
2022-02-15,418.70428466796875,6.0,5
2022-02-16,419.1735534667969,6.0,5
2022-02-17,410.2193603515625,5.0,5
2022-02-18,407.56329345703125,4.0,5
2022-02-22,403.189453125,2.0,5
2022-02-23,396.0373840332031,2.0,5
2022-02-24,401.9974365234375,4.0,5
2022-02-25,410.8670654296875,5.0,5
2022-02-28,409.8157958984375,4.0,5
2022-03-01,403.57421875,4.0,5
2022-03-02,410.99847412109375,4.0,5
2022-03-03,408.9523010253906,3.0,5
2022-03-04,405.6297607421875,3.0,5
2022-03-07,393.672119140625,3.0,5
2022-03-08,390.68743896484375,3.0,5
2022-03-09,401.162109375,3.0,5
2022-03-10,399.3505859375,3.0,5
2022-03-11,394.2728576660156,3.0,5
2022-03-14,391.3913269042969,3.0,5
2022-03-15,399.9982604980469,3.0,5
2022-03-16,408.8677978515625,3.0,5
2022-03-17,413.9832458496094,3.0,5
2022-03-18,418.5174865722656,8.0,5
2022-03-21,418.3951110839844,8.0,5
2022-03-22,423.2908630371094,7.0,5
2022-03-23,417.8395080566406,6.0,5
2022-03-24,424.13818359375,6.0,5
2022-03-25,426.2095031738281,5.0,5
2022-03-28,429.2412109375,7.0,5
2022-03-29,434.5512390136719,8.0,5
2022-03-30,431.86798095703125,6.0,5
2022-03-31,425.2209777832031,5.0,5
2022-04-01,426.4261169433594,7.0,5
2022-04-04,430.0791320800781,6.0,5
2022-04-05,424.64666748046875,5.0,5
2022-04-06,420.40045166015625,5.0,5
2022-04-07,422.5187683105469,5.0,5
2022-04-08,421.3890380859375,5.0,5
2022-04-11,414.1866149902344,4.0,5
2022-04-12,412.6519470214844,4.0,5
2022-04-13,417.37823486328125,5.0,5
2022-04-14,412.18115234375,2.0,5
2022-04-18,412.3505859375,2.0,5
2022-04-19,419.0070495605469,5.0,5
2022-04-20,418.69635009765625,3.0,5
2022-04-21,412.435302734375,2.0,5
2022-04-22,401.1184387207031,2.0,5
2022-04-25,403.4440002441406,2.0,5
2022-04-26,391.7598571777344,2.0,5
2022-04-27,392.8614196777344,2.0,5
2022-04-28,402.78497314453125,2.0,5
2022-04-29,387.8997497558594,2.0,5
2022-05-02,390.2346496582031,2.0,5
2022-05-03,392.0235290527344,2.0,5
2022-05-04,403.9618225097656,2.0,5
2022-05-05,389.6038818359375,2.0,5
2022-05-06,387.27838134765625,2.0,5
2022-05-09,374.87872314453125,2.0,5
2022-05-10,375.74493408203125,2.0,5
2022-05-11,369.7757873535156,1.0,5
2022-05-12,369.3897705078125,1.0,5
2022-05-13,378.2210693359375,2.0,5
2022-05-16,376.6864318847656,2.0,5
2022-05-17,384.4349670410156,2.0,5
2022-05-18,368.93780517578125,1.0,5
2022-05-19,366.67822265625,2.0,5
2022-05-20,366.83831787109375,2.0,5
2022-05-23,373.7018737792969,1.0,5
2022-05-24,370.8490295410156,1.0,5
2022-05-25,374.1255798339844,1.0,5
2022-05-26,381.60107421875,3.0,5
2022-05-27,390.9690246582031,4.0,5
2022-05-31,388.7752990722656,2.0,5
2022-06-01,385.6307373046875,2.0,5
2022-06-02,392.9744567871094,4.0,5
2022-06-03,386.52508544921875,4.0,5
2022-06-06,387.7020263671875,5.0,5
2022-06-07,391.4208984375,5.0,5
2022-06-08,387.16534423828125,5.0,5
2022-06-09,377.95751953125,4.0,5
2022-06-10,366.998291015625,2.0,5
2022-06-13,353.06414794921875,2.0,5
2022-06-14,352.0001525878906,2.0,5
2022-06-15,357.01849365234375,1.0,5
2022-06-16,345.20257568359375,0.0,5
2022-06-17,345.94671630859375,1.0,5
2022-06-21,354.6553955078125,0.0,5
2022-06-22,354.0124206542969,0.0,5
2022-06-23,357.482666015625,0.0,5
2022-06-24,368.8483581542969,0.0,5
2022-06-27,367.4395446777344,1.0,5
2022-06-28,359.9317626953125,1.0,5
2022-06-29,359.6385803222656,0.0,5
2022-06-30,356.71673583984375,0.0,5
2022-07-01,360.4895324707031,0.0,5
2022-07-05,361.17041015625,1.0,5
2022-07-06,362.3902587890625,0.0,5
2022-07-07,367.8177795410156,1.0,5
2022-07-08,367.51519775390625,1.0,5
2022-07-11,363.3168640136719,0.0,5
2022-07-12,360.10186767578125,0.0,5
2022-07-13,358.21075439453125,2.0,5
2022-07-14,357.3408203125,1.0,5
2022-07-15,364.1678466796875,1.0,5
2022-07-18,361.1609802246094,2.0,5
2022-07-19,370.9192199707031,4.0,5
2022-07-20,373.2831726074219,5.0,5
2022-07-21,377.0843811035156,5.0,5
2022-07-22,373.5857238769531,4.0,5
2022-07-25,374.0396423339844,5.0,5
2022-07-26,369.6143798828125,3.0,5
2022-07-27,379.2118225097656,5.0,5
2022-07-28,383.96807861328125,5.0,5
2022-07-29,389.56591796875,5.0,5
2022-08-01,388.4123229980469,5.0,5
2022-08-02,385.8497619628906,5.0,5
2022-08-03,391.8920593261719,5.0,5
2022-08-04,391.627197265625,5.0,5
2022-08-05,390.96533203125,5.0,5
2022-08-08,390.511474609375,5.0,5
2022-08-09,388.96075439453125,5.0,5
2022-08-10,397.13037109375,6.0,5
2022-08-11,397.13037109375,5.0,5
2022-08-12,403.8533935546875,6.0,5
2022-08-15,405.5177001953125,6.0,5
2022-08-16,406.31195068359375,7.0,5
2022-08-17,403.427978515625,6.0,5
2022-08-18,404.60052490234375,6.0,5
2022-08-19,399.1634216308594,5.0,5
2022-08-22,390.8519287109375,4.0,5
2022-08-23,389.9062805175781,5.0,5
2022-08-24,391.1544189453125,5.0,5
2022-08-25,396.67657470703125,6.0,5
2022-08-26,383.2494812011719,5.0,5
2022-08-29,380.71539306640625,4.0,5
2022-08-30,376.5359191894531,3.0,5
2022-08-31,373.6708679199219,3.0,5
2022-09-01,374.84332275390625,3.0,5
2022-09-02,370.8908386230469,3.0,5
2022-09-06,369.49139404296875,2.0,5
2022-09-07,376.1293640136719,2.0,5
2022-09-08,378.5878601074219,4.0,5
2022-09-09,384.46923828125,5.0,5
2022-09-12,388.6014404296875,5.0,5
2022-09-13,371.70404052734375,3.0,5
2022-09-14,373.12237548828125,3.0,5
2022-09-15,368.8861999511719,4.0,5
2022-09-16,366.0720520019531,3.0,5
2022-09-19,368.9108581542969,3.0,5
2022-09-20,364.67633056640625,3.0,5
2022-09-21,358.31500244140625,3.0,5
2022-09-22,355.30517578125,1.0,5
2022-09-23,349.35223388671875,1.0,5
2022-09-26,345.8961486816406,1.0,5
2022-09-27,345.0131530761719,1.0,5
2022-09-28,351.80169677734375,1.0,5
2022-09-29,344.45294189453125,1.0,5
2022-09-30,339.12646484375,3.0,5
2022-10-03,348.07989501953125,3.0,5
2022-10-04,358.8656921386719,3.0,5
2022-10-05,358.0302429199219,4.0,5
2022-10-06,354.3367919921875,4.0,5
2022-10-07,344.45294189453125,4.0,5
2022-10-10,341.8229064941406,3.0,5
2022-10-11,339.6582336425781,3.0,5
2022-10-12,338.5378112792969,3.0,5
2022-10-13,347.4722595214844,3.0,5
2022-10-14,339.5538024902344,3.0,5
2022-10-17,348.27923583984375,3.0,5
2022-10-18,352.3714599609375,3.0,5
2022-10-19,349.87432861328125,3.0,5
2022-10-20,346.9405212402344,1.0,5
2022-10-21,355.3717346191406,2.0,5
2022-10-24,359.7201843261719,2.0,5
2022-10-25,365.46441650390625,4.0,5
2022-10-26,362.7109680175781,5.0,5
2022-10-27,360.7740478515625,4.0,5
2022-10-28,369.3572082519531,5.0,5
2022-10-31,366.689208984375,5.0,5
2022-11-01,365.0845947265625,5.0,5
2022-11-02,355.92236328125,3.0,5
2022-11-03,352.25738525390625,3.0,5
2022-11-04,357.3275451660156,4.0,5
2022-11-07,360.7456359863281,5.0,5
2022-11-08,362.69195556640625,5.0,5
2022-11-09,355.2197265625,4.0,5
2022-11-10,374.7405700683594,7.0,5
2022-11-11,378.3674621582031,7.0,5
2022-11-14,375.1488342285156,6.0,5
2022-11-15,378.3484802246094,5.0,5
2022-11-16,375.46221923828125,6.0,5
2022-11-17,374.3133850097656,5.0,5
2022-11-18,376.012939453125,5.0,5
2022-11-21,374.6456604003906,5.0,5
2022-11-22,379.687255859375,5.0,5
2022-11-23,382.079833984375,5.0,5
2022-11-25,381.994384765625,5.0,5
2022-11-28,375.89886474609375,4.0,5
2022-11-29,375.2532958984375,4.0,5
2022-11-30,387.073974609375,6.0,5
2022-12-01,386.7891845703125,6.0,5
2022-12-02,386.3429260253906,6.0,5
2022-12-05,379.3929138183594,4.0,5
2022-12-06,373.92401123046875,3.0,5
2022-12-07,373.287841796875,3.0,5
2022-12-08,376.2122802734375,3.0,5
2022-12-09,373.40185546875,3.0,5
2022-12-12,378.7853088378906,4.0,5
2022-12-13,381.6525573730469,6.0,5
2022-12-14,379.2125244140625,4.0,5
2022-12-15,369.9363098144531,3.0,5
2022-12-16,365.5688781738281,2.0,5
2022-12-19,362.4689025878906,2.0,5
2022-12-20,362.9648742675781,2.0,5
2022-12-21,368.3921203613281,3.0,5
2022-12-22,363.1365966796875,1.0,5
2022-12-23,365.22540283203125,1.0,5
2022-12-27,363.78515625,2.0,5
2022-12-28,359.2641296386719,1.0,5
2022-12-29,365.7309875488281,2.0,5
2022-12-30,364.76763916015625,2.0,5
2023-01-03,363.2319641113281,2.0,5
2023-01-04,366.03619384765625,2.0,5
2023-01-05,361.8584899902344,1.0,5
2023-01-06,370.1566162109375,2.0,5
2023-01-09,369.9468994140625,3.0,5
2023-01-10,372.54119873046875,5.0,5
2023-01-11,377.2530212402344,6.0,5
2023-01-12,378.6265563964844,7.0,5
2023-01-13,380.0954284667969,8.0,5
2023-01-17,379.3991394042969,8.0,5
2023-01-18,373.40911865234375,6.0,5
2023-01-19,370.69085693359375,4.0,5
2023-01-20,377.5964050292969,8.0,5
2023-01-23,382.1270751953125,8.0,5
2023-01-24,381.71697998046875,8.0,5
2023-01-25,381.86004638671875,8.0,5
2023-01-26,386.0567932128906,8.0,5
2023-01-27,386.9438171386719,8.0,5
2023-01-30,382.0888977050781,7.0,5
2023-01-31,387.70684814453125,7.0,5
2023-02-01,391.8273620605469,8.0,5
2023-02-02,397.53118896484375,9.0,5
2023-02-03,393.3057556152344,9.0,5
2023-02-06,390.9021301269531,8.0,5
2023-02-07,396.0146179199219,8.0,5
2023-02-08,391.6842346191406,8.0,5
2023-02-09,388.2887268066406,6.0,5
2023-02-10,389.19482421875,6.0,5
2023-02-13,393.76361083984375,6.0,5
2023-02-14,393.5823669433594,7.0,5
2023-02-15,394.8605041503906,7.0,5
2023-02-16,389.4237060546875,7.0,5
2023-02-17,388.45086669921875,7.0,5
2023-02-21,380.65814208984375,5.0,5
2023-02-22,380.13360595703125,5.0,5
2023-02-23,382.15570068359375,6.0,5
2023-02-24,378.0733337402344,4.0,5
2023-02-27,379.3609924316406,5.0,5
2023-02-28,377.9590148925781,4.0,5
2023-03-01,376.5090637207031,4.0,5
2023-03-02,379.4372863769531,7.0,5
2023-03-03,385.5225830078125,7.0,5
2023-03-06,385.78973388671875,6.0,5
2023-03-07,379.8760986328125,6.0,5
2023-03-08,380.49609375,7.0,5
2023-03-09,373.47601318359375,3.0,5
2023-03-10,368.0869140625,1.0,5
2023-03-13,367.56231689453125,0.0,5
2023-03-14,373.6380920410156,1.0,5
2023-03-15,371.30126953125,0.0,5
2023-03-16,377.8157653808594,2.0,5
2023-03-17,373.3980712890625,2.0,5
2023-03-20,376.9886169433594,2.0,5
2023-03-21,381.93865966796875,3.0,5
2023-03-22,375.4278869628906,2.0,5
2023-03-23,376.4428405761719,2.0,5
2023-03-24,378.9130554199219,3.0,5
2023-03-27,379.62158203125,3.0,5
2023-03-28,378.7694396972656,4.0,5
2023-03-29,384.2748107910156,5.0,5
2023-03-30,386.52490234375,5.0,5
2023-03-31,391.9728088378906,5.0,5
2023-04-03,393.4663391113281,5.0,5
2023-04-04,391.283447265625,5.0,5
2023-04-05,390.2588806152344,5.0,5
2023-04-06,391.78131103515625,5.0,5
2023-04-10,392.1834716796875,5.0,5
2023-04-11,392.2886657714844,5.0,5
2023-04-12,390.68975830078125,5.0,5
2023-04-13,395.8791198730469,5.0,5
2023-04-14,394.9121398925781,5.0,5
2023-04-17,396.3291931152344,6.0,5
2023-04-18,396.5876770019531,6.0,5
2023-04-19,396.5207214355469,6.0,5
2023-04-20,394.35687255859375,5.0,5
2023-04-21,394.6632080078125,5.0,5
2023-04-24,395.0749206542969,5.0,5
2023-04-25,388.8035583496094,5.0,5
2023-04-26,387.15679931640625,5.0,5
2023-04-27,394.86431884765625,5.0,5
2023-04-28,398.23455810546875,5.0,5
2023-05-01,397.83245849609375,6.0,5
2023-05-02,393.361083984375,4.0,5
2023-05-03,390.6610107421875,4.0,5
2023-05-04,387.89398193359375,3.0,5
2023-05-05,395.0749206542969,6.0,5
2023-05-08,395.18023681640625,6.0,5
2023-05-09,393.4472351074219,6.0,5
2023-05-10,395.2855529785156,6.0,5
2023-05-11,394.59625244140625,4.0,5
2023-05-12,394.07916259765625,5.0,5
2023-05-15,395.43878173828125,5.0,5
2023-05-16,392.79620361328125,5.0,5
2023-05-17,397.5643005371094,6.0,5
2023-05-18,401.3941955566406,7.0,5
2023-05-19,400.81011962890625,7.0,5
2023-05-22,400.9728698730469,7.0,5
2023-05-23,396.4728088378906,7.0,5
2023-05-24,393.6004333496094,6.0,5
2023-05-25,397.0089416503906,6.0,5
2023-05-26,402.1504821777344,7.0,5
2023-05-30,402.3037109375,7.0,5
2023-05-31,400.07281494140625,7.0,5
2023-06-01,403.8739318847656,7.0,5
2023-06-02,409.71441650390625,7.0,5
2023-06-05,408.92926025390625,7.0,5
2023-06-06,409.81982421875,8.0,5
2023-06-07,408.402587890625,8.0,5
2023-06-08,410.8729553222656,8.0,5
2023-06-09,411.6101379394531,8.0,5
2023-06-12,415.3442687988281,8.0,5
2023-06-13,418.0825500488281,8.0,5
2023-06-14,418.58050537109375,8.0,5
2023-06-15,423.7698669433594,7.0,5
2023-06-16,422.3263854980469,7.0,5
2023-06-20,420.13531494140625,7.0,5
2023-06-21,417.9826354980469,7.0,5
2023-06-22,419.491455078125,7.0,5
2023-06-23,416.320068359375,6.0,5
2023-06-26,414.61907958984375,6.0,5
2023-06-27,419.1647033691406,7.0,5
2023-06-28,419.37615966796875,7.0,5
2023-06-29,421.02911376953125,8.0,5
2023-06-30,425.9974670410156,7.0,5
2023-07-03,426.4875793457031,7.0,5
2023-07-05,425.8533630371094,7.0,5
2023-07-06,422.5186462402344,7.0,5
2023-07-07,421.4518737792969,7.0,5
2023-07-10,422.5186462402344,9.0,5
2023-07-11,425.2095031738281,9.0,5
2023-07-12,428.630615234375,9.0,5
2023-07-13,432.0325927734375,9.0,5
2023-07-14,431.7635803222656,8.0,5
2023-07-17,433.2626953125,8.0,5
2023-07-18,436.48211669921875,8.0,5
2023-07-19,437.4527282714844,8.0,5
2023-07-20,434.5505065917969,9.0,5
2023-07-21,434.5505065917969,9.0,5
2023-07-24,436.4917297363281,9.0,5
2023-07-25,437.68341064453125,9.0,5
2023-07-26,437.7507019042969,9.0,5
2023-07-27,434.8484191894531,9.0,5
2023-07-28,439.1056823730469,8.0,5
2023-07-31,439.9417419433594,9.0,5
2023-08-01,438.682861328125,8.0,5
2023-08-02,432.5804138183594,8.0,5
2023-08-03,431.3406677246094,8.0,5
2023-08-04,429.38983154296875,8.0,5
2023-08-07,433.1378173828125,8.0,5
2023-08-08,431.2542419433594,8.0,5
2023-08-09,428.3712158203125,7.0,5
2023-08-10,428.5249328613281,7.0,5
2023-08-11,428.2750549316406,6.0,5
2023-08-14,430.63916015625,4.0,5
2023-08-15,425.6226806640625,3.0,5
2023-08-16,422.4994201660156,3.0,5
2023-08-17,419.28009033203125,3.0,5
2023-08-18,419.4818115234375,3.0,5
2023-08-21,422.2111511230469,3.0,5
2023-08-22,421.0675048828125,3.0,5
2023-08-23,425.7571716308594,3.0,5
2023-08-24,419.85662841796875,3.0,5
2023-08-25,422.8165283203125,3.0,5
2023-08-28,425.49774169921875,3.0,5
2023-08-29,431.6482238769531,5.0,5
2023-08-30,433.4261169433594,7.0,5
2023-08-31,432.7918395996094,7.0,5
2023-09-01,433.5991516113281,7.0,5
2023-09-05,431.72509765625,6.0,5
2023-09-06,428.8229064941406,5.0,5
2023-09-07,427.5063171386719,4.0,5
2023-09-08,428.1501159667969,4.0,5
2023-09-11,430.9659423828125,6.0,5
2023-09-12,428.6018371582031,4.0,5
2023-09-13,429.1015319824219,5.0,5
2023-09-14,432.8014221191406,6.0,5
2023-09-15,427.5869445800781,5.0,5
2023-09-18,427.8376770019531,5.0,5
2023-09-19,426.9504089355469,5.0,5
2023-09-20,423.02532958984375,4.0,5
2023-09-21,416.0333557128906,3.0,5
2023-09-22,415.0979919433594,3.0,5
2023-09-25,416.8435363769531,3.0,5
2023-09-26,410.71954345703125,3.0,5
2023-09-27,410.88348388671875,3.0,5
2023-09-28,413.2655029296875,3.0,5
2023-09-29,412.2626037597656,3.0,5
2023-10-02,412.09869384765625,3.0,5
2023-10-03,406.5822448730469,3.0,5
2023-10-04,409.5429382324219,3.0,5
2023-10-05,409.388671875,3.0,5
2023-10-06,414.249267578125,3.0,5
2023-10-09,416.9013366699219,3.0,5
2023-10-10,419.07122802734375,3.0,5
2023-10-11,420.78790283203125,3.0,5
2023-10-12,418.2226257324219,3.0,5
2023-10-13,416.13946533203125,3.0,5
2023-10-16,420.5179138183594,3.0,5
2023-10-17,420.4985656738281,3.0,5
2023-10-18,414.8953857421875,3.0,5
2023-10-19,411.2499694824219,3.0,5
2023-10-20,406.1965026855469,3.0,5
2023-10-23,405.492431640625,3.0,5
2023-10-24,408.54962158203125,3.0,5
2023-10-25,402.6860656738281,2.0,5
2023-10-26,397.864013671875,2.0,5
2023-10-27,396.0606384277344,1.0,5
2023-10-30,400.7958068847656,2.0,5
2023-10-31,403.31292724609375,2.0,5
2023-11-01,407.61419677734375,3.0,5
2023-11-02,415.42584228515625,5.0,5
2023-11-03,419.2159423828125,6.0,5
2023-11-06,420.18035888671875,6.0,5
2023-11-07,421.37615966796875,6.0,5
2023-11-08,421.68475341796875,6.0,5
2023-11-09,418.3962097167969,6.0,5
2023-11-10,424.9252014160156,6.0,5
2023-11-13,424.52020263671875,6.0,5
2023-11-14,432.7561340332031,6.0,5
2023-11-15,433.67230224609375,7.0,5
2023-11-16,434.20269775390625,6.0,5
2023-11-17,434.7428283691406,6.0,5
2023-11-20,438.08929443359375,6.0,5
2023-11-21,437.134521484375,6.0,5
2023-11-22,438.82220458984375,6.0,5
2023-11-24,439.0922546386719,6.0,5
2023-11-27,438.3014221191406,6.0,5
2023-11-28,438.7354736328125,6.0,5
2023-11-29,438.4267883300781,6.0,5
2023-11-30,440.153076171875,6.0,5
2023-12-01,442.7569885253906,8.0,5
2023-12-04,440.43280029296875,8.0,5
2023-12-05,440.345947265625,8.0,5
2023-12-06,438.5714416503906,8.0,5
2023-12-07,441.91796875,8.0,5
2023-12-08,443.8178405761719,8.0,5
2023-12-11,445.5440979003906,8.0,5
2023-12-12,447.5789794921875,8.0,5
2023-12-13,453.7511291503906,8.0,5
2023-12-14,455.2073669433594,8.0,5
2023-12-15,454.4578857421875,8.0,5
2023-12-18,457.0142822265625,8.0,5
2023-12-19,459.79327392578125,8.0,5
2023-12-20,453.4218444824219,8.0,5
2023-12-21,457.72113037109375,8.0,5
2023-12-22,458.6410217285156,8.0,5
2023-12-26,460.57763671875,8.0,5
2023-12-27,461.4104309082031,8.0,5
2023-12-28,461.584716796875,8.0,5
2023-12-29,460.2484130859375,8.0,5
2024-01-02,457.6727294921875,8.0,5
2024-01-03,453.93505859375,8.0,5
2024-01-04,452.47283935546875,8.0,5
2024-01-05,453.0926208496094,8.0,5
2024-01-08,459.5610046386719,8.0,5
2024-01-09,458.86376953125,8.0,5
2024-01-10,461.4588317871094,8.0,5
2024-01-11,461.2554931640625,8.0,5
2024-01-12,461.5750427246094,8.0,5
2024-01-16,459.8804931640625,5.0,5
2024-01-17,457.3241882324219,5.0,5
2024-01-18,461.3909912109375,5.0,5
2024-01-19,467.14276123046875,6.0,5
2024-01-22,468.1304626464844,7.0,5
2024-01-23,469.4957580566406,7.0,5
2024-01-24,470.009033203125,6.0,5
2024-01-25,472.5653991699219,6.0,5
2024-01-26,471.9650573730469,6.0,5
2024-01-29,475.70263671875,6.0,5
2024-01-30,475.33477783203125,6.0,5
2024-01-31,467.5785217285156,5.0,5
2024-02-01,473.6982727050781,5.0,5
2024-02-02,478.6850891113281,5.0,5
2024-02-05,476.942138671875,6.0,5
2024-02-06,478.3268737792969,7.0,5
2024-02-07,482.3162536621094,7.0,5
2024-02-08,482.52935791015625,7.0,5
2024-02-09,485.31805419921875,7.0,5
2024-02-12,485.1050109863281,6.0,5
2024-02-13,478.42364501953125,6.0,5
2024-02-14,482.77142333984375,6.0,5
2024-02-15,486.1023864746094,6.0,5
2024-02-16,483.68157958984375,6.0,5
2024-02-20,481.0187072753906,6.0,5
2024-02-21,481.4544677734375,5.0,5
2024-02-22,491.41839599609375,6.0,5
2024-02-23,491.75732421875,5.0,5
2024-02-26,489.9561767578125,5.0,5
2024-02-27,490.8664245605469,7.0,5
2024-02-28,490.21771240234375,5.0,5
2024-02-29,491.97998046875,7.0,5
2024-03-01,496.598876953125,7.0,5
2024-03-04,496.0663146972656,7.0,5
2024-03-05,491.1085510253906,6.0,5
2024-03-06,493.59710693359375,6.0,5
2024-03-07,498.49676513671875,6.0,5
2024-03-08,495.5047302246094,7.0,5
2024-03-11,495.07867431640625,7.0,5
2024-03-12,500.4044189453125,6.0,5
2024-03-13,499.6200256347656,7.0,5
2024-03-14,498.6323547363281,6.0,5
2024-03-15,495.20843505859375,5.0,5
2024-03-18,498.1514892578125,5.0,5
2024-03-19,500.9197692871094,5.0,5
2024-03-20,505.552978515625,7.0,5
2024-03-21,507.2236022949219,7.0,5
2024-03-22,506.2620544433594,7.0,5
2024-03-25,504.8633728027344,7.0,5
2024-03-26,503.9308776855469,7.0,5
2024-03-27,508.16583251953125,9.0,5
2024-03-28,508.0687255859375,9.0,5
2024-04-01,507.184814453125,9.0,5
2024-04-02,503.9600830078125,7.0,5
2024-04-03,504.5137023925781,7.0,5
2024-04-04,498.3554992675781,7.0,5
2024-04-05,503.56170654296875,7.0,5
2024-04-08,503.8433532714844,7.0,5
2024-04-09,504.4262390136719,7.0,5
2024-04-10,499.3753967285156,5.0,5
2024-04-11,503.1440734863281,6.0,5
2024-04-12,496.1991882324219,5.0,5
2024-04-15,489.98272705078125,3.0,5
2024-04-16,489.089111328125,3.0,5
2024-04-17,486.1945495605469,3.0,5
2024-04-18,485.1941223144531,3.0,5
2024-04-19,480.95916748046875,4.0,5
2024-04-22,485.3883972167969,4.0,5
2024-04-23,491.1483154296875,4.0,5
2024-04-24,490.9151611328125,4.0,5
2024-04-25,489.0502624511719,4.0,5
2024-04-26,493.6834411621094,3.0,5
2024-04-29,495.4318542480469,5.0,5
2024-04-30,487.58355712890625,4.0,5
2024-05-01,486.0002746582031,4.0,5
2024-05-02,490.5460510253906,5.0,5
2024-05-03,496.6265869140625,5.0,5
2024-05-06,501.7551574707031,6.0,5
2024-05-07,502.30877685546875,6.0,5
2024-05-08,502.3573303222656,6.0,5
2024-05-09,505.251953125,7.0,5
2024-05-10,505.9027099609375,6.0,5
2024-05-13,505.97064208984375,6.0,5
2024-05-14,508.29217529296875,7.0,5
2024-05-15,514.5863037109375,7.0,5
2024-05-16,513.5275268554688,6.0,5
2024-05-17,514.2656860351562,6.0,5
2024-05-20,514.8582153320312,6.0,5
2024-05-21,516.1210327148438,6.0,5
2024-05-22,514.6348266601562,5.0,5
2024-05-23,510.8759460449219,5.0,5
2024-05-24,514.256103515625,6.0,5
2024-05-28,514.6154174804688,7.0,5
2024-05-29,511.01177978515625,7.0,5
2024-05-30,507.62188720703125,5.0,5
2024-05-31,512.245361328125,6.0,5
2024-06-03,512.6630249023438,5.0,5
2024-06-04,513.2361450195312,5.0,5
2024-06-05,519.3359985351562,5.0,5
2024-06-06,519.3263549804688,5.0,5
2024-06-07,518.6950073242188,5.0,5
2024-06-10,520.297607421875,6.0,5
2024-06-11,521.5506591796875,5.0,5
2024-06-12,525.8341064453125,6.0,5
2024-06-13,526.8930053710938,6.0,5
2024-06-14,527.2135009765625,6.0,5
2024-06-17,531.4095458984375,6.0,5
2024-06-18,532.7596435546875,6.0,5
2024-06-20,531.3123779296875,5.0,5
2024-06-21,530.6001586914062,5.0,5
2024-06-24,528.8754272460938,5.0,5
2024-06-25,530.9119262695312,5.0,5
2024-06-26,531.5745239257812,5.0,5
2024-06-27,532.4125366210938,6.0,5
2024-06-28,530.3175659179688,6.0,5
2024-07-01,531.408935546875,7.0,5
2024-07-02,534.9852294921875,7.0,5
2024-07-03,537.37255859375,6.0,5
2024-07-05,540.4713134765625,6.0,5
2024-07-08,541.094970703125,6.0,5
2024-07-09,541.6211547851562,6.0,5
2024-07-10,546.9806518554688,6.0,5
2024-07-11,542.2642211914062,5.0,5
2024-07-12,545.6845703125,6.0,5
2024-07-15,547.1854248046875,7.0,5
2024-07-16,550.4302368164062,6.0,5
2024-07-17,542.7125854492188,5.0,5
2024-07-18,538.5418701171875,6.0,5
2024-07-19,534.9657592773438,6.0,5
2024-07-22,540.4810791015625,7.0,5
2024-07-23,539.63330078125,7.0,5
2024-07-24,527.4039306640625,6.0,5
2024-07-25,524.6558227539062,5.0,5
2024-07-26,530.5320434570312,6.0,5
2024-07-29,530.8436889648438,7.0,5
2024-07-30,528.1541748046875,5.0,5
2024-07-31,536.7391967773438,6.0,5
2024-08-01,529.138427734375,5.0,5
2024-08-02,519.2866821289062,4.0,5
2024-08-05,504.1631164550781,4.0,5
2024-08-06,508.8113708496094,4.0,5
2024-08-07,505.41046142578125,4.0,5
2024-08-08,517.0941772460938,4.0,5
2024-08-09,519.3743286132812,4.0,5
2024-08-12,519.6472778320312,4.0,5
2024-08-13,528.1931762695312,4.0,5
2024-08-14,529.8595581054688,4.0,5
2024-08-15,538.9413452148438,7.0,5
2024-08-16,540.1497192382812,7.0,5
2024-08-19,545.314208984375,7.0,5
2024-08-20,544.4275512695312,5.0,5
2024-08-21,546.298583984375,6.0,5
2024-08-22,542.0109252929688,6.0,5
2024-08-23,547.7699584960938,7.0,5
2024-08-26,546.4642333984375,7.0,5
2024-08-27,547.2145385742188,7.0,5
2024-08-28,544.0377807617188,6.0,5
2024-08-29,544.0865478515625,7.0,5
2024-08-30,549.2803344726562,8.0,5
2024-09-03,537.976806640625,6.0,5
2024-09-04,536.8755493164062,6.0,5
2024-09-05,535.56982421875,5.0,5
2024-09-06,526.55615234375,4.0,5
2024-09-09,532.451416015625,4.0,5
2024-09-10,534.770751953125,4.0,5
2024-09-11,540.2569580078125,5.0,5
2024-09-12,544.8076171875,6.0,5
2024-09-13,547.6530151367188,6.0,5
2024-09-16,548.4617919921875,6.0,5
2024-09-17,548.68603515625,7.0,5
2024-09-18,547.0587158203125,6.0,5
2024-09-19,556.3939208984375,8.0,5
2024-09-20,555.43212890625,7.0,5
2024-09-23,556.8200073242188,7.0,5
2024-09-24,558.413330078125,7.0,5
2024-09-25,557.1817016601562,7.0,5
2024-09-26,559.3906860351562,8.0,5
2024-09-27,558.5794067382812,8.0,5
2024-09-30,560.81787109375,8.0,5
2024-10-01,555.7937622070312,6.0,5
2024-10-02,556.0283203125,7.0,5
2024-10-03,555.0119018554688,7.0,5
2024-10-04,560.0552978515625,6.0,5
2024-10-07,554.9923095703125,7.0,5
2024-10-08,560.2410888671875,6.0,5
2024-10-09,564.1215209960938,6.0,5
2024-10-10,563.1343383789062,6.0,5
2024-10-11,566.5066528320312,6.0,5
2024-10-14,571.1396484375,6.0,5
2024-10-15,566.7020874023438,6.0,5
2024-10-16,569.1651611328125,8.0,5
2024-10-17,569.2140502929688,8.0,5
2024-10-18,571.403564453125,8.0,5
2024-10-21,570.4651489257812,6.0,5
2024-10-22,570.1621704101562,6.0,5
2024-10-23,564.952392578125,6.0,5
2024-10-24,566.1741943359375,6.0,5
2024-10-25,565.9786376953125,6.0,5
2024-10-28,567.7283935546875,6.0,5
2024-10-29,568.6470947265625,6.0,5
2024-10-30,566.9268798828125,6.0,5
2024-10-31,555.8132934570312,5.0,5
2024-11-01,558.1591796875,5.0,5
2024-11-04,556.9568481445312,7.0,5
2024-11-05,563.6915283203125,7.0,5
2024-11-06,577.7080688476562,8.0,5
2024-11-07,582.1748657226562,8.0,5
2024-11-08,584.69677734375,8.0,5
2024-11-11,585.2539672851562,8.0,5
2024-11-12,583.4359130859375,8.0,5
2024-11-13,583.71923828125,8.0,5
2024-11-14,579.9659423828125,8.0,5
2024-11-15,572.5374145507812,7.0,5
2024-11-18,574.88330078125,7.0,5
2024-11-19,576.9847412109375,7.0,5
2024-11-20,577.1802368164062,7.0,5
2024-11-21,580.2786865234375,8.0,5
2024-11-22,582.0772094726562,9.0,5
2024-11-25,584.0516357421875,9.0,5
2024-11-26,587.1011962890625,9.0,5
2024-11-27,585.322265625,8.0,5
2024-11-29,588.9584350585938,8.0,5
2024-12-02,590.0140380859375,9.0,5
2024-12-03,590.2876586914062,8.0,5
2024-12-04,593.9530639648438,8.0,5
2024-12-05,592.9757080078125,8.0,5
2024-12-06,594.0997314453125,7.0,5
2024-12-09,591.0404052734375,8.0,5
2024-12-10,589.2027587890625,8.0,5
2024-12-11,593.7576904296875,8.0,5
2024-12-12,590.6982421875,7.0,5
2024-12-13,590.5809936523438,7.0,5
2024-12-16,593.1027221679688,7.0,5
2024-12-17,590.6591186523438,7.0,5
2024-12-18,573.0553588867188,4.0,5
2024-12-19,572.87939453125,4.0,5
2024-12-20,579.7603759765625,5.0,5
2024-12-23,583.2320556640625,7.0,5
2024-12-24,589.7147827148438,7.0,5
2024-12-26,589.7539672851562,7.0,5
2024-12-27,583.5458984375,6.0,5
2024-12-30,576.8866577148438,4.0,5
2024-12-31,574.7879638671875,4.0,5
2025-01-02,573.3756103515625,4.0,5
2025-01-03,580.5448608398438,6.0,5
2025-01-06,583.8890991210938,6.0,5
2025-01-07,577.2888793945312,4.0,5
2025-01-08,578.13232421875,4.0,5
2025-01-10,569.3056030273438,4.0,5
2025-01-13,570.1882934570312,4.0,5
2025-01-14,570.9728393554688,4.0,5
2025-01-15,581.35888671875,5.0,5
2025-01-16,580.2408447265625,4.0,5
2025-01-17,586.0664672851562,6.0,5
2025-01-21,591.4310302734375,7.0,5
2025-01-22,594.7557373046875,7.0,5
2025-01-23,598.0018920898438,7.0,5
2025-01-24,596.2561645507812,7.0,5
2025-01-27,587.8218994140625,5.0,5
2025-01-28,592.8727416992188,5.0,5
2025-01-29,590.2149658203125,5.0,5
2025-01-30,593.3826293945312,6.0,5
2025-01-31,590.2246704101562,5.0,5
2025-02-03,586.252685546875,5.0,5
2025-02-04,590.1854858398438,5.0,5
2025-02-05,592.5784301757812,6.0,5
2025-02-06,594.6380615234375,6.0,5
2025-02-07,589.1949462890625,5.0,5
2025-02-10,593.1963500976562,6.0,5
2025-02-11,593.6473999023438,6.0,5
2025-02-12,591.735107421875,6.0,5
2025-02-13,597.9822387695312,6.0,5
2025-02-14,597.9528198242188,7.0,5
2025-02-18,599.7083740234375,7.0,5
2025-02-19,601.12060546875,7.0,5
2025-02-20,598.6197509765625,6.0,5
2025-02-21,588.3809814453125,4.0,5
2025-02-24,585.7034912109375,3.0,5
2025-02-25,582.790771484375,3.0,5
2025-02-26,583.0848999023438,3.0,5
2025-02-27,573.7777709960938,3.0,5
2025-02-28,582.73193359375,3.0,5
2025-03-03,572.5224609375,3.0,5
2025-03-04,565.7456665039062,3.0,5
2025-03-05,571.8261108398438,3.0,5
2025-03-06,561.675537109375,3.0,5
2025-03-07,564.8236083984375,3.0,5
2025-03-10,549.7793579101562,2.0,5
2025-03-11,545.208984375,2.0,5
2025-03-12,548.1022338867188,2.0,5
2025-03-13,540.7957153320312,2.0,5
2025-03-14,551.96630859375,2.0,5
2025-03-17,556.22265625,2.0,5
2025-03-18,550.2107543945312,2.0,5
2025-03-19,556.2030029296875,2.0,5
2025-03-20,554.5947265625,2.0,5
2025-03-21,554.7776489257812,2.0,5
2025-03-24,564.712890625,4.0,5
2025-03-25,566.0703125,4.0,5
2025-03-26,559.3124389648438,3.0,5
2025-03-27,557.8270874023438,1.0,5
2025-03-28,546.5933227539062,1.0,5
2025-03-31,550.2625732421875,1.0,5
2025-04-01,551.8167114257812,1.0,5
2025-04-02,555.308837890625,1.0,5
2025-04-03,527.9427490234375,1.0,5
2025-04-04,497.03546142578125,1.0,5
2025-04-07,496.150146484375,1.0,5
2025-04-08,488.3790283203125,1.0,5
2025-04-09,539.6682739257812,0.0,5
2025-04-10,516.0205688476562,1.0,5
2025-04-11,525.227783203125,0.0,5
2025-04-14,530.3232421875,1.0,5
2025-04-15,528.837890625,1.0,5
2025-04-16,517.0829467773438,1.0,5
2025-04-17,517.8206176757812,1.0,5
2025-04-21,505.4951477050781,2.0,5
2025-04-22,518.64697265625,2.0,5
2025-04-23,526.6836547851562,2.0,5
2025-04-24,537.769775390625,2.0,5
2025-04-25,541.6553344726562,1.0,5
2025-04-28,541.8618774414062,0.0,5
2025-04-29,545.2752685546875,0.0,5
2025-04-30,545.49169921875,0.0,5
2025-05-01,549.3574829101562,3.0,5
2025-05-02,557.5122680664062,4.0,5
2025-05-05,554.3153076171875,4.0,5
2025-05-06,549.68212890625,4.0,5
2025-05-07,551.993896484375,4.0,5
2025-05-08,555.8400268554688,4.0,5
2025-05-09,555.1318359375,4.0,5
2025-05-12,573.4774169921875,7.0,5
2025-05-13,577.2647094726562,6.0,5
2025-05-14,578.00244140625,6.0,5
2025-05-15,580.8255615234375,6.0,5
2025-05-16,584.5045166015625,7.0,5
2025-05-19,585.1438598632812,7.0,5
2025-05-20,583.176513671875,7.0,5
2025-05-21,573.3495483398438,6.0,5
2025-05-22,573.5758056640625,5.0,5
2025-05-23,569.6607055664062,5.0,5
2025-05-27,581.50439453125,7.0,5
2025-05-28,578.1400756835938,6.0,5
2025-05-29,580.4222412109375,6.0,5
2025-05-30,579.7730102539062,6.0,5
2025-06-02,583.0388793945312,6.0,5
2025-06-03,586.3636474609375,7.0,5
2025-06-04,586.206298828125,6.0,5
2025-06-05,583.3732299804688,6.0,5
2025-06-06,589.3639526367188,7.0,5
2025-06-09,589.8950805664062,7.0,5
2025-06-10,593.2396850585938,8.0,5
2025-06-11,591.5477294921875,7.0,5
2025-06-12,593.8987426757812,8.0,5
2025-06-13,587.2589111328125,5.0,5
2025-06-16,592.8461303710938,6.0,5
2025-06-17,587.7802124023438,5.0,5
2025-06-18,587.691650390625,6.0,5
2025-06-20,586.3115234375,6.0,5
2025-06-23,592.1026611328125,8.0,5
2025-06-24,598.643798828125,8.0,5
2025-06-25,598.979248046875,7.0,5
2025-06-26,603.6656494140625,7.0,5
2025-06-27,606.6648559570312,7.0,5
2025-06-30,609.5653686523438,6.0,5
2025-07-01,609.3681030273438,7.0,5
2025-07-02,612.1305541992188,7.0,5
2025-07-03,616.9550170898438,8.0,5
2025-07-07,612.357421875,8.0,5
2025-07-08,612.0220336914062,8.0,5
2025-07-09,615.692138671875,8.0,5
2025-07-10,617.428466796875,7.0,5
2025-07-11,615.2579956054688,8.0,5
2025-07-14,616.4320678710938,8.0,5
2025-07-15,613.7979125976562,7.0,5
2025-07-16,615.8499145507812,8.0,5
2025-07-17,619.6187744140625,8.0,5
2025-07-18,619.1649169921875,8.0,5
2025-07-21,620.3389892578125,7.0,5
2025-07-22,620.427734375,8.0,5
2025-07-23,625.7059936523438,8.0,5
2025-07-24,625.9132080078125,7.0,5
2025-07-25,628.5571899414062,6.0,5
2025-07-28,628.3994750976562,7.0,5
2025-07-29,626.741943359375,6.0,5
2025-07-30,625.9526977539062,6.0,5
2025-07-31,623.6046142578125,6.0,5
2025-08-01,613.3834838867188,4.0,5
2025-08-04,622.7067260742188,6.0,5
2025-08-05,619.5496826171875,5.0,5
2025-08-06,624.2952880859375,6.0,5
2025-08-07,623.7723388671875,6.0,5
2025-08-08,628.63623046875,6.0,5
2025-08-11,627.3931274414062,6.0,5
2025-08-12,634.0723266601562,7.0,5
2025-08-13,636.2428588867188,7.0,5
2025-08-14,636.3020629882812,7.0,5
2025-08-15,634.8123168945312,7.0,5
2025-08-18,634.6741333007812,7.0,5
2025-08-19,631.23095703125,7.0,5
2025-08-20,629.5537109375,6.0,5
2025-08-21,627.028076171875,6.0,5
2025-08-22,636.6572265625,8.0,5
2025-08-25,633.855224609375,7.0,5
2025-08-26,636.5092163085938,7.0,5
2025-08-27,637.95947265625,8.0,5
2025-08-28,640.2188110351562,7.0,5
2025-08-29,636.400634765625,8.0,5
2025-09-02,631.6847534179688,7.0,5
2025-09-03,635.1082153320312,7.0,5
2025-09-04,640.4161987304688,7.0,5
2025-09-05,638.5612182617188,7.0,5
2025-09-08,640.1300659179688,7.0,5
2025-09-09,641.60986328125,7.0,5
2025-09-10,643.4647216796875,7.0,5
2025-09-11,648.8119506835938,7.0,5
2025-09-12,648.5948486328125,7.0,5
2025-09-15,652.0480346679688,7.0,5
2025-09-16,651.1502075195312,6.0,5
2025-09-17,650.3412475585938,7.0,5
2025-09-18,653.3798828125,7.0,5
2025-09-19,656.6160278320312,7.0,5
2025-09-22,659.7224731445312,6.0,5
2025-09-23,656.1312866210938,6.0,5
2025-09-24,654.043701171875,6.0,5
2025-09-25,651.0263061523438,6.0,5
2025-09-26,654.756103515625,7.0,5
2025-09-29,656.5962524414062,6.0,5
2025-09-30,659.0695190429688,6.0,5
2025-10-01,661.3153686523438,6.0,5
2025-10-02,662.0770263671875,6.0,5
2025-10-03,662.0671997070312,6.0,5
2025-10-06,664.4415283203125,6.0,5
2025-10-07,661.9781494140625,6.0,5
2025-10-08,665.925537109375,6.0,5
2025-10-09,663.996337890625,6.0,5
2025-10-10,646.0499877929688,5.0,5
2025-10-13,655.9630126953125,6.0,5
2025-10-14,655.1616821289062,6.0,5
2025-10-15,658.0703735351562,6.0,5
2025-10-16,653.5886840820312,6.0,5
2025-10-17,657.2986450195312,6.0,5
2025-10-20,664.1348876953125,6.0,5
2025-10-21,664.1248779296875,6.0,5
2025-10-22,660.6722412109375,6.0,5
2025-10-23,664.5899658203125,6.0,5
2025-10-24,670.0213623046875,7.0,5
2025-10-27,677.9260864257812,7.0,5
2025-10-28,679.7266235351562,6.0,5
2025-10-29,680.0531005859375,5.0,5
2025-10-30,672.5737915039062,5.0,5
2025-10-31,674.780029296875,6.0,5
2025-11-03,676.04638671875,6.0,5
2025-11-04,668.0328369140625,6.0,5
2025-11-05,670.3478393554688,6.0,5
2025-11-06,663.1554565429688,5.0,5
2025-11-07,663.808349609375,6.0,5
2025-11-10,674.1666870117188,6.0,5
2025-11-11,675.7099609375,6.0,5
2025-11-12,676.0859375,6.0,5
2025-11-13,664.866943359375,5.0,5
2025-11-14,664.7581787109375,5.0,5
2025-11-17,658.56494140625,3.0,5
2025-11-18,653.03466796875,3.0,5
2025-11-19,655.5574951171875,3.0,5
2025-11-20,645.5652465820312,3.0,5
2025-11-21,651.9959106445312,4.0,5
2025-11-24,661.5922241210938,3.0,5
2025-11-25,667.8151245117188,5.0,5
2025-11-26,672.4254760742188,5.0,5
2025-11-28,676.0958251953125,7.0,5
2025-12-01,673.0091552734375,6.0,5
2025-12-02,674.2557373046875,6.0,5
2025-12-03,676.5905151367188,8.0,5
2025-12-04,677.0851440429688,8.0,5
2025-12-05,678.3712768554688,8.0,5
2025-12-08,676.3333129882812,8.0,5
2025-12-09,675.7494506835938,8.0,5
2025-12-10,680.2312622070312,9.0,5
2025-12-11,681.8141479492188,9.0,5
2025-12-12,674.4832153320312,9.0,5
2025-12-15,673.4641723632812,9.0,5
2025-12-16,671.6240844726562,9.0,5
2025-12-17,664.2338256835938,8.0,5
2025-12-18,669.2496337890625,9.0,5
2025-12-19,675.3153686523438,9.0,5
2025-12-22,679.5225219726562,9.0,5
2025-12-23,682.628173828125,9.0,5
2025-12-24,685.0294799804688,9.0,5
2025-12-26,684.9600219726562,9.0,5
2025-12-29,682.51904296875,9.0,5
2025-12-30,681.6856079101562,8.0,5
2025-12-31,676.635009765625,8.0,5
2026-01-02,677.8753051757812,9.0,5
2026-01-05,682.3900146484375,9.0,5
2026-01-06,686.4483642578125,9.0,5
2026-01-07,684.2356567382812,9.0,5
2026-01-08,684.1661987304688,9.0,5
2026-01-09,688.6908569335938,9.0,5
2026-01-12,689.7723999023438,9.0,5
2026-01-13,688.3931884765625,9.0,5
2026-01-14,685.0096435546875,9.0,5
2026-01-15,686.8750610351562,9.0,5
2026-01-16,686.2994995117188,9.0,5
2026-01-20,672.32861328125,7.0,5
2026-01-21,680.0880737304688,9.0,5
2026-01-22,683.6403198242188,9.0,5
2026-01-23,683.8883056640625,9.0,5
2026-01-26,687.3612060546875,9.0,5
2026-01-27,690.0997924804688,9.0,5
2026-01-28,690.0303344726562,9.0,5
2026-01-29,688.6610717773438,8.0,5
2026-01-30,686.6071166992188,8.0,5
2026-02-02,690.0205078125,9.0,5
2026-02-03,684.18603515625,7.0,5
2026-02-04,680.8719482421875,6.0,5
2026-02-05,672.3683471679688,4.0,5
2026-02-06,685.267578125,7.0,5
2026-02-09,688.5718383789062,7.0,5
2026-02-10,686.7559204101562,5.0,5
2026-02-11,686.5972290039062,6.0,5
2026-02-12,675.9901123046875,4.0,5
2026-02-13,676.46630859375,4.0,5
2026-02-17,677.5578002929688,4.0,5
2026-02-18,680.9711303710938,5.0,5
2026-02-19,679.1751098632812,4.0,5
2026-02-20,684.0868530273438,6.0,5
2026-02-23,677.1013793945312,4.0,5
2026-02-24,682.0228881835938,5.0,5
2026-02-25,687.7780151367188,5.0,5
2026-02-26,683.957763671875,5.0,5
2026-02-27,680.6734619140625,4.0,5
2026-03-02,681.0604858398438,4.0,5
2026-03-03,675.057373046875,4.0,5
2026-03-04,679.8201293945312,4.0,5
2026-03-05,676.02978515625,3.0,5
2026-03-06,667.1689453125,3.0,5
2026-03-09,673.0133666992188,3.0,5
2026-03-10,671.9317626953125,3.0,5
2026-03-11,671.08837890625,4.0,5
2026-03-12,660.89794921875,4.0,5
2026-03-13,657.1571655273438,4.0,5
2026-03-16,663.844970703125,4.0,5
2026-03-17,665.5912475585938,4.0,5
2026-03-18,656.3037719726562,4.0,5
2026-03-19,654.6864624023438,4.0,5
2026-03-20,645.301025390625,2.0,5
2026-03-23,652.07666015625,2.0,5
2026-03-24,649.8877563476562,3.0,5
2026-03-25,653.5093994140625,4.0,5
2026-03-26,641.8385620117188,3.0,5
2026-03-27,630.8939819335938,3.0,5
2026-03-30,628.78466796875,1.0,5
2026-03-31,647.0620727539062,3.0,5
2026-04-01,651.9373779296875,3.0,5
2026-04-02,652.5244140625,3.0,5
2026-04-06,655.6088256835938,3.0,5
2026-04-07,655.8972778320312,3.0,5
2026-04-08,672.6027221679688,7.0,5
2026-04-09,676.4829711914062,8.0,5
2026-04-10,676.0353393554688,8.0,5
2026-04-13,682.641845703125,8.0,5
2026-04-14,690.959716796875,8.0,5
2026-04-15,696.412109375,8.0,5
2026-04-16,698.1234130859375,8.0,5
2026-04-17,706.5607299804688,8.0,5
2026-04-20,705.1477661132812,8.0,5
2026-04-21,700.53125,8.0,5
2026-04-22,707.6253051757812,8.0,5
2026-04-23,704.8792114257812,8.0,5
2026-04-24,710.341552734375,8.0,5
2026-04-27,711.5653076171875,8.0,5
2026-04-28,708.1028442382812,8.0,5
2026-04-29,707.993408203125,8.0,5
2026-04-30,715.0377197265625,8.0,5
2026-05-01,717.0177001953125,8.0,5
2026-05-04,714.3909912109375,8.0,5
2026-05-05,720.1220092773438,8.0,5
2026-05-06,730.1312866210938,8.0,5
2026-05-07,727.8926391601562,8.0,5
2026-05-08,733.9021606445312,8.0,5
2026-05-11,735.5736694335938,8.0,5
2026-05-12,734.4593505859375,8.0,5
2026-05-13,738.5685424804688,7.0,5
2026-05-14,744.3989868164062,7.0,5
2026-05-15,735.4443969726562,7.0,5
2026-05-18,734.927001953125,7.0,5
2026-05-19,730.0317993164062,7.0,5
2026-05-20,737.5138549804688,7.0,5
2026-05-21,738.9764404296875,7.0,5
2026-05-22,741.8817749023438,7.0,5
2026-05-25,741.8817749023438,7.0,5
2026-05-26,746.8068237304688,8.0,5
2026-05-27,746.677490234375,8.0,5
2026-05-28,750.7965698242188,8.0,5
2026-05-29,752.6671142578125,8.0,5
2026-06-01,754.7167358398438,7.0,5
2026-06-02,755.7415771484375,7.0,5
2026-06-03,750.4384155273438,7.0,5
2026-06-04,753.2740478515625,8.0,5
2026-06-05,733.83251953125,5.0,5
2026-06-08,735.4940795898438,6.0,5
2026-06-09,733.3350219726562,7.0,5
2026-06-10,721.7736206054688,7.0,5
2026-06-11,734.04150390625,6.0,5
2026-06-12,738.0113525390625,8.0,5
2026-06-15,751.0254516601562,9.0,5
2026-06-16,746.5481567382812,8.0,5
2026-06-17,737.225341796875,6.0,5
2026-06-18,744.8902587890625,7.0,5
2026-06-22,742.546142578125,9.0,5
2026-06-23,731.7628784179688,6.0,5
2026-06-24,731.4237060546875,6.0,5
2026-06-25,732.4810791015625,6.0,5
2026-06-26,727.1842651367188,5.0,5
2026-06-29,739.1644897460938,7.0,5
2026-06-30,744.9202270507812,7.0,5
2026-07-01,743.9127197265625,8.0,5
2026-07-02,742.9351806640625,7.0,5
2026-07-06,749.4190673828125,8.0,5
2026-07-07,745.85791015625,8.0,5
2026-07-08,743.5536499023438,8.0,5
2026-07-09,749.8480224609375,9.0,5
2026-07-10,753.0799560546875,8.0,5
2026-07-13,747.3142700195312,8.0,5
2026-07-14,749.9677124023438,8.0,5
2026-07-15,752.9403076171875,8.0,5
2026-07-16,748.8604125976562,8.0,5
2026-07-17,741.4487915039062,6.0,5
2026-07-20,740.2518310546875,5.0,5
2026-07-21,746.426513671875,8.0,5
2026-07-22,745.55859375,8.0,5
2026-07-23,736.3515014648438,6.0,5
2026-07-24,737.099609375,6.0,5
2026-07-27,737.25927734375,6.0,5
2026-07-28,739.0248413085938,5.0,5
2026-07-29,727.6531372070312,5.0,5
2026-07-30,739.852783203125,6.0,5
2026-07-31,745.1796264648438,7.0,5
2026-08-03,755.793212890625,7.0,5
2026-08-04,769.4193725585938,7.0,5
2026-08-05,767.8831787109375,7.0,5
2026-08-06,766.65625,7.0,5
2026-08-07,771.3446044921875,7.0,5
2026-08-10,771.1151733398438,7.0,5
2026-08-11,768.6513061523438,7.0,5
2026-08-12,770.5764770507812,8.0,5
2026-08-13,775.9531860351562,8.0,5
2026-08-14,774.4169921875,8.0,5
2026-08-17,770.7560424804688,8.0,5
2026-08-18,765.5490112304688,7.0,5
2026-08-19,767.1549682617188,8.0,5
2026-08-20,760.7109985351562,7.0,5
2026-08-21,763.8232421875,8.0,5
2026-08-24,761.5787963867188,7.0,5
2026-08-25,764.0127563476562,8.0,5
2026-08-26,764.182373046875,8.0,5
2026-08-27,769.18994140625,8.0,5
2026-08-28,767.4442749023438,8.0,5
2026-08-31,765.1499633789062,7.0,5
2026-09-01,759.89306640625,5.0,5
2026-09-02,763.2646484375,5.0,5
2026-09-03,771.2548217773438,7.0,5
2026-09-04,768.2822265625,6.0,5
2026-09-07,768.2822265625,6.0,5
2026-09-08,764.0626831054688,6.0,5
2026-09-09,760.5115356445312,5.0,5
2026-09-10,755.9528198242188,4.0,5
2026-09-11,762.3967895507812,6.0,5
2026-09-14,758.9952392578125,5.0,5
2026-09-15,755.513916015625,4.0,5
2026-09-16,752.1821899414062,4.0,5
2026-09-17,760.7109985351562,6.0,5
2026-09-18,761.6900024414062,6.0,5
2026-09-21,773.5,7.0,5
2026-09-22,773.3800048828125,7.0,5
2026-09-23,767.8099975585938,7.0,5
2026-09-24,767.1799926757812,6.0,5
2026-09-25,771.3499755859375,7.0,5
2026-09-28,771.3499755859375,6.0,5
