Date,QQQ,Composite,Threshold
2014-01-02,78.87468719482422,0.0,5
2014-01-03,78.30528259277344,0.0,5
2014-01-06,78.01605987548828,0.0,5
2014-01-07,78.7391128540039,0.0,5
2014-01-08,78.91083526611328,0.0,5
2014-01-09,78.64869689941406,0.0,5
2014-01-10,78.90180206298828,0.0,5
2014-01-13,77.73588562011719,0.0,5
2014-01-14,79.2181167602539,0.0,5
2014-01-15,79.86884307861328,0.0,5
2014-01-16,79.87788391113281,0.0,5
2014-01-17,79.42598724365234,0.0,5
2014-01-21,80.03154754638672,0.0,5
2014-01-22,80.23944091796875,0.0,5
2014-01-23,79.96826171875,0.0,5
2014-01-24,78.39564514160156,0.0,5
2014-01-27,77.636474609375,0.0,5
2014-01-28,77.5912857055664,0.0,5
2014-01-29,76.75978088378906,0.0,5
2014-01-30,78.17876434326172,0.0,5
2014-01-31,77.97088623046875,0.0,5
2014-02-03,76.18132781982422,0.0,5
2014-02-04,76.74171447753906,0.0,5
2014-02-05,76.54285430908203,0.0,5
2014-02-06,77.51898193359375,0.0,5
2014-02-07,78.90180206298828,1.0,5
2014-02-10,79.35369873046875,1.0,5
2014-02-11,80.25747680664062,1.0,5
2014-02-12,80.41114044189453,1.0,5
2014-02-13,81.00765991210938,1.0,5
2014-02-14,81.17034149169922,1.0,5
2014-02-18,81.56797790527344,1.0,5
2014-02-19,81.00765991210938,1.0,5
2014-02-20,81.38724517822266,1.0,5
2014-02-21,81.27880096435547,1.0,5
2014-02-24,81.71263122558594,1.0,5
2014-02-25,81.62223815917969,1.0,5
2014-02-26,81.54991912841797,1.0,5
2014-02-27,82.07901763916016,1.0,5
2014-02-28,81.98825073242188,1.0,5
2014-03-03,81.38019561767578,1.0,5
2014-03-04,82.41481018066406,1.0,5
2014-03-05,82.6417236328125,1.0,5
2014-03-06,82.56910705566406,1.0,5
2014-03-07,82.16067504882812,1.0,5
2014-03-10,82.23330688476562,1.0,5
2014-03-11,81.87938690185547,1.0,5
2014-03-12,82.18792724609375,1.0,5
2014-03-13,81.02626037597656,1.0,5
2014-03-14,80.47264099121094,3.0,5
2014-03-17,81.18052673339844,5.0,5
2014-03-18,82.16067504882812,7.0,5
2014-03-19,81.71598815917969,7.0,5
2014-03-20,81.94287109375,7.0,5
2014-03-21,80.95687866210938,5.0,5
2014-03-24,80.24735260009766,4.0,5
2014-03-25,80.51114654541016,3.0,5
2014-03-26,79.47415924072266,2.0,5
2014-03-27,79.02843475341797,2.0,5
2014-03-28,79.18306732177734,2.0,5
2014-03-31,79.74703979492188,3.0,5
2014-04-01,81.14785766601562,6.0,5
2014-04-02,81.35708618164062,6.0,5
2014-04-03,80.71127319335938,4.0,5
2014-04-04,78.5645523071289,3.0,5
2014-04-07,77.81864166259766,2.0,5
2014-04-08,78.53721618652344,2.0,5
2014-04-09,79.88347625732422,1.0,5
2014-04-10,77.40931701660156,2.0,5
2014-04-11,76.5087890625,1.0,5
2014-04-14,77.10913848876953,1.0,5
2014-04-15,77.36383056640625,1.0,5
2014-04-16,78.39173126220703,0.0,5
2014-04-17,78.40988159179688,2.0,5
2014-04-21,78.99208068847656,0.0,5
2014-04-22,79.61971282958984,1.0,5
2014-04-23,78.9192886352539,2.0,5
2014-04-24,79.67428588867188,2.0,5
2014-04-25,78.40081787109375,0.0,5
2014-04-28,78.65548706054688,0.0,5
2014-04-29,79.28314971923828,0.0,5
2014-04-30,79.4923324584961,0.0,5
2014-05-01,79.7288818359375,1.0,5
2014-05-02,79.58329010009766,1.0,5
2014-05-05,80.00173950195312,2.0,5
2014-05-06,78.96475219726562,2.0,5
2014-05-07,78.73736572265625,2.0,5
2014-05-08,78.66458892822266,1.0,5
2014-05-09,78.95568084716797,2.0,5
2014-05-12,80.25643920898438,3.0,5
2014-05-13,80.31103515625,3.0,5
2014-05-14,79.89259338378906,3.0,5
2014-05-15,79.26495361328125,2.0,5
2014-05-16,79.78340148925781,3.0,5
2014-05-19,80.33831787109375,3.0,5
2014-05-20,80.04721069335938,3.0,5
2014-05-21,80.8113021850586,3.0,5
2014-05-22,81.16607666015625,3.0,5
2014-05-23,81.75732421875,4.0,5
2014-05-27,82.77608489990234,4.0,5
2014-05-28,82.52142333984375,4.0,5
2014-05-29,83.04903411865234,4.0,5
2014-05-30,83.05810546875,4.0,5
2014-06-02,82.9762191772461,4.0,5
2014-06-03,82.93984985351562,5.0,5
2014-06-04,83.2491226196289,5.0,5
2014-06-05,83.94950866699219,5.0,5
2014-06-06,84.43164825439453,5.0,5
2014-06-09,84.36795043945312,5.0,5
2014-06-10,84.51350402832031,5.0,5
2014-06-11,84.49532318115234,5.0,5
2014-06-12,83.7312240600586,5.0,5
2014-06-13,83.97682189941406,5.0,5
2014-06-16,84.04959869384766,5.0,5
2014-06-17,84.09508514404297,5.0,5
2014-06-18,84.5680923461914,5.0,5
2014-06-19,84.51350402832031,6.0,5
2014-06-20,84.6129150390625,6.0,5
2014-06-23,84.63116455078125,6.0,5
2014-06-24,84.549072265625,5.0,5
2014-06-25,85.08720397949219,5.0,5
2014-06-26,85.13280487060547,5.0,5
2014-06-27,85.50675964355469,5.0,5
2014-06-30,85.65270233154297,6.0,5
2014-07-01,86.59211730957031,6.0,5
2014-07-02,86.738037109375,5.0,5
2014-07-03,87.2852783203125,6.0,5
2014-07-07,87.02079010009766,6.0,5
2014-07-08,85.97189331054688,6.0,5
2014-07-09,86.61034393310547,6.0,5
2014-07-10,86.33673095703125,5.0,5
2014-07-11,86.89310455322266,5.0,5
2014-07-14,87.4129638671875,5.0,5
2014-07-15,87.11198425292969,4.0,5
2014-07-16,87.45856475830078,5.0,5
2014-07-17,86.30026245117188,4.0,5
2014-07-18,87.6683578491211,5.0,5
2014-07-21,87.55890655517578,4.0,5
2014-07-22,88.11527252197266,5.0,5
2014-07-23,88.68075561523438,5.0,5
2014-07-24,88.5804443359375,5.0,5
2014-07-25,88.2338638305664,5.0,5
2014-07-28,88.26121520996094,4.0,5
2014-07-29,88.10610961914062,4.0,5
2014-07-30,88.45274353027344,4.0,5
2014-07-31,86.66508483886719,3.0,5
2014-08-01,86.34586334228516,3.0,5
2014-08-04,86.938720703125,3.0,5
2014-08-05,86.27289581298828,4.0,5
2014-08-06,86.20904541015625,3.0,5
2014-08-07,85.9354248046875,3.0,5
2014-08-08,86.55564880371094,3.0,5
2014-08-11,87.06636047363281,3.0,5
2014-08-12,87.0299072265625,3.0,5
2014-08-13,87.95110321044922,5.0,5
2014-08-14,88.40715789794922,5.0,5
2014-08-15,88.8358154296875,5.0,5
2014-08-18,89.51986694335938,5.0,5
2014-08-19,90.02152252197266,5.0,5
2014-08-20,90.02152252197266,6.0,5
2014-08-21,90.20390319824219,5.0,5
2014-08-22,90.34075164794922,5.0,5
2014-08-25,90.65996551513672,5.0,5
2014-08-26,90.75116729736328,5.0,5
2014-08-27,90.76941680908203,5.0,5
2014-08-28,90.6690902709961,5.0,5
2014-08-29,91.00653076171875,5.0,5
2014-09-02,91.27104187011719,5.0,5
2014-09-03,90.73291778564453,6.0,5
2014-09-04,90.65081787109375,5.0,5
2014-09-05,91.10685729980469,6.0,5
2014-09-08,91.28015899658203,5.0,5
2014-09-09,90.52314758300781,4.0,5
2014-09-10,91.27104187011719,4.0,5
2014-09-11,91.19807434082031,4.0,5
2014-09-12,90.73291778564453,5.0,5
2014-09-15,89.85731506347656,5.0,5
2014-09-16,90.6417007446289,5.0,5
2014-09-17,90.77851867675781,7.0,5
2014-09-18,91.46257019042969,6.0,5
2014-09-19,91.40591430664062,6.0,5
2014-09-22,90.5556640625,4.0,5
2014-09-23,90.30879974365234,2.0,5
2014-09-24,91.27789306640625,4.0,5
2014-09-25,89.35799407958984,2.0,5
2014-09-26,90.30879974365234,2.0,5
2014-09-29,90.18991088867188,2.0,5
2014-09-30,90.31796264648438,2.0,5
2014-10-01,88.87344360351562,1.0,5
2014-10-02,88.87344360351562,1.0,5
2014-10-03,89.75108337402344,2.0,5
2014-10-06,89.55911254882812,2.0,5
2014-10-07,88.28831481933594,1.0,5
2014-10-08,90.00713348388672,2.0,5
2014-10-09,88.553466796875,1.0,5
2014-10-10,86.34101104736328,1.0,5
2014-10-13,84.9879150390625,1.0,5
2014-10-14,84.99706268310547,1.0,5
2014-10-15,84.44849395751953,2.0,5
2014-10-16,83.91826629638672,4.0,5
2014-10-17,85.02449798583984,3.0,5
2014-10-20,86.29528045654297,3.0,5
2014-10-21,88.56260681152344,2.0,5
2014-10-22,88.10548400878906,2.0,5
2014-10-23,89.43111419677734,3.0,5
2014-10-24,90.16251373291016,3.0,5
2014-10-27,90.22651672363281,4.0,5
2014-10-28,91.5887451171875,5.0,5
2014-10-29,91.25045776367188,5.0,5
2014-10-30,91.44245147705078,6.0,5
2014-10-31,92.70410919189453,7.0,5
2014-11-03,92.97837829589844,8.0,5
2014-11-04,92.66754150390625,7.0,5
2014-11-05,92.67668914794922,8.0,5
2014-11-06,92.96924591064453,8.0,5
2014-11-07,92.88699340820312,8.0,5
2014-11-10,93.21607971191406,8.0,5
2014-11-11,93.50863647460938,8.0,5
2014-11-12,93.6731948852539,8.0,5
2014-11-13,94.07548522949219,7.0,5
2014-11-14,94.36803436279297,6.0,5
2014-11-17,94.08462524414062,6.0,5
2014-11-18,94.78858947753906,6.0,5
2014-11-19,94.35890197753906,7.0,5
2014-11-20,94.77941131591797,6.0,5
2014-11-21,94.9622802734375,7.0,5
2014-11-24,95.70282745361328,7.0,5
2014-11-25,95.84909057617188,7.0,5
2014-11-26,96.47078704833984,7.0,5
2014-11-28,96.91875457763672,6.0,5
2014-12-01,95.82167053222656,6.0,5
2014-12-02,96.20565795898438,6.0,5
2014-12-03,96.37936401367188,6.0,5
2014-12-04,96.33366394042969,6.0,5
2014-12-05,96.34282684326172,6.0,5
2014-12-08,95.6571273803711,6.0,5
2014-12-09,95.9588394165039,6.0,5
2014-12-10,94.45030212402344,5.0,5
2014-12-11,94.89830780029297,5.0,5
2014-12-12,93.86519622802734,4.0,5
2014-12-15,92.89613342285156,4.0,5
2014-12-16,91.40591430664062,4.0,5
2014-12-17,93.06982421875,5.0,5
2014-12-18,95.30970001220703,7.0,5
2014-12-19,95.72904205322266,7.0,5
2014-12-22,95.96765899658203,7.0,5
2014-12-23,95.62810516357422,6.0,5
2014-12-24,95.71070861816406,6.0,5
2014-12-26,96.38977813720703,6.0,5
2014-12-29,96.37145233154297,6.0,5
2014-12-30,95.72904205322266,5.0,5
2014-12-31,94.74720764160156,5.0,5
2015-01-02,94.4627456665039,5.0,5
2015-01-05,93.07707977294922,4.0,5
2015-01-06,91.82906341552734,4.0,5
2015-01-07,93.0128402709961,4.0,5
2015-01-08,94.79307556152344,5.0,5
2015-01-09,94.16908264160156,4.0,5
2015-01-12,93.18719482421875,4.0,5
2015-01-13,93.15965270996094,4.0,5
2015-01-14,92.64576721191406,4.0,5
2015-01-15,91.44364929199219,5.0,5
2015-01-16,92.51730346679688,4.0,5
2015-01-20,93.25141906738281,4.0,5
2015-01-21,93.72860717773438,3.0,5
2015-01-22,95.46295928955078,6.0,5
2015-01-23,95.67398071289062,5.0,5
2015-01-26,95.56387329101562,6.0,5
2015-01-27,93.08625793457031,4.0,5
2015-01-28,92.60907745361328,4.0,5
2015-01-29,93.49918365478516,4.0,5
2015-01-30,92.77424621582031,3.0,5
2015-02-02,93.581787109375,3.0,5
2015-02-03,94.48108673095703,5.0,5
2015-02-04,94.39849853515625,5.0,5
2015-02-05,95.21517944335938,7.0,5
2015-02-06,94.63705444335938,7.0,5
2015-02-09,94.33425903320312,5.0,5
2015-02-10,95.8025131225586,8.0,5
2015-02-11,96.15118408203125,7.0,5
2015-02-12,97.2707290649414,7.0,5
2015-02-13,98.10579681396484,7.0,5
2015-02-17,98.19754028320312,7.0,5
2015-02-18,98.33517456054688,7.0,5
2015-02-19,98.82156372070312,7.0,5
2015-02-20,99.48224639892578,7.0,5
2015-02-23,99.58319854736328,7.0,5
2015-02-24,99.65656280517578,7.0,5
2015-02-25,99.40885162353516,7.0,5
2015-02-26,99.91353607177734,7.0,5
2015-02-27,99.47309875488281,7.0,5
2015-03-02,100.37237548828125,7.0,5
2015-03-03,99.90437316894531,7.0,5
2015-03-04,99.51897430419922,7.0,5
2015-03-05,99.69330596923828,7.0,5
2015-03-06,98.56458282470703,7.0,5
2015-03-09,98.84908294677734,7.0,5
2015-03-10,97.0137710571289,6.0,5
2015-03-11,96.45403289794922,8.0,5
2015-03-12,97.08721923828125,9.0,5
2015-03-13,96.66505432128906,8.0,5
2015-03-16,97.9130859375,8.0,5
2015-03-17,98.06908416748047,8.0,5
2015-03-18,99.0326156616211,8.0,5
2015-03-19,99.1794204711914,8.0,5
2015-03-20,99.82141876220703,8.0,5
2015-03-23,99.62825775146484,8.0,5
2015-03-24,99.26958465576172,7.0,5
2015-03-25,96.99776458740234,6.0,5
2015-03-26,96.66666412353516,5.0,5
2015-03-27,97.05293273925781,8.0,5
2015-03-30,98.16584777832031,8.0,5
2015-03-31,97.12652587890625,6.0,5
2015-04-01,96.62065887451172,5.0,5
2015-04-02,96.68504333496094,6.0,5
2015-04-06,97.47602081298828,7.0,5
2015-04-07,97.31048583984375,8.0,5
2015-04-08,98.08309936523438,9.0,5
2015-04-09,98.69930267333984,9.0,5
2015-04-10,99.10401916503906,9.0,5
2015-04-13,98.855712890625,9.0,5
2015-04-14,98.57057189941406,9.0,5
2015-04-15,99.18677520751953,9.0,5
2015-04-16,99.04881286621094,9.0,5
2015-04-17,97.50360870361328,5.0,5
2015-04-20,98.96603393554688,7.0,5
2015-04-21,99.38912200927734,8.0,5
2015-04-22,99.9317855834961,9.0,5
2015-04-23,100.30888366699219,9.0,5
2015-04-24,101.67013549804688,7.0,5
2015-04-27,101.4126205444336,7.0,5
2015-04-28,101.21026611328125,7.0,5
2015-04-29,100.57563781738281,7.0,5
2015-04-30,98.9936294555664,6.0,5
2015-05-01,100.29972076416016,7.0,5
2015-05-04,100.46526336669922,7.0,5
2015-05-05,98.82807922363281,6.0,5
2015-05-06,98.1474838256836,5.0,5
2015-05-07,98.73609924316406,5.0,5
2015-05-08,99.96858978271484,7.0,5
2015-05-11,99.582275390625,7.0,5
2015-05-12,99.13159942626953,6.0,5
2015-05-13,99.33395385742188,7.0,5
2015-05-14,100.78717041015625,7.0,5
2015-05-15,100.78717041015625,7.0,5
2015-05-18,101.22863006591797,7.0,5
2015-05-19,101.11825561523438,6.0,5
2015-05-20,101.18267059326172,7.0,5
2015-05-21,101.70694732666016,7.0,5
2015-05-22,101.60574340820312,6.0,5
2015-05-26,100.43765258789062,6.0,5
2015-05-27,102.05645751953125,7.0,5
2015-05-28,101.82647705078125,6.0,5
2015-05-29,101.21945190429688,6.0,5
2015-06-01,101.55974578857422,6.0,5
2015-06-02,101.23784637451172,6.0,5
2015-06-03,101.54137420654297,6.0,5
2015-06-04,100.7687759399414,5.0,5
2015-06-05,100.52962493896484,7.0,5
2015-06-08,99.5086898803711,5.0,5
2015-06-09,99.34314727783203,4.0,5
2015-06-10,100.70439910888672,8.0,5
2015-06-11,100.8515625,7.0,5
2015-06-12,100.02376556396484,6.0,5
2015-06-15,99.52710723876953,4.0,5
2015-06-16,100.06975555419922,5.0,5
2015-06-17,100.3456802368164,6.0,5
2015-06-18,101.80809783935547,8.0,5
2015-06-19,101.30475616455078,7.0,5
2015-06-22,102.0514907836914,8.0,5
2015-06-23,102.13444519042969,7.0,5
2015-06-24,101.60899353027344,6.0,5
2015-06-25,101.40617370605469,6.0,5
2015-06-26,100.73319244384766,5.0,5
2015-06-29,98.35477447509766,3.0,5
2015-06-30,98.70507049560547,4.0,5
2015-07-01,99.4886703491211,4.0,5
2015-07-02,99.51631927490234,4.0,5
2015-07-06,99.28585052490234,3.0,5
2015-07-07,99.53477478027344,4.0,5
2015-07-08,97.80162048339844,3.0,5
2015-07-09,97.7463150024414,3.0,5
2015-07-10,99.23975372314453,4.0,5
2015-07-13,100.9820785522461,7.0,5
2015-07-14,101.64586639404297,7.0,5
2015-07-15,101.7564697265625,6.0,5
2015-07-16,103.1946029663086,6.0,5
2015-07-17,104.71568298339844,5.0,5
2015-07-20,105.0752182006836,5.0,5
2015-07-21,105.01068115234375,5.0,5
2015-07-22,103.82147216796875,5.0,5
2015-07-23,103.43428802490234,5.0,5
2015-07-24,102.42022705078125,4.0,5
2015-07-27,101.57209777832031,4.0,5
2015-07-28,102.4478759765625,4.0,5
2015-07-29,102.83505249023438,5.0,5
2015-07-30,103.32366180419922,5.0,5
2015-07-31,103.20382690429688,5.0,5
2015-08-03,102.88115692138672,5.0,5
2015-08-04,102.68758392333984,4.0,5
2015-08-05,103.48039245605469,5.0,5
2015-08-06,101.82099914550781,4.0,5
2015-08-07,101.69193267822266,4.0,5
2015-08-10,102.8534927368164,4.0,5
2015-08-11,101.53522491455078,3.0,5
2015-08-12,101.88553619384766,4.0,5
2015-08-13,101.71959686279297,3.0,5
2015-08-14,101.87632751464844,3.0,5
2015-08-17,102.72441864013672,4.0,5
2015-08-18,102.19898223876953,3.0,5
2015-08-19,101.5260009765625,2.0,5
2015-08-20,98.71428680419922,1.0,5
2015-08-21,94.39989471435547,1.0,5
2015-08-24,90.76774597167969,1.0,5
2015-08-25,90.42662048339844,1.0,5
2015-08-26,94.98069763183594,0.0,5
2015-08-27,97.38676452636719,0.0,5
2015-08-28,97.36836242675781,0.0,5
2015-08-31,96.16069030761719,0.0,5
2015-09-01,93.15540313720703,0.0,5
2015-09-02,95.7827377319336,0.0,5
2015-09-03,95.31258392333984,0.0,5
2015-09-04,94.17867279052734,0.0,5
2015-09-08,96.83368682861328,0.0,5
2015-09-09,95.74586486816406,0.0,5
2015-09-10,96.7875747680664,0.0,5
2015-09-11,97.322265625,1.0,5
2015-09-14,97.02726745605469,0.0,5
2015-09-15,98.17036437988281,2.0,5
2015-09-16,98.7234878540039,2.0,5
2015-09-17,98.76039123535156,1.0,5
2015-09-18,97.35570526123047,0.0,5
2015-09-21,97.66070556640625,1.0,5
2015-09-22,96.20059204101562,1.0,5
2015-09-23,96.27450561523438,1.0,5
2015-09-24,95.92335510253906,1.0,5
2015-09-25,95.110107421875,0.0,5
2015-09-28,92.40248107910156,0.0,5
2015-09-29,91.92192077636719,0.0,5
2015-09-30,94.03816223144531,1.0,5
2015-10-01,94.4632339477539,0.0,5
2015-10-02,96.11742401123047,1.0,5
2015-10-05,97.49431610107422,3.0,5
2015-10-06,97.03229522705078,3.0,5
2015-10-07,97.6144790649414,3.0,5
2015-10-08,98.00260925292969,4.0,5
2015-10-09,98.44618225097656,5.0,5
2015-10-12,98.68644714355469,6.0,5
2015-10-13,98.04882049560547,2.0,5
2015-10-14,97.89170837402344,3.0,5
2015-10-15,99.49969482421875,6.0,5
2015-10-16,99.91554260253906,6.0,5
2015-10-19,100.48847198486328,5.0,5
2015-10-20,99.97098541259766,5.0,5
2015-10-21,99.36104583740234,4.0,5
2015-10-22,101.3848876953125,4.0,5
2015-10-23,104.22193145751953,5.0,5
2015-10-26,104.28658294677734,5.0,5
2015-10-27,104.49913024902344,5.0,5
2015-10-28,105.36781311035156,5.0,5
2015-10-29,105.20149993896484,6.0,5
2015-10-30,104.7302017211914,6.0,5
2015-11-02,105.91304779052734,6.0,5
2015-11-03,106.2826919555664,7.0,5
2015-11-04,106.29195404052734,7.0,5
2015-11-05,106.00547790527344,7.0,5
2015-11-06,106.07941436767578,7.0,5
2015-11-09,104.95198822021484,7.0,5
2015-11-10,104.6839599609375,7.0,5
2015-11-11,104.55461883544922,5.0,5
2015-11-12,103.5380859375,5.0,5
2015-11-13,101.50502014160156,4.0,5
2015-11-16,102.96510314941406,5.0,5
2015-11-17,103.0298080444336,5.0,5
2015-11-18,105.00743103027344,5.0,5
2015-11-19,105.08134460449219,5.0,5
2015-11-20,105.79290771484375,5.0,5
2015-11-23,105.48795318603516,5.0,5
2015-11-24,105.39552307128906,5.0,5
2015-11-25,105.48795318603516,5.0,5
2015-11-27,105.63581085205078,5.0,5
2015-11-30,105.36781311035156,5.0,5
2015-12-01,106.42131805419922,6.0,5
2015-12-02,105.76520538330078,4.0,5
2015-12-03,103.97239685058594,3.0,5
2015-12-04,106.40283203125,5.0,5
2015-12-07,105.9222640991211,4.0,5
2015-12-08,105.9315185546875,5.0,5
2015-12-09,104.32357788085938,3.0,5
2015-12-10,104.79485321044922,4.0,5
2015-12-11,102.38292694091797,2.0,5
2015-12-14,103.1591796875,3.0,5
2015-12-15,103.78761291503906,5.0,5
2015-12-16,105.33085632324219,5.0,5
2015-12-17,103.79683685302734,3.0,5
2015-12-18,101.80574798583984,2.0,5
2015-12-21,102.93661499023438,3.0,5
2015-12-22,103.61329650878906,4.0,5
2015-12-23,104.3826675415039,5.0,5
2015-12-24,104.36410522460938,5.0,5
2015-12-28,104.30850219726562,4.0,5
2015-12-29,105.9491958618164,6.0,5
2015-12-30,104.99442291259766,4.0,5
2015-12-31,103.68744659423828,3.0,5
2016-01-04,101.4998779296875,3.0,5
2016-01-05,101.32374572753906,3.0,5
2016-01-06,100.35045623779297,2.0,5
2016-01-07,97.20812225341797,1.0,5
2016-01-08,96.41094970703125,1.0,5
2016-01-11,96.70759582519531,1.0,5
2016-01-12,97.82917785644531,1.0,5
2016-01-13,94.45512390136719,0.0,5
2016-01-14,96.46658325195312,0.0,5
2016-01-15,93.4725570678711,0.0,5
2016-01-19,93.676513671875,0.0,5
2016-01-20,93.38916015625,0.0,5
2016-01-21,93.48182678222656,0.0,5
2016-01-22,96.18851470947266,0.0,5
2016-01-25,94.76101684570312,0.0,5
2016-01-26,95.61378479003906,0.0,5
2016-01-27,93.23158264160156,0.0,5
2016-01-28,94.54782104492188,0.0,5
2016-01-29,96.52218627929688,0.0,5
2016-02-01,96.7817611694336,0.0,5
2016-02-02,94.68688201904297,0.0,5
2016-02-03,94.23268127441406,0.0,5
2016-02-04,94.22338104248047,1.0,5
2016-02-05,90.95130920410156,1.0,5
2016-02-08,89.56088256835938,0.0,5
2016-02-09,89.28279876708984,0.0,5
2016-02-10,89.62580108642578,1.0,5
2016-02-11,89.49600219726562,0.0,5
2016-02-12,90.85858154296875,0.0,5
2016-02-16,92.90714263916016,0.0,5
2016-02-17,95.01130676269531,1.0,5
2016-02-18,93.92676544189453,2.0,5
2016-02-19,94.20484924316406,2.0,5
2016-02-22,95.73431396484375,2.0,5
2016-02-23,94.15849304199219,1.0,5
2016-02-24,95.0576400756836,3.0,5
2016-02-25,95.99382781982422,4.0,5
2016-02-26,95.87332916259766,6.0,5
2016-02-29,95.01130676269531,4.0,5
2016-03-01,98.06092071533203,6.0,5
2016-03-02,98.09800720214844,8.0,5
2016-03-03,97.91262817382812,8.0,5
2016-03-04,97.94966125488281,8.0,5
2016-03-07,97.34718322753906,8.0,5
2016-03-08,96.54073333740234,8.0,5
2016-03-09,97.16181182861328,8.0,5
2016-03-10,97.01348876953125,8.0,5
2016-03-11,98.70977020263672,8.0,5
2016-03-14,98.87662506103516,8.0,5
2016-03-15,98.83954620361328,8.0,5
2016-03-16,99.72014617919922,9.0,5
2016-03-17,99.66451263427734,9.0,5
2016-03-18,99.82069396972656,9.0,5
2016-03-21,100.21121215820312,9.0,5
2016-03-22,100.51798248291016,9.0,5
2016-03-23,99.69056701660156,9.0,5
2016-03-24,99.71846771240234,9.0,5
2016-03-28,99.57901000976562,7.0,5
2016-03-29,101.17805480957031,7.0,5
2016-03-30,101.67078399658203,8.0,5
2016-03-31,101.52204132080078,8.0,5
2016-04-01,102.6004867553711,7.0,5
2016-04-04,102.21001434326172,7.0,5
2016-04-05,101.22454833984375,7.0,5
2016-04-06,102.88867950439453,6.0,5
2016-04-07,101.41046142578125,6.0,5
2016-04-08,101.33612060546875,7.0,5
2016-04-11,100.96422576904297,7.0,5
2016-04-12,101.81023406982422,8.0,5
2016-04-13,103.1118392944336,8.0,5
2016-04-14,103.1211166381836,8.0,5
2016-04-15,102.86079406738281,8.0,5
2016-04-18,103.40933227539062,8.0,5
2016-04-19,102.77713012695312,8.0,5
2016-04-20,102.86079406738281,8.0,5
2016-04-21,102.87010955810547,8.0,5
2016-04-22,101.3175277709961,9.0,5
2016-04-25,101.3175277709961,8.0,5
2016-04-26,100.82478332519531,7.0,5
2016-04-27,100.01595306396484,7.0,5
2016-04-28,98.80734252929688,5.0,5
2016-04-29,98.28671264648438,4.0,5
2016-05-02,99.21642303466797,5.0,5
2016-05-03,98.29601287841797,3.0,5
2016-05-04,97.66382598876953,3.0,5
2016-05-05,97.63594818115234,1.0,5
2016-05-06,98.1565933227539,2.0,5
2016-05-09,98.43546295166016,2.0,5
2016-05-10,99.78350830078125,4.0,5
2016-05-11,98.88172149658203,2.0,5
2016-05-12,98.44479370117188,3.0,5
2016-05-13,98.08216857910156,2.0,5
2016-05-16,99.30940246582031,3.0,5
2016-05-17,98.0636215209961,3.0,5
2016-05-18,98.4168701171875,3.0,5
2016-05-19,97.90557098388672,2.0,5
2016-05-20,98.9839859008789,5.0,5
2016-05-23,98.85382843017578,5.0,5
2016-05-24,100.83406066894531,8.0,5
2016-05-25,101.55921173095703,8.0,5
2016-05-26,101.85671997070312,8.0,5
2016-05-27,102.38667297363281,8.0,5
2016-05-31,102.58187103271484,8.0,5
2016-06-01,102.59119415283203,8.0,5
2016-06-02,102.80502319335938,8.0,5
2016-06-03,102.32159423828125,8.0,5
2016-06-06,102.69342803955078,8.0,5
2016-06-07,102.43312072753906,8.0,5
2016-06-08,102.60977935791016,8.0,5
2016-06-09,102.44243621826172,8.0,5
2016-06-10,101.28031158447266,6.0,5
2016-06-13,100.43428039550781,4.0,5
2016-06-14,100.43428039550781,4.0,5
2016-06-15,100.14610290527344,4.0,5
2016-06-16,100.44359588623047,3.0,5
2016-06-17,99.26628875732422,3.0,5
2016-06-20,99.89080810546875,4.0,5
2016-06-21,100.207763671875,5.0,5
2016-06-22,99.96540832519531,4.0,5
2016-06-23,101.39159393310547,5.0,5
2016-06-24,97.21549987792969,2.0,5
2016-06-27,95.2859115600586,1.0,5
2016-06-28,97.3740005493164,1.0,5
2016-06-29,99.0985107421875,2.0,5
2016-06-30,100.24507904052734,5.0,5
2016-07-01,100.7484130859375,5.0,5
2016-07-05,100.13319396972656,3.0,5
2016-07-06,100.95349884033203,3.0,5
2016-07-07,101.25178527832031,5.0,5
2016-07-08,102.81783294677734,7.0,5
2016-07-11,103.40510559082031,7.0,5
2016-07-12,103.92711639404297,8.0,5
2016-07-13,103.67543029785156,8.0,5
2016-07-14,104.38386535644531,8.0,5
2016-07-15,104.2160873413086,8.0,5
2016-07-18,104.90585327148438,9.0,5
2016-07-19,104.52367401123047,8.0,5
2016-07-20,105.74481964111328,9.0,5
2016-07-21,105.50245666503906,9.0,5
2016-07-22,105.9405746459961,8.0,5
2016-07-25,105.94989776611328,8.0,5
2016-07-26,106.07108306884766,9.0,5
2016-07-27,106.8074951171875,9.0,5
2016-07-28,107.18036651611328,7.0,5
2016-07-29,107.41339874267578,6.0,5
2016-08-01,107.98204040527344,5.0,5
2016-08-02,107.16171264648438,5.0,5
2016-08-03,107.51592254638672,7.0,5
2016-08-04,107.82355499267578,7.0,5
2016-08-05,108.8582534790039,7.0,5
2016-08-08,108.7370834350586,7.0,5
2016-08-09,108.98876953125,7.0,5
2016-08-10,108.70909881591797,7.0,5
2016-08-11,109.17520141601562,7.0,5
2016-08-12,109.249755859375,7.0,5
2016-08-15,109.71586608886719,7.0,5
2016-08-16,109.10993194580078,7.0,5
2016-08-17,109.3056869506836,7.0,5
2016-08-18,109.33365631103516,7.0,5
2016-08-19,109.3056869506836,7.0,5
2016-08-22,109.38961791992188,7.0,5
2016-08-23,109.5853500366211,7.0,5
2016-08-24,108.87689208984375,7.0,5
2016-08-25,108.69981384277344,8.0,5
2016-08-26,108.8582534790039,7.0,5
2016-08-29,109.00741577148438,8.0,5
2016-08-30,108.65318298339844,8.0,5
2016-08-31,108.54132080078125,8.0,5
2016-09-01,108.82098388671875,8.0,5
2016-09-02,109.17520141601562,8.0,5
2016-09-06,109.85566711425781,8.0,5
2016-09-07,109.92094421386719,8.0,5
2016-09-08,109.27774047851562,8.0,5
2016-09-09,106.52782440185547,5.0,5
2016-09-12,108.43878173828125,6.0,5
2016-09-13,107.46935272216797,5.0,5
2016-09-14,107.98204040527344,5.0,5
2016-09-15,109.65990447998047,6.0,5
2016-09-16,109.60761260986328,6.0,5
2016-09-19,109.13097381591797,5.0,5
2016-09-20,109.33657836914062,5.0,5
2016-09-21,110.4112548828125,7.0,5
2016-09-22,111.28968048095703,8.0,5
2016-09-23,110.5794906616211,8.0,5
2016-09-26,109.654296875,6.0,5
2016-09-27,110.73834228515625,6.0,5
2016-09-28,110.92522430419922,6.0,5
2016-09-29,110.12156677246094,6.0,5
2016-09-30,110.94393920898438,6.0,5
2016-10-03,110.78507995605469,6.0,5
2016-10-04,110.61686706542969,6.0,5
2016-10-05,111.00935363769531,6.0,5
2016-10-06,110.9532699584961,6.0,5
2016-10-07,110.71031188964844,6.0,5
2016-10-10,111.41120910644531,6.0,5
2016-10-11,109.82254791259766,6.0,5
2016-10-12,109.72908020019531,6.0,5
2016-10-13,109.33657836914062,4.0,5
2016-10-14,109.4674301147461,4.0,5
2016-10-17,109.16837310791016,5.0,5
2016-10-18,110.14025115966797,6.0,5
2016-10-19,110.13088989257812,5.0,5
2016-10-20,110.00007629394531,5.0,5
2016-10-21,110.4112548828125,6.0,5
2016-10-24,111.7382583618164,7.0,5
2016-10-25,111.3831558227539,6.0,5
2016-10-26,110.62619018554688,5.0,5
2016-10-27,110.12156677246094,5.0,5
2016-10-28,109.4300308227539,4.0,5
2016-10-31,109.32722473144531,4.0,5
2016-11-01,108.50489044189453,4.0,5
2016-11-02,107.63579559326172,4.0,5
2016-11-03,106.57979583740234,4.0,5
2016-11-04,106.20602416992188,4.0,5
2016-11-07,108.72913360595703,5.0,5
2016-11-08,109.43937683105469,5.0,5
2016-11-09,109.94402313232422,8.0,5
2016-11-10,108.16845703125,6.0,5
2016-11-11,108.21520233154297,5.0,5
2016-11-14,107.12183380126953,6.0,5
2016-11-15,108.60762786865234,6.0,5
2016-11-16,109.25247955322266,6.0,5
2016-11-17,110.04681396484375,9.0,5
2016-11-18,109.6356430053711,8.0,5
2016-11-21,110.77572631835938,8.0,5
2016-11-22,111.11213684082031,8.0,5
2016-11-23,110.66355895996094,9.0,5
2016-11-25,111.01869201660156,9.0,5
2016-11-28,110.76634216308594,9.0,5
2016-11-29,111.1495361328125,9.0,5
2016-11-30,109.8038330078125,8.0,5
2016-12-01,107.90682220458984,7.0,5
2016-12-02,108.12171936035156,7.0,5
2016-12-05,108.96281433105469,8.0,5
2016-12-06,109.22443389892578,8.0,5
2016-12-07,110.60751342773438,9.0,5
2016-12-08,110.80377197265625,9.0,5
2016-12-09,111.6728515625,9.0,5
2016-12-12,111.168212890625,9.0,5
2016-12-13,112.5699462890625,9.0,5
2016-12-14,112.33631896972656,9.0,5
2016-12-15,112.51390838623047,9.0,5
2016-12-16,112.0967788696289,9.0,5
2016-12-19,112.55606079101562,9.0,5
2016-12-20,112.98722076416016,9.0,5
2016-12-21,112.9028549194336,9.0,5
2016-12-22,112.5842056274414,9.0,5
2016-12-23,112.6591796875,9.0,5
2016-12-27,113.2402572631836,9.0,5
2016-12-28,112.3592529296875,9.0,5
2016-12-29,112.19989776611328,9.0,5
2016-12-30,111.04707336425781,8.0,5
2017-01-03,112.04056549072266,9.0,5
2017-01-04,112.64979553222656,9.0,5
2017-01-05,113.2871322631836,9.0,5
2017-01-06,114.2806167602539,8.0,5
2017-01-09,114.65556335449219,7.0,5
2017-01-10,114.90860748291016,9.0,5
2017-01-11,115.21791076660156,8.0,5
2017-01-12,115.039794921875,7.0,5
2017-01-13,115.43347930908203,7.0,5
2017-01-17,115.08667755126953,7.0,5
2017-01-18,115.32098388671875,8.0,5
2017-01-19,115.2647476196289,8.0,5
2017-01-20,115.517822265625,8.0,5
2017-01-23,115.61153411865234,7.0,5
2017-01-24,116.38945007324219,8.0,5
2017-01-25,117.5610580444336,8.0,5
2017-01-26,117.68292999267578,7.0,5
2017-01-27,117.90784454345703,7.0,5
2017-01-30,116.98931121826172,8.0,5
2017-01-31,116.7550048828125,7.0,5
2017-02-01,117.5610580444336,7.0,5
2017-02-02,117.45794677734375,6.0,5
2017-02-03,117.79534149169922,8.0,5
2017-02-06,117.93595886230469,8.0,5
2017-02-07,118.36711120605469,6.0,5
2017-02-08,118.56391143798828,7.0,5
2017-02-09,118.99510192871094,7.0,5
2017-02-10,119.38872528076172,7.0,5
2017-02-13,120.06356048583984,7.0,5
2017-02-14,120.46659851074219,7.0,5
2017-02-15,121.1788558959961,8.0,5
2017-02-16,121.1413803100586,6.0,5
2017-02-17,121.6662826538086,6.0,5
2017-02-21,122.2661361694336,7.0,5
2017-02-22,122.31298828125,6.0,5
2017-02-23,121.85374450683594,6.0,5
2017-02-24,122.0880126953125,6.0,5
2017-02-27,122.23800659179688,7.0,5
2017-02-28,121.86309814453125,5.0,5
2017-03-01,123.19402313232422,6.0,5
2017-03-02,122.57539367675781,6.0,5
2017-03-03,122.80038452148438,7.0,5
2017-03-06,122.52854919433594,6.0,5
2017-03-07,122.32232666015625,6.0,5
2017-03-08,122.53792572021484,6.0,5
2017-03-09,122.63164520263672,6.0,5
2017-03-10,123.14713287353516,6.0,5
2017-03-13,123.3533706665039,7.0,5
2017-03-14,123.05340576171875,6.0,5
2017-03-15,123.81261444091797,7.0,5
2017-03-16,123.72821807861328,6.0,5
2017-03-17,123.68506622314453,7.0,5
2017-03-20,123.79776000976562,5.0,5
2017-03-21,121.91934204101562,4.0,5
2017-03-22,122.7458267211914,4.0,5
2017-03-23,122.43592071533203,4.0,5
2017-03-24,122.68948364257812,5.0,5
2017-03-27,122.88672637939453,5.0,5
2017-03-28,123.63812255859375,5.0,5
2017-03-29,124.21105194091797,5.0,5
2017-03-30,124.4176254272461,6.0,5
2017-03-31,124.33312225341797,6.0,5
2017-04-03,124.25801849365234,5.0,5
2017-04-04,124.45520782470703,5.0,5
2017-04-05,123.9480209350586,4.0,5
2017-04-06,124.01374053955078,4.0,5
2017-04-07,123.9480209350586,4.0,5
2017-04-10,123.99504852294922,4.0,5
2017-04-11,123.45962524414062,5.0,5
2017-04-12,122.96184539794922,3.0,5
2017-04-13,122.47344207763672,3.0,5
2017-04-17,123.48783111572266,3.0,5
2017-04-18,123.2999496459961,3.0,5
2017-04-19,123.49723052978516,4.0,5
2017-04-20,124.53034973144531,4.0,5
2017-04-21,124.50220489501953,4.0,5
2017-04-24,126.0049057006836,5.0,5
2017-04-25,126.91595458984375,6.0,5
2017-04-26,126.73746490478516,7.0,5
2017-04-27,127.49824523925781,6.0,5
2017-04-28,127.72367095947266,5.0,5
2017-05-01,128.86013793945312,6.0,5
2017-05-02,129.076171875,5.0,5
2017-05-03,128.6628875732422,6.0,5
2017-05-04,128.70986938476562,5.0,5
2017-05-05,129.17950439453125,6.0,5
2017-05-08,129.4612579345703,6.0,5
2017-05-09,129.91201782226562,6.0,5
2017-05-10,129.98715209960938,6.0,5
2017-05-11,129.88385009765625,5.0,5
2017-05-12,130.175048828125,5.0,5
2017-05-15,130.5882568359375,6.0,5
2017-05-16,131.1329803466797,6.0,5
2017-05-17,127.79882049560547,4.0,5
2017-05-18,128.91648864746094,4.0,5
2017-05-19,129.4612579345703,4.0,5
2017-05-22,130.55072021484375,4.0,5
2017-05-23,130.68218994140625,6.0,5
2017-05-24,131.2832794189453,6.0,5
2017-05-25,132.40098571777344,6.0,5
2017-05-26,132.63575744628906,6.0,5
2017-05-30,132.74842834472656,6.0,5
2017-05-31,132.70147705078125,5.0,5
2017-06-01,133.2180633544922,6.0,5
2017-06-02,134.73956298828125,5.0,5
2017-06-05,134.71141052246094,4.0,5
2017-06-06,134.1761016845703,4.0,5
2017-06-07,134.70204162597656,4.0,5
2017-06-08,134.8429412841797,4.0,5
2017-06-09,131.47117614746094,6.0,5
2017-06-12,130.76670837402344,6.0,5
2017-06-13,131.82797241210938,6.0,5
2017-06-14,131.255126953125,6.0,5
2017-06-15,130.67282104492188,5.0,5
2017-06-16,130.1058349609375,6.0,5
2017-06-19,132.2813262939453,5.0,5
2017-06-20,131.245361328125,5.0,5
2017-06-21,132.54502868652344,5.0,5
2017-06-22,132.50735473632812,5.0,5
2017-06-23,133.01596069335938,5.0,5
2017-06-26,132.3943634033203,4.0,5
2017-06-27,129.9928741455078,4.0,5
2017-06-28,131.86697387695312,5.0,5
2017-06-29,129.57847595214844,5.0,5
2017-06-30,129.62554931640625,5.0,5
2017-07-03,128.25997924804688,5.0,5
2017-07-05,129.52197265625,5.0,5
2017-07-06,128.3541717529297,5.0,5
2017-07-07,129.73855590820312,5.0,5
2017-07-10,130.58619689941406,5.0,5
2017-07-11,130.95346069335938,6.0,5
2017-07-12,132.50735473632812,7.0,5
2017-07-13,132.79931640625,8.0,5
2017-07-14,133.8446502685547,8.0,5
2017-07-17,133.91061401367188,8.0,5
2017-07-18,134.8052978515625,6.0,5
2017-07-19,135.596435546875,6.0,5
2017-07-20,135.77536010742188,6.0,5
2017-07-21,135.7187957763672,6.0,5
2017-07-24,136.3403778076172,6.0,5
2017-07-25,135.991943359375,8.0,5
2017-07-26,136.43453979492188,7.0,5
2017-07-27,135.57754516601562,6.0,5
2017-07-28,135.46450805664062,6.0,5
2017-07-31,134.89007568359375,6.0,5
2017-08-01,135.20082092285156,6.0,5
2017-08-02,135.5681610107422,7.0,5
2017-08-03,135.04078674316406,6.0,5
2017-08-04,135.28561401367188,7.0,5
2017-08-07,136.142578125,7.0,5
2017-08-08,135.90721130371094,6.0,5
2017-08-09,135.7281951904297,4.0,5
2017-08-10,132.81820678710938,3.0,5
2017-08-11,133.8258514404297,3.0,5
2017-08-14,135.54930114746094,5.0,5
2017-08-15,135.64346313476562,5.0,5
2017-08-16,135.87890625,5.0,5
2017-08-17,133.10067749023438,2.0,5
2017-08-18,133.00650024414062,2.0,5
2017-08-21,132.83697509765625,2.0,5
2017-08-22,134.86184692382812,4.0,5
2017-08-23,134.3815155029297,3.0,5
2017-08-24,133.98599243164062,3.0,5
2017-08-25,133.70346069335938,4.0,5
2017-08-28,134.11782836914062,4.0,5
2017-08-29,134.64523315429688,3.0,5
2017-08-30,136.2273712158203,5.0,5
2017-08-31,137.68710327148438,5.0,5
2017-09-01,137.4987335205078,6.0,5
2017-09-05,136.26507568359375,4.0,5
2017-09-06,136.67941284179688,5.0,5
2017-09-07,136.99961853027344,5.0,5
2017-09-08,135.8130340576172,4.0,5
2017-09-11,137.37632751464844,6.0,5
2017-09-12,137.7059783935547,6.0,5
2017-09-13,137.8943328857422,7.0,5
2017-09-14,137.0843505859375,7.0,5
2017-09-15,137.5552978515625,8.0,5
2017-09-18,137.3749542236328,9.0,5
2017-09-19,137.61099243164062,9.0,5
2017-09-20,137.18624877929688,9.0,5
2017-09-21,136.34625244140625,9.0,5
2017-09-22,136.21412658691406,9.0,5
2017-09-25,134.7794647216797,6.0,5
2017-09-26,135.1287384033203,7.0,5
2017-09-27,136.34625244140625,8.0,5
2017-09-28,136.29905700683594,9.0,5
2017-09-29,137.28060913085938,8.0,5
2017-10-02,137.40330505371094,8.0,5
2017-10-03,137.69590759277344,9.0,5
2017-10-04,137.82797241210938,9.0,5
2017-10-05,139.17776489257812,9.0,5
2017-10-06,139.36648559570312,9.0,5
2017-10-09,139.20603942871094,9.0,5
2017-10-10,139.30982971191406,9.0,5
2017-10-11,139.7251434326172,9.0,5
2017-10-12,139.4703369140625,9.0,5
2017-10-13,140.00833129882812,8.0,5
2017-10-16,140.4896697998047,8.0,5
2017-10-17,140.66896057128906,8.0,5
2017-10-18,140.49908447265625,8.0,5
2017-10-19,139.98001098632812,9.0,5
2017-10-20,140.35751342773438,9.0,5
2017-10-23,139.4420166015625,8.0,5
2017-10-24,139.67799377441406,8.0,5
2017-10-25,139.14938354492188,8.0,5
2017-10-26,138.70578002929688,8.0,5
2017-10-27,142.74545288085938,8.0,5
2017-10-30,143.0662841796875,6.0,5
2017-10-31,143.60430908203125,6.0,5
2017-11-01,143.55718994140625,5.0,5
2017-11-02,143.28341674804688,5.0,5
2017-11-03,144.6614532470703,6.0,5
2017-11-06,145.1522216796875,6.0,5
2017-11-07,145.23712158203125,6.0,5
2017-11-08,145.82229614257812,6.0,5
2017-11-09,145.05780029296875,5.0,5
2017-11-10,145.04837036132812,5.0,5
2017-11-13,145.22772216796875,4.0,5
2017-11-14,144.69918823242188,4.0,5
2017-11-15,144.01959228515625,4.0,5
2017-11-16,145.8600616455078,5.0,5
2017-11-17,145.30316162109375,6.0,5
2017-11-20,145.18995666503906,6.0,5
2017-11-21,146.76612854003906,6.0,5
2017-11-22,146.9454803466797,6.0,5
2017-11-24,147.48345947265625,6.0,5
2017-11-27,147.41737365722656,5.0,5
2017-11-28,147.79498291015625,6.0,5
2017-11-29,145.21826171875,6.0,5
2017-11-30,146.435791015625,5.0,5
2017-12-01,145.81292724609375,4.0,5
2017-12-04,144.13284301757812,5.0,5
2017-12-05,144.22727966308594,4.0,5
2017-12-06,144.87843322753906,3.0,5
2017-12-07,145.3692626953125,4.0,5
2017-12-08,146.01107788085938,6.0,5
2017-12-11,147.14366149902344,6.0,5
2017-12-12,146.9454803466797,6.0,5
2017-12-13,147.22860717773438,6.0,5
2017-12-14,147.12481689453125,6.0,5
2017-12-15,148.79541015625,6.0,5
2017-12-18,150.0429229736328,6.0,5
2017-12-19,149.15380859375,6.0,5
2017-12-20,148.9930419921875,6.0,5
2017-12-21,149.0120086669922,6.0,5
2017-12-22,148.8417205810547,6.0,5
2017-12-26,148.03778076171875,8.0,5
2017-12-27,148.05674743652344,8.0,5
2017-12-28,148.23638916015625,7.0,5
2017-12-29,147.31898498535156,7.0,5
2018-01-02,149.9010467529297,7.0,5
2018-01-03,151.35757446289062,8.0,5
2018-01-04,151.6224365234375,8.0,5
2018-01-05,153.1451416015625,8.0,5
2018-01-08,153.740966796875,8.0,5
2018-01-09,153.75047302246094,7.0,5
2018-01-10,153.39108276367188,7.0,5
2018-01-11,154.44090270996094,7.0,5
2018-01-12,155.57591247558594,7.0,5
2018-01-16,155.13134765625,7.0,5
2018-01-17,156.805419921875,7.0,5
2018-01-18,156.83384704589844,7.0,5
2018-01-19,157.32562255859375,7.0,5
2018-01-22,159.00917053222656,6.0,5
2018-01-23,160.32382202148438,6.0,5
2018-01-24,159.28347778320312,6.0,5
2018-01-25,159.22669982910156,6.0,5
2018-01-26,161.66688537597656,6.0,5
2018-01-29,160.88186645507812,6.0,5
2018-01-30,159.5576629638672,6.0,5
2018-01-31,160.21978759765625,6.0,5
2018-02-01,158.8578643798828,6.0,5
2018-02-02,155.6894073486328,6.0,5
2018-02-05,149.55108642578125,4.0,5
2018-02-06,153.5140380859375,5.0,5
2018-02-07,151.52781677246094,4.0,5
2018-02-08,145.13417053222656,4.0,5
2018-02-09,147.64060974121094,3.0,5
2018-02-12,150.26040649414062,4.0,5
2018-02-13,151.03599548339844,4.0,5
2018-02-14,153.8639373779297,5.0,5
2018-02-15,156.72027587890625,5.0,5
2018-02-16,156.02040100097656,5.0,5
2018-02-20,156.33253479003906,5.0,5
2018-02-21,155.88800048828125,5.0,5
2018-02-22,155.86911010742188,5.0,5
2018-02-23,159.05645751953125,5.0,5
2018-02-26,161.1656036376953,5.0,5
2018-02-27,159.1699676513672,5.0,5
2018-02-28,158.14845275878906,5.0,5
2018-03-01,155.56642150878906,5.0,5
2018-03-02,156.99459838867188,5.0,5
2018-03-05,158.73489379882812,6.0,5
2018-03-06,159.40640258789062,6.0,5
2018-03-07,159.7752685546875,6.0,5
2018-03-08,160.6549072265625,7.0,5
2018-03-09,163.7760467529297,7.0,5
2018-03-12,164.6461944580078,7.0,5
2018-03-13,162.4046173095703,7.0,5
2018-03-14,162.37619018554688,7.0,5
2018-03-15,162.23434448242188,7.0,5
2018-03-16,161.75201416015625,7.0,5
2018-03-19,158.30084228515625,7.0,5
2018-03-20,158.82186889648438,6.0,5
2018-03-21,158.13031005859375,7.0,5
2018-03-22,154.22731018066406,4.0,5
2018-03-23,150.16319274902344,5.0,5
2018-03-26,155.74301147460938,4.0,5
2018-03-27,150.7031707763672,5.0,5
2018-03-28,148.9695281982422,4.0,5
2018-03-29,151.6979217529297,4.0,5
2018-04-02,147.3211669921875,4.0,5
2018-04-03,148.97897338867188,4.0,5
2018-04-04,151.328369140625,5.0,5
2018-04-05,152.1905059814453,5.0,5
2018-04-06,148.38214111328125,4.0,5
2018-04-09,149.42422485351562,4.0,5
2018-04-10,152.7209930419922,5.0,5
2018-04-11,151.83998107910156,4.0,5
2018-04-12,153.66830444335938,5.0,5
2018-04-13,152.87255859375,5.0,5
2018-04-16,154.03782653808594,5.0,5
2018-04-17,157.35350036621094,6.0,5
2018-04-18,157.67555236816406,6.0,5
2018-04-19,156.22616577148438,6.0,5
2018-04-20,153.75355529785156,5.0,5
2018-04-23,153.3651885986328,6.0,5
2018-04-24,150.1157989501953,5.0,5
2018-04-25,150.29583740234375,5.0,5
2018-04-26,153.45993041992188,6.0,5
2018-04-27,153.5546875,6.0,5
2018-04-30,152.46527099609375,6.0,5
2018-05-01,154.20835876464844,6.0,5
2018-05-02,153.29885864257812,6.0,5
2018-05-03,153.27993774414062,6.0,5
2018-05-04,156.1882781982422,7.0,5
2018-05-07,157.48611450195312,7.0,5
2018-05-08,157.3250732421875,8.0,5
2018-05-09,159.03977966308594,8.0,5
2018-05-10,160.68812561035156,7.0,5
2018-05-11,160.5365753173828,7.0,5
2018-05-14,160.811279296875,7.0,5
2018-05-15,159.0302734375,8.0,5
2018-05-16,160.0818634033203,8.0,5
2018-05-17,159.46609497070312,8.0,5
2018-05-18,158.64187622070312,8.0,5
2018-05-21,159.53244018554688,8.0,5
2018-05-22,159.32400512695312,8.0,5
2018-05-23,160.6692352294922,8.0,5
2018-05-24,160.62185668945312,8.0,5
2018-05-25,160.78289794921875,8.0,5
2018-05-29,160.07237243652344,7.0,5
2018-05-30,161.2186279296875,8.0,5
2018-05-31,161.11441040039062,7.0,5
2018-06-01,163.64382934570312,7.0,5
2018-06-04,165.1217041015625,7.0,5
2018-06-05,165.63328552246094,7.0,5
2018-06-06,166.59954833984375,7.0,5
2018-06-07,165.24484252929688,7.0,5
2018-06-08,165.25428771972656,8.0,5
2018-06-11,165.69956970214844,7.0,5
2018-06-12,166.57115173339844,7.0,5
2018-06-13,166.5617218017578,7.0,5
2018-06-14,168.24794006347656,7.0,5
2018-06-15,167.6605682373047,7.0,5
2018-06-18,167.563720703125,8.0,5
2018-06-19,167.08905029296875,8.0,5
2018-06-20,168.27577209472656,8.0,5
2018-06-21,166.81378173828125,7.0,5
2018-06-22,166.44349670410156,7.0,5
2018-06-25,162.69346618652344,6.0,5
2018-06-26,163.35806274414062,6.0,5
2018-06-27,161.13650512695312,5.0,5
2018-06-28,162.5225830078125,5.0,5
2018-06-29,162.9593048095703,3.0,5
2018-07-02,164.05108642578125,3.0,5
2018-07-03,162.15234375,4.0,5
2018-07-05,164.16500854492188,4.0,5
2018-07-06,166.7188262939453,5.0,5
2018-07-09,168.21884155273438,5.0,5
2018-07-10,168.3422393798828,4.0,5
2018-07-11,167.48779296875,4.0,5
2018-07-12,170.37388610839844,5.0,5
2018-07-13,170.51625061035156,5.0,5
2018-07-16,170.1080322265625,4.0,5
2018-07-17,171.14291381835938,5.0,5
2018-07-18,170.82008361816406,5.0,5
2018-07-19,169.9656219482422,5.0,5
2018-07-20,169.9276885986328,5.0,5
2018-07-23,170.4688262939453,6.0,5
2018-07-24,171.17132568359375,6.0,5
2018-07-25,173.56373596191406,6.0,5
2018-07-26,170.93399047851562,6.0,5
2018-07-27,168.6269989013672,5.0,5
2018-07-30,166.24415588378906,6.0,5
2018-07-31,167.51625061035156,5.0,5
2018-08-01,168.15234375,5.0,5
2018-08-02,170.44032287597656,6.0,5
2018-08-03,170.9624481201172,6.0,5
2018-08-06,171.96884155273438,6.0,5
2018-08-07,172.5954132080078,6.0,5
2018-08-08,172.80422973632812,6.0,5
2018-08-09,172.69981384277344,6.0,5
2018-08-10,171.38015747070312,6.0,5
2018-08-13,171.19033813476562,5.0,5
2018-08-14,172.26312255859375,5.0,5
2018-08-15,170.15548706054688,4.0,5
2018-08-16,170.71566772460938,5.0,5
2018-08-17,170.75360107421875,5.0,5
2018-08-20,170.6017303466797,5.0,5
2018-08-21,171.22830200195312,6.0,5
2018-08-22,171.89288330078125,5.0,5
2018-08-23,171.6460418701172,6.0,5
2018-08-24,173.24099731445312,5.0,5
2018-08-27,175.00680541992188,7.0,5
2018-08-28,175.2631378173828,7.0,5
2018-08-29,177.28530883789062,7.0,5
2018-08-30,176.9720001220703,7.0,5
2018-08-31,177.1998291015625,6.0,5
2018-09-04,176.44041442871094,6.0,5
2018-09-05,174.16184997558594,5.0,5
2018-09-06,172.60491943359375,5.0,5
2018-09-07,171.9403076171875,5.0,5
2018-09-10,172.5194549560547,6.0,5
2018-09-11,173.84860229492188,5.0,5
2018-09-12,173.33592224121094,5.0,5
2018-09-13,175.1872100830078,6.0,5
2018-09-14,174.6745147705078,6.0,5
2018-09-17,172.15869140625,6.0,5
2018-09-18,173.582763671875,5.0,5
2018-09-19,173.44976806640625,6.0,5
2018-09-20,175.36758422851562,7.0,5
2018-09-21,174.40869140625,6.0,5
2018-09-24,174.8937225341797,6.0,5
2018-09-25,175.1315155029297,6.0,5
2018-09-26,175.25514221191406,5.0,5
2018-09-27,176.7388153076172,6.0,5
2018-09-28,176.7008056640625,6.0,5
2018-10-01,177.0622100830078,5.0,5
2018-10-02,176.66281127929688,6.0,5
2018-10-03,176.85301208496094,6.0,5
2018-10-04,173.45762634277344,6.0,5
2018-10-05,171.3367462158203,3.0,5
2018-10-08,170.29049682617188,3.0,5
2018-10-09,170.84217834472656,3.0,5
2018-10-10,163.3286590576172,3.0,5
2018-10-11,161.3028564453125,2.0,5
2018-10-12,165.7919464111328,3.0,5
2018-10-15,163.7852020263672,3.0,5
2018-10-16,168.55006408691406,3.0,5
2018-10-17,168.6166229248047,3.0,5
2018-10-18,164.7076873779297,3.0,5
2018-10-19,164.5555877685547,3.0,5
2018-10-22,165.40194702148438,3.0,5
2018-10-23,164.79331970214844,3.0,5
2018-10-24,157.25123596191406,1.0,5
2018-10-25,162.69142150878906,2.0,5
2018-10-26,158.50669860839844,1.0,5
2018-10-29,155.24449157714844,2.0,5
2018-10-30,157.80287170410156,3.0,5
2018-10-31,161.5120391845703,2.0,5
2018-11-01,163.6425323486328,4.0,5
2018-11-02,161.0936279296875,3.0,5
2018-11-05,160.69412231445312,4.0,5
2018-11-06,161.9115447998047,3.0,5
2018-11-07,166.9903106689453,5.0,5
2018-11-08,165.92514038085938,5.0,5
2018-11-09,163.12893676757812,3.0,5
2018-11-12,158.1927947998047,2.0,5
2018-11-13,158.32598876953125,1.0,5
2018-11-14,157.11810302734375,1.0,5
2018-11-15,159.86671447753906,2.0,5
2018-11-16,159.30560302734375,2.0,5
2018-11-19,154.1317138671875,2.0,5
2018-11-20,151.37362670898438,2.0,5
2018-11-21,152.52444458007812,2.0,5
2018-11-23,151.42112731933594,2.0,5
2018-11-26,154.92111206054688,2.0,5
2018-11-27,155.4442138671875,3.0,5
2018-11-28,160.4468231201172,3.0,5
2018-11-29,159.92376708984375,3.0,5
2018-11-30,161.08407592773438,3.0,5
2018-12-03,163.89932250976562,5.0,5
2018-12-04,157.6126251220703,1.0,5
2018-12-06,158.72540283203125,1.0,5
2018-12-07,153.48500061035156,1.0,5
2018-12-10,155.09234619140625,1.0,5
2018-12-11,155.60585021972656,1.0,5
2018-12-12,156.9754180908203,1.0,5
2018-12-13,157.02301025390625,1.0,5
2018-12-14,153.19964599609375,1.0,5
2018-12-17,149.72821044921875,1.0,5
2018-12-18,150.66976928710938,1.0,5
2018-12-19,146.9700927734375,1.0,5
2018-12-20,144.83966064453125,1.0,5
2018-12-21,140.35060119628906,1.0,5
2018-12-24,136.87017822265625,1.0,5
2018-12-26,145.41622924804688,1.0,5
2018-12-27,145.97898864746094,1.0,5
2018-12-28,145.90264892578125,1.0,5
2018-12-31,147.13302612304688,1.0,5
2019-01-02,147.7244110107422,1.0,5
2019-01-03,142.89820861816406,1.0,5
2019-01-04,149.01202392578125,1.0,5
2019-01-07,150.78614807128906,2.0,5
2019-01-08,152.1499786376953,3.0,5
2019-01-09,153.3899688720703,2.0,5
2019-01-10,153.8287353515625,3.0,5
2019-01-11,153.2659912109375,4.0,5
2019-01-14,151.91160583496094,3.0,5
2019-01-15,154.87791442871094,6.0,5
2019-01-16,154.84930419921875,6.0,5
2019-01-17,156.07012939453125,7.0,5
2019-01-18,157.61532592773438,7.0,5
2019-01-22,154.4582061767578,5.0,5
2019-01-23,154.6585235595703,6.0,5
2019-01-24,155.6600799560547,6.0,5
2019-01-25,157.51995849609375,6.0,5
2019-01-28,155.5741729736328,6.0,5
2019-01-29,154.10531616210938,6.0,5
2019-01-30,158.0254669189453,6.0,5
2019-01-31,160.390869140625,5.0,5
2019-02-01,159.71365356445312,6.0,5
2019-02-04,161.69754028320312,7.0,5
2019-02-05,163.12826538085938,6.0,5
2019-02-06,162.64186096191406,6.0,5
2019-02-07,160.45761108398438,6.0,5
2019-02-08,160.77235412597656,6.0,5
2019-02-11,160.6197967529297,6.0,5
2019-02-12,162.99473571777344,7.0,5
2019-02-13,163.1092071533203,7.0,5
2019-02-14,163.30946350097656,8.0,5
2019-02-15,163.9962158203125,8.0,5
2019-02-19,164.32052612304688,8.0,5
2019-02-20,164.29188537597656,8.0,5
2019-02-21,163.69100952148438,8.0,5
2019-02-22,164.90232849121094,8.0,5
2019-02-25,165.5032501220703,8.0,5
2019-02-26,165.67491149902344,8.0,5
2019-02-27,165.56993103027344,8.0,5
2019-02-28,165.1885223388672,8.0,5
2019-03-01,166.33306884765625,8.0,5
2019-03-04,166.3616485595703,8.0,5
2019-03-05,166.48558044433594,8.0,5
2019-03-06,165.54136657714844,6.0,5
2019-03-07,163.509765625,4.0,5
2019-03-08,163.2618408203125,3.0,5
2019-03-11,166.6573486328125,5.0,5
2019-03-12,167.57293701171875,4.0,5
2019-03-13,168.83197021484375,5.0,5
2019-03-14,168.5458221435547,5.0,5
2019-03-15,170.11009216308594,5.0,5
2019-03-18,170.5152130126953,5.0,5
2019-03-19,171.0885467529297,6.0,5
2019-03-20,171.7669219970703,5.0,5
2019-03-21,174.4520721435547,6.0,5
2019-03-22,170.6203155517578,3.0,5
2019-03-25,170.2954559326172,4.0,5
2019-03-26,171.0885467529297,4.0,5
2019-03-27,169.98963928222656,4.0,5
2019-03-28,170.38143920898438,4.0,5
2019-03-29,171.6714324951172,4.0,5
2019-04-01,173.94558715820312,5.0,5
2019-04-02,174.60491943359375,5.0,5
2019-04-03,175.60821533203125,5.0,5
2019-04-04,175.5413360595703,5.0,5
2019-04-05,176.44906616210938,5.0,5
2019-04-08,176.898193359375,6.0,5
2019-04-09,176.27711486816406,6.0,5
2019-04-10,177.22303771972656,6.0,5
2019-04-11,176.80267333984375,6.0,5
2019-04-12,177.56707763671875,6.0,5
2019-04-15,177.595703125,7.0,5
2019-04-16,178.20729064941406,7.0,5
2019-04-17,178.82835388183594,7.0,5
2019-04-18,179.05770874023438,7.0,5
2019-04-22,179.5641326904297,6.0,5
2019-04-23,181.84783935546875,6.0,5
2019-04-24,181.27450561523438,6.0,5
2019-04-25,182.0103759765625,6.0,5
2019-04-26,182.17271423339844,6.0,5
2019-04-29,182.5263214111328,6.0,5
2019-04-30,181.1121063232422,6.0,5
2019-05-01,180.5292205810547,5.0,5
2019-05-02,179.7456512451172,5.0,5
2019-05-03,182.61227416992188,6.0,5
2019-05-06,181.4943084716797,5.0,5
2019-05-07,177.9588165283203,4.0,5
2019-05-08,177.509765625,4.0,5
2019-05-09,176.55416870117188,3.0,5
2019-05-10,176.77398681640625,3.0,5
2019-05-13,170.6394500732422,2.0,5
2019-05-14,172.51226806640625,3.0,5
2019-05-15,174.94886779785156,3.0,5
2019-05-16,176.7070770263672,3.0,5
2019-05-17,174.90113830566406,2.0,5
2019-05-20,171.9485321044922,2.0,5
2019-05-21,173.7449493408203,3.0,5
2019-05-22,172.97096252441406,2.0,5
2019-05-23,170.32412719726562,2.0,5
2019-05-24,170.2381591796875,3.0,5
2019-05-28,169.59791564941406,2.0,5
2019-05-29,168.20281982421875,2.0,5
2019-05-30,168.9099578857422,2.0,5
2019-05-31,166.21531677246094,2.0,5
2019-06-03,162.55560302734375,3.0,5
2019-06-04,167.13259887695312,4.0,5
2019-06-05,168.3748016357422,4.0,5
2019-06-06,169.7125701904297,4.0,5
2019-06-07,172.9900360107422,3.0,5
2019-06-10,175.00621032714844,2.0,5
2019-06-11,175.2451171875,3.0,5
2019-06-12,174.23223876953125,3.0,5
2019-06-13,175.2642059326172,3.0,5
2019-06-14,174.51890563964844,2.0,5
2019-06-17,175.5700225830078,4.0,5
2019-06-18,178.1212921142578,4.0,5
2019-06-19,178.79014587402344,5.0,5
2019-06-20,180.45278930664062,5.0,5
2019-06-21,180.18528747558594,5.0,5
2019-06-24,180.1909637451172,4.0,5
2019-06-25,177.09776306152344,4.0,5
2019-06-26,177.92132568359375,4.0,5
2019-06-27,178.60130310058594,5.0,5
2019-06-28,178.83108520507812,6.0,5
2019-07-01,181.24441528320312,7.0,5
2019-07-02,181.96261596679688,6.0,5
2019-07-03,183.3321075439453,6.0,5
2019-07-05,182.9586181640625,6.0,5
2019-07-08,181.6753692626953,6.0,5
2019-07-09,182.5851287841797,6.0,5
2019-07-10,184.40460205078125,6.0,5
2019-07-11,184.2705841064453,6.0,5
2019-07-12,185.33352661132812,6.0,5
2019-07-15,185.9272918701172,6.0,5
2019-07-16,184.9696502685547,6.0,5
2019-07-17,184.05987548828125,7.0,5
2019-07-18,184.2705841064453,7.0,5
2019-07-19,182.9202423095703,7.0,5
2019-07-22,184.3759002685547,7.0,5
2019-07-23,185.58251953125,7.0,5
2019-07-24,186.88491821289062,7.0,5
2019-07-25,185.11331176757812,7.0,5
2019-07-26,187.0189971923828,6.0,5
2019-07-29,186.37738037109375,6.0,5
2019-07-30,185.5729522705078,7.0,5
2019-07-31,183.00643920898438,6.0,5
2019-08-01,182.09666442871094,3.0,5
2019-08-02,179.41529846191406,3.0,5
2019-08-05,173.07565307617188,2.0,5
2019-08-06,175.49847412109375,2.0,5
2019-08-07,176.44659423828125,2.0,5
2019-08-08,180.2867431640625,3.0,5
2019-08-09,178.5917510986328,2.0,5
2019-08-12,176.54237365722656,2.0,5
2019-08-13,180.41123962402344,3.0,5
2019-08-14,175.01968383789062,2.0,5
2019-08-15,174.818603515625,2.0,5
2019-08-16,177.6244659423828,2.0,5
2019-08-19,180.4495391845703,2.0,5
2019-08-20,179.05140686035156,2.0,5
2019-08-21,180.64111328125,2.0,5
2019-08-22,180.05682373046875,2.0,5
2019-08-23,174.35891723632812,2.0,5
2019-08-26,176.99246215820312,2.0,5
2019-08-27,176.61895751953125,2.0,5
2019-08-28,177.25100708007812,2.0,5
2019-08-29,179.96116638183594,2.0,5
2019-08-30,179.53016662597656,3.0,5
2019-09-03,177.7872772216797,3.0,5
2019-09-04,180.35377502441406,3.0,5
2019-09-05,183.6576690673828,4.0,5
2019-09-06,183.4757080078125,5.0,5
2019-09-09,183.09262084960938,6.0,5
2019-09-10,182.5659637451172,9.0,5
2019-09-11,184.28009033203125,9.0,5
2019-09-12,185.0462646484375,8.0,5
2019-09-13,184.3854522705078,9.0,5
2019-09-16,183.56192016601562,9.0,5
2019-09-17,184.4429473876953,9.0,5
2019-09-18,184.36631774902344,7.0,5
2019-09-19,184.67279052734375,7.0,5
2019-09-20,182.71917724609375,7.0,5
2019-09-23,182.79978942871094,7.0,5
2019-09-24,180.37203979492188,4.0,5
2019-09-25,182.3967742919922,7.0,5
2019-09-26,181.7250518798828,7.0,5
2019-09-27,179.47003173828125,3.0,5
2019-09-30,181.17808532714844,5.0,5
2019-10-01,179.70034790039062,3.0,5
2019-10-02,176.6104736328125,2.0,5
2019-10-03,178.548828125,2.0,5
2019-10-04,181.17808532714844,4.0,5
2019-10-07,180.631103515625,3.0,5
2019-10-08,177.9250946044922,2.0,5
2019-10-09,179.6619110107422,2.0,5
2019-10-10,181.05332946777344,5.0,5
2019-10-11,183.38511657714844,6.0,5
2019-10-14,183.3658905029297,6.0,5
2019-10-15,185.6977081298828,7.0,5
2019-10-16,185.23707580566406,7.0,5
2019-10-17,185.7264862060547,7.0,5
2019-10-18,183.94166564941406,6.0,5
2019-10-21,185.5729522705078,7.0,5
2019-10-22,184.09518432617188,8.0,5
2019-10-23,184.4502716064453,8.0,5
2019-10-24,186.24461364746094,7.0,5
2019-10-25,187.7320098876953,7.0,5
2019-10-28,189.58401489257812,7.0,5
2019-10-29,188.11585998535156,9.0,5
2019-10-30,189.02743530273438,7.0,5
2019-10-31,189.11378479003906,6.0,5
2019-11-01,190.83143615722656,6.0,5
2019-11-04,192.01174926757812,7.0,5
2019-11-05,192.1173095703125,7.0,5
2019-11-06,191.6854705810547,7.0,5
2019-11-07,192.32835388183594,7.0,5
2019-11-08,193.0960693359375,7.0,5
2019-11-11,192.83692932128906,7.0,5
2019-11-12,193.39353942871094,7.0,5
2019-11-13,193.44151306152344,7.0,5
2019-11-14,193.2879638671875,6.0,5
2019-11-15,194.70809936523438,7.0,5
2019-11-18,194.8616485595703,6.0,5
2019-11-19,195.14955139160156,6.0,5
2019-11-20,193.97886657714844,6.0,5
2019-11-21,193.5470733642578,6.0,5
2019-11-22,193.6717987060547,6.0,5
2019-11-25,195.96519470214844,6.0,5
2019-11-26,196.33941650390625,6.0,5
2019-11-27,197.71160888671875,6.0,5
2019-11-29,196.8096160888672,6.0,5
2019-12-02,194.7945098876953,5.0,5
2019-12-03,193.2687530517578,6.0,5
2019-12-04,194.24755859375,6.0,5
2019-12-05,194.63134765625,6.0,5
2019-12-06,196.71368408203125,7.0,5
2019-12-09,195.82122802734375,6.0,5
2019-12-10,195.6581268310547,7.0,5
2019-12-11,196.69447326660156,7.0,5
2019-12-12,198.16262817382812,9.0,5
2019-12-13,198.81517028808594,7.0,5
2019-12-16,200.8110809326172,7.0,5
2019-12-17,200.92620849609375,7.0,5
2019-12-18,201.0797119140625,8.0,5
2019-12-19,202.3367919921875,7.0,5
2019-12-20,203.15245056152344,8.0,5
2019-12-23,203.68902587890625,7.0,5
2019-12-24,203.79481506347656,8.0,5
2019-12-26,205.59317016601562,7.0,5
2019-12-27,205.41998291015625,6.0,5
2019-12-30,204.07371520996094,6.0,5
2019-12-31,204.45838928222656,6.0,5
2020-01-02,207.87228393554688,7.0,5
2020-01-03,205.96823120117188,6.0,5
2020-01-06,207.29525756835938,6.0,5
2020-01-07,207.2664031982422,6.0,5
2020-01-08,208.8242950439453,6.0,5
2020-01-09,210.59378051757812,7.0,5
2020-01-10,210.05519104003906,6.0,5
2020-01-13,212.4786376953125,7.0,5
2020-01-14,211.6419677734375,7.0,5
2020-01-15,211.72848510742188,7.0,5
2020-01-16,213.75758361816406,7.0,5
2020-01-17,214.81544494628906,7.0,5
2020-01-21,214.71925354003906,5.0,5
2020-01-22,215.28660583496094,5.0,5
2020-01-23,215.97903442382812,5.0,5
2020-01-24,214.16151428222656,4.0,5
2020-01-27,209.73789978027344,4.0,5
2020-01-28,212.95947265625,4.0,5
2020-01-29,213.3056182861328,4.0,5
2020-01-30,214.0653533935547,4.0,5
2020-01-31,210.6707000732422,4.0,5
2020-02-03,213.853759765625,4.0,5
2020-02-04,218.7486572265625,4.0,5
2020-02-05,219.4698944091797,4.0,5
2020-02-06,221.36434936523438,4.0,5
2020-02-07,220.41229248046875,4.0,5
2020-02-10,223.0760955810547,4.0,5
2020-02-11,223.11453247070312,4.0,5
2020-02-12,225.28790283203125,4.0,5
2020-02-13,224.9994354248047,4.0,5
2020-02-14,225.64376831054688,4.0,5
2020-02-18,225.730224609375,4.0,5
2020-02-19,227.8939971923828,4.0,5
2020-02-20,225.77833557128906,4.0,5
2020-02-21,221.4412841796875,4.0,5
2020-02-24,212.9017333984375,3.0,5
2020-02-25,207.11253356933594,2.0,5
2020-02-26,208.17996215820312,2.0,5
2020-02-27,197.75563049316406,2.0,5
2020-02-28,197.90948486328125,2.0,5
2020-03-02,208.12229919433594,2.0,5
2020-03-03,201.4483642578125,2.0,5
2020-03-04,209.85330200195312,2.0,5
2020-03-05,203.4774932861328,2.0,5
2020-03-06,200.04434204101562,2.0,5
2020-03-09,186.14834594726562,1.0,5
2020-03-10,196.28424072265625,2.0,5
2020-03-11,187.73509216308594,1.0,5
2020-03-12,170.52139282226562,0.0,5
2020-03-13,184.96554565429688,0.0,5
2020-03-16,162.8088836669922,0.0,5
2020-03-17,175.15663146972656,0.0,5
2020-03-18,169.8290252685547,0.0,5
2020-03-19,170.848388671875,1.0,5
2020-03-20,164.15524291992188,0.0,5
2020-03-23,164.27374267578125,0.0,5
2020-03-24,176.99472045898438,0.0,5
2020-03-25,175.68408203125,0.0,5
2020-03-26,184.93563842773438,1.0,5
2020-03-27,178.57521057128906,0.0,5
2020-03-30,185.07058715820312,1.0,5
2020-03-31,183.49012756347656,1.0,5
2020-04-01,175.6937255859375,0.0,5
2020-04-02,179.25938415527344,1.0,5
2020-04-03,176.71527099609375,0.0,5
2020-04-06,189.34945678710938,2.0,5
2020-04-07,189.2723388671875,1.0,5
2020-04-08,193.2910614013672,3.0,5
2020-04-09,193.57049560546875,3.0,5
2020-04-13,195.66175842285156,3.0,5
2020-04-14,204.17127990722656,4.0,5
2020-04-15,201.8294677734375,4.0,5
2020-04-16,205.51087951660156,4.0,5
2020-04-17,207.4768524169922,4.0,5
2020-04-20,205.0193634033203,4.0,5
2020-04-21,197.45423889160156,4.0,5
2020-04-22,203.31362915039062,4.0,5
2020-04-23,202.87991333007812,4.0,5
2020-04-24,206.0794219970703,5.0,5
2020-04-27,207.7370147705078,5.0,5
2020-04-28,203.8243865966797,5.0,5
2020-04-29,211.0521697998047,5.0,5
2020-04-30,210.96546936035156,5.0,5
2020-05-01,205.0193634033203,5.0,5
2020-05-04,207.4093780517578,5.0,5
2020-05-05,209.76080322265625,5.0,5
2020-05-06,211.0521697998047,5.0,5
2020-05-07,213.7698211669922,5.0,5
2020-05-08,216.69952392578125,6.0,5
2020-05-11,218.63656616210938,6.0,5
2020-05-12,214.0589599609375,6.0,5
2020-05-13,211.37982177734375,5.0,5
2020-05-14,213.77944946289062,5.0,5
2020-05-15,215.16722106933594,5.0,5
2020-05-18,219.17623901367188,5.0,5
2020-05-19,218.62693786621094,5.0,5
2020-05-20,222.9925079345703,5.0,5
2020-05-21,220.56396484375,6.0,5
2020-05-22,221.32528686523438,7.0,5
2020-05-26,220.72776794433594,8.0,5
2020-05-27,221.93247985839844,8.0,5
2020-05-28,221.64332580566406,8.0,5
2020-05-29,224.89105224609375,8.0,5
2020-06-01,225.56561279296875,8.0,5
2020-06-02,227.0786895751953,8.0,5
2020-06-03,228.1002197265625,8.0,5
2020-06-04,226.50047302246094,8.0,5
2020-06-05,230.99130249023438,8.0,5
2020-06-08,232.7838134765625,8.0,5
2020-06-09,234.47032165527344,8.0,5
2020-06-10,237.28436279296875,8.0,5
2020-06-11,225.52713012695312,6.0,5
2020-06-12,227.319580078125,7.0,5
2020-06-15,230.08538818359375,8.0,5
2020-06-16,234.03660583496094,8.0,5
2020-06-17,234.77870178222656,7.0,5
2020-06-18,235.4147186279297,7.0,5
2020-06-19,235.37619018554688,6.0,5
2020-06-22,238.19895935058594,5.0,5
2020-06-23,240.2262725830078,6.0,5
2020-06-24,235.27383422851562,5.0,5
2020-06-25,237.5135498046875,5.0,5
2020-06-26,231.90464782714844,5.0,5
2020-06-29,234.43392944335938,5.0,5
2020-06-30,239.02923583984375,5.0,5
2020-07-01,241.81918334960938,5.0,5
2020-07-02,243.46029663085938,5.0,5
2020-07-06,249.44569396972656,5.0,5
2020-07-07,247.72727966308594,4.0,5
2020-07-08,250.99034118652344,5.0,5
2020-07-09,253.10447692871094,4.0,5
2020-07-10,254.8325958251953,4.0,5
2020-07-13,249.5904998779297,4.0,5
2020-07-14,251.35720825195312,4.0,5
2020-07-15,251.86883544921875,5.0,5
2020-07-16,250.150390625,5.0,5
2020-07-17,250.44007873535156,4.0,5
2020-07-20,257.5452575683594,4.0,5
2020-07-21,254.86151123046875,4.0,5
2020-07-22,255.75930786132812,4.0,5
2020-07-23,249.078857421875,4.0,5
2020-07-24,246.71363830566406,4.0,5
2020-07-27,251.1157684326172,4.0,5
2020-07-28,247.9203643798828,4.0,5
2020-07-29,250.77793884277344,4.0,5
2020-07-30,252.09092712402344,5.0,5
2020-07-31,256.589599609375,5.0,5
2020-08-03,260.0552673339844,4.0,5
2020-08-04,261.0205993652344,4.0,5
2020-08-05,261.66748046875,4.0,5
2020-08-06,265.1332092285156,4.0,5
2020-08-07,262.07293701171875,5.0,5
2020-08-10,260.9530334472656,7.0,5
2020-08-11,256.01031494140625,6.0,5
2020-08-12,262.4494934082031,7.0,5
2020-08-13,263.0479431152344,7.0,5
2020-08-14,262.739013671875,7.0,5
2020-08-17,265.78961181640625,7.0,5
2020-08-18,268.3479309082031,5.0,5
2020-08-19,266.54266357421875,5.0,5
2020-08-20,270.2400817871094,5.0,5
2020-08-21,272.11285400390625,5.0,5
2020-08-24,273.81195068359375,6.0,5
2020-08-25,275.9648742675781,6.0,5
2020-08-26,281.85369873046875,5.0,5
2020-08-27,280.9751892089844,6.0,5
2020-08-28,282.40386962890625,6.0,5
2020-08-31,284.6726379394531,6.0,5
2020-09-01,289.5381164550781,6.0,5
2020-09-02,292.2797546386719,6.0,5
2020-09-03,277.46112060546875,6.0,5
2020-09-04,273.763671875,6.0,5
2020-09-08,260.6055603027344,5.0,5
2020-09-09,268.26104736328125,6.0,5
2020-09-10,262.9128723144531,6.0,5
2020-09-11,261.0882568359375,4.0,5
2020-09-14,265.63519287109375,7.0,5
2020-09-15,269.4002380371094,6.0,5
2020-09-16,265.1041564941406,6.0,5
2020-09-17,260.9627380371094,6.0,5
2020-09-18,257.6321105957031,6.0,5
2020-09-21,258.25,3.0,5
2020-09-22,263.0479431152344,3.0,5
2020-09-23,255.01596069335938,3.0,5
2020-09-24,256.2033386230469,4.0,5
2020-09-25,262.1597900390625,3.0,5
2020-09-28,267.6045837402344,4.0,5
2020-09-29,266.39776611328125,5.0,5
2020-09-30,268.2224426269531,5.0,5
2020-10-01,272.4797668457031,4.0,5
2020-10-02,264.8146057128906,5.0,5
2020-10-05,270.4621276855469,7.0,5
2020-10-06,265.63519287109375,6.0,5
2020-10-07,270.23040771484375,8.0,5
2020-10-08,271.66876220703125,8.0,5
2020-10-09,275.82000732421875,8.0,5
2020-10-12,284.3346862792969,8.0,5
2020-10-13,284.32501220703125,6.0,5
2020-10-14,281.9501647949219,6.0,5
2020-10-15,280.05810546875,7.0,5
2020-10-16,278.5230712890625,7.0,5
2020-10-19,273.9761047363281,7.0,5
2020-10-20,274.5650329589844,8.0,5
2020-10-21,274.3526306152344,7.0,5
2020-10-22,274.3429870605469,8.0,5
2020-10-23,274.8836364746094,8.0,5
2020-10-26,270.7613525390625,7.0,5
2020-10-27,272.8755798339844,6.0,5
2020-10-28,262.237060546875,4.0,5
2020-10-29,266.8226623535156,5.0,5
2020-10-30,260.0552673339844,6.0,5
2020-11-02,260.6344909667969,6.0,5
2020-11-03,265.1428527832031,6.0,5
2020-11-04,276.97845458984375,8.0,5
2020-11-05,284.1995849609375,8.0,5
2020-11-06,284.4118347167969,8.0,5
2020-11-09,278.6003723144531,7.0,5
2020-11-10,273.60931396484375,7.0,5
2020-11-11,279.72979736328125,7.0,5
2020-11-12,278.4168701171875,7.0,5
2020-11-13,280.8592529296875,8.0,5
2020-11-16,283.0506591796875,8.0,5
2020-11-17,282.15289306640625,8.0,5
2020-11-18,280.06768798828125,8.0,5
2020-11-19,282.25909423828125,8.0,5
2020-11-20,280.328369140625,8.0,5
2020-11-23,280.3380432128906,8.0,5
2020-11-24,284.2767639160156,8.0,5
2020-11-25,286.02410888671875,8.0,5
2020-11-27,288.6596374511719,8.0,5
2020-11-30,289.24853515625,7.0,5
2020-12-01,292.95550537109375,8.0,5
2020-12-02,293.3320617675781,8.0,5
2020-12-03,293.74713134765625,8.0,5
2020-12-04,294.9442138671875,8.0,5
2020-12-07,296.6144104003906,8.0,5
2020-12-08,297.6184387207031,8.0,5
2020-12-09,290.87994384765625,8.0,5
2020-12-10,292.0481262207031,8.0,5
2020-12-11,291.4013366699219,8.0,5
2020-12-14,293.5155029296875,8.0,5
2020-12-15,296.65301513671875,8.0,5
2020-12-16,298.2845153808594,8.0,5
2020-12-17,300.2345886230469,8.0,5
2020-12-18,299.3270263671875,8.0,5
2020-12-21,298.7670593261719,8.0,5
2020-12-22,299.5794982910156,8.0,5
2020-12-23,298.07080078125,8.0,5
2020-12-24,299.3861083984375,8.0,5
2020-12-28,302.4035949707031,8.0,5
2020-12-29,302.67431640625,8.0,5
2020-12-30,302.68402099609375,8.0,5
2020-12-31,303.4287414550781,8.0,5
2021-01-04,299.144287109375,8.0,5
2021-01-05,301.6105041503906,8.0,5
2021-01-06,297.4325866699219,8.0,5
2021-01-07,304.6280212402344,8.0,5
2021-01-08,308.5448303222656,8.0,5
2021-01-11,304.0863952636719,8.0,5
2021-01-12,303.6027526855469,8.0,5
2021-01-13,305.65313720703125,8.0,5
2021-01-14,304.0186462402344,8.0,5
2021-01-15,301.6105041503906,8.0,5
2021-01-19,306.0110168457031,8.0,5
2021-01-20,313.1290588378906,8.0,5
2021-01-21,315.63397216796875,7.0,5
2021-01-22,314.72479248046875,7.0,5
2021-01-25,317.3265075683594,7.0,5
2021-01-26,317.7906799316406,7.0,5
2021-01-27,308.9317321777344,6.0,5
2021-01-28,310.75958251953125,7.0,5
2021-01-29,304.2217712402344,6.0,5
2021-02-01,311.82342529296875,7.0,5
2021-02-02,316.9105529785156,7.0,5
2021-02-03,315.6533203125,7.0,5
2021-02-04,319.38641357421875,7.0,5
2021-02-05,320.4696350097656,7.0,5
2021-02-08,322.6166687011719,7.0,5
2021-02-09,322.54901123046875,7.0,5
2021-02-10,321.8139343261719,7.0,5
2021-02-11,323.58380126953125,8.0,5
2021-02-12,325.39239501953125,8.0,5
2021-02-16,324.51226806640625,8.0,5
2021-02-17,322.9552307128906,8.0,5
2021-02-18,321.5430603027344,8.0,5
2021-02-19,320.1408386230469,8.0,5
2021-02-22,311.8428649902344,7.0,5
2021-02-23,310.9143981933594,7.0,5
2021-02-24,313.47723388671875,7.0,5
2021-02-25,302.54852294921875,6.0,5
2021-02-26,303.81561279296875,6.0,5
2021-03-01,312.9549865722656,8.0,5
2021-03-02,307.935546875,6.0,5
2021-03-03,298.999267578125,6.0,5
2021-03-04,294.1055603027344,5.0,5
2021-03-05,298.5350341796875,6.0,5
2021-03-08,290.0822448730469,6.0,5
2021-03-09,301.5234069824219,6.0,5
2021-03-10,300.66278076171875,6.0,5
2021-03-11,307.58746337890625,6.0,5
2021-03-12,305.0921936035156,6.0,5
2021-03-15,308.35150146484375,6.0,5
2021-03-16,310.0439147949219,6.0,5
2021-03-17,311.320556640625,7.0,5
2021-03-18,301.78460693359375,6.0,5
2021-03-19,302.8484802246094,6.0,5
2021-03-22,308.5278015136719,6.0,5
2021-03-23,307.1817932128906,4.0,5
2021-03-24,302.00115966796875,4.0,5
2021-03-25,301.47821044921875,6.0,5
2021-03-26,306.00042724609375,7.0,5
2021-03-29,305.9132385253906,5.0,5
2021-03-30,304.3736267089844,6.0,5
2021-03-31,309.0313720703125,8.0,5
2021-04-01,314.29925537109375,9.0,5
2021-04-05,320.57415771484375,7.0,5
2021-04-06,320.3514709472656,7.0,5
2021-04-07,321.12615966796875,7.0,5
2021-04-08,324.47674560546875,7.0,5
2021-04-09,326.4424743652344,7.0,5
2021-04-12,326.016357421875,7.0,5
2021-04-13,329.8219299316406,6.0,5
2021-04-14,325.8614807128906,7.0,5
2021-04-15,330.8000183105469,6.0,5
2021-04-16,331.1874694824219,6.0,5
2021-04-19,328.15643310546875,6.0,5
2021-04-20,325.7646179199219,6.0,5
2021-04-21,328.5534362792969,6.0,5
2021-04-22,324.59295654296875,5.0,5
2021-04-23,328.6792907714844,6.0,5
2021-04-26,330.8194274902344,5.0,5
2021-04-27,329.38623046875,6.0,5
2021-04-28,328.27264404296875,7.0,5
2021-04-29,329.45404052734375,7.0,5
2021-04-30,327.2945556640625,6.0,5
2021-05-03,325.5515441894531,6.0,5
2021-05-04,319.69305419921875,3.0,5
2021-05-05,318.6180725097656,4.0,5
2021-05-06,321.0196228027344,4.0,5
2021-05-07,323.62457275390625,5.0,5
2021-05-10,315.4515686035156,5.0,5
2021-05-11,315.015869140625,3.0,5
2021-05-12,306.8623046875,3.0,5
2021-05-13,309.2347412109375,3.0,5
2021-05-14,316.06170654296875,5.0,5
2021-05-17,314.1442565917969,3.0,5
2021-05-18,312.0235900878906,4.0,5
2021-05-19,312.38189697265625,4.0,5
2021-05-20,318.4244079589844,5.0,5
2021-05-21,316.6619873046875,5.0,5
2021-05-24,321.98797607421875,5.0,5
2021-05-25,322.4334411621094,5.0,5
2021-05-26,323.5567932128906,5.0,5
2021-05-27,322.3463439941406,6.0,5
2021-05-28,323.36309814453125,7.0,5
2021-06-01,322.288330078125,7.0,5
2021-06-02,322.9176330566406,8.0,5
2021-06-03,319.5574035644531,8.0,5
2021-06-04,324.98016357421875,8.0,5
2021-06-07,325.9485778808594,8.0,5
2021-06-08,326.103515625,8.0,5
2021-06-09,326.1809997558594,8.0,5
2021-06-10,329.5799560546875,8.0,5
2021-06-11,330.4416809082031,8.0,5
2021-06-14,333.60833740234375,7.0,5
2021-06-15,331.42950439453125,7.0,5
2021-06-16,330.2190246582031,7.0,5
2021-06-17,334.4119873046875,5.0,5
2021-06-18,331.7878112792969,5.0,5
2021-06-21,333.84979248046875,6.0,5
2021-06-22,336.9618225097656,6.0,5
2021-06-23,337.1266784667969,6.0,5
2021-06-24,339.21099853515625,6.0,5
2021-06-25,338.79412841796875,6.0,5
2021-06-28,342.9144592285156,6.0,5
2021-06-29,344.1554260253906,6.0,5
2021-06-30,343.61248779296875,6.0,5
2021-07-01,343.74822998046875,6.0,5
2021-07-02,347.6939392089844,6.0,5
2021-07-06,349.19671630859375,5.0,5
2021-07-07,349.9335021972656,5.0,5
2021-07-08,347.8199768066406,4.0,5
2021-07-09,349.9916687011719,5.0,5
2021-07-12,351.35858154296875,5.0,5
2021-07-13,351.35858154296875,5.0,5
2021-07-14,351.9888610839844,5.0,5
2021-07-15,349.51654052734375,5.0,5
2021-07-16,346.68572998046875,5.0,5
2021-07-19,343.84521484375,4.0,5
2021-07-20,347.8393859863281,5.0,5
2021-07-21,350.52490234375,5.0,5
2021-07-22,352.8418884277344,5.0,5
2021-07-23,356.96221923828125,5.0,5
2021-07-26,357.2433166503906,5.0,5
2021-07-27,353.3072509765625,4.0,5
2021-07-28,354.6645202636719,5.0,5
2021-07-29,355.2947692871094,5.0,5
2021-07-30,353.4430236816406,5.0,5
2021-08-02,353.4720458984375,4.0,5
2021-08-03,355.61468505859375,5.0,5
2021-08-04,356.1283874511719,5.0,5
2021-08-05,358.38739013671875,5.0,5
2021-08-06,356.81683349609375,5.0,5
2021-08-09,357.47601318359375,5.0,5
2021-08-10,355.6437683105469,5.0,5
2021-08-11,355.0329284667969,5.0,5
2021-08-12,356.3126220703125,5.0,5
2021-08-13,357.5632629394531,5.0,5
2021-08-16,357.71844482421875,5.0,5
2021-08-17,354.56756591796875,4.0,5
2021-08-18,351.155029296875,4.0,5
2021-08-19,352.8516540527344,4.0,5
2021-08-20,356.5065002441406,3.0,5
2021-08-23,361.838623046875,5.0,5
2021-08-24,362.94390869140625,6.0,5
2021-08-25,363.36077880859375,6.0,5
2021-08-26,361.05340576171875,5.0,5
2021-08-27,364.5628967285156,7.0,5
2021-08-30,368.654052734375,6.0,5
2021-08-31,368.3536071777344,6.0,5
2021-09-01,368.9643249511719,6.0,5
2021-09-02,368.78985595703125,6.0,5
2021-09-03,369.92413330078125,6.0,5
2021-09-07,370.4476318359375,6.0,5
2021-09-08,369.15826416015625,5.0,5
2021-09-09,367.88818359375,5.0,5
2021-09-10,365.09619140625,5.0,5
2021-09-13,364.84405517578125,6.0,5
2021-09-14,363.8067626953125,5.0,5
2021-09-15,366.5115661621094,7.0,5
2021-09-16,366.763671875,7.0,5
2021-09-17,362.4203796386719,6.0,5
2021-09-20,354.931640625,4.0,5
2021-09-21,355.3683166503906,3.0,5
2021-09-22,358.68768310546875,4.0,5
2021-09-23,361.99725341796875,6.0,5
2021-09-24,362.3368835449219,8.0,5
2021-09-27,359.4446716308594,6.0,5
2021-09-28,349.27325439453125,6.0,5
2021-09-29,348.7006530761719,6.0,5
2021-09-30,347.4195251464844,6.0,5
2021-10-01,349.5740661621094,5.0,5
2021-10-04,342.23681640625,6.0,5
2021-10-05,346.8565979003906,5.0,5
2021-10-06,349.0791320800781,5.0,5
2021-10-07,352.28192138671875,5.0,5
2021-10-08,350.5252990722656,5.0,5
2021-10-11,347.83685302734375,5.0,5
2021-10-12,346.6236572265625,6.0,5
2021-10-13,349.3994445800781,7.0,5
2021-10-14,355.834228515625,7.0,5
2021-10-15,358.07611083984375,6.0,5
2021-10-18,361.67694091796875,8.0,5
2021-10-19,364.41387939453125,8.0,5
2021-10-20,363.93829345703125,8.0,5
2021-10-21,366.16082763671875,8.0,5
2021-10-22,363.08428955078125,9.0,5
2021-10-25,366.8014831542969,9.0,5
2021-10-26,367.9564208984375,8.0,5
2021-10-27,368.8104553222656,6.0,5
2021-10-28,372.90625,7.0,5
2021-10-29,374.7405700683594,6.0,5
2021-11-01,376.021728515625,7.0,5
2021-11-02,377.5939636230469,7.0,5
2021-11-03,381.6024475097656,8.0,5
2021-11-04,386.4940185546875,6.0,5
2021-11-05,386.86285400390625,6.0,5
2021-11-08,386.3387451171875,6.0,5
2021-11-09,383.6794128417969,6.0,5
2021-11-10,378.04052734375,6.0,5
2021-11-11,379.08868408203125,7.0,5
2021-11-12,383.0776672363281,8.0,5
2021-11-15,382.990234375,8.0,5
2021-11-16,385.7174987792969,7.0,5
2021-11-17,385.9214172363281,7.0,5
2021-11-18,389.9199523925781,7.0,5
2021-11-19,392.0941162109375,6.0,5
2021-11-22,387.5420837402344,6.0,5
2021-11-23,385.7757568359375,6.0,5
2021-11-24,387.0180358886719,6.0,5
2021-11-26,379.6806945800781,4.0,5
2021-11-29,387.9207458496094,4.0,5
2021-11-30,382.2236022949219,4.0,5
2021-12-01,375.7208251953125,3.0,5
2021-12-02,378.4287109375,3.0,5
2021-12-03,371.84832763671875,3.0,5
2021-12-06,374.8278503417969,3.0,5
2021-12-07,386.115478515625,3.0,5
2021-12-08,387.84307861328125,5.0,5
2021-12-09,382.13623046875,5.0,5
2021-12-10,386.2901306152344,5.0,5
2021-12-13,380.70953369140625,3.0,5
2021-12-14,376.7690734863281,3.0,5
2021-12-15,385.3584289550781,4.0,5
2021-12-16,375.4490966796875,4.0,5
2021-12-17,373.5759582519531,2.0,5
2021-12-20,369.9521179199219,3.0,5
2021-12-21,378.2317810058594,4.0,5
2021-12-22,382.83807373046875,5.0,5
2021-12-23,385.7242431640625,5.0,5
2021-12-27,392.0992126464844,6.0,5
2021-12-28,390.2819519042969,6.0,5
2021-12-29,390.2236328125,6.0,5
2021-12-30,389.0575866699219,6.0,5
2021-12-31,386.6280212402344,6.0,5
2022-01-03,390.3500671386719,6.0,5
2022-01-04,385.2870178222656,6.0,5
2022-01-05,373.4505310058594,3.0,5
2022-01-06,373.188232421875,3.0,5
2022-01-07,369.1455078125,3.0,5
2022-01-10,369.38848876953125,3.0,5
2022-01-11,374.9374084472656,3.0,5
2022-01-12,376.42425537109375,4.0,5
2022-01-13,367.0074768066406,3.0,5
2022-01-14,369.29132080078125,3.0,5
2022-01-18,360.09808349609375,3.0,5
2022-01-19,356.1429138183594,4.0,5
2022-01-20,351.51715087890625,2.0,5
2022-01-21,341.7701416015625,2.0,5
2022-01-24,343.33465576171875,3.0,5
2022-01-25,335.3756103515625,3.0,5
2022-01-26,334.85089111328125,3.0,5
2022-01-27,331.4787292480469,2.0,5
2022-01-28,341.876953125,1.0,5
2022-01-31,352.80963134765625,2.0,5
2022-02-01,355.2099914550781,3.0,5
2022-02-02,358.09613037109375,3.0,5
2022-02-03,343.5776062011719,2.0,5
2022-02-04,347.91180419921875,2.0,5
2022-02-07,345.1130676269531,3.0,5
2022-02-08,348.990478515625,4.0,5
2022-02-09,356.38592529296875,6.0,5
2022-02-10,348.3199462890625,4.0,5
2022-02-11,337.2706604003906,4.0,5
2022-02-14,337.6885681152344,4.0,5
2022-02-15,346.0848083496094,4.0,5
2022-02-16,345.9974670410156,4.0,5
2022-02-17,335.70611572265625,4.0,5
2022-02-18,331.8772277832031,4.0,5
2022-02-22,328.5439758300781,3.0,5
2022-02-23,320.12823486328125,3.0,5
2022-02-24,330.885986328125,4.0,5
2022-02-25,336.0171203613281,5.0,5
2022-02-28,337.0180358886719,4.0,5
2022-03-01,331.8577880859375,4.0,5
2022-03-02,337.4261779785156,4.0,5
2022-03-03,332.6060791015625,3.0,5
2022-03-04,327.7859191894531,3.0,5
2022-03-07,315.69683837890625,3.0,5
2022-03-08,314.22943115234375,3.0,5
2022-03-09,325.5411376953125,3.0,5
2022-03-10,321.926025390625,3.0,5
2022-03-11,315.2498779296875,3.0,5
2022-03-14,309.19561767578125,3.0,5
2022-03-15,318.89404296875,2.0,5
2022-03-16,330.72076416015625,3.0,5
2022-03-17,334.72454833984375,3.0,5
2022-03-18,341.5757751464844,5.0,5
2022-03-21,340.6260681152344,4.0,5
2022-03-22,347.3203125,5.0,5
2022-03-23,342.3288269042969,4.0,5
2022-03-24,349.9375915527344,4.0,5
2022-03-25,349.6457824707031,3.0,5
2022-03-28,355.05560302734375,4.0,5
2022-03-29,361.166015625,6.0,5
2022-03-30,357.17669677734375,4.0,5
2022-03-31,352.7495422363281,4.0,5
2022-04-01,352.0782775878906,4.0,5
2022-04-04,359.3270568847656,6.0,5
2022-04-05,351.3484802246094,4.0,5
2022-04-06,343.72021484375,3.0,5
2022-04-07,344.5375671386719,3.0,5
2022-04-08,339.7210693359375,3.0,5
2022-04-11,331.6842956542969,3.0,5
2022-04-12,330.28314208984375,4.0,5
2022-04-13,336.9967956542969,4.0,5
2022-04-14,329.29071044921875,3.0,5
2022-04-18,329.5437316894531,3.0,5
2022-04-19,336.9092102050781,3.0,5
2022-04-20,331.99560546875,3.0,5
2022-04-21,325.1262512207031,3.0,5
2022-04-22,316.61248779296875,3.0,5
2022-04-25,320.6796569824219,3.0,5
2022-04-26,308.5756530761719,3.0,5
2022-04-27,308.20587158203125,3.0,5
2022-04-28,319.152099609375,2.0,5
2022-04-29,304.7906799316406,3.0,5
2022-05-02,309.8794860839844,3.0,5
2022-05-03,310.21026611328125,3.0,5
2022-05-04,320.6991271972656,3.0,5
2022-05-05,304.54736328125,3.0,5
2022-05-06,300.8987121582031,3.0,5
2022-05-09,289.12548828125,2.0,5
2022-05-10,292.6379699707031,1.0,5
2022-05-11,283.9588928222656,2.0,5
2022-05-12,283.2874755859375,2.0,5
2022-05-13,293.7861328125,3.0,5
2022-05-16,290.38055419921875,3.0,5
2022-05-17,297.9018859863281,3.0,5
2022-05-18,283.2778015136719,2.0,5
2022-05-19,281.7598876953125,2.0,5
2022-05-20,280.8841552734375,2.0,5
2022-05-23,285.5545349121094,2.0,5
2022-05-24,279.4830627441406,2.0,5
2022-05-25,283.39459228515625,2.0,5
2022-05-26,291.2465515136719,3.0,5
2022-05-27,300.7527160644531,3.0,5
2022-05-31,299.9549255371094,3.0,5
2022-06-01,297.7364807128906,3.0,5
2022-06-02,305.89013671875,4.0,5
2022-06-03,297.93109130859375,4.0,5
2022-06-06,298.9234924316406,4.0,5
2022-06-07,301.5019226074219,5.0,5
2022-06-08,299.3321838378906,5.0,5
2022-06-09,291.314697265625,4.0,5
2022-06-10,281.0398864746094,2.0,5
2022-06-13,267.9725646972656,2.0,5
2022-06-14,268.45904541015625,2.0,5
2022-06-15,275.1629333496094,2.0,5
2022-06-16,264.0610656738281,2.0,5
2022-06-17,267.2719421386719,2.0,5
2022-06-21,274.01507568359375,2.0,5
2022-06-22,273.61541748046875,2.0,5
2022-06-23,277.6903991699219,1.0,5
2022-06-24,287.205078125,2.0,5
2022-06-27,285.09942626953125,2.0,5
2022-06-28,276.41339111328125,2.0,5
2022-06-29,276.66680908203125,2.0,5
2022-06-30,273.2352294921875,2.0,5
2022-07-01,275.0387268066406,2.0,5
2022-07-05,279.747314453125,2.0,5
2022-07-06,281.54107666015625,1.0,5
2022-07-07,287.5657653808594,1.0,5
2022-07-08,287.9264831542969,1.0,5
2022-07-11,281.7750244140625,1.0,5
2022-07-12,279.04547119140625,1.0,5
2022-07-13,278.47027587890625,2.0,5
2022-07-14,279.46466064453125,1.0,5
2022-07-15,284.5339660644531,1.0,5
2022-07-18,282.1260681152344,2.0,5
2022-07-19,290.8023681640625,4.0,5
2022-07-20,295.4134521484375,5.0,5
2022-07-21,299.6541442871094,5.0,5
2022-07-22,294.3995361328125,4.0,5
2022-07-25,292.7227478027344,5.0,5
2022-07-26,286.97113037109375,4.0,5
2022-07-27,299.0984191894531,4.0,5
2022-07-28,302.0229797363281,4.0,5
2022-07-29,307.53106689453125,4.0,5
2022-08-01,307.3457946777344,4.0,5
2022-08-02,306.4294128417969,4.0,5
2022-08-03,314.7742614746094,4.0,5
2022-08-04,316.246337890625,4.0,5
2022-08-05,313.66290283203125,4.0,5
2022-08-08,312.6490783691406,4.0,5
2022-08-09,309.1102294921875,4.0,5
2022-08-10,317.7378234863281,4.0,5
2022-08-11,315.934326171875,5.0,5
2022-08-12,322.0857849121094,5.0,5
2022-08-15,324.6886901855469,5.0,5
2022-08-16,323.92828369140625,5.0,5
2022-08-17,320.2334899902344,5.0,5
2022-08-18,321.0036926269531,5.0,5
2022-08-19,314.7449645996094,5.0,5
2022-08-22,306.45867919921875,4.0,5
2022-08-23,306.2052307128906,5.0,5
2022-08-24,307.09234619140625,5.0,5
2022-08-25,312.5223388671875,5.0,5
2022-08-26,299.71258544921875,4.0,5
2022-08-29,296.7587890625,3.0,5
2022-08-30,293.4539794921875,2.0,5
2022-08-31,291.74798583984375,2.0,5
2022-09-01,291.8746643066406,2.0,5
2022-09-02,287.7509765625,2.0,5
2022-09-06,285.6842346191406,2.0,5
2022-09-07,291.4555358886719,2.0,5
2022-09-08,292.9665222167969,4.0,5
2022-09-09,299.3714294433594,5.0,5
2022-09-12,302.92962646484375,5.0,5
2022-09-13,286.3179626464844,3.0,5
2022-09-14,288.5893249511719,3.0,5
2022-09-15,283.7832336425781,4.0,5
2022-09-16,282.0480651855469,3.0,5
2022-09-19,284.2444152832031,3.0,5
2022-09-20,281.9787292480469,3.0,5
2022-09-21,276.9295959472656,3.0,5
2022-09-22,273.5211486816406,2.0,5
2022-09-23,269.06781005859375,3.0,5
2022-09-26,267.9544982910156,1.0,5
2022-09-27,268.06195068359375,1.0,5
2022-09-28,273.39422607421875,3.0,5
2022-09-29,265.51300048828125,3.0,5
2022-09-30,261.0107116699219,3.0,5
2022-10-03,267.1341247558594,3.0,5
2022-10-04,275.53302001953125,3.0,5
2022-10-05,275.38653564453125,4.0,5
2022-10-06,273.21844482421875,4.0,5
2022-10-07,262.8077087402344,4.0,5
2022-10-10,260.1806335449219,3.0,5
2022-10-11,256.6061706542969,3.0,5
2022-10-12,256.518310546875,3.0,5
2022-10-13,262.53424072265625,3.0,5
2022-10-14,254.64312744140625,3.0,5
2022-10-17,263.0517883300781,3.0,5
2022-10-18,265.132080078125,3.0,5
2022-10-19,264.1652526855469,3.0,5
2022-10-20,262.8174743652344,3.0,5
2022-10-21,268.97991943359375,3.0,5
2022-10-24,271.93902587890625,3.0,5
2022-10-25,277.56439208984375,4.0,5
2022-10-26,271.4312438964844,4.0,5
2022-10-27,266.489501953125,4.0,5
2022-10-28,274.644287109375,4.0,5
2022-10-31,271.45086669921875,4.0,5
2022-11-01,268.6771545410156,3.0,5
2022-11-02,259.4676818847656,3.0,5
2022-11-03,254.39906311035156,3.0,5
2022-11-04,258.4910583496094,3.0,5
2022-11-07,261.3330078125,4.0,5
2022-11-08,263.2374267578125,4.0,5
2022-11-09,257.16290283203125,4.0,5
2022-11-10,276.13848876953125,6.0,5
2022-11-11,281.2266540527344,6.0,5
2022-11-14,278.765625,6.0,5
2022-11-15,282.6233215332031,5.0,5
2022-11-16,278.765625,5.0,5
2022-11-17,278.1502990722656,5.0,5
2022-11-18,278.16009521484375,5.0,5
2022-11-21,275.2986755371094,5.0,5
2022-11-22,279.26373291015625,5.0,5
2022-11-23,282.06658935546875,5.0,5
2022-11-25,280.2110290527344,5.0,5
2022-11-28,276.09942626953125,5.0,5
2022-11-29,274.009521484375,5.0,5
2022-11-30,286.50042724609375,5.0,5
2022-12-01,286.8520202636719,4.0,5
2022-12-02,285.7093200683594,6.0,5
2022-12-05,280.9142150878906,4.0,5
2022-12-06,275.09356689453125,3.0,5
2022-12-07,273.9704284667969,3.0,5
2022-12-08,277.2127990722656,3.0,5
2022-12-09,275.4451599121094,2.0,5
2022-12-12,278.9023742675781,3.0,5
2022-12-13,281.90057373046875,5.0,5
2022-12-14,279.810546875,3.0,5
2022-12-15,270.41558837890625,2.0,5
2022-12-16,267.8373107910156,2.0,5
2022-12-19,264.07318115234375,1.0,5
2022-12-20,263.8676452636719,1.0,5
2022-12-21,267.6953125,1.0,5
2022-12-22,261.1461486816406,2.0,5
2022-12-23,261.7334899902344,2.0,5
2022-12-27,258.0329895019531,2.0,5
2022-12-28,254.62623596191406,2.0,5
2022-12-29,260.8328857421875,2.0,5
2022-12-30,260.6762390136719,2.0,5
2023-01-03,258.9140625,2.0,5
2023-01-04,260.1475524902344,2.0,5
2023-01-05,256.0750732421875,2.0,5
2023-01-06,263.1431579589844,2.0,5
2023-01-09,264.8465881347656,3.0,5
2023-01-10,267.0882873535156,3.0,5
2023-01-11,271.70904541015625,4.0,5
2023-01-12,273.1774597167969,5.0,5
2023-01-13,275.05706787109375,5.0,5
2023-01-17,275.6151123046875,6.0,5
2023-01-18,272.0321044921875,5.0,5
2023-01-19,269.3595886230469,4.0,5
2023-01-20,276.7311096191406,6.0,5
2023-01-23,282.8789367675781,6.0,5
2023-01-24,282.30133056640625,6.0,5
2023-01-25,281.6748046875,6.0,5
2023-01-26,287.166748046875,5.0,5
2023-01-27,290.0252685546875,5.0,5
2023-01-30,284.1613464355469,3.0,5
2023-01-31,288.4197692871094,5.0,5
2023-02-01,294.5872497558594,5.0,5
2023-02-02,305.1599426269531,5.0,5
2023-02-03,299.7365417480469,5.0,5
2023-02-06,297.2010803222656,5.0,5
2023-02-07,303.3587341308594,5.0,5
2023-02-08,297.9646301269531,5.0,5
2023-02-09,295.3312683105469,5.0,5
2023-02-10,293.3929138183594,5.0,5
2023-02-13,298.0919189453125,5.0,5
2023-02-14,300.2945861816406,5.0,5
2023-02-15,302.5950622558594,6.0,5
2023-02-16,296.9171142578125,5.0,5
2023-02-17,294.8222351074219,5.0,5
2023-02-21,287.8422546386719,5.0,5
2023-02-22,288.0575866699219,5.0,5
2023-02-23,290.5735168457031,5.0,5
2023-02-24,285.70806884765625,4.0,5
2023-02-27,287.7541198730469,4.0,5
2023-02-28,287.3821105957031,5.0,5
2023-03-01,285.07183837890625,5.0,5
2023-03-02,287.4310607910156,4.0,5
2023-03-03,293.373291015625,6.0,5
2023-03-06,293.7061767578125,6.0,5
2023-03-07,290.1036071777344,6.0,5
2023-03-08,291.5525207519531,6.0,5
2023-03-09,286.5010681152344,4.0,5
2023-03-10,282.4775695800781,1.0,5
2023-03-13,284.5724792480469,2.0,5
2023-03-14,291.1119689941406,2.0,5
2023-03-15,292.6390380859375,3.0,5
2023-03-16,300.35333251953125,3.0,5
2023-03-17,298.9338073730469,4.0,5
2023-03-20,299.99468994140625,4.0,5
2023-03-21,304.2793273925781,4.0,5
2023-03-22,300.1417236328125,4.0,5
2023-03-23,303.7008361816406,4.0,5
2023-03-24,304.8186340332031,4.0,5
2023-03-27,302.730224609375,4.0,5
2023-03-28,301.12213134765625,5.0,5
2023-03-29,306.6129150390625,5.0,5
2023-03-30,309.51507568359375,5.0,5
2023-03-31,314.66253662109375,5.0,5
2023-04-03,313.89776611328125,5.0,5
2023-04-04,312.8388671875,5.0,5
2023-04-05,309.75042724609375,5.0,5
2023-04-06,311.8387145996094,5.0,5
2023-04-10,311.6622619628906,5.0,5
2023-04-11,309.662109375,5.0,5
2023-04-12,306.9266052246094,5.0,5
2023-04-13,312.9368591308594,5.0,5
2023-04-14,312.3486022949219,5.0,5
2023-04-17,312.61328125,6.0,5
2023-04-18,312.63287353515625,6.0,5
2023-04-19,312.48590087890625,6.0,5
2023-04-20,310.10333251953125,5.0,5
2023-04-21,310.4268493652344,5.0,5
2023-04-24,309.77978515625,5.0,5
2023-04-25,303.9361572265625,5.0,5
2023-04-26,305.7794494628906,5.0,5
2023-04-27,314.0938415527344,5.0,5
2023-04-28,316.2606506347656,5.0,5
2023-05-01,315.8979187011719,6.0,5
2023-05-02,313.1427917480469,4.0,5
2023-05-03,311.0935974121094,4.0,5
2023-05-04,309.9954833984375,5.0,5
2023-05-05,316.584228515625,6.0,5
2023-05-08,317.36865234375,6.0,5
2023-05-09,315.3586730957031,6.0,5
2023-05-10,318.7903137207031,6.0,5
2023-05-11,319.8296203613281,5.0,5
2023-05-12,318.6824035644531,6.0,5
2023-05-15,320.4081115722656,6.0,5
2023-05-16,320.7708435058594,6.0,5
2023-05-17,324.653564453125,6.0,5
2023-05-18,330.683349609375,7.0,5
2023-05-19,329.938232421875,7.0,5
2023-05-22,331.0462646484375,7.0,5
2023-05-23,326.84979248046875,7.0,5
2023-05-24,325.1731872558594,7.0,5
2023-05-25,333.0855712890625,7.0,5
2023-05-26,341.5960388183594,7.0,5
2023-05-30,343.1452331542969,6.0,5
2023-05-31,341.19403076171875,7.0,5
2023-06-01,345.1355285644531,7.0,5
2023-06-02,347.7239990234375,7.0,5
2023-06-05,347.9690856933594,7.0,5
2023-06-06,347.9102783203125,7.0,5
2023-06-07,342.0078125,7.0,5
2023-06-08,346.2532043457031,7.0,5
2023-06-09,347.576904296875,7.0,5
2023-06-12,353.4499206542969,7.0,5
2023-06-13,356.1658630371094,7.0,5
2023-06-14,358.75433349609375,7.0,5
2023-06-15,363.0291442871094,7.0,5
2023-06-16,360.7446594238281,7.0,5
2023-06-20,360.228271484375,7.0,5
2023-06-21,355.3192138671875,7.0,5
2023-06-22,359.511474609375,7.0,5
2023-06-23,355.9475402832031,6.0,5
2023-06-26,351.1758728027344,6.0,5
2023-06-27,357.21405029296875,7.0,5
2023-06-28,357.9111328125,7.0,5
2023-06-29,357.19439697265625,7.0,5
2023-06-30,362.7024230957031,7.0,5
2023-07-03,363.5564880371094,7.0,5
2023-07-05,363.5468444824219,7.0,5
2023-07-06,360.7780456542969,6.0,5
2023-07-07,359.5802001953125,6.0,5
2023-07-10,359.697998046875,6.0,5
2023-07-11,361.4751281738281,6.0,5
2023-07-12,366.0405578613281,7.0,5
2023-07-13,372.2554931640625,7.0,5
2023-07-14,372.1769714355469,7.0,5
2023-07-17,375.65252685546875,7.0,5
2023-07-18,378.72564697265625,7.0,5
2023-07-19,378.63726806640625,7.0,5
2023-07-20,369.9089660644531,8.0,5
2023-07-21,368.7994384765625,9.0,5
2023-07-24,369.3885498046875,9.0,5
2023-07-25,371.8922119140625,8.0,5
2023-07-26,370.6551208496094,9.0,5
2023-07-27,369.77142333984375,9.0,5
2023-07-28,376.5067138671875,7.0,5
2023-07-31,376.70306396484375,9.0,5
2023-08-01,375.8293151855469,9.0,5
2023-08-02,367.5820617675781,8.0,5
2023-08-03,366.992919921875,8.0,5
2023-08-04,365.2747802734375,8.0,5
2023-08-07,368.3674621582031,8.0,5
2023-08-08,365.2354431152344,7.0,5
2023-08-09,361.21978759765625,6.0,5
2023-08-10,361.887451171875,7.0,5
2023-08-11,359.5802001953125,5.0,5
2023-08-14,363.6154479980469,6.0,5
2023-08-15,359.7569580078125,5.0,5
2023-08-16,355.9475402832031,4.0,5
2023-08-17,352.0594787597656,4.0,5
2023-08-18,351.61767578125,5.0,5
2023-08-21,357.28277587890625,3.0,5
2023-08-22,356.7721862792969,3.0,5
2023-08-23,362.3980712890625,3.0,5
2023-08-24,354.6514587402344,3.0,5
2023-08-25,357.4005432128906,3.0,5
2023-08-28,360.0907897949219,4.0,5
2023-08-29,367.955078125,5.0,5
2023-08-30,370.0070495605469,7.0,5
2023-08-31,371.1165466308594,7.0,5
2023-09-01,370.7237854003906,7.0,5
2023-09-05,371.195068359375,7.0,5
2023-09-06,367.9256286621094,7.0,5
2023-09-07,365.2944030761719,5.0,5
2023-09-08,365.8049011230469,6.0,5
2023-09-11,370.1150817871094,6.0,5
2023-09-12,366.0111083984375,6.0,5
2023-09-13,367.4053039550781,6.0,5
2023-09-14,370.40966796875,6.0,5
2023-09-15,364.067138671875,5.0,5
2023-09-18,364.4466247558594,5.0,5
2023-09-19,363.66986083984375,5.0,5
2023-09-20,358.4292297363281,4.0,5
2023-09-21,351.86114501953125,3.0,5
2023-09-22,351.91033935546875,3.0,5
2023-09-25,353.5818786621094,3.0,5
2023-09-26,348.27239990234375,3.0,5
2023-09-27,349.0884704589844,3.0,5
2023-09-28,352.00872802734375,4.0,5
2023-09-29,352.2642822265625,4.0,5
2023-10-02,355.2042236328125,3.0,5
2023-10-03,348.97052001953125,3.0,5
2023-10-04,353.71954345703125,3.0,5
2023-10-05,352.67730712890625,3.0,5
2023-10-06,358.5865173339844,3.0,5
2023-10-09,360.4153747558594,3.0,5
2023-10-10,362.4112854003906,4.0,5
2023-10-11,364.99725341796875,5.0,5
2023-10-12,363.7288513183594,5.0,5
2023-10-13,359.1568298339844,3.0,5
2023-10-16,363.21759033203125,4.0,5
2023-10-17,362.02789306640625,4.0,5
2023-10-18,357.2788391113281,3.0,5
2023-10-19,353.9358215332031,4.0,5
2023-10-20,348.6557922363281,3.0,5
2023-10-23,349.7079162597656,3.0,5
2023-10-24,353.1099548339844,4.0,5
2023-10-25,344.4672546386719,3.0,5
2023-10-26,337.8992614746094,3.0,5
2023-10-27,339.5215759277344,3.0,5
2023-10-30,343.34637451171875,3.0,5
2023-10-31,344.9884033203125,3.0,5
2023-11-01,350.976318359375,4.0,5
2023-11-02,357.34765625,5.0,5
2023-11-03,361.5460510253906,6.0,5
2023-11-06,363.0209045410156,6.0,5
2023-11-07,366.4524841308594,6.0,5
2023-11-08,366.6884460449219,6.0,5
2023-11-09,363.8665771484375,6.0,5
2023-11-10,372.04705810546875,6.0,5
2023-11-13,370.8868713378906,6.0,5
2023-11-14,378.8707275390625,6.0,5
2023-11-15,379.1559143066406,7.0,5
2023-11-16,379.4803466796875,6.0,5
2023-11-17,379.5688171386719,6.0,5
2023-11-20,384.1900329589844,6.0,5
2023-11-21,381.9580993652344,6.0,5
2023-11-22,383.5214538574219,6.0,5
2023-11-24,382.9806213378906,6.0,5
2023-11-27,382.6463623046875,6.0,5
2023-11-28,383.6492004394531,6.0,5
2023-11-29,383.275634765625,6.0,5
2023-11-30,382.31207275390625,6.0,5
2023-12-01,383.4034423828125,8.0,5
2023-12-04,379.8441467285156,8.0,5
2023-12-05,380.79791259765625,7.0,5
2023-12-06,378.5953674316406,8.0,5
2023-12-07,383.88525390625,7.0,5
2023-12-08,385.5960693359375,7.0,5
2023-12-11,388.8899230957031,8.0,5
2023-12-12,391.9870910644531,8.0,5
2023-12-13,396.97210693359375,8.0,5
2023-12-14,396.62799072265625,8.0,5
2023-12-15,398.5451965332031,8.0,5
2023-12-18,401.0555725097656,8.0,5
2023-12-19,403.1048278808594,8.0,5
2023-12-20,397.11480712890625,8.0,5
2023-12-21,401.73541259765625,8.0,5
2023-12-22,402.33642578125,8.0,5
2023-12-26,404.7994079589844,8.0,5
2023-12-27,405.6233825683594,8.0,5
2023-12-28,405.42633056640625,8.0,5
2023-12-29,403.6717224121094,8.0,5
2024-01-02,396.8406677246094,8.0,5
2024-01-03,392.6414794921875,8.0,5
2024-01-04,390.6208190917969,8.0,5
2024-01-05,391.0840759277344,8.0,5
2024-01-08,399.1669921875,8.0,5
2024-01-09,399.95550537109375,8.0,5
2024-01-10,402.666259765625,8.0,5
2024-01-11,403.504150390625,7.0,5
2024-01-12,403.71112060546875,7.0,5
2024-01-16,403.6717224121094,6.0,5
2024-01-17,401.39471435546875,6.0,5
2024-01-18,407.0921325683594,5.0,5
2024-01-19,415.16522216796875,6.0,5
2024-01-22,415.70733642578125,5.0,5
2024-01-23,417.43231201171875,7.0,5
2024-01-24,419.748779296875,6.0,5
2024-01-25,420.2613220214844,6.0,5
2024-01-26,417.75762939453125,6.0,5
2024-01-29,422.0356750488281,6.0,5
2024-01-30,419.2263488769531,6.0,5
2024-01-31,411.0152587890625,5.0,5
2024-02-01,415.8551940917969,5.0,5
2024-02-02,422.88336181640625,5.0,5
2024-02-05,422.3313903808594,6.0,5
2024-02-06,421.4836730957031,6.0,5
2024-02-07,425.82080078125,6.0,5
2024-02-08,426.6094055175781,6.0,5
2024-02-09,430.8085632324219,7.0,5
2024-02-12,429.1230163574219,6.0,5
2024-02-13,422.4299011230469,6.0,5
2024-02-14,427.0332946777344,6.0,5
2024-02-15,428.3048400878906,6.0,5
2024-02-16,424.4211120605469,6.0,5
2024-02-20,421.217529296875,6.0,5
2024-02-21,419.5318603515625,5.0,5
2024-02-22,431.8139953613281,6.0,5
2024-02-23,430.54248046875,5.0,5
2024-02-26,430.315673828125,5.0,5
2024-02-27,431.35076904296875,6.0,5
2024-02-28,429.0539855957031,5.0,5
2024-02-29,432.730712890625,7.0,5
2024-03-01,439.2463073730469,7.0,5
2024-03-04,437.6789855957031,6.0,5
2024-03-05,429.8228759765625,6.0,5
2024-03-06,432.5237731933594,6.0,5
2024-03-07,439.0886535644531,6.0,5
2024-03-08,432.75042724609375,7.0,5
2024-03-11,431.1437072753906,7.0,5
2024-03-12,437.3241271972656,6.0,5
2024-03-13,433.9628601074219,7.0,5
2024-03-14,432.8687438964844,6.0,5
2024-03-15,427.7232360839844,5.0,5
2024-03-18,431.80267333984375,5.0,5
2024-03-19,432.8785095214844,5.0,5
2024-03-20,438.0110168457031,8.0,5
2024-03-21,440.0837097167969,8.0,5
2024-03-22,440.5871276855469,7.0,5
2024-03-25,438.9881896972656,8.0,5
2024-03-26,437.5668029785156,8.0,5
2024-03-27,439.0572204589844,8.0,5
2024-03-28,438.24786376953125,8.0,5
2024-04-01,439.17572021484375,7.0,5
2024-04-02,435.3855285644531,6.0,5
2024-04-03,436.3626708984375,7.0,5
2024-04-04,429.6903991699219,5.0,5
2024-04-05,434.75384521484375,6.0,5
2024-04-08,434.88214111328125,7.0,5
2024-04-09,436.4909973144531,7.0,5
2024-04-10,432.6810607910156,5.0,5
2024-04-11,439.5902404785156,6.0,5
2024-04-12,432.5824279785156,5.0,5
2024-04-15,425.4659423828125,3.0,5
2024-04-16,425.50543212890625,3.0,5
2024-04-17,420.3136901855469,3.0,5
2024-04-18,417.91522216796875,3.0,5
2024-04-19,409.2689208984375,4.0,5
2024-04-22,413.3847351074219,4.0,5
2024-04-23,419.5536804199219,4.0,5
2024-04-24,420.9749755859375,4.0,5
2024-04-25,418.9417419433594,4.0,5
2024-04-26,425.40673828125,3.0,5
2024-04-29,427.1340026855469,3.0,5
2024-04-30,419.07989501953125,4.0,5
2024-05-01,416.0496826171875,4.0,5
2024-05-02,421.35992431640625,5.0,5
2024-05-03,429.82861328125,5.0,5
2024-05-06,434.53668212890625,6.0,5
2024-05-07,434.60577392578125,6.0,5
2024-05-08,434.34912109375,6.0,5
2024-05-09,435.29669189453125,6.0,5
2024-05-10,436.32318115234375,6.0,5
2024-05-13,437.3299560546875,6.0,5
2024-05-14,440.1429748535156,7.0,5
2024-05-15,447.0225524902344,6.0,5
2024-05-16,446.114501953125,6.0,5
2024-05-17,445.8973388671875,6.0,5
2024-05-20,449.00640869140625,6.0,5
2024-05-21,449.8848876953125,6.0,5
2024-05-22,449.7960510253906,5.0,5
2024-05-23,447.77264404296875,5.0,5
2024-05-24,452.00701904296875,6.0,5
2024-05-28,453.7145080566406,7.0,5
2024-05-29,450.5165710449219,7.0,5
2024-05-30,445.6899719238281,6.0,5
2024-05-31,444.8609924316406,6.0,5
2024-06-03,447.24951171875,5.0,5
2024-06-04,448.47344970703125,5.0,5
2024-06-05,457.5145568847656,5.0,5
2024-06-06,457.356689453125,5.0,5
2024-06-07,456.9520263671875,5.0,5
2024-06-10,458.7976989746094,6.0,5
2024-06-11,461.9462890625,5.0,5
2024-06-12,467.99676513671875,6.0,5
2024-06-13,470.53338623046875,6.0,5
2024-06-14,472.97137451171875,6.0,5
2024-06-17,478.7651672363281,6.0,5
2024-06-18,478.9132080078125,6.0,5
2024-06-20,475.22174072265625,5.0,5
2024-06-21,473.9484558105469,5.0,5
2024-06-24,468.5527648925781,5.0,5
2024-06-25,473.9109191894531,5.0,5
2024-06-26,474.8896179199219,5.0,5
2024-06-27,476.1155090332031,6.0,5
2024-06-28,473.64398193359375,6.0,5
2024-07-01,476.4219665527344,7.0,5
2024-07-02,481.4242248535156,7.0,5
2024-07-03,485.4378967285156,6.0,5
2024-07-05,490.4994812011719,6.0,5
2024-07-08,491.666015625,5.0,5
2024-07-09,492.0910949707031,5.0,5
2024-07-10,497.2218322753906,5.0,5
2024-07-11,486.3177795410156,5.0,5
2024-07-12,489.17486572265625,5.0,5
2024-07-15,490.4895935058594,7.0,5
2024-07-16,490.6773986816406,6.0,5
2024-07-17,476.2736511230469,4.0,5
2024-07-18,474.0196228027344,5.0,5
2024-07-19,469.8181457519531,5.0,5
2024-07-22,476.8173522949219,7.0,5
2024-07-23,475.13677978515625,7.0,5
2024-07-24,458.09344482421875,4.0,5
2024-07-25,453.0417785644531,5.0,5
2024-07-26,457.68817138671875,5.0,5
2024-07-29,458.6075439453125,5.0,5
2024-07-30,452.3101806640625,5.0,5
2024-07-31,465.69573974609375,4.0,5
2024-08-01,454.4159240722656,4.0,5
2024-08-02,443.6304016113281,4.0,5
2024-08-05,430.40301513671875,4.0,5
2024-08-06,434.5155944824219,4.0,5
2024-08-07,429.80987548828125,4.0,5
2024-08-08,442.9581604003906,4.0,5
2024-08-09,445.27142333984375,4.0,5
2024-08-12,446.2303771972656,4.0,5
2024-08-13,457.3025817871094,3.0,5
2024-08-14,457.4509582519531,4.0,5
2024-08-15,469.0075378417969,4.0,5
2024-08-16,469.61053466796875,6.0,5
2024-08-19,475.77935791015625,5.0,5
2024-08-20,474.7809143066406,4.0,5
2024-08-21,476.9953308105469,5.0,5
2024-08-22,469.4326477050781,6.0,5
2024-08-23,474.5238952636719,6.0,5
2024-08-26,469.9169921875,6.0,5
2024-08-27,471.3208312988281,6.0,5
2024-08-28,465.9725646972656,5.0,5
2024-08-29,465.2904052734375,6.0,5
2024-08-30,470.8363952636719,8.0,5
2024-09-03,456.5414123535156,5.0,5
2024-09-04,455.3550720214844,5.0,5
2024-09-05,455.7801818847656,5.0,5
2024-09-06,443.571044921875,5.0,5
2024-09-09,449.2752990722656,5.0,5
2024-09-10,453.42730712890625,5.0,5
2024-09-11,463.273681640625,3.0,5
2024-09-12,467.82122802734375,5.0,5
2024-09-13,469.9169921875,6.0,5
2024-09-16,467.8409729003906,5.0,5
2024-09-17,468.088134765625,4.0,5
2024-09-18,466.0615234375,4.0,5
2024-09-19,477.845458984375,7.0,5
2024-09-20,476.93597412109375,7.0,5
2024-09-23,478.2002258300781,6.0,5
2024-09-24,480.5068664550781,6.0,5
2024-09-25,480.952392578125,7.0,5
2024-09-26,484.5658264160156,7.0,5
2024-09-27,481.87298583984375,7.0,5
2024-09-30,483.1798400878906,7.0,5
2024-10-01,476.44793701171875,6.0,5
2024-10-02,477.12115478515625,7.0,5
2024-10-03,476.76470947265625,7.0,5
2024-10-04,482.4373474121094,7.0,5
2024-10-07,477.2696838378906,6.0,5
2024-10-08,484.3974914550781,6.0,5
2024-10-09,488.20892333984375,6.0,5
2024-10-10,487.654541015625,6.0,5
2024-10-11,488.4168701171875,6.0,5
2024-10-14,492.5153503417969,6.0,5
2024-10-15,485.9319763183594,7.0,5
2024-10-16,485.9913635253906,7.0,5
2024-10-17,486.3279724121094,7.0,5
2024-10-18,489.51568603515625,8.0,5
2024-10-21,490.45623779296875,7.0,5
2024-10-22,490.9908142089844,6.0,5
2024-10-23,483.4669189453125,6.0,5
2024-10-24,487.3872375488281,6.0,5
2024-10-25,490.3572082519531,6.0,5
2024-10-28,490.4364013671875,6.0,5
2024-10-29,495.14874267578125,6.0,5
2024-10-30,491.4065856933594,6.0,5
2024-10-31,479.0021057128906,5.0,5
2024-11-01,482.5462341308594,6.0,5
2024-11-04,481.14044189453125,6.0,5
2024-11-05,487.2783508300781,7.0,5
2024-11-06,500.5143737792969,8.0,5
2024-11-07,508.3946228027344,8.0,5
2024-11-08,508.98870849609375,8.0,5
2024-11-11,508.691650390625,8.0,5
2024-11-12,507.7708435058594,8.0,5
2024-11-13,507.11749267578125,8.0,5
2024-11-14,503.59320068359375,8.0,5
2024-11-15,491.5947265625,7.0,5
2024-11-18,495.0101013183594,7.0,5
2024-11-19,498.41558837890625,7.0,5
2024-11-20,498.1285095214844,7.0,5
2024-11-21,499.9203796386719,9.0,5
2024-11-22,500.7222595214844,9.0,5
2024-11-25,501.5142822265625,9.0,5
2024-11-26,504.2070007324219,9.0,5
2024-11-27,500.2372131347656,8.0,5
2024-11-29,504.6326599121094,8.0,5
2024-12-02,510.12713623046875,9.0,5
2024-12-03,511.6912536621094,8.0,5
2024-12-04,518.0172729492188,8.0,5
2024-12-05,516.5818481445312,8.0,5
2024-12-06,521.2049560546875,6.0,5
2024-12-09,517.1461181640625,7.0,5
2024-12-10,515.3839111328125,7.0,5
2024-12-11,524.6104736328125,7.0,5
2024-12-12,521.224853515625,7.0,5
2024-12-13,525.21435546875,7.0,5
2024-12-16,532.7778930664062,7.0,5
2024-12-17,530.431640625,7.0,5
2024-12-18,511.29534912109375,6.0,5
2024-12-19,509.0182800292969,6.0,5
2024-12-20,513.4632568359375,6.0,5
2024-12-23,518.4658813476562,7.0,5
2024-12-24,525.4961547851562,7.0,5
2024-12-26,525.13916015625,7.0,5
2024-12-27,518.1585083007812,7.0,5
2024-12-30,511.2669677734375,6.0,5
2024-12-31,506.9239196777344,5.0,5
2025-01-02,505.93231201171875,5.0,5
2025-01-03,514.2119750976562,6.0,5
2025-01-06,520.1217041015625,7.0,5
2025-01-07,510.84063720703125,5.0,5
2025-01-08,510.9298095703125,5.0,5
2025-01-10,502.91790771484375,4.0,5
2025-01-13,501.3016662597656,4.0,5
2025-01-14,500.8256530761719,4.0,5
2025-01-15,512.347900390625,5.0,5
2025-01-16,508.7583312988281,4.0,5
2025-01-17,517.3453979492188,5.0,5
2025-01-21,520.3795776367188,7.0,5
2025-01-22,527.0331420898438,7.0,5
2025-01-23,528.153564453125,7.0,5
2025-01-24,525.1688842773438,7.0,5
2025-01-27,509.87872314453125,4.0,5
2025-01-28,517.4148559570312,4.0,5
2025-01-29,516.4429931640625,4.0,5
2025-01-30,518.6443481445312,6.0,5
2025-01-31,517.8907470703125,6.0,5
2025-02-03,513.7459716796875,5.0,5
2025-02-04,520.0523071289062,6.0,5
2025-02-05,522.412353515625,6.0,5
2025-02-06,525.13916015625,7.0,5
2025-02-07,518.5154418945312,6.0,5
2025-02-10,524.7920532226562,7.0,5
2025-02-11,523.542724609375,7.0,5
2025-02-12,523.8500366210938,7.0,5
2025-02-13,531.3861083984375,7.0,5
2025-02-14,533.6171264648438,8.0,5
2025-02-18,534.8268432617188,8.0,5
2025-02-19,534.9755859375,8.0,5
2025-02-20,532.7049560546875,7.0,5
2025-02-21,521.6488037109375,4.0,5
2025-02-24,515.4911499023438,3.0,5
2025-02-25,508.9962463378906,3.0,5
2025-02-26,510.2257995605469,3.0,5
2025-02-27,496.05621337890625,3.0,5
2025-02-28,503.8896484375,3.0,5
2025-03-03,492.86328125,3.0,5
2025-03-04,491.3759765625,3.0,5
2025-03-05,497.78155517578125,3.0,5
2025-03-06,484.0878601074219,2.0,5
2025-03-07,487.6476135253906,2.0,5
2025-03-10,468.7481689453125,2.0,5
2025-03-11,467.6277160644531,2.0,5
2025-03-12,472.9029235839844,2.0,5
2025-03-13,464.3951721191406,2.0,5
2025-03-14,475.6197814941406,2.0,5
2025-03-17,478.7036437988281,2.0,5
2025-03-18,470.54296875,3.0,5
2025-03-19,476.8394775390625,3.0,5
2025-03-20,475.2231750488281,3.0,5
2025-03-21,476.7898864746094,2.0,5
2025-03-24,487.2527160644531,3.0,5
2025-03-25,490.033203125,4.0,5
2025-03-26,481.01629638671875,2.0,5
2025-03-27,478.27545166015625,1.0,5
2025-03-28,465.6835021972656,2.0,5
2025-03-31,465.6636657714844,1.0,5
2025-04-01,469.4173889160156,1.0,5
2025-04-02,472.84344482421875,2.0,5
2025-04-03,447.5304260253906,1.0,5
2025-04-04,419.7348327636719,2.0,5
2025-04-07,420.74774169921875,1.0,5
2025-04-08,413.1707458496094,1.0,5
2025-04-09,462.763916015625,0.0,5
2025-04-10,443.08154296875,0.0,5
2025-04-11,451.2445068359375,0.0,5
2025-04-14,454.3031005859375,0.0,5
2025-04-15,454.8095703125,0.0,5
2025-04-16,441.0954284667969,1.0,5
2025-04-17,441.0159912109375,1.0,5
2025-04-21,430.1023254394531,3.0,5
2025-04-22,441.39337158203125,3.0,5
2025-04-23,451.4033508300781,2.0,5
2025-04-24,464.1045837402344,2.0,5
2025-04-25,469.2783508300781,1.0,5
2025-04-28,469.1294250488281,1.0,5
2025-04-29,472.227783203125,1.0,5
2025-04-30,472.16815185546875,2.0,5
2025-05-01,478.3350524902344,4.0,5
2025-05-02,485.43536376953125,4.0,5
2025-05-05,482.5555114746094,4.0,5
2025-05-06,478.0669250488281,4.0,5
2025-05-07,479.94378662109375,4.0,5
2025-05-08,484.8991394042969,5.0,5
2025-05-09,484.5813903808594,4.0,5
2025-05-12,504.3233337402344,7.0,5
2025-05-13,512.0096435546875,7.0,5
2025-05-14,515.0780639648438,7.0,5
2025-05-15,515.6441040039062,7.0,5
2025-05-16,517.8884887695312,7.0,5
2025-05-19,518.3848876953125,7.0,5
2025-05-20,516.6571044921875,7.0,5
2025-05-21,509.4772644042969,7.0,5
2025-05-22,510.4305725097656,7.0,5
2025-05-23,505.7036437988281,6.0,5
2025-05-27,517.6004638671875,7.0,5
2025-05-28,515.306396484375,7.0,5
2025-05-29,516.3193969726562,7.0,5
2025-05-30,515.5050659179688,7.0,5
2025-06-02,519.5767211914062,7.0,5
2025-06-03,523.6382446289062,7.0,5
2025-06-04,525.0980224609375,7.0,5
2025-06-05,521.1456298828125,7.0,5
2025-06-06,526.2400512695312,7.0,5
2025-06-09,527.0147094726562,7.0,5
2025-06-10,530.5003051757812,7.0,5
2025-06-11,528.7127075195312,7.0,5
2025-06-12,529.9541625976562,7.0,5
2025-06-13,523.3005981445312,7.0,5
2025-06-16,530.5797119140625,7.0,5
2025-06-17,525.4058837890625,7.0,5
2025-06-18,525.3165283203125,7.0,5
2025-06-20,523.1715087890625,6.0,5
2025-06-23,528.551025390625,6.0,5
2025-06-24,536.6336059570312,7.0,5
2025-06-25,538.0054931640625,7.0,5
2025-06-26,543.0360107421875,7.0,5
2025-06-27,544.8951416015625,7.0,5
2025-06-30,548.4244384765625,6.0,5
2025-07-01,543.8014526367188,6.0,5
2025-07-02,547.5892944335938,6.0,5
2025-07-03,552.977783203125,8.0,5
2025-07-07,548.8121948242188,7.0,5
2025-07-08,549.120361328125,8.0,5
2025-07-09,553.007568359375,8.0,5
2025-07-10,552.2122192382812,7.0,5
2025-07-11,550.9695434570312,8.0,5
2025-07-14,552.9678344726562,8.0,5
2025-07-15,553.4747924804688,7.0,5
2025-07-16,554.04150390625,7.0,5
2025-07-17,558.5252075195312,7.0,5
2025-07-18,557.9884033203125,7.0,5
2025-07-21,560.8814086914062,7.0,5
2025-07-22,557.9784545898438,7.0,5
2025-07-23,560.5234985351562,8.0,5
2025-07-24,561.716552734375,7.0,5
2025-07-25,563.0685424804688,6.0,5
2025-07-28,564.8283081054688,7.0,5
2025-07-29,563.9534301757812,6.0,5
2025-07-30,564.7090454101562,6.0,5
2025-07-31,561.716552734375,6.0,5
2025-08-01,550.6514282226562,4.0,5
2025-08-04,560.811767578125,6.0,5
2025-08-05,557.004150390625,6.0,5
2025-08-06,564.0130615234375,6.0,5
2025-08-07,565.921875,6.0,5
2025-08-08,571.2008666992188,6.0,5
2025-08-11,569.5108032226562,6.0,5
2025-08-12,576.6688232421875,6.0,5
2025-08-13,576.9571533203125,7.0,5
2025-08-14,576.509765625,6.0,5
2025-08-15,573.9746704101562,6.0,5
2025-08-18,573.7459716796875,6.0,5
2025-08-19,565.9616088867188,6.0,5
2025-08-20,562.6013793945312,5.0,5
2025-08-21,559.9966430664062,4.0,5
2025-08-22,568.635986328125,7.0,5
2025-08-25,566.9955444335938,7.0,5
2025-08-26,569.2721557617188,7.0,5
2025-08-27,570.1470947265625,8.0,5
2025-08-28,573.7161865234375,7.0,5
2025-08-29,567.0751342773438,7.0,5
2025-09-02,562.322998046875,7.0,5
2025-09-03,566.7470703125,7.0,5
2025-09-04,571.876953125,7.0,5
2025-09-05,572.7020874023438,7.0,5
2025-09-08,575.4957885742188,7.0,5
2025-09-09,577.1261596679688,7.0,5
2025-09-10,577.3150634765625,7.0,5
2025-09-11,580.6754150390625,7.0,5
2025-09-12,583.2402954101562,7.0,5
2025-09-15,588.2310791015625,6.0,5
2025-09-16,587.7339477539062,6.0,5
2025-09-17,586.5609130859375,6.0,5
2025-09-18,591.849853515625,6.0,5
2025-09-19,595.8563232421875,6.0,5
2025-09-22,599.3837280273438,6.0,5
2025-09-23,595.4025268554688,6.0,5
2025-09-24,593.3123168945312,6.0,5
2025-09-25,590.75439453125,6.0,5
2025-09-26,593.182861328125,6.0,5
2025-09-29,595.9299926757812,6.0,5
2025-09-30,597.5623168945312,6.0,5
2025-10-01,600.4288940429688,6.0,5
2025-10-02,602.897216796875,6.0,5
2025-10-03,600.3591918945312,6.0,5
2025-10-06,604.8680419921875,6.0,5
2025-10-07,601.6829833984375,6.0,5
2025-10-08,608.5805053710938,6.0,5
2025-10-09,607.8440551757812,5.0,5
2025-10-10,586.7431640625,6.0,5
2025-10-13,599.1946411132812,6.0,5
2025-10-14,595.2034301757812,6.0,5
2025-10-15,599.4036254882812,6.0,5
2025-10-16,597.18408203125,6.0,5
2025-10-17,601.1056518554688,5.0,5
2025-10-20,608.6800537109375,6.0,5
2025-10-21,608.5208740234375,5.0,5
2025-10-22,602.6583862304688,6.0,5
2025-10-23,607.724609375,5.0,5
2025-10-24,614.214111328125,5.0,5
2025-10-27,625.1527099609375,5.0,5
2025-10-28,629.9601440429688,5.0,5
2025-10-29,632.7967529296875,5.0,5
2025-10-30,623.1221923828125,5.0,5
2025-10-31,626.1281127929688,6.0,5
2025-11-03,629.1240844726562,6.0,5
2025-11-04,616.35400390625,6.0,5
2025-11-05,620.365234375,6.0,5
2025-11-06,608.8095092773438,6.0,5
2025-11-07,606.8884887695312,6.0,5
2025-11-10,620.3154296875,6.0,5
2025-11-11,618.6632080078125,6.0,5
2025-11-12,618.175537109375,6.0,5
2025-11-13,605.5548095703125,5.0,5
2025-11-14,606.0126342773438,5.0,5
2025-11-17,600.8369140625,3.0,5
2025-11-18,593.5213012695312,3.0,5
2025-11-19,597.0645751953125,3.0,5
2025-11-20,582.9310913085938,3.0,5
2025-11-21,587.3104858398438,3.0,5
2025-11-24,602.3298950195312,3.0,5
2025-11-25,606.0425415039062,5.0,5
2025-11-26,611.3973999023438,5.0,5
2025-11-28,616.35400390625,6.0,5
2025-12-01,614.2837524414062,6.0,5
2025-12-02,619.0911865234375,6.0,5
2025-12-03,620.6041259765625,8.0,5
2025-12-04,620.0267944335938,7.0,5
2025-12-05,622.5548706054688,8.0,5
2025-12-08,621.360595703125,8.0,5
2025-12-09,622.1268920898438,8.0,5
2025-12-10,624.6749267578125,8.0,5
2025-12-11,622.6544189453125,9.0,5
2025-12-12,610.7503662109375,9.0,5
2025-12-15,607.6847534179688,8.0,5
2025-12-16,608.88916015625,8.0,5
2025-12-17,597.6021118164062,8.0,5
2025-12-18,606.2614135742188,8.0,5
2025-12-19,614.164306640625,9.0,5
2025-12-22,617.1083374023438,9.0,5
2025-12-23,619.9984741210938,8.0,5
2025-12-24,621.812255859375,8.0,5
2025-12-26,621.7724609375,9.0,5
2025-12-29,618.7626342773438,9.0,5
2025-12-30,617.3275756835938,9.0,5
2025-12-31,612.2249145507812,7.0,5
2026-01-02,611.0389404296875,7.0,5
2026-01-05,615.8923950195312,8.0,5
2026-01-06,621.3040161132812,8.0,5
2026-01-07,621.9019775390625,9.0,5
2026-01-08,618.3639526367188,8.0,5
2026-01-09,624.5230712890625,8.0,5
2026-01-12,625.041259765625,9.0,5
2026-01-13,624.114501953125,9.0,5
2026-01-14,617.4471435546875,9.0,5
2026-01-15,619.6696166992188,9.0,5
2026-01-16,619.1513671875,9.0,5
2026-01-20,605.9961547851562,6.0,5
2026-01-21,614.1883544921875,9.0,5
2026-01-22,618.6530151367188,9.0,5
2026-01-23,620.6063842773438,9.0,5
2026-01-26,623.337158203125,9.0,5
2026-01-27,628.9878540039062,9.0,5
2026-01-28,631.0707397460938,9.0,5
2026-01-29,627.2935791015625,8.0,5
2026-01-30,619.7592163085938,7.0,5
2026-02-02,624.0147705078125,7.0,5
2026-02-03,614.4274291992188,4.0,5
2026-02-04,603.6939697265625,5.0,5
2026-02-05,595.0036010742188,4.0,5
2026-02-06,607.580810546875,5.0,5
2026-02-09,612.2349243164062,6.0,5
2026-02-10,609.3945922851562,4.0,5
2026-02-11,611.0289916992188,5.0,5
2026-02-12,598.6013793945312,4.0,5
2026-02-13,599.876953125,4.0,5
2026-02-17,599.2590942382812,4.0,5
2026-02-18,603.7338256835938,4.0,5
2026-02-19,601.4216918945312,4.0,5
2026-02-20,606.7435913085938,4.0,5
2026-02-23,599.3687133789062,4.0,5
2026-02-24,605.8068237304688,4.0,5
2026-02-25,614.5868530273438,5.0,5
2026-02-26,607.1721801757812,4.0,5
2026-02-27,605.228759765625,4.0,5
2026-03-02,606.0260620117188,4.0,5
2026-03-03,599.5381469726562,4.0,5
2026-03-04,608.677001953125,4.0,5
2026-03-05,606.8432006835938,4.0,5
2026-03-06,597.71435546875,4.0,5
2026-03-09,605.6972045898438,3.0,5
2026-03-10,605.7071533203125,2.0,5
2026-03-11,605.6273803710938,3.0,5
2026-03-12,595.2327880859375,3.0,5
2026-03-13,591.7047729492188,3.0,5
2026-03-16,598.3422241210938,3.0,5
2026-03-17,601.2623291015625,5.0,5
2026-03-18,592.880859375,3.0,5
2026-03-19,591.0071411132812,4.0,5
2026-03-20,580.0843505859375,2.0,5
2026-03-23,586.7431640625,2.0,5
2026-03-24,582.731689453125,3.0,5
2026-03-25,586.5635375976562,4.0,5
2026-03-26,572.5634765625,3.0,5
2026-03-27,561.37744140625,3.0,5
2026-03-30,557.0867309570312,2.0,5
2026-03-31,575.9462280273438,3.0,5
2026-04-01,583.06103515625,3.0,5
2026-04-02,583.7295532226562,3.0,5
2026-04-06,587.2420654296875,3.0,5
2026-04-07,587.3319091796875,3.0,5
2026-04-08,604.7944946289062,5.0,5
2026-04-09,608.8856811523438,8.0,5
2026-04-10,609.7637939453125,8.0,5
2026-04-13,616.0703735351562,8.0,5
2026-04-14,627.2562866210938,8.0,5
2026-04-15,636.0375366210938,7.0,5
2026-04-16,639.1009521484375,7.0,5
2026-04-17,647.4630126953125,7.0,5
2026-04-20,645.4074096679688,8.0,5
2026-04-21,642.9527587890625,7.0,5
2026-04-22,653.7096557617188,7.0,5
2026-04-23,650.0275268554688,7.0,5
2026-04-24,662.4609375,7.0,5
2026-04-27,662.8101806640625,7.0,5
2026-04-28,656.1444702148438,7.0,5
2026-04-29,660.1558837890625,7.0,5
2026-04-30,666.3126831054688,7.0,5
2026-05-01,672.7090454101562,7.0,5
2026-05-04,671.4417114257812,7.0,5
2026-05-05,680.1530151367188,7.0,5
2026-05-06,694.2827758789062,7.0,5
2026-05-07,693.4545288085938,7.0,5
2026-05-08,709.709716796875,7.0,5
2026-05-11,711.7653198242188,7.0,5
2026-05-12,705.7282104492188,7.0,5
2026-05-13,713.1823120117188,7.0,5
2026-05-14,718.2514038085938,7.0,5
2026-05-15,707.4146118164062,6.0,5
2026-05-18,704.3711547851562,7.0,5
2026-05-19,700.030517578125,7.0,5
2026-05-20,711.6256103515625,7.0,5
2026-05-21,712.9827270507812,7.0,5
2026-05-22,716.0062255859375,7.0,5
2026-05-26,728.718994140625,7.0,5
2026-05-27,727.8907470703125,7.0,5
2026-05-28,734.0276489257812,7.0,5
2026-05-29,736.7318115234375,7.0,5
2026-06-01,741.15234375,7.0,5
2026-06-02,744.5650024414062,7.0,5
2026-06-03,742.6192626953125,7.0,5
2026-06-04,739.0269165039062,7.0,5
2026-06-05,703.5528564453125,7.0,5
2026-06-08,714.5394287109375,7.0,5
2026-06-09,706.3170166015625,6.0,5
2026-06-10,692.2072143554688,6.0,5
2026-06-11,715.587158203125,6.0,5
2026-06-12,719.7981567382812,6.0,5
2026-06-15,742.40966796875,7.0,5
2026-06-16,728.2998657226562,6.0,5
2026-06-17,720.9656372070312,6.0,5
2026-06-18,739.0369262695312,6.0,5
2026-06-22,737.1818237304688,7.0,5
2026-06-23,712.9071655273438,6.0,5
2026-06-24,709.8803100585938,6.0,5
2026-06-25,715.63427734375,6.0,5
2026-06-26,705.7846069335938,6.0,5
2026-06-29,723.3262939453125,6.0,5
2026-06-30,735.6334838867188,6.0,5
2026-07-01,724.4151000976562,7.0,5
2026-07-02,711.8582153320312,6.0,5
2026-07-06,722.067626953125,7.0,5
2026-07-07,708.6915283203125,6.0,5
2026-07-08,710.699462890625,5.0,5
2026-07-09,722.5271606445312,8.0,5
2026-07-10,724.7548217773438,8.0,5
2026-07-13,710.9990844726562,5.0,5
2026-07-14,718.9408569335938,6.0,5
2026-07-15,716.9928588867188,6.0,5
2026-07-16,705.2051391601562,5.0,5
2026-07-17,694.606201171875,5.0,5
2026-07-20,695.33544921875,5.0,5
2026-07-21,708.2319946289062,5.0,5
2026-07-22,704.61572265625,5.0,5
2026-07-23,691.23974609375,5.0,5
2026-07-24,683.5177612304688,5.0,5
2026-07-27,681.4099731445312,5.0,5
2026-07-28,674.786865234375,5.0,5
2026-07-29,661.0411376953125,5.0,5
2026-07-30,682.8384399414062,5.0,5
2026-07-31,687.2738647460938,5.0,5
2026-08-03,699.34130859375,6.0,5
2026-08-04,723.0964965820312,7.0,5
2026-08-05,716.5533447265625,8.0,5
2026-08-06,713.9061279296875,7.0,5
2026-08-07,722.2774047851562,7.0,5
2026-08-10,720.11962890625,8.0,5
2026-08-11,717.7021484375,7.0,5
2026-08-12,722.9467163085938,9.0,5
2026-08-13,731.3079833984375,9.0,5
2026-08-14,730.3090209960938,9.0,5
2026-08-17,729.1102294921875,9.0,5
2026-08-18,716.7631225585938,8.0,5
2026-08-19,715.3345947265625,9.0,5
2026-08-20,710.18994140625,7.0,5
2026-08-21,712.6973876953125,9.0,5
2026-08-24,705.5847778320312,7.0,5
2026-08-25,709.9801635742188,8.0,5
2026-08-26,710.6295166015625,8.0,5
2026-08-27,720.359375,8.0,5
2026-08-28,715.6842651367188,8.0,5
2026-08-31,716.013916015625,8.0,5
2026-09-01,706.9033813476562,5.0,5
2026-09-02,708.501708984375,4.0,5
2026-09-03,716.9229125976562,7.0,5
2026-09-04,718.2116088867188,6.0,5
2026-09-08,717.6122436523438,6.0,5
2026-09-09,715.5643920898438,6.0,5
2026-09-10,707.9523315429688,5.0,5
2026-09-11,714.1358642578125,6.0,5
2026-09-14,708.4417724609375,5.0,5
2026-09-15,703.8065795898438,5.0,5
2026-09-16,703.9863891601562,5.0,5
2026-09-17,716.1737060546875,7.0,5
2026-09-18,720.6990356445312,7.0,5
2026-09-21,741.469970703125,7.0,5
2026-09-22,747.4600219726562,7.0,5
2026-09-23,741.2100219726562,7.0,5
2026-09-24,741.0999755859375,7.0,5
2026-09-25,744.5,7.0,5
2026-09-28,744.5,7.0,5
