Date,MAS_10_21_50_200
2003-01-02,0.0
2003-01-03,0.0
2003-01-06,0.0
2003-01-07,0.0
2003-01-08,0.0
2003-01-09,0.0
2003-01-10,0.0
2003-01-13,0.0
2003-01-14,0.0
2003-01-15,0.0
2003-01-16,0.0
2003-01-17,0.0
2003-01-21,0.0
2003-01-22,0.0
2003-01-23,0.0
2003-01-24,0.0
2003-01-27,0.0
2003-01-28,0.0
2003-01-29,0.0
2003-01-30,0.0
2003-01-31,0.0
2003-02-03,0.0
2003-02-04,0.0
2003-02-05,0.0
2003-02-06,0.0
2003-02-07,0.0
2003-02-10,0.0
2003-02-11,0.0
2003-02-12,0.0
2003-02-13,0.0
2003-02-14,0.0
2003-02-18,0.0
2003-02-19,0.0
2003-02-20,0.0
2003-02-21,0.0
2003-02-24,0.0
2003-02-25,0.0
2003-02-26,0.0
2003-02-27,0.0
2003-02-28,0.0
2003-03-03,0.0
2003-03-04,0.0
2003-03-05,0.0
2003-03-06,0.0
2003-03-07,0.0
2003-03-10,0.0
2003-03-11,0.0
2003-03-12,0.0
2003-03-13,0.0
2003-03-14,0.0
2003-03-17,0.0
2003-03-18,0.0
2003-03-19,0.0
2003-03-20,0.0
2003-03-21,0.0
2003-03-24,0.0
2003-03-25,0.0
2003-03-26,0.0
2003-03-27,0.0
2003-03-28,0.0
2003-03-31,0.0
2003-04-01,0.0
2003-04-02,0.0
2003-04-03,0.0
2003-04-04,0.0
2003-04-07,0.0
2003-04-08,0.0
2003-04-09,0.0
2003-04-10,0.0
2003-04-11,0.0
2003-04-14,0.0
2003-04-15,0.0
2003-04-16,0.0
2003-04-17,0.0
2003-04-21,0.0
2003-04-22,0.0
2003-04-23,0.0
2003-04-24,0.0
2003-04-25,0.0
2003-04-28,0.0
2003-04-29,0.0
2003-04-30,0.0
2003-05-01,0.0
2003-05-02,0.0
2003-05-05,0.0
2003-05-06,0.0
2003-05-07,0.0
2003-05-08,0.0
2003-05-09,0.0
2003-05-12,0.0
2003-05-13,0.0
2003-05-14,0.0
2003-05-15,0.0
2003-05-16,0.0
2003-05-19,0.0
2003-05-20,0.0
2003-05-21,0.0
2003-05-22,0.0
2003-05-23,0.0
2003-05-27,0.0
2003-05-28,0.0
2003-05-29,0.0
2003-05-30,0.0
2003-06-02,0.0
2003-06-03,0.0
2003-06-04,0.0
2003-06-05,0.0
2003-06-06,0.0
2003-06-09,0.0
2003-06-10,0.0
2003-06-11,0.0
2003-06-12,0.0
2003-06-13,0.0
2003-06-16,0.0
2003-06-17,0.0
2003-06-18,0.0
2003-06-19,0.0
2003-06-20,0.0
2003-06-23,0.0
2003-06-24,0.0
2003-06-25,0.0
2003-06-26,0.0
2003-06-27,0.0
2003-06-30,0.0
2003-07-01,0.0
2003-07-02,0.0
2003-07-03,0.0
2003-07-07,0.0
2003-07-08,0.0
2003-07-09,0.0
2003-07-10,0.0
2003-07-11,0.0
2003-07-14,0.0
2003-07-15,0.0
2003-07-16,0.0
2003-07-17,0.0
2003-07-18,0.0
2003-07-21,0.0
2003-07-22,0.0
2003-07-23,0.0
2003-07-24,0.0
2003-07-25,0.0
2003-07-28,0.0
2003-07-29,0.0
2003-07-30,0.0
2003-07-31,0.0
2003-08-01,0.0
2003-08-04,0.0
2003-08-05,0.0
2003-08-06,0.0
2003-08-07,0.0
2003-08-08,0.0
2003-08-11,0.0
2003-08-12,0.0
2003-08-13,0.0
2003-08-14,0.0
2003-08-15,0.0
2003-08-18,0.0
2003-08-19,0.0
2003-08-20,0.0
2003-08-21,0.0
2003-08-22,0.0
2003-08-25,0.0
2003-08-26,0.0
2003-08-27,0.0
2003-08-28,0.0
2003-08-29,0.0
2003-09-02,0.0
2003-09-03,0.0
2003-09-04,0.0
2003-09-05,0.0
2003-09-08,0.0
2003-09-09,0.0
2003-09-10,0.0
2003-09-11,0.0
2003-09-12,0.0
2003-09-15,0.0
2003-09-16,0.0
2003-09-17,0.0
2003-09-18,0.0
2003-09-19,0.0
2003-09-22,0.0
2003-09-23,0.0
2003-09-24,0.0
2003-09-25,0.0
2003-09-26,0.0
2003-09-29,0.0
2003-09-30,0.0
2003-10-01,0.0
2003-10-02,0.0
2003-10-03,0.0
2003-10-06,0.0
2003-10-07,0.0
2003-10-08,0.0
2003-10-09,0.0
2003-10-10,0.0
2003-10-13,0.0
2003-10-14,0.0
2003-10-15,0.0
2003-10-16,59.62059620596206
2003-10-17,59.891598915989164
2003-10-20,59.34959349593496
2003-10-21,59.078590785907856
2003-10-22,57.994579945799465
2003-10-23,58.265582655826556
2003-10-24,55.55555555555556
2003-10-27,53.387533875338754
2003-10-28,51.76151761517615
2003-10-29,49.05149051490515
2003-10-30,48.23848238482385
2003-10-31,48.23848238482385
2003-11-03,47.96747967479675
2003-11-04,48.23848238482385
2003-11-05,52.30352303523035
2003-11-06,53.929539295392956
2003-11-07,55.82655826558266
2003-11-10,57.994579945799465
2003-11-11,57.45257452574526
2003-11-12,57.994579945799465
2003-11-13,58.536585365853654
2003-11-14,59.078590785907856
2003-11-17,56.91056910569105
2003-11-18,53.116531165311656
2003-11-19,51.21951219512195
2003-11-20,46.070460704607044
2003-11-21,38.21138211382114
2003-11-24,36.31436314363143
2003-11-25,34.959349593495936
2003-11-26,34.68834688346883
2003-11-28,33.60433604336043
2003-12-01,34.68834688346883
2003-12-02,37.83783783783784
2003-12-03,42.432432432432435
2003-12-04,50.0
2003-12-05,55.4054054054054
2003-12-08,59.45945945945946
2003-12-09,58.648648648648646
2003-12-10,57.2972972972973
2003-12-11,57.027027027027025
2003-12-12,55.945945945945944
2003-12-15,53.24324324324324
2003-12-16,51.08108108108108
2003-12-17,50.27027027027027
2003-12-18,48.64864864864865
2003-12-19,50.810810810810814
2003-12-22,51.621621621621614
2003-12-23,52.16216216216216
2003-12-24,54.59459459459459
2003-12-26,53.783783783783775
2003-12-29,55.13513513513514
2003-12-30,58.37837837837838
2003-12-31,61.62162162162163
2004-01-02,63.24324324324324
2004-01-05,64.05405405405405
2004-01-06,64.86486486486487
2004-01-07,65.4054054054054
2004-01-08,65.13513513513513
2004-01-09,65.94594594594595
2004-01-12,65.94594594594595
2004-01-13,62.43243243243243
2004-01-14,60.27027027027027
2004-01-15,58.648648648648646
2004-01-16,58.91891891891892
2004-01-20,59.189189189189186
2004-01-21,60.54054054054055
2004-01-22,60.54054054054055
2004-01-23,60.54054054054055
2004-01-26,62.70270270270271
2004-01-27,63.24324324324324
2004-01-28,62.70270270270271
2004-01-29,60.810810810810814
2004-01-30,59.189189189189186
2004-02-02,59.189189189189186
2004-02-03,51.891891891891895
2004-02-04,47.2972972972973
2004-02-05,46.63072776280324
2004-02-06,46.900269541778975
2004-02-09,45.55256064690027
2004-02-10,43.66576819407008
2004-02-11,43.39622641509434
2004-02-12,43.66576819407008
2004-02-13,45.82210242587601
2004-02-17,47.16981132075472
2004-02-18,49.056603773584904
2004-02-19,52.56064690026954
2004-02-20,54.98652291105122
2004-02-23,55.25606469002695
2004-02-24,54.17789757412399
2004-02-25,51.482479784366575
2004-02-26,48.78706199460917
2004-02-27,45.28301886792453
2004-03-01,45.01347708894879
2004-03-02,44.74393530997305
2004-03-03,45.82210242587601
2004-03-04,45.55256064690027
2004-03-05,46.091644204851754
2004-03-08,48.24797843665768
2004-03-09,50.673854447439346
2004-03-10,49.59568733153639
2004-03-11,46.900269541778975
2004-03-12,46.36118598382749
2004-03-15,40.97035040431267
2004-03-16,36.38814016172507
2004-03-17,33.692722371967655
2004-03-18,31.536388140161726
2004-03-19,28.30188679245283
2004-03-22,23.180592991913745
2004-03-23,19.40700808625337
2004-03-24,14.824797843665769
2004-03-25,15.633423180592992
2004-03-26,15.902964959568733
2004-03-29,17.52021563342318
2004-03-30,20.485175202156334
2004-03-31,22.641509433962266
2004-04-01,25.067385444743934
2004-04-02,29.380053908355798
2004-04-05,32.075471698113205
2004-04-06,35.04043126684636
2004-04-07,38.00539083557952
2004-04-08,38.544474393531
2004-04-12,41.23989218328841
2004-04-13,42.318059299191376
2004-04-14,42.318059299191376
2004-04-15,41.77897574123989
2004-04-16,40.97035040431267
2004-04-19,40.97035040431267
2004-04-20,40.16172506738545
2004-04-21,39.62264150943396
2004-04-22,37.735849056603776
2004-04-23,37.46630727762803
2004-04-26,35.04043126684636
2004-04-27,35.309973045822105
2004-04-28,35.309973045822105
2004-04-29,33.692722371967655
2004-04-30,31.266846361185983
2004-05-03,29.110512129380055
2004-05-04,30.727762803234505
2004-05-05,30.997304582210244
2004-05-06,27.762803234501348
2004-05-07,25.87601078167116
2004-05-10,22.10242587601078
2004-05-11,20.485175202156334
2004-05-12,19.67654986522911
2004-05-13,16.442048517520217
2004-05-14,15.09433962264151
2004-05-17,12.398921832884097
2004-05-18,10.242587601078167
2004-05-19,8.086253369272237
2004-05-20,6.46900269541779
2004-05-21,6.199460916442049
2004-05-24,9.703504043126685
2004-05-25,11.590296495956872
2004-05-26,13.477088948787062
2004-05-27,15.902964959568733
2004-05-28,16.711590296495956
2004-06-01,19.137466307277627
2004-06-02,20.754716981132077
2004-06-03,22.641509433962266
2004-06-04,23.98921832884097
2004-06-07,24.528301886792452
2004-06-08,25.60646900269542
2004-06-09,27.762803234501348
2004-06-10,29.03225806451613
2004-06-14,31.451612903225808
2004-06-15,32.526881720430104
2004-06-16,33.33333333333333
2004-06-17,35.483870967741936
2004-06-18,38.17204301075269
2004-06-21,39.784946236559136
2004-06-22,39.784946236559136
2004-06-23,38.337801608579085
2004-06-24,38.605898123324394
2004-06-25,39.41018766756032
2004-06-28,42.35924932975871
2004-06-29,42.0911528150134
2004-06-30,45.30831099195711
2004-07-01,44.50402144772118
2004-07-02,45.30831099195711
2004-07-06,45.30831099195711
2004-07-07,44.50402144772118
2004-07-08,41.55495978552279
2004-07-09,39.41018766756032
2004-07-12,37.533512064343164
2004-07-13,33.68983957219251
2004-07-14,31.016042780748666
2004-07-15,26.203208556149733
2004-07-16,24.86631016042781
2004-07-19,22.459893048128343
2004-07-20,22.994652406417114
2004-07-21,21.12299465240642
2004-07-22,20.855614973262032
2004-07-23,21.390374331550802
2004-07-26,19.786096256684495
2004-07-27,20.32085561497326
2004-07-28,18.983957219251337
2004-07-29,17.647058823529413
2004-07-30,17.11229946524064
2004-08-02,16.844919786096256
2004-08-03,16.0427807486631
2004-08-04,16.577540106951872
2004-08-05,16.0427807486631
2004-08-06,15.775401069518717
2004-08-09,15.240641711229946
2004-08-10,15.775401069518717
2004-08-11,14.973262032085561
2004-08-12,14.171122994652407
2004-08-13,13.101604278074866
2004-08-16,12.533333333333333
2004-08-17,12.533333333333333
2004-08-18,12.266666666666666
2004-08-19,13.793103448275861
2004-08-20,16.180371352785148
2004-08-23,17.24137931034483
2004-08-24,17.24137931034483
2004-08-25,19.363395225464192
2004-08-26,20.689655172413794
2004-08-27,22.811671087533156
2004-08-30,24.40318302387268
2004-08-31,24.93368700265252
2004-09-01,25.46419098143236
2004-09-02,27.320954907161806
2004-09-03,28.912466843501328
2004-09-07,31.830238726790448
2004-09-08,32.891246684350136
2004-09-09,35.0132625994695
2004-09-10,35.80901856763926
2004-09-13,36.339522546419104
2004-09-14,37.6657824933687
2004-09-15,37.13527851458886
2004-09-16,37.93103448275862
2004-09-17,40.05305039787798
2004-09-20,39.787798408488065
2004-09-21,38.9920424403183
2004-09-22,37.13527851458886
2004-09-23,34.748010610079575
2004-09-24,33.42175066312997
2004-09-27,32.09549071618037
2004-09-28,30.50397877984085
2004-09-29,30.50397877984085
2004-09-30,29.177718832891248
2004-10-01,30.238726790450926
2004-10-04,31.03448275862069
2004-10-05,31.56498673740053
2004-10-06,34.748010610079575
2004-10-07,38.726790450928384
2004-10-08,40.318302387267906
2004-10-11,44.297082228116714
2004-10-12,46.15384615384615
2004-10-13,45.62334217506631
2004-10-14,43.76657824933687
2004-10-15,42.17506631299735
2004-10-18,41.37931034482759
2004-10-19,37.13527851458886
2004-10-20,34.748010610079575
2004-10-21,32.09549071618037
2004-10-22,29.708222811671085
2004-10-25,27.851458885941643
2004-10-26,25.72944297082228
2004-10-27,28.381962864721483
2004-10-28,29.973474801061005
2004-10-29,30.952380952380953
2004-11-01,31.48148148148148
2004-11-02,35.714285714285715
2004-11-03,37.56613756613756
2004-11-04,41.269841269841265
2004-11-05,43.91534391534391
2004-11-08,45.767195767195766
2004-11-09,46.03174603174603
2004-11-10,46.03174603174603
2004-11-11,47.354497354497354
2004-11-12,49.47089947089947
2004-11-15,50.79365079365079
2004-11-16,51.85185185185185
2004-11-17,53.70370370370371
2004-11-18,55.55555555555556
2004-11-19,56.464379947229546
2004-11-22,56.200527704485495
2004-11-23,56.200527704485495
2004-11-24,55.67282321899736
2004-11-26,56.72823218997362
2004-11-29,55.145118733509236
2004-11-30,52.242744063324544
2004-12-01,52.770448548812666
2004-12-02,49.07651715039577
2004-12-03,46.965699208443276
2004-12-06,49.6042216358839
2004-12-07,48.812664907651715
2004-12-08,47.75725593667546
2004-12-09,46.701846965699204
2004-12-10,44.854881266490764
2004-12-13,46.17414248021108
2004-12-14,48.02110817941953
2004-12-15,48.1578947368421
2004-12-16,47.368421052631575
2004-12-17,45.26315789473684
2004-12-20,45.0
2004-12-21,46.578947368421055
2004-12-22,48.94736842105264
2004-12-23,52.89473684210526
2004-12-27,55.26315789473685
2004-12-28,55.52631578947368
2004-12-29,54.736842105263165
2004-12-30,53.1578947368421
2004-12-31,54.21052631578947
2005-01-03,56.05263157894736
2005-01-04,53.421052631578945
2005-01-05,47.368421052631575
2005-01-06,40.0
2005-01-07,32.10526315789474
2005-01-10,30.263157894736842
2005-01-11,22.63157894736842
2005-01-12,19.210526315789473
2005-01-13,14.210526315789473
2005-01-14,12.894736842105264
2005-01-18,13.421052631578947
2005-01-19,15.0
2005-01-20,16.05263157894737
2005-01-21,17.63157894736842
2005-01-24,17.63157894736842
2005-01-25,18.684210526315788
2005-01-26,20.0
2005-01-27,21.842105263157897
2005-01-28,21.31578947368421
2005-01-31,21.31578947368421
2005-02-01,21.31578947368421
2005-02-02,23.157894736842106
2005-02-03,24.736842105263158
2005-02-04,28.421052631578945
2005-02-07,31.05263157894737
2005-02-08,32.89473684210527
2005-02-09,34.473684210526315
2005-02-10,36.31578947368421
2005-02-11,37.89473684210527
2005-02-14,39.473684210526315
2005-02-15,40.526315789473685
2005-02-16,41.8421052631579
2005-02-17,42.10526315789473
2005-02-18,42.368421052631575
2005-02-22,43.15789473684211
2005-02-23,41.578947368421055
2005-02-24,41.05263157894737
2005-02-25,39.73684210526316
2005-02-28,36.31578947368421
2005-03-01,34.73684210526316
2005-03-02,31.842105263157894
2005-03-03,31.31578947368421
2005-03-04,32.10526315789474
2005-03-07,34.21052631578947
2005-03-08,38.94736842105263
2005-03-09,40.78947368421053
2005-03-10,42.368421052631575
2005-03-11,41.05263157894737
2005-03-14,43.42105263157895
2005-03-15,43.15789473684211
2005-03-16,40.526315789473685
2005-03-17,38.421052631578945
2005-03-18,35.26315789473684
2005-03-21,30.263157894736842
2005-03-22,25.789473684210527
2005-03-23,21.842105263157897
2005-03-24,18.684210526315788
2005-03-28,15.0
2005-03-29,12.368421052631579
2005-03-30,10.789473684210527
2005-03-31,11.842105263157894
2005-04-01,11.578947368421053
2005-04-04,12.105263157894736
2005-04-05,13.157894736842104
2005-04-06,15.526315789473685
2005-04-07,17.894736842105264
2005-04-08,18.684210526315788
2005-04-11,20.263157894736842
2005-04-12,22.36842105263158
2005-04-13,21.31578947368421
2005-04-14,20.73490813648294
2005-04-15,17.585301837270343
2005-04-18,16.010498687664043
2005-04-19,15.485564304461944
2005-04-20,14.435695538057743
2005-04-21,12.335958005249344
2005-04-22,10.761154855643044
2005-04-25,9.973753280839896
2005-04-26,8.398950131233596
2005-04-27,7.611548556430446
2005-04-28,7.874015748031496
2005-04-29,9.448818897637794
2005-05-02,10.761154855643044
2005-05-03,11.811023622047244
2005-05-04,15.748031496062993
2005-05-05,18.37270341207349
2005-05-06,18.89763779527559
2005-05-09,20.73490813648294
2005-05-10,21.25984251968504
2005-05-11,22.04724409448819
2005-05-12,23.097112860892388
2005-05-13,24.146981627296586
2005-05-16,23.88451443569554
2005-05-17,24.671916010498688
2005-05-18,26.509186351706038
2005-05-19,27.559055118110237
2005-05-20,29.92125984251969
2005-05-23,30.971128608923888
2005-05-24,32.54593175853018
2005-05-25,33.07086614173229
2005-05-26,34.120734908136484
2005-05-27,36.22047244094488
2005-05-31,38.05774278215223
2005-06-01,38.582677165354326
2005-06-02,39.107611548556434
2005-06-03,41.99475065616798
2005-06-06,40.94488188976378
2005-06-07,41.20734908136483
2005-06-08,40.94488188976378
2005-06-09,40.68241469816273
2005-06-10,40.94488188976378
2005-06-13,42.25721784776903
2005-06-14,40.94488188976378
2005-06-15,40.94488188976378
2005-06-16,39.107611548556434
2005-06-17,40.419947506561684
2005-06-20,42.78215223097113
2005-06-21,43.832020997375324
2005-06-22,44.881889763779526
2005-06-23,44.61942257217848
2005-06-24,44.61942257217848
2005-06-27,42.78215223097113
2005-06-28,43.717277486910994
2005-06-29,43.455497382198956
2005-06-30,42.93193717277487
2005-07-01,40.83769633507853
2005-07-05,37.696335078534034
2005-07-06,36.38743455497382
2005-07-07,35.86387434554974
2005-07-08,36.64921465968586
2005-07-11,40.575916230366495
2005-07-12,43.97905759162304
2005-07-13,45.0261780104712
2005-07-14,47.12041884816754
2005-07-15,48.167539267015705
2005-07-18,50.26178010471204
2005-07-19,49.21465968586388
2005-07-20,50.0
2005-07-21,50.391644908616186
2005-07-22,49.869451697127936
2005-07-25,48.30287206266319
2005-07-26,46.73629242819843
2005-07-27,46.99738903394256
2005-07-28,46.99738903394256
2005-07-29,46.21409921671018
2005-08-01,46.99738903394256
2005-08-02,46.73629242819843
2005-08-03,46.99738903394256
2005-08-04,46.21409921671018
2005-08-05,43.60313315926893
2005-08-08,40.992167101827675
2005-08-09,38.642297650130544
2005-08-10,36.81462140992167
2005-08-11,32.29166666666667
2005-08-12,27.604166666666668
2005-08-15,27.083333333333332
2005-08-16,23.958333333333336
2005-08-17,22.135416666666664
2005-08-18,20.052083333333336
2005-08-19,18.75
2005-08-22,18.75
2005-08-23,18.489583333333336
2005-08-24,18.489583333333336
2005-08-25,16.666666666666664
2005-08-26,16.666666666666664
2005-08-29,15.104166666666666
2005-08-30,16.927083333333336
2005-08-31,17.708333333333336
2005-09-01,21.09375
2005-09-02,23.4375
2005-09-06,23.958333333333336
2005-09-07,26.041666666666668
2005-09-08,27.864583333333332
2005-09-09,29.166666666666668
2005-09-12,30.989583333333332
2005-09-13,30.989583333333332
2005-09-14,31.770833333333332
2005-09-15,32.98701298701299
2005-09-16,34.54545454545455
2005-09-19,34.80519480519481
2005-09-20,35.84415584415584
2005-09-21,34.02597402597402
2005-09-22,31.948051948051948
2005-09-23,30.129870129870127
2005-09-26,28.31168831168831
2005-09-27,25.71428571428571
2005-09-28,24.155844155844157
2005-09-29,22.597402597402596
2005-09-30,21.818181818181817
2005-10-03,23.376623376623375
2005-10-04,24.935064935064936
2005-10-05,24.155844155844157
2005-10-06,24.155844155844157
2005-10-07,24.415584415584416
2005-10-10,23.896103896103895
2005-10-11,23.116883116883116
2005-10-12,20.0
2005-10-13,17.92207792207792
2005-10-14,14.025974025974024
2005-10-17,13.506493506493506
2005-10-18,10.649350649350648
2005-10-19,11.168831168831169
2005-10-20,10.38961038961039
2005-10-21,10.38961038961039
2005-10-24,9.87012987012987
2005-10-25,11.948051948051948
2005-10-26,14.285714285714285
2005-10-27,15.844155844155845
2005-10-28,16.363636363636363
2005-10-31,17.142857142857142
2005-11-01,17.92207792207792
2005-11-02,19.74025974025974
2005-11-03,20.51948051948052
2005-11-04,21.298701298701296
2005-11-07,23.116883116883116
2005-11-08,25.19480519480519
2005-11-09,26.75324675324675
2005-11-10,28.05194805194805
2005-11-11,30.38961038961039
2005-11-14,31.68831168831169
2005-11-15,33.246753246753244
2005-11-16,33.93782383419689
2005-11-17,34.4559585492228
2005-11-18,36.787564766839374
2005-11-21,39.89637305699482
2005-11-22,41.70984455958549
2005-11-23,42.2279792746114
2005-11-25,43.78238341968912
2005-11-28,44.04145077720207
2005-11-29,45.07772020725388
2005-11-30,45.854922279792746
2005-12-01,46.1139896373057
2005-12-02,45.33678756476684
2005-12-05,45.33678756476684
2005-12-06,45.33678756476684
2005-12-07,45.854922279792746
2005-12-08,42.74611398963731
2005-12-09,42.2279792746114
2005-12-12,40.67357512953368
2005-12-13,39.637305699481864
2005-12-14,39.89637305699482
2005-12-15,40.41450777202073
2005-12-16,37.56476683937824
2005-12-19,35.751295336787564
2005-12-20,34.4559585492228
2005-12-21,35.917312661498705
2005-12-22,38.24289405684754
2005-12-23,38.50129198966408
2005-12-27,38.24289405684754
2005-12-28,36.17571059431525
2005-12-29,31.52454780361757
2005-12-30,27.906976744186046
2006-01-03,27.648578811369507
2006-01-04,30.749354005167955
2006-01-05,34.366925064599485
2006-01-06,37.46770025839793
2006-01-09,40.05167958656331
2006-01-10,41.343669250645995
2006-01-11,45.21963824289406
2006-01-12,46.770025839793284
2006-01-13,47.286821705426355
2006-01-17,48.837209302325576
2006-01-18,49.09560723514212
2006-01-19,49.09560723514212
2006-01-20,48.320413436692505
2006-01-23,44.96124031007752
2006-01-24,43.15245478036176
2006-01-25,41.343669250645995
2006-01-26,40.72164948453608
2006-01-27,40.72164948453608
2006-01-30,41.49484536082475
2006-01-31,41.75257731958763
2006-02-01,42.2680412371134
2006-02-02,41.23711340206185
2006-02-03,41.75257731958763
2006-02-06,42.41645244215938
2006-02-07,41.645244215938305
2006-02-08,41.90231362467866
2006-02-09,39.588688946015424
2006-02-10,37.789203084832906
2006-02-13,34.70437017994858
2006-02-14,33.67609254498715
2006-02-15,32.13367609254499
2006-02-16,32.390745501285345
2006-02-17,33.16195372750643
2006-02-21,33.16195372750643
2006-02-22,34.447300771208226
2006-02-23,34.96143958868895
2006-02-24,39.0745501285347
2006-02-27,43.18766066838046
2006-02-28,43.44473007712082
2006-03-01,44.473007712082264
2006-03-02,46.01542416452442
2006-03-03,46.01542416452442
2006-03-06,46.01542416452442
2006-03-07,45.75835475578406
2006-03-08,44.987146529562985
2006-03-09,43.70179948586118
2006-03-10,40.87403598971722
2006-03-13,38.303341902313626
2006-03-14,37.53213367609254
2006-03-15,35.38461538461539
2006-03-16,34.87179487179487
2006-03-17,36.15384615384615
2006-03-20,37.94871794871795
2006-03-21,40.0
2006-03-22,42.56410256410256
2006-03-23,45.12820512820513
2006-03-24,46.666666666666664
2006-03-27,46.92307692307692
2006-03-28,47.69230769230769
2006-03-29,47.179487179487175
2006-03-30,47.69230769230769
2006-03-31,46.666666666666664
2006-04-03,46.666666666666664
2006-04-04,44.61538461538462
2006-04-05,42.56410256410256
2006-04-06,41.28205128205128
2006-04-07,37.17948717948718
2006-04-10,35.8974358974359
2006-04-11,32.82051282051282
2006-04-12,31.28205128205128
2006-04-13,30.512820512820515
2006-04-17,28.205128205128204
2006-04-18,30.512820512820515
2006-04-19,30.76923076923077
2006-04-20,30.76923076923077
2006-04-21,30.256410256410255
2006-04-24,32.56410256410256
2006-04-25,34.87179487179487
2006-04-26,34.61538461538461
2006-04-27,36.92307692307693
2006-04-28,37.43589743589744
2006-05-01,38.71794871794872
2006-05-02,38.205128205128204
2006-05-03,36.92307692307693
2006-05-04,36.666666666666664
2006-05-05,37.17948717948718
2006-05-08,36.92307692307693
2006-05-09,38.205128205128204
2006-05-10,38.97435897435898
2006-05-11,37.69230769230769
2006-05-12,36.15384615384615
2006-05-15,34.87179487179487
2006-05-16,32.56410256410256
2006-05-17,29.48717948717949
2006-05-18,26.153846153846157
2006-05-19,22.05128205128205
2006-05-22,18.461538461538463
2006-05-23,13.846153846153847
2006-05-24,10.0
2006-05-25,8.695652173913043
2006-05-26,8.695652173913043
2006-05-30,6.905370843989769
2006-05-31,5.88235294117647
2006-06-01,7.161125319693094
2006-06-02,8.439897698209718
2006-06-05,8.439897698209718
2006-06-06,8.695652173913043
2006-06-07,10.230179028132993
2006-06-08,11.508951406649617
2006-06-09,11.253196930946292
2006-06-12,9.974424552429667
2006-06-13,9.974424552429667
2006-06-14,9.207161125319693
2006-06-15,8.695652173913043
2006-06-16,8.184143222506394
2006-06-19,7.161125319693094
2006-06-20,6.905370843989769
2006-06-21,6.3938618925831205
2006-06-22,5.115089514066496
2006-06-23,5.88235294117647
2006-06-26,6.3938618925831205
2006-06-27,5.88235294117647
2006-06-28,6.138107416879795
2006-06-29,7.161125319693094
2006-06-30,8.439897698209718
2006-07-03,10.741687979539643
2006-07-05,13.810741687979538
2006-07-06,15.089514066496163
2006-07-07,15.089514066496163
2006-07-10,16.36828644501279
2006-07-11,17.902813299232736
2006-07-12,19.69309462915601
2006-07-13,22.762148337595907
2006-07-14,23.273657289002557
2006-07-17,23.017902813299234
2006-07-18,21.483375959079286
2006-07-19,20.460358056265985
2006-07-20,19.18158567774936
2006-07-21,18.925831202046037
2006-07-24,18.67007672634271
2006-07-25,17.902813299232736
2006-07-26,17.391304347826086
2006-07-27,19.948849104859335
2006-07-28,20.971867007672635
2006-07-31,23.017902813299234
2006-08-01,24.55242966751918
2006-08-02,25.31969309462916
2006-08-03,26.342710997442452
2006-08-04,28.388746803069054
2006-08-07,29.411764705882355
2006-08-08,29.15601023017903
2006-08-09,29.66751918158568
2006-08-10,29.923273657289002
2006-08-11,30.434782608695656
2006-08-14,29.15601023017903
2006-08-15,28.388746803069054
2006-08-16,27.877237851662407
2006-08-17,27.10997442455243
2006-08-18,27.621483375959077
2006-08-21,27.877237851662407
2006-08-22,29.411764705882355
2006-08-23,30.946291560102303
2006-08-24,31.713554987212277
2006-08-25,31.45780051150895
2006-08-28,31.9693094629156
2006-08-29,32.22506393861892
2006-08-30,30.69053708439898
2006-08-31,30.179028132992325
2006-09-01,31.713554987212277
2006-09-05,32.22506393861892
2006-09-06,31.713554987212277
2006-09-07,31.9693094629156
2006-09-08,31.713554987212277
2006-09-11,31.713554987212277
2006-09-12,30.946291560102303
2006-09-13,31.713554987212277
2006-09-14,30.946291560102303
2006-09-15,31.713554987212277
2006-09-18,31.9693094629156
2006-09-19,31.713554987212277
2006-09-20,31.202046035805626
2006-09-21,31.45780051150895
2006-09-22,30.946291560102303
2006-09-25,31.202046035805626
2006-09-26,31.713554987212277
2006-09-27,32.992327365728904
2006-09-28,34.52685421994885
2006-09-29,34.271099744245525
2006-10-02,34.271099744245525
2006-10-03,35.54987212276215
2006-10-04,37.851662404092075
2006-10-05,39.64194373401534
2006-10-06,41.94373401534527
2006-10-09,42.19948849104859
2006-10-10,42.710997442455245
2006-10-11,44.50127877237852
2006-10-12,44.50127877237852
2006-10-13,45.26854219948849
2006-10-16,46.80306905370844
2006-10-17,47.704081632653065
2006-10-18,47.95918367346938
2006-10-19,47.95918367346938
2006-10-20,47.704081632653065
2006-10-23,47.704081632653065
2006-10-24,48.214285714285715
2006-10-25,47.95918367346938
2006-10-26,48.724489795918366
2006-10-27,47.95918367346938
2006-10-30,47.704081632653065
2006-10-31,46.93877551020408
2006-11-01,43.11224489795919
2006-11-02,41.3265306122449
2006-11-03,40.56122448979592
2006-11-06,39.795918367346935
2006-11-07,39.03061224489796
2006-11-08,38.775510204081634
2006-11-09,37.244897959183675
2006-11-10,36.734693877551024
2006-11-13,38.52040816326531
2006-11-14,39.54081632653062
2006-11-15,41.3265306122449
2006-11-16,45.40816326530612
2006-11-17,47.837150127226465
2006-11-20,50.63613231552163
2006-11-21,51.653944020356235
2006-11-22,52.67175572519084
2006-11-24,53.18066157760815
2006-11-27,52.926208651399484
2006-11-28,52.41730279898219
2006-11-29,51.908396946564885
2006-11-30,50.38167938931297
2006-12-01,47.58269720101781
2006-12-04,47.58269720101781
2006-12-05,46.0559796437659
2006-12-06,45.038167938931295
2006-12-07,41.73027989821883
2006-12-08,41.73027989821883
2006-12-11,43.765903307888046
2006-12-12,47.58269720101781
2006-12-13,46.81933842239186
2006-12-14,47.32824427480916
2006-12-15,48.346055979643765
2006-12-18,47.58269720101781
2006-12-19,45.038167938931295
2006-12-20,43.51145038167939
2006-12-21,40.966921119592875
2006-12-22,41.73027989821883
2006-12-26,40.966921119592875
2006-12-27,40.71246819338422
2006-12-28,40.71246819338422
2006-12-29,39.69465648854962
2007-01-03,36.895674300254456
2007-01-04,36.38676844783715
2007-01-05,32.82442748091603
2007-01-08,33.078880407124686
2007-01-09,32.31552162849873
2007-01-10,33.33333333333333
2007-01-11,34.35114503816794
2007-01-12,32.56997455470738
2007-01-16,33.842239185750635
2007-01-17,34.096692111959285
2007-01-18,35.6234096692112
2007-01-19,36.895674300254456
2007-01-22,38.93129770992366
2007-01-23,41.221374045801525
2007-01-24,41.98473282442748
2007-01-25,41.73027989821883
2007-01-26,43.00254452926209
2007-01-29,42.74809160305343
2007-01-30,41.475826972010175
2007-01-31,41.475826972010175
2007-02-01,43.25699745547074
2007-02-02,42.23918575063613
2007-02-05,44.783715012722645
2007-02-06,46.31043256997455
2007-02-07,46.0559796437659
2007-02-08,48.60050890585242
2007-02-09,49.61832061068702
2007-02-12,51.399491094147585
2007-02-13,53.43511450381679
2007-02-14,52.926208651399484
2007-02-15,53.18066157760815
2007-02-16,54.70737913486005
2007-02-20,55.72519083969466
2007-02-21,55.72519083969466
2007-02-22,55.470737913486005
2007-02-23,54.19847328244275
2007-02-26,54.4529262086514
2007-02-27,50.63613231552163
2007-02-28,46.0559796437659
2007-03-01,40.71246819338422
2007-03-02,33.078880407124686
2007-03-05,25.699745547073793
2007-03-06,17.302798982188293
2007-03-07,12.46819338422392
2007-03-08,9.414758269720101
2007-03-09,7.633587786259542
2007-03-12,7.633587786259542
2007-03-13,7.37913486005089
2007-03-14,7.37913486005089
2007-03-15,7.633587786259542
2007-03-16,8.396946564885496
2007-03-19,12.46819338422392
2007-03-20,15.521628498727736
2007-03-21,20.865139949109416
2007-03-22,25.380710659898476
2007-03-23,27.411167512690355
2007-03-26,29.441624365482234
2007-03-27,29.695431472081218
2007-03-28,29.441624365482234
2007-03-29,30.126582278481013
2007-03-30,29.620253164556964
2007-04-02,30.632911392405067
2007-04-03,31.89873417721519
2007-04-04,32.40506329113924
2007-04-05,34.177215189873415
2007-04-09,34.93670886075949
2007-04-10,35.189873417721515
2007-04-11,35.189873417721515
2007-04-12,37.721518987341774
2007-04-13,40.50632911392405
2007-04-16,44.303797468354425
2007-04-17,47.59493670886076
2007-04-18,47.34177215189874
2007-04-19,48.23232323232323
2007-04-20,49.24242424242424
2007-04-23,51.26262626262626
2007-04-24,50.75757575757576
2007-04-25,52.77777777777778
2007-04-26,55.80808080808081
2007-04-27,56.060606060606055
2007-04-30,55.3030303030303
2007-05-01,53.03030303030303
2007-05-02,53.03030303030303
2007-05-03,52.64483627204031
2007-05-04,52.76381909547738
2007-05-07,53.517587939698494
2007-05-08,51.005025125628144
2007-05-09,51.507537688442206
2007-05-10,48.49246231155779
2007-05-11,48.49246231155779
2007-05-14,47.23618090452261
2007-05-15,48.370927318295735
2007-05-16,48.370927318295735
2007-05-17,46.365914786967416
2007-05-18,44.611528822055135
2007-05-21,43.859649122807014
2007-05-22,43.35839598997494
2007-05-23,41.35338345864661
2007-05-24,41.10275689223057
2007-05-25,42.10526315789473
2007-05-29,43.10776942355889
2007-05-30,42.857142857142854
2007-05-31,41.854636591478695
2007-06-01,42.857142857142854
2007-06-04,44.11027568922306
2007-06-05,43.35839598997494
2007-06-06,43.10776942355889
2007-06-07,39.34837092731829
2007-06-08,39.59899749373433
2007-06-11,38.095238095238095
2007-06-12,35.58897243107769
2007-06-13,33.83458646616541
2007-06-14,31.5
2007-06-15,29.75
2007-06-18,27.250000000000004
2007-06-19,27.250000000000004
2007-06-20,27.250000000000004
2007-06-21,30.25
2007-06-22,30.174563591022448
2007-06-25,27.18204488778055
2007-06-26,27.93017456359102
2007-06-27,27.93017456359102
2007-06-28,27.431421446384043
2007-06-29,27.18204488778055
2007-07-02,25.187032418952622
2007-07-03,25.6857855361596
2007-07-05,26.932668329177055
2007-07-06,28.92768079800499
2007-07-09,29.67581047381546
2007-07-10,31.17206982543641
2007-07-11,32.16957605985037
2007-07-12,34.413965087281795
2007-07-13,36.907730673316706
2007-07-16,37.65586034912718
2007-07-17,37.905236907730675
2007-07-18,38.90274314214464
2007-07-19,39.40149625935162
2007-07-20,39.40149625935162
2007-07-23,38.90274314214464
2007-07-24,38.90274314214464
2007-07-25,37.406483790523694
2007-07-26,32.66832917705736
2007-07-27,27.363184079601986
2007-07-30,21.890547263681594
2007-07-31,17.412935323383085
2007-08-01,15.17412935323383
2007-08-02,13.681592039800993
2007-08-03,11.194029850746269
2007-08-06,10.199004975124378
2007-08-07,9.45273631840796
2007-08-08,10.199004975124378
2007-08-09,9.701492537313433
2007-08-10,11.691542288557214
2007-08-13,12.686567164179104
2007-08-14,13.432835820895523
2007-08-15,12.437810945273633
2007-08-16,10.199004975124378
2007-08-17,9.950248756218906
2007-08-20,9.45273631840796
2007-08-21,8.45771144278607
2007-08-22,8.706467661691542
2007-08-23,7.711442786069651
2007-08-24,7.213930348258707
2007-08-27,6.218905472636816
2007-08-28,5.472636815920398
2007-08-29,7.462686567164178
2007-08-30,8.955223880597014
2007-08-31,9.950248756218906
2007-09-04,10.945273631840797
2007-09-05,11.194029850746269
2007-09-06,12.189054726368159
2007-09-07,13.184079601990051
2007-09-10,13.681592039800993
2007-09-11,14.676616915422885
2007-09-12,15.671641791044777
2007-09-13,16.169154228855724
2007-09-14,16.666666666666664
2007-09-17,19.154228855721392
2007-09-18,21.890547263681594
2007-09-19,25.12437810945274
2007-09-20,26.368159203980102
2007-09-21,28.109452736318406
2007-09-24,30.34825870646766
2007-09-25,32.08955223880597
2007-09-26,33.83084577114428
2007-09-27,33.83084577114428
2007-09-28,34.82587064676617
2007-10-01,37.56218905472637
2007-10-02,38.308457711442784
2007-10-03,38.308457711442784
2007-10-04,38.80597014925373
2007-10-05,39.0547263681592
2007-10-08,41.29353233830846
2007-10-09,42.28855721393035
2007-10-10,42.28855721393035
2007-10-11,41.7910447761194
2007-10-12,42.28855721393035
2007-10-15,41.04477611940299
2007-10-16,38.80597014925373
2007-10-17,39.0547263681592
2007-10-18,37.81094527363184
2007-10-19,36.069651741293534
2007-10-22,34.32835820895522
2007-10-23,32.33830845771145
2007-10-24,28.35820895522388
2007-10-25,26.302729528535977
2007-10-26,24.317617866004962
2007-10-29,24.069478908188586
2007-10-30,24.317617866004962
2007-10-31,24.069478908188586
2007-11-01,23.076923076923077
2007-11-02,24.56575682382134
2007-11-05,26.302729528535977
2007-11-06,26.799007444168733
2007-11-07,27.543424317617866
2007-11-08,26.799007444168733
2007-11-09,26.054590570719604
2007-11-12,23.573200992555833
2007-11-13,22.332506203473944
2007-11-14,18.11414392059553
2007-11-15,16.831683168316832
2007-11-16,15.346534653465346
2007-11-19,12.128712871287128
2007-11-20,9.900990099009901
2007-11-21,9.653465346534654
2007-11-23,8.91089108910891
2007-11-26,8.91089108910891
2007-11-27,8.16831683168317
2007-11-28,8.16831683168317
2007-11-29,9.405940594059405
2007-11-30,11.386138613861387
2007-12-03,12.376237623762377
2007-12-04,14.603960396039604
2007-12-05,17.326732673267326
2007-12-06,19.306930693069308
2007-12-07,20.049504950495052
2007-12-10,22.772277227722775
2007-12-11,23.01980198019802
2007-12-12,23.51485148514851
2007-12-13,24.752475247524753
2007-12-14,24.257425742574256
2007-12-17,24.00990099009901
2007-12-18,24.504950495049506
2007-12-19,24.504950495049506
2007-12-20,23.51485148514851
2007-12-21,23.51485148514851
2007-12-24,23.01980198019802
2007-12-26,22.277227722772277
2007-12-27,20.544554455445542
2007-12-28,18.81188118811881
2007-12-31,19.306930693069308
2008-01-02,20.049504950495052
2008-01-03,20.049504950495052
2008-01-04,18.564356435643564
2008-01-07,16.33663366336634
2008-01-08,15.099009900990099
2008-01-09,13.118811881188119
2008-01-10,10.891089108910892
2008-01-11,9.900990099009901
2008-01-14,9.405940594059405
2008-01-15,8.91089108910891
2008-01-16,9.158415841584159
2008-01-17,8.16831683168317
2008-01-18,7.425742574257425
2008-01-22,6.435643564356436
2008-01-23,4.9504950495049505
2008-01-24,3.9603960396039604
2008-01-25,2.4752475247524752
2008-01-28,2.2277227722772275
2008-01-29,1.9801980198019802
2008-01-30,1.4851485148514851
2008-01-31,1.2376237623762376
2008-02-01,0.9900990099009901
2008-02-04,0.9900990099009901
2008-02-05,1.2376237623762376
2008-02-06,1.7326732673267329
2008-02-07,1.9801980198019802
2008-02-08,1.9801980198019802
2008-02-11,1.9801980198019802
2008-02-12,2.4752475247524752
2008-02-13,2.722772277227723
2008-02-14,2.4752475247524752
2008-02-15,2.2277227722772275
2008-02-19,3.4653465346534658
2008-02-20,3.7128712871287126
2008-02-21,4.702970297029703
2008-02-22,5.445544554455446
2008-02-25,5.445544554455446
2008-02-26,6.188118811881188
2008-02-27,6.435643564356436
2008-02-28,7.425742574257425
2008-02-29,8.415841584158416
2008-03-03,7.920792079207921
2008-03-04,8.16831683168317
2008-03-05,7.425742574257425
2008-03-06,6.9306930693069315
2008-03-07,6.683168316831684
2008-03-10,6.188118811881188
2008-03-11,5.198019801980198
2008-03-12,4.9504950495049505
2008-03-13,4.455445544554455
2008-03-14,4.207920792079208
2008-03-17,3.950617283950617
2008-03-18,4.691358024691358
2008-03-19,4.433497536945813
2008-03-20,5.172413793103448
2008-03-24,6.403940886699508
2008-03-25,7.389162561576355
2008-03-26,8.12807881773399
2008-03-27,8.374384236453201
2008-03-28,8.374384236453201
2008-03-31,8.12807881773399
2008-04-01,9.35960591133005
2008-04-02,10.344827586206897
2008-04-03,11.822660098522167
2008-04-04,12.561576354679804
2008-04-07,12.561576354679804
2008-04-08,13.30049261083744
2008-04-09,13.054187192118228
2008-04-10,13.30049261083744
2008-04-11,14.039408866995073
2008-04-14,14.532019704433496
2008-04-15,14.285714285714285
2008-04-16,14.039408866995073
2008-04-17,14.039408866995073
2008-04-18,14.532019704433496
2008-04-21,15.517241379310345
2008-04-22,14.77832512315271
2008-04-23,14.496314496314497
2008-04-24,15.47911547911548
2008-04-25,16.216216216216218
2008-04-28,17.1990171990172
2008-04-29,18.181818181818183
2008-04-30,18.91891891891892
2008-05-01,19.41031941031941
2008-05-02,20.14742014742015
2008-05-05,20.39312039312039
2008-05-06,21.13022113022113
2008-05-07,20.098039215686274
2008-05-08,19.607843137254903
2008-05-09,17.401960784313726
2008-05-12,17.647058823529413
2008-05-13,17.892156862745097
2008-05-14,18.38235294117647
2008-05-15,19.11764705882353
2008-05-16,19.607843137254903
2008-05-19,20.588235294117645
2008-05-20,21.07843137254902
2008-05-21,21.323529411764707
2008-05-22,20.34313725490196
2008-05-23,22.794117647058822
2008-05-27,21.323529411764707
2008-05-28,21.07843137254902
2008-05-29,21.568627450980394
2008-05-30,20.34313725490196
2008-06-02,18.627450980392158
2008-06-03,17.892156862745097
2008-06-04,16.42156862745098
2008-06-05,17.892156862745097
2008-06-06,19.11764705882353
2008-06-09,20.588235294117645
2008-06-10,20.34313725490196
2008-06-11,18.872549019607842
2008-06-12,17.647058823529413
2008-06-13,15.196078431372548
2008-06-16,15.441176470588236
2008-06-17,15.892420537897312
2008-06-18,15.158924205378973
2008-06-19,14.66992665036675
2008-06-20,14.66992665036675
2008-06-23,15.158924205378973
2008-06-24,12.95843520782396
2008-06-25,13.447432762836186
2008-06-26,11.491442542787286
2008-06-27,10.024449877750612
2008-06-30,9.290953545232274
2008-07-01,7.579462102689487
2008-07-02,6.845965770171149
2008-07-03,5.623471882640587
2008-07-07,4.400977995110025
2008-07-08,3.6674816625916873
2008-07-09,3.4229828850855744
2008-07-10,3.4229828850855744
2008-07-11,3.1784841075794623
2008-07-14,3.1784841075794623
2008-07-15,2.93398533007335
2008-07-16,2.93398533007335
2008-07-17,3.6674816625916873
2008-07-18,3.1784841075794623
2008-07-21,3.9119804400977993
2008-07-22,4.156479217603912
2008-07-23,3.4229828850855744
2008-07-24,3.4229828850855744
2008-07-25,3.6674816625916873
2008-07-28,3.9119804400977993
2008-07-29,6.112469437652812
2008-07-30,8.06845965770171
2008-07-31,8.06845965770171
2008-08-01,8.557457212713937
2008-08-04,9.04645476772616
2008-08-05,10.024449877750612
2008-08-06,10.513447432762836
2008-08-07,11.491442542787286
2008-08-08,12.95843520782396
2008-08-11,14.91442542787286
2008-08-12,16.87041564792176
2008-08-13,17.359413202933986
2008-08-14,18.09290953545232
2008-08-15,18.581907090464547
2008-08-18,19.070904645476773
2008-08-19,19.80440097799511
2008-08-20,19.070904645476773
2008-08-21,19.070904645476773
2008-08-22,17.84841075794621
2008-08-25,17.84841075794621
2008-08-26,15.158924205378973
2008-08-27,13.691931540342297
2008-08-28,12.71393643031785
2008-08-29,9.7799511002445
2008-09-02,7.579462102689487
2008-09-03,8.312958435207824
2008-09-04,7.823960880195599
2008-09-05,7.579462102689487
2008-09-08,6.601466992665037
2008-09-09,8.06845965770171
2008-09-10,9.290953545232274
2008-09-11,9.7799511002445
2008-09-12,10.024449877750612
2008-09-15,10.757946210268948
2008-09-16,11.98044009779951
2008-09-17,8.80195599022005
2008-09-18,9.535452322738386
2008-09-19,11.491442542787286
2008-09-22,11.00244498777506
2008-09-23,10.513447432762836
2008-09-24,10.024449877750612
2008-09-25,10.024449877750612
2008-09-26,9.290953545232274
2008-09-29,8.80195599022005
2008-09-30,7.579462102689487
2008-10-01,9.04645476772616
2008-10-02,8.06845965770171
2008-10-03,4.645476772616137
2008-10-06,3.4229828850855744
2008-10-07,2.444987775061125
2008-10-08,0.9779951100244498
2008-10-09,0.24449877750611246
2008-10-10,0.24449877750611246
2008-10-13,0.0
2008-10-14,0.0
2008-10-15,0.0
2008-10-16,0.0
2008-10-17,0.0
2008-10-20,0.0
2008-10-21,0.0
2008-10-22,0.0
2008-10-23,0.0
2008-10-24,0.0
2008-10-27,0.0
2008-10-28,0.0
2008-10-29,0.0
2008-10-30,0.0
2008-10-31,0.0
2008-11-03,0.0
2008-11-04,0.0
2008-11-05,0.0
2008-11-06,0.0
2008-11-07,0.0
2008-11-10,0.0
2008-11-11,0.0
2008-11-12,0.0
2008-11-13,0.0
2008-11-14,0.0
2008-11-17,0.4889975550122249
2008-11-18,0.4889975550122249
2008-11-19,0.24449877750611246
2008-11-20,0.24449877750611246
2008-11-21,0.24449877750611246
2008-11-24,0.0
2008-11-25,0.0
2008-11-26,0.24449877750611246
2008-11-28,0.24449877750611246
2008-12-01,0.24449877750611246
2008-12-02,0.24449877750611246
2008-12-03,0.24449877750611246
2008-12-04,0.24449877750611246
2008-12-05,0.24449877750611246
2008-12-08,0.7334963325183375
2008-12-09,0.9779951100244498
2008-12-10,1.2224938875305624
2008-12-11,1.2224938875305624
2008-12-12,1.2224938875305624
2008-12-15,0.9779951100244498
2008-12-16,0.9779951100244498
2008-12-17,1.466992665036675
2008-12-18,1.466992665036675
2008-12-19,1.2224938875305624
2008-12-22,1.466992665036675
2008-12-23,1.2224938875305624
2008-12-24,0.9779951100244498
2008-12-26,0.9779951100244498
2008-12-29,1.2224938875305624
2008-12-30,1.466992665036675
2008-12-31,1.466992665036675
2009-01-02,1.2224938875305624
2009-01-05,1.2224938875305624
2009-01-06,1.2224938875305624
2009-01-07,1.7114914425427872
2009-01-08,1.9559902200488997
2009-01-09,1.9559902200488997
2009-01-12,1.7114914425427872
2009-01-13,1.466992665036675
2009-01-14,1.466992665036675
2009-01-15,1.2224938875305624
2009-01-16,0.9779951100244498
2009-01-20,0.7334963325183375
2009-01-21,0.9779951100244498
2009-01-22,0.4889975550122249
2009-01-23,0.24449877750611246
2009-01-26,0.24449877750611246
2009-01-27,0.24449877750611246
2009-01-28,0.4889975550122249
2009-01-29,0.4889975550122249
2009-01-30,0.7334963325183375
2009-02-02,0.7334963325183375
2009-02-03,1.466992665036675
2009-02-04,1.466992665036675
2009-02-05,1.7114914425427872
2009-02-06,1.466992665036675
2009-02-09,1.7114914425427872
2009-02-10,1.7114914425427872
2009-02-11,1.7114914425427872
2009-02-12,1.7114914425427872
2009-02-13,1.466992665036675
2009-02-17,1.2224938875305624
2009-02-18,1.466992665036675
2009-02-19,1.466992665036675
2009-02-20,1.466992665036675
2009-02-23,0.9779951100244498
2009-02-24,0.7334963325183375
2009-02-25,0.9779951100244498
2009-02-26,1.466992665036675
2009-02-27,0.7334963325183375
2009-03-02,0.4889975550122249
2009-03-03,0.4889975550122249
2009-03-04,0.7334963325183375
2009-03-05,0.7334963325183375
2009-03-06,0.7334963325183375
2009-03-09,0.7334963325183375
2009-03-10,0.9779951100244498
2009-03-11,1.2224938875305624
2009-03-12,0.9779951100244498
2009-03-13,0.9779951100244498
2009-03-16,1.2224938875305624
2009-03-17,1.2224938875305624
2009-03-18,1.466992665036675
2009-03-19,1.466992665036675
2009-03-20,1.466992665036675
2009-03-23,1.9559902200488997
2009-03-24,1.9559902200488997
2009-03-25,1.9559902200488997
2009-03-26,1.9559902200488997
2009-03-27,1.9559902200488997
2009-03-30,1.9559902200488997
2009-03-31,2.689486552567237
2009-04-01,2.93398533007335
2009-04-02,2.93398533007335
2009-04-03,2.93398533007335
2009-04-06,3.1784841075794623
2009-04-07,3.1784841075794623
2009-04-08,2.93398533007335
2009-04-09,3.1784841075794623
2009-04-13,2.93398533007335
2009-04-14,3.4229828850855744
2009-04-15,3.1784841075794623
2009-04-16,3.4229828850855744
2009-04-17,3.4229828850855744
2009-04-20,3.6674816625916873
2009-04-21,3.4229828850855744
2009-04-22,4.156479217603912
2009-04-23,3.9119804400977993
2009-04-24,3.9119804400977993
2009-04-27,3.9119804400977993
2009-04-28,4.156479217603912
2009-04-29,4.88997555012225
2009-04-30,4.88997555012225
2009-05-01,4.400977995110025
2009-05-04,4.88997555012225
2009-05-05,5.378973105134474
2009-05-06,5.8679706601467
2009-05-07,6.356968215158925
2009-05-08,6.112469437652812
2009-05-11,7.090464547677261
2009-05-12,7.090464547677261
2009-05-13,7.579462102689487
2009-05-14,7.579462102689487
2009-05-15,7.579462102689487
2009-05-18,7.090464547677261
2009-05-19,6.845965770171149
2009-05-20,6.112469437652812
2009-05-21,6.601466992665037
2009-05-22,5.8679706601467
2009-05-26,5.623471882640587
2009-05-27,6.112469437652812
2009-05-28,7.090464547677261
2009-05-29,10.513447432762836
2009-06-01,14.91442542787286
2009-06-02,16.625916870415647
2009-06-03,19.559902200489
2009-06-04,21.515892420537895
2009-06-05,23.4718826405868
2009-06-08,26.405867970660147
2009-06-09,28.117359413202937
2009-06-10,29.82885085574572
2009-06-11,32.27383863080684
2009-06-12,33.98533007334964
2009-06-15,33.496332518337404
2009-06-16,32.27383863080684
2009-06-17,31.784841075794624
2009-06-18,31.54034229828851
2009-06-19,29.095354523227385
2009-06-22,23.71638141809291
2009-06-23,20.048899755501225
2009-06-24,14.425427872860636
2009-06-25,11.7359413202934
2009-06-26,9.290953545232274
2009-06-29,9.535452322738386
2009-06-30,11.00244498777506
2009-07-01,12.71393643031785
2009-07-02,14.425427872860636
2009-07-06,13.447432762836186
2009-07-07,15.403422982885084
2009-07-08,17.114914425427873
2009-07-09,17.84841075794621
2009-07-10,15.892420537897312
2009-07-13,15.647921760391197
2009-07-14,16.13691931540342
2009-07-15,15.158924205378973
2009-07-16,14.66992665036675
2009-07-17,18.82640586797066
2009-07-20,22.982885085574573
2009-07-21,29.3398533007335
2009-07-22,33.251833740831295
2009-07-23,37.40831295843521
2009-07-24,43.03178484107579
2009-07-27,44.743276283618584
2009-07-28,46.69926650366748
2009-07-29,48.899755501222494
2009-07-30,52.32273838630807
2009-07-31,55.012224938875306
2009-08-03,57.701711491442545
2009-08-04,61.61369193154034
2009-08-05,63.08068459657702
2009-08-06,64.63414634146342
2009-08-07,65.1219512195122
2009-08-10,67.31707317073172
2009-08-11,65.3658536585366
2009-08-12,65.60975609756098
2009-08-13,66.09756097560975
2009-08-14,64.63414634146342
2009-08-17,60.97560975609756
2009-08-18,57.80487804878048
2009-08-19,56.09756097560976
2009-08-20,54.390243902439025
2009-08-21,52.926829268292686
2009-08-24,55.60975609756098
2009-08-25,55.365853658536594
2009-08-26,56.82926829268292
2009-08-27,55.1219512195122
2009-08-28,56.82926829268292
2009-08-31,61.21951219512195
2009-09-01,61.70731707317073
2009-09-02,62.4390243902439
2009-09-03,60.731707317073166
2009-09-04,56.82926829268292
2009-09-08,56.09756097560976
2009-09-09,52.4390243902439
2009-09-10,50.73170731707317
2009-09-11,51.21951219512195
2009-09-14,54.63414634146342
2009-09-15,55.85365853658537
2009-09-16,61.70731707317073
2009-09-17,67.31707317073172
2009-09-18,72.4390243902439
2009-09-21,74.63414634146342
2009-09-22,75.1219512195122
2009-09-23,74.39024390243902
2009-09-24,74.39024390243902
2009-09-25,73.17073170731707
2009-09-28,72.4390243902439
2009-09-29,70.24390243902438
2009-09-30,68.29268292682927
2009-10-01,62.926829268292686
2009-10-02,52.4390243902439
2009-10-05,43.65853658536585
2009-10-06,35.36585365853659
2009-10-07,32.11678832116788
2009-10-08,30.413625304136254
2009-10-09,31.873479318734795
2009-10-12,32.60340632603406
2009-10-13,31.873479318734795
2009-10-14,36.009732360097324
2009-10-15,46.228710462287104
2009-10-16,51.82481751824818
2009-10-19,56.69099756690997
2009-10-20,59.854014598540154
2009-10-21,60.09732360097324
2009-10-22,62.530413625304135
2009-10-23,62.28710462287105
2009-10-26,59.854014598540154
2009-10-27,57.907542579075425
2009-10-28,51.338199513382
2009-10-29,46.715328467153284
2009-10-30,40.632603406326034
2009-11-02,28.953771289537713
2009-11-03,24.574209245742093
2009-11-04,23.357664233576642
2009-11-05,20.437956204379564
2009-11-06,17.0316301703163
2009-11-09,18.004866180048662
2009-11-10,21.16788321167883
2009-11-11,27.49391727493917
2009-11-12,30.900243309002434
2009-11-13,39.56310679611651
2009-11-16,44.90291262135923
2009-11-17,48.30097087378641
2009-11-18,50.12106537530266
2009-11-19,50.12106537530266
2009-11-20,49.87893462469734
2009-11-23,51.08958837772397
2009-11-24,51.81598062953995
2009-11-25,52.05811138014528
2009-11-27,54.47941888619855
2009-11-30,53.510895883777245
2009-12-01,53.026634382566584
2009-12-02,48.6682808716707
2009-12-03,44.794188861985475
2009-12-04,43.583535108958834
2009-12-07,44.30992736077482
2009-12-08,40.67796610169492
2009-12-09,41.64648910411623
2009-12-10,40.43583535108959
2009-12-11,44.06779661016949
2009-12-14,46.48910411622276
2009-12-15,48.6682808716707
2009-12-16,49.87893462469734
2009-12-17,48.91041162227603
2009-12-18,50.363196125908
2009-12-21,50.60532687651331
2009-12-22,53.753026634382564
2009-12-23,56.17433414043583
2009-12-24,58.111380145278446
2009-12-28,60.048426150121074
2009-12-29,59.56416464891041
2009-12-30,59.80629539951574
2009-12-31,58.83777239709443
2010-01-04,59.56416464891041
2010-01-05,60.14492753623188
2010-01-06,60.6280193236715
2010-01-07,63.52657004830918
2010-01-08,62.07729468599034
2010-01-11,60.86956521739131
2010-01-12,57.48792270531401
2010-01-13,55.31400966183575
2010-01-14,53.62318840579711
2010-01-15,51.93236714975845
2010-01-19,50.24154589371981
2010-01-20,50.48309178743962
2010-01-21,48.06763285024155
2010-01-22,42.270531400966185
2010-01-25,38.88888888888889
2010-01-26,35.748792270531396
2010-01-27,31.642512077294686
2010-01-28,25.36231884057971
2010-01-29,19.082125603864732
2010-02-01,17.874396135265698
2010-02-02,14.975845410628018
2010-02-03,12.80193236714976
2010-02-04,10.144927536231885
2010-02-05,9.420289855072465
2010-02-08,8.937198067632849
2010-02-09,10.144927536231885
2010-02-10,10.38647342995169
2010-02-11,10.120481927710843
2010-02-12,12.048192771084338
2010-02-16,13.253012048192772
2010-02-17,13.012048192771083
2010-02-18,12.530120481927712
2010-02-19,14.93975903614458
2010-02-22,17.83132530120482
2010-02-23,19.518072289156628
2010-02-24,21.204819277108435
2010-02-25,22.40963855421687
2010-02-26,23.85542168674699
2010-03-01,25.783132530120483
2010-03-02,28.674698795180724
2010-03-03,30.361445783132528
2010-03-04,31.566265060240962
2010-03-05,33.01204819277108
2010-03-08,39.277108433734945
2010-03-09,42.168674698795186
2010-03-10,48.674698795180724
2010-03-11,53.73493975903615
2010-03-12,57.831325301204814
2010-03-15,61.44578313253012
2010-03-16,64.33734939759036
2010-03-17,67.2289156626506
2010-03-18,67.71084337349397
2010-03-19,67.95180722891565
2010-03-22,70.12048192771084
2010-03-23,71.08433734939759
2010-03-24,71.08433734939759
2010-03-25,70.60240963855422
2010-03-26,70.36144578313252
2010-03-29,70.36144578313252
2010-03-30,68.19277108433735
2010-03-31,67.71084337349397
2010-04-01,66.26506024096386
2010-04-05,66.02409638554217
2010-04-06,64.09638554216868
2010-04-07,61.44578313253012
2010-04-08,61.204819277108435
2010-04-09,61.686746987951814
2010-04-12,62.65060240963856
2010-04-13,63.373493975903614
2010-04-14,64.09638554216868
2010-04-15,65.5421686746988
2010-04-16,66.26506024096386
2010-04-19,65.5421686746988
2010-04-20,65.3012048192771
2010-04-21,66.02409638554217
2010-04-22,67.46987951807229
2010-04-23,65.78313253012048
2010-04-26,65.5421686746988
2010-04-27,63.373493975903614
2010-04-28,61.29807692307693
2010-04-29,61.057692307692314
2010-04-30,60.09615384615385
2010-05-03,61.057692307692314
2010-05-04,57.45192307692307
2010-05-05,52.88461538461539
2010-05-06,43.75
2010-05-07,30.76923076923077
2010-05-10,24.278846153846153
2010-05-11,22.596153846153847
2010-05-12,21.153846153846153
2010-05-13,17.548076923076923
2010-05-14,14.423076923076922
2010-05-17,11.298076923076923
2010-05-18,8.653846153846153
2010-05-19,7.6923076923076925
2010-05-20,7.9326923076923075
2010-05-21,10.336538461538462
2010-05-24,8.413461538461538
2010-05-25,6.971153846153847
2010-05-26,4.567307692307692
2010-05-27,4.086538461538462
2010-05-28,4.326923076923077
2010-06-01,3.6057692307692304
2010-06-02,4.086538461538462
2010-06-03,4.807692307692308
2010-06-04,5.288461538461538
2010-06-07,5.769230769230769
2010-06-08,5.769230769230769
2010-06-09,5.769230769230769
2010-06-10,7.211538461538461
2010-06-11,6.730769230769231
2010-06-14,6.971153846153847
2010-06-15,7.194244604316546
2010-06-16,7.913669064748201
2010-06-17,8.872901678657074
2010-06-18,10.071942446043165
2010-06-21,11.510791366906476
2010-06-22,12.23021582733813
2010-06-23,14.388489208633093
2010-06-24,15.587529976019185
2010-06-25,16.786570743405278
2010-06-28,16.06714628297362
2010-06-29,16.028708133971293
2010-06-30,11.483253588516746
2010-07-01,9.569377990430622
2010-07-02,6.4593301435406705
2010-07-06,5.023923444976076
2010-07-07,4.545454545454546
2010-07-08,4.30622009569378
2010-07-09,4.30622009569378
2010-07-12,3.827751196172249
2010-07-13,3.827751196172249
2010-07-14,5.502392344497608
2010-07-15,9.069212410501192
2010-07-16,11.455847255369928
2010-07-19,15.035799522673033
2010-07-20,15.990453460620524
2010-07-21,15.990453460620524
2010-07-22,17.42243436754177
2010-07-23,18.615751789976134
2010-07-26,19.570405727923628
2010-07-27,19.809069212410503
2010-07-28,21.002386634844868
2010-07-29,23.15035799522673
2010-07-30,25.059665871121716
2010-08-02,28.639618138424822
2010-08-03,30.54892601431981
2010-08-04,34.12887828162291
2010-08-05,35.56085918854415
2010-08-06,35.476190476190474
2010-08-09,36.19047619047619
2010-08-10,35.714285714285715
2010-08-11,35.476190476190474
2010-08-12,33.57142857142857
2010-08-13,30.476190476190478
2010-08-16,26.42857142857143
2010-08-17,24.285714285714285
2010-08-18,21.19047619047619
2010-08-19,15.95238095238095
2010-08-20,10.714285714285714
2010-08-23,10.0
2010-08-24,8.333333333333332
2010-08-25,8.80952380952381
2010-08-26,8.80952380952381
2010-08-27,9.761904761904763
2010-08-30,9.761904761904763
2010-08-31,8.80952380952381
2010-09-01,10.0
2010-09-02,12.380952380952381
2010-09-03,15.95238095238095
2010-09-07,18.333333333333332
2010-09-08,24.047619047619047
2010-09-09,27.61904761904762
2010-09-10,30.0
2010-09-13,31.19047619047619
2010-09-14,32.38095238095238
2010-09-15,33.095238095238095
2010-09-16,34.285714285714285
2010-09-17,34.285714285714285
2010-09-20,35.95238095238095
2010-09-21,36.42857142857142
2010-09-22,39.04761904761905
2010-09-23,40.0
2010-09-24,40.95238095238095
2010-09-27,42.61904761904762
2010-09-28,44.047619047619044
2010-09-29,43.333333333333336
2010-09-30,43.095238095238095
2010-10-01,44.761904761904766
2010-10-04,43.80952380952381
2010-10-05,44.285714285714285
2010-10-06,45.0
2010-10-07,45.95238095238095
2010-10-08,45.476190476190474
2010-10-11,45.476190476190474
2010-10-12,45.0
2010-10-13,47.85714285714286
2010-10-14,50.0
2010-10-15,50.23809523809524
2010-10-18,50.71428571428571
2010-10-19,49.523809523809526
2010-10-20,50.71428571428571
2010-10-21,50.476190476190474
2010-10-22,50.0
2010-10-25,51.42857142857142
2010-10-26,51.42857142857142
2010-10-27,50.476190476190474
2010-10-28,50.71428571428571
2010-10-29,48.57142857142857
2010-11-01,47.38095238095238
2010-11-02,48.095238095238095
2010-11-03,47.61904761904761
2010-11-04,48.333333333333336
2010-11-05,50.0
2010-11-08,51.66666666666667
2010-11-09,51.66666666666667
2010-11-10,52.61904761904762
2010-11-11,53.57142857142857
2010-11-12,54.52380952380952
2010-11-15,55.00000000000001
2010-11-16,53.333333333333336
2010-11-17,49.28571428571429
2010-11-18,43.23040380047506
2010-11-19,39.66745843230404
2010-11-22,36.104513064133016
2010-11-23,33.0166270783848
2010-11-24,31.116389548693586
2010-11-26,27.790973871733964
2010-11-29,26.365795724465556
2010-11-30,23.75296912114014
2010-12-01,27.55344418052256
2010-12-02,35.15439429928741
2010-12-03,36.57957244655582
2010-12-06,39.42992874109264
2010-12-07,41.70616113744076
2010-12-08,46.44549763033176
2010-12-09,47.1563981042654
2010-12-10,48.1042654028436
2010-12-13,49.5260663507109
2010-12-14,50.0
2010-12-15,50.11820330969267
2010-12-16,51.06382978723404
2010-12-17,52.00945626477541
2010-12-20,52.71867612293144
2010-12-21,52.24586288416076
2010-12-22,52.95508274231678
2010-12-23,52.95508274231678
2010-12-27,54.37352245862884
2010-12-28,54.60992907801418
2010-12-29,55.08274231678487
2010-12-30,55.7919621749409
2010-12-31,55.55555555555556
2011-01-03,56.50118203309693
2011-01-04,56.50118203309693
2011-01-05,55.7919621749409
2011-01-06,53.664302600472816
2011-01-07,52.4822695035461
2011-01-10,51.77304964539007
2011-01-11,49.881796690307326
2011-01-12,47.99054373522459
2011-01-13,47.28132387706856
2011-01-14,47.75413711583924
2011-01-18,47.28132387706856
2011-01-19,47.04491725768322
2011-01-20,47.75413711583924
2011-01-21,47.5177304964539
2011-01-24,48.69976359338061
2011-01-25,52.95508274231678
2011-01-26,53.90070921985816
2011-01-27,56.73758865248227
2011-01-28,55.08274231678487
2011-01-31,52.95508274231678
2011-02-01,49.1725768321513
2011-02-02,51.30023640661938
2011-02-03,54.84633569739953
2011-02-04,56.26477541371159
2011-02-07,56.50118203309693
2011-02-08,57.919621749408975
2011-02-09,56.973995271867615
2011-02-10,56.50118203309693
2011-02-11,59.66981132075472
2011-02-14,61.79245283018868
2011-02-15,63.67924528301887
2011-02-16,64.85849056603774
2011-02-17,66.0377358490566
2011-02-18,67.21698113207547
2011-02-22,66.50943396226415
2011-02-23,64.15094339622641
2011-02-24,61.32075471698113
2011-02-25,58.490566037735846
2011-02-28,56.839622641509436
2011-03-01,49.528301886792455
2011-03-02,44.339622641509436
2011-03-03,41.9811320754717
2011-03-04,38.443396226415096
2011-03-07,31.839622641509436
2011-03-08,31.839622641509436
2011-03-09,35.14150943396226
2011-03-10,37.1764705882353
2011-03-11,35.529411764705884
2011-03-14,31.529411764705884
2011-03-15,31.529411764705884
2011-03-16,29.176470588235293
2011-03-17,24.47058823529412
2011-03-18,22.35294117647059
2011-03-21,23.294117647058822
2011-03-22,20.422535211267608
2011-03-23,18.779342723004692
2011-03-24,19.248826291079812
2011-03-25,19.248826291079812
2011-03-28,20.187793427230048
2011-03-29,26.056338028169012
2011-03-30,29.274004683840747
2011-03-31,35.1288056206089
2011-04-01,39.34426229508197
2011-04-04,42.62295081967213
2011-04-05,44.26229508196721
2011-04-06,45.90163934426229
2011-04-07,45.90163934426229
2011-04-08,47.540983606557376
2011-04-11,45.66744730679157
2011-04-12,46.604215456674474
2011-04-13,48.711943793911004
2011-04-14,49.18032786885246
2011-04-15,50.11709601873536
2011-04-18,45.66744730679157
2011-04-19,41.92037470725995
2011-04-20,37.23653395784544
2011-04-21,36.53395784543326
2011-04-25,35.597189695550355
2011-04-26,37.470725995316165
2011-04-27,41.21779859484778
2011-04-28,45.90163934426229
2011-04-29,51.99063231850117
2011-05-02,53.62997658079626
2011-05-03,59.01639344262295
2011-05-04,60.421545667447305
2011-05-05,59.71896955503513
2011-05-06,59.4847775175644
2011-05-09,58.548009367681495
2011-05-10,58.31381733021077
2011-05-11,55.97189695550351
2011-05-12,52.459016393442624
2011-05-13,51.52224824355972
2011-05-16,48.94613583138173
2011-05-17,47.306791569086656
2011-05-18,46.13583138173302
2011-05-19,44.730679156908664
2011-05-20,45.433255269320846
2011-05-23,40.98360655737705
2011-05-24,34.894613583138174
2011-05-25,32.31850117096019
2011-05-26,29.97658079625293
2011-05-27,27.86885245901639
2011-05-31,27.86885245901639
2011-06-01,26.93208430913349
2011-06-02,25.76112412177986
2011-06-03,17.56440281030445
2011-06-06,13.583138173302109
2011-06-07,12.412177985948478
2011-06-08,10.772833723653395
2011-06-09,10.53864168618267
2011-06-10,7.962529274004685
2011-06-13,6.791569086651054
2011-06-14,6.0889929742388755
2011-06-15,5.85480093676815
2011-06-16,4.215456674473068
2011-06-17,3.747072599531616
2011-06-20,4.918032786885246
2011-06-21,5.386416861826698
2011-06-22,7.259953161592506
2011-06-23,7.494145199063232
2011-06-24,9.345794392523365
2011-06-27,10.514018691588785
2011-06-28,10.2803738317757
2011-06-29,11.91588785046729
2011-06-30,12.383177570093459
2011-07-01,13.317757009345794
2011-07-05,14.953271028037381
2011-07-06,16.121495327102803
2011-07-07,19.158878504672895
2011-07-08,22.897196261682243
2011-07-11,27.102803738317753
2011-07-12,30.60747663551402
2011-07-13,32.476635514018696
2011-07-14,36.21495327102804
2011-07-15,38.31775700934579
2011-07-18,39.25233644859813
2011-07-19,40.654205607476634
2011-07-20,38.084112149532714
2011-07-21,33.8785046728972
2011-07-22,31.074766355140188
2011-07-25,28.738317757009348
2011-07-26,23.364485981308412
2011-07-27,20.327102803738317
2011-07-28,21.02803738317757
2011-07-29,19.158878504672895
2011-08-01,18.22429906542056
2011-08-02,16.121495327102803
2011-08-03,13.785046728971961
2011-08-04,7.476635514018691
2011-08-05,5.14018691588785
2011-08-08,2.336448598130841
2011-08-09,1.6355140186915886
2011-08-10,0.7009345794392523
2011-08-11,0.7009345794392523
2011-08-12,0.23364485981308408
2011-08-15,0.23364485981308408
2011-08-16,0.23364485981308408
2011-08-17,0.46728971962616817
2011-08-18,0.7009345794392523
2011-08-19,0.7009345794392523
2011-08-22,0.9345794392523363
2011-08-23,1.4018691588785046
2011-08-24,2.102803738317757
2011-08-25,1.8691588785046727
2011-08-26,1.4018691588785046
2011-08-29,1.8691588785046727
2011-08-30,1.8691588785046727
2011-08-31,1.6355140186915886
2011-09-01,2.336448598130841
2011-09-02,3.5046728971962615
2011-09-06,3.7383177570093453
2011-09-07,5.607476635514018
2011-09-08,6.308411214953271
2011-09-09,7.242990654205607
2011-09-12,8.644859813084112
2011-09-13,9.813084112149532
2011-09-14,9.579439252336448
2011-09-15,10.046728971962617
2011-09-16,10.046728971962617
2011-09-19,12.383177570093459
2011-09-20,14.485981308411214
2011-09-21,15.42056074766355
2011-09-22,13.551401869158877
2011-09-23,13.785046728971961
2011-09-26,13.551401869158877
2011-09-27,13.551401869158877
2011-09-28,13.084112149532709
2011-09-29,13.551401869158877
2011-09-30,12.850467289719624
2011-10-03,10.2803738317757
2011-10-04,5.841121495327103
2011-10-05,4.672897196261682
2011-10-06,5.373831775700935
2011-10-07,5.14018691588785
2011-10-10,5.373831775700935
2011-10-11,4.672897196261682
2011-10-12,5.373831775700935
2011-10-13,5.827505827505827
2011-10-14,6.526806526806526
2011-10-17,9.324009324009324
2011-10-18,13.053613053613052
2011-10-19,13.986013986013987
2011-10-20,15.384615384615385
2011-10-21,16.55011655011655
2011-10-24,17.016317016317018
2011-10-25,16.55011655011655
2011-10-26,17.016317016317018
2011-10-27,17.715617715617714
2011-10-28,18.181818181818183
2011-10-31,17.482517482517483
2011-11-01,17.482517482517483
2011-11-02,17.94871794871795
2011-11-03,19.114219114219114
2011-11-04,19.34731934731935
2011-11-07,19.58041958041958
2011-11-08,19.34731934731935
2011-11-09,20.04662004662005
2011-11-10,20.04662004662005
2011-11-11,19.58041958041958
2011-11-14,19.58041958041958
2011-11-15,20.97902097902098
2011-11-16,21.445221445221446
2011-11-17,18.13953488372093
2011-11-18,17.209302325581397
2011-11-21,15.11627906976744
2011-11-22,11.86046511627907
2011-11-23,8.604651162790699
2011-11-25,5.5813953488372094
2011-11-28,4.186046511627907
2011-11-29,3.953488372093023
2011-11-30,3.0232558139534884
2011-12-01,3.255813953488372
2011-12-02,3.488372093023256
2011-12-05,6.279069767441861
2011-12-06,9.534883720930234
2011-12-07,15.11627906976744
2011-12-08,22.325581395348838
2011-12-09,25.348837209302328
2011-12-12,26.27906976744186
2011-12-13,26.744186046511626
2011-12-14,24.186046511627907
2011-12-15,22.55813953488372
2011-12-16,22.790697674418606
2011-12-19,22.55813953488372
2011-12-20,22.790697674418606
2011-12-21,22.325581395348838
2011-12-22,23.953488372093023
2011-12-23,22.790697674418606
2011-12-27,22.325581395348838
2011-12-28,23.72093023255814
2011-12-29,27.44186046511628
2011-12-30,30.0
2012-01-03,30.930232558139537
2012-01-04,31.86046511627907
2012-01-05,32.55813953488372
2012-01-06,32.55813953488372
2012-01-09,32.55813953488372
2012-01-10,33.48837209302326
2012-01-11,32.79069767441861
2012-01-12,33.72093023255814
2012-01-13,31.86046511627907
2012-01-17,29.069767441860467
2012-01-18,30.23255813953488
2012-01-19,30.697674418604652
2012-01-20,30.697674418604652
2012-01-23,32.093023255813954
2012-01-24,34.418604651162795
2012-01-25,36.27906976744186
2012-01-26,37.67441860465116
2012-01-27,39.06976744186046
2012-01-30,39.06976744186046
2012-01-31,39.06976744186046
2012-02-01,40.23255813953489
2012-02-02,41.16279069767442
2012-02-03,41.3953488372093
2012-02-06,40.93023255813954
2012-02-07,42.32558139534884
2012-02-08,43.1554524361949
2012-02-09,44.5475638051044
2012-02-10,45.93967517401392
2012-02-13,47.33178654292343
2012-02-14,49.187935034802784
2012-02-15,49.651972157772626
2012-02-16,51.972157772621806
2012-02-17,51.508120649651964
2012-02-21,50.34802784222738
2012-02-22,48.95591647331787
2012-02-23,45.93967517401392
2012-02-24,47.56380510440835
2012-02-27,47.79582366589327
2012-02-28,48.72389791183295
2012-02-29,46.8677494199536
2012-03-01,47.56380510440835
2012-03-02,45.707656612529
2012-03-05,41.9953596287703
2012-03-06,38.2830626450116
2012-03-07,37.35498839907193
2012-03-08,35.266821345707655
2012-03-09,35.96287703016242
2012-03-12,35.96287703016242
2012-03-13,39.21113689095127
2012-03-14,42.22737819025522
2012-03-15,44.31554524361949
2012-03-16,45.707656612529
2012-03-19,51.27610208816705
2012-03-20,56.148491879350345
2012-03-21,59.39675174013921
2012-03-22,59.164733178654295
2012-03-23,59.39675174013921
2012-03-26,60.32482598607889
2012-03-27,60.32482598607889
2012-03-28,60.092807424593964
2012-03-29,58.46867749419954
2012-03-30,57.540603248259856
2012-04-02,58.0046403712297
2012-04-03,58.93271461716937
2012-04-04,58.70069605568445
2012-04-05,57.540603248259856
2012-04-09,51.972157772621806
2012-04-10,41.9953596287703
2012-04-11,34.33874709976798
2012-04-12,29.86111111111111
2012-04-13,26.38888888888889
2012-04-16,24.537037037037038
2012-04-17,22.685185185185187
2012-04-18,21.75925925925926
2012-04-19,20.60185185185185
2012-04-20,19.675925925925927
2012-04-23,18.75
2012-04-24,23.84259259259259
2012-04-25,29.398148148148145
2012-04-26,32.63888888888889
2012-04-27,35.41666666666667
2012-04-30,37.73148148148148
2012-05-01,39.58333333333333
2012-05-02,39.81481481481482
2012-05-03,41.2037037037037
2012-05-04,42.129629629629626
2012-05-07,42.592592592592595
2012-05-08,42.36111111111111
2012-05-09,41.43518518518518
2012-05-10,40.97222222222222
2012-05-11,38.19444444444444
2012-05-14,33.56481481481482
2012-05-15,30.484988452655887
2012-05-16,28.406466512702078
2012-05-17,22.632794457274827
2012-05-18,17.51152073732719
2012-05-21,14.285714285714285
2012-05-22,12.211981566820276
2012-05-23,10.138248847926267
2012-05-24,8.986175115207374
2012-05-25,8.064516129032258
2012-05-29,8.064516129032258
2012-05-30,7.142857142857142
2012-05-31,7.373271889400922
2012-06-01,8.294930875576037
2012-06-04,9.67741935483871
2012-06-05,9.216589861751153
2012-06-06,10.829493087557603
2012-06-07,11.29032258064516
2012-06-08,12.442396313364055
2012-06-11,12.211981566820276
2012-06-12,12.672811059907835
2012-06-13,13.594470046082948
2012-06-14,13.82488479262673
2012-06-15,16.82027649769585
2012-06-18,19.5852534562212
2012-06-19,22.119815668202765
2012-06-20,22.58064516129032
2012-06-21,23.502304147465438
2012-06-22,23.963133640552993
2012-06-25,24.65437788018433
2012-06-26,25.57603686635945
2012-06-27,26.036866359447004
2012-06-28,25.806451612903224
2012-06-29,26.20689655172414
2012-07-02,28.045977011494255
2012-07-03,29.195402298850574
2012-07-05,32.18390804597701
2012-07-06,33.10344827586207
2012-07-09,34.71264367816092
2012-07-10,38.39080459770115
2012-07-11,39.770114942528735
2012-07-12,40.0
2012-07-13,40.689655172413794
2012-07-16,40.45977011494253
2012-07-17,40.0
2012-07-18,38.160919540229884
2012-07-19,37.93103448275862
2012-07-20,36.69724770642202
2012-07-23,34.403669724770644
2012-07-24,33.48623853211009
2012-07-25,29.81651376146789
2012-07-26,29.128440366972473
2012-07-27,27.522935779816514
2012-07-30,28.6697247706422
2012-07-31,28.440366972477065
2012-08-01,28.440366972477065
2012-08-02,26.605504587155966
2012-08-03,27.981651376146786
2012-08-06,30.045871559633024
2012-08-07,32.56880733944954
2012-08-08,34.174311926605505
2012-08-09,35.091743119266056
2012-08-10,34.403669724770644
2012-08-13,33.94495412844037
2012-08-14,35.091743119266056
2012-08-15,36.00917431192661
2012-08-16,36.00917431192661
2012-08-17,36.92660550458716
2012-08-20,36.23853211009174
2012-08-21,36.23853211009174
2012-08-22,34.174311926605505
2012-08-23,33.94495412844037
2012-08-24,34.862385321100916
2012-08-27,36.00917431192661
2012-08-28,36.23853211009174
2012-08-29,35.77981651376147
2012-08-30,33.25688073394495
2012-08-31,29.587155963302752
2012-09-04,29.587155963302752
2012-09-05,27.75229357798165
2012-09-06,30.045871559633024
2012-09-07,32.56880733944954
2012-09-10,35.091743119266056
2012-09-11,37.61467889908257
2012-09-12,39.22018348623853
2012-09-13,40.825688073394495
2012-09-14,44.95412844036697
2012-09-17,47.477064220183486
2012-09-18,47.706422018348626
2012-09-19,48.39449541284404
2012-09-20,47.477064220183486
2012-09-21,46.330275229357795
2012-09-24,46.559633027522935
2012-09-25,47.018348623853214
2012-09-26,47.706422018348626
2012-09-27,45.87155963302752
2012-09-28,41.05504587155963
2012-10-01,40.137614678899084
2012-10-02,36.00917431192661
2012-10-03,32.56880733944954
2012-10-04,31.422018348623855
2012-10-05,32.3394495412844
2012-10-08,32.3394495412844
2012-10-09,31.880733944954127
2012-10-10,30.963302752293576
2012-10-11,30.045871559633024
2012-10-12,29.22374429223744
2012-10-15,31.506849315068493
2012-10-16,34.01826484018265
2012-10-17,35.15981735159817
2012-10-18,33.33333333333333
2012-10-19,29.908675799086758
2012-10-22,27.85388127853881
2012-10-23,26.25570776255708
2012-10-24,27.168949771689498
2012-10-25,26.48401826484018
2012-10-26,27.62557077625571
2012-10-31,29.68036529680365
2012-11-01,29.22374429223744
2012-11-02,25.799086757990867
2012-11-05,22.831050228310502
2012-11-06,25.11415525114155
2012-11-07,25.34246575342466
2012-11-08,24.200913242009133
2012-11-09,23.28767123287671
2012-11-12,22.37442922374429
2012-11-13,21.00456621004566
2012-11-14,18.72146118721461
2012-11-15,15.981735159817351
2012-11-16,13.926940639269406
2012-11-19,13.698630136986301
2012-11-20,13.698630136986301
2012-11-21,13.013698630136986
2012-11-23,14.840182648401825
2012-11-26,15.068493150684931
2012-11-27,15.753424657534246
2012-11-28,16.894977168949772
2012-11-29,21.232876712328768
2012-11-30,25.570776255707763
2012-12-03,27.168949771689498
2012-12-04,28.767123287671232
2012-12-05,28.767123287671232
2012-12-06,29.908675799086758
2012-12-07,29.908675799086758
2012-12-10,29.68036529680365
2012-12-11,32.19178082191781
2012-12-12,33.10502283105023
2012-12-13,31.963470319634702
2012-12-14,33.10502283105023
2012-12-17,33.56164383561644
2012-12-18,36.757990867579906
2012-12-19,37.67123287671233
2012-12-20,41.32420091324201
2012-12-21,42.23744292237443
2012-12-24,42.465753424657535
2012-12-26,40.63926940639269
2012-12-27,39.726027397260275
2012-12-28,38.81278538812785
2012-12-31,40.182648401826484
2013-01-02,40.091116173120724
2013-01-03,40.546697038724375
2013-01-04,43.50797266514807
2013-01-07,43.28018223234624
2013-01-08,44.874715261959
2013-01-09,48.747152619589976
2013-01-10,53.075170842824605
2013-01-11,55.58086560364465
2013-01-14,58.31435079726651
2013-01-15,60.59225512528473
2013-01-16,61.27562642369021
2013-01-17,61.958997722095674
2013-01-18,62.04545454545455
2013-01-22,63.40909090909091
2013-01-23,65.0
2013-01-24,65.45454545454545
2013-01-25,66.13636363636364
2013-01-28,66.5909090909091
2013-01-29,65.9090909090909
2013-01-30,65.45454545454545
2013-01-31,64.77272727272727
2013-02-01,66.43990929705215
2013-02-04,67.3469387755102
2013-02-05,66.43990929705215
2013-02-06,64.85260770975057
2013-02-07,64.39909297052154
2013-02-08,63.038548752834465
2013-02-11,61.67800453514739
2013-02-12,60.544217687074834
2013-02-13,60.997732426303855
2013-02-14,59.863945578231295
2013-02-15,58.50340136054422
2013-02-19,60.544217687074834
2013-02-20,59.63718820861678
2013-02-21,56.916099773242635
2013-02-22,54.6485260770975
2013-02-25,51.92743764172335
2013-02-26,48.52607709750567
2013-02-27,45.80498866213152
2013-02-28,45.80498866213152
2013-03-01,42.40362811791383
2013-03-04,40.362811791383216
2013-03-05,41.043083900226755
2013-03-06,41.950113378684804
2013-03-07,45.12471655328798
2013-03-08,48.29931972789115
2013-03-11,55.55555555555556
2013-03-12,58.50340136054422
2013-03-13,60.090702947845806
2013-03-14,61.904761904761905
2013-03-15,63.26530612244898
2013-03-18,63.94557823129252
2013-03-19,61.67800453514739
2013-03-20,60.770975056689345
2013-03-21,60.317460317460316
2013-03-22,58.50340136054422
2013-03-25,57.14285714285714
2013-03-26,56.00907029478458
2013-03-27,53.96825396825397
2013-03-28,53.06122448979592
2013-04-01,52.60770975056689
2013-04-02,53.06122448979592
2013-04-03,50.56689342403629
2013-04-04,47.61904761904761
2013-04-05,46.03174603174603
2013-04-08,45.12471655328798
2013-04-09,46.71201814058957
2013-04-10,47.61904761904761
2013-04-11,46.93877551020408
2013-04-12,46.25850340136054
2013-04-15,44.21768707482993
2013-04-16,44.44444444444444
2013-04-17,43.99092970521542
2013-04-18,42.40362811791383
2013-04-19,42.40362811791383
2013-04-22,41.723356009070294
2013-04-23,41.950113378684804
2013-04-24,40.816326530612244
2013-04-25,37.41496598639456
2013-04-26,35.827664399092974
2013-04-29,40.58956916099773
2013-04-30,43.76417233560091
2013-05-01,46.25850340136054
2013-05-02,49.43310657596372
2013-05-03,51.92743764172335
2013-05-06,53.96825396825397
2013-05-07,54.6485260770975
2013-05-08,55.78231292517006
2013-05-09,57.23981900452488
2013-05-10,58.59728506787331
2013-05-13,58.59728506787331
2013-05-14,58.371040723981906
2013-05-15,60.40723981900452
2013-05-16,63.348416289592755
2013-05-17,65.38461538461539
2013-05-20,68.32579185520362
2013-05-21,70.58823529411765
2013-05-22,70.58823529411765
2013-05-23,71.26696832579185
2013-05-24,70.58823529411765
2013-05-28,69.90950226244344
2013-05-29,66.06334841628959
2013-05-30,61.31221719457014
2013-05-31,57.466063348416284
2013-06-03,50.678733031674206
2013-06-04,43.89140271493213
2013-06-05,34.16289592760181
2013-06-06,30.316742081447963
2013-06-07,30.316742081447963
2013-06-10,30.316742081447963
2013-06-11,26.47058823529412
2013-06-12,23.981900452488688
2013-06-13,21.49321266968326
2013-06-14,21.945701357466064
2013-06-17,21.945701357466064
2013-06-18,25.1131221719457
2013-06-19,30.180180180180184
2013-06-20,29.72972972972973
2013-06-21,25.675675675675674
2013-06-24,20.495495495495494
2013-06-25,19.144144144144143
2013-06-26,20.945945945945947
2013-06-27,20.0
2013-06-28,20.224719101123593
2013-07-01,19.550561797752806
2013-07-02,17.97752808988764
2013-07-03,16.853932584269664
2013-07-05,20.224719101123593
2013-07-08,22.696629213483146
2013-07-09,28.314606741573034
2013-07-10,32.13483146067416
2013-07-11,33.70786516853933
2013-07-12,36.853932584269664
2013-07-15,38.20224719101123
2013-07-16,41.12359550561798
2013-07-17,44.26966292134831
2013-07-18,45.1685393258427
2013-07-19,47.640449438202246
2013-07-22,53.033707865168545
2013-07-23,57.078651685393254
2013-07-24,61.348314606741575
2013-07-25,64.9438202247191
2013-07-26,66.29213483146067
2013-07-29,64.9438202247191
2013-07-30,64.71910112359551
2013-07-31,63.370786516853926
2013-08-01,61.573033707865164
2013-08-02,57.97752808988764
2013-08-05,56.40449438202248
2013-08-06,54.157303370786515
2013-08-07,53.93258426966292
2013-08-08,52.359550561797754
2013-08-09,53.033707865168545
2013-08-12,52.58426966292134
2013-08-13,53.25842696629214
2013-08-14,50.78651685393258
2013-08-15,45.1685393258427
2013-08-16,39.10112359550561
2013-08-19,34.831460674157306
2013-08-20,31.685393258426963
2013-08-21,28.764044943820227
2013-08-22,24.9438202247191
2013-08-23,22.696629213483146
2013-08-26,20.0
2013-08-27,14.606741573033707
2013-08-28,11.46067415730337
2013-08-29,10.786516853932584
2013-08-30,11.46067415730337
2013-09-03,12.808988764044942
2013-09-04,14.157303370786517
2013-09-05,15.730337078651685
2013-09-06,15.730337078651685
2013-09-09,17.078651685393258
2013-09-10,19.775280898876403
2013-09-11,24.044943820224717
2013-09-12,29.213483146067414
2013-09-13,30.786516853932582
2013-09-16,32.80898876404494
2013-09-17,35.056179775280896
2013-09-18,37.52808988764045
2013-09-19,38.651685393258425
2013-09-20,41.34831460674157
2013-09-23,43.146067415730336
2013-09-24,44.49438202247191
2013-09-25,44.9438202247191
2013-09-26,45.61797752808989
2013-09-27,47.41573033707866
2013-09-30,49.21348314606742
2013-10-01,50.56179775280899
2013-10-02,48.53932584269663
2013-10-03,45.61797752808989
2013-10-04,41.12359550561798
2013-10-07,39.550561797752806
2013-10-08,34.831460674157306
2013-10-09,32.13483146067416
2013-10-10,29.662921348314608
2013-10-11,28.314606741573034
2013-10-14,29.8876404494382
2013-10-15,27.86516853932584
2013-10-16,29.213483146067414
2013-10-17,35.056179775280896
2013-10-18,38.42696629213483
2013-10-21,43.82022471910113
2013-10-22,52.80898876404494
2013-10-23,55.955056179775276
2013-10-24,56.853932584269664
2013-10-25,58.876404494382015
2013-10-28,60.22471910112359
2013-10-29,61.573033707865164
2013-10-30,61.348314606741575
2013-10-31,61.79775280898876
2013-11-01,61.348314606741575
2013-11-04,62.47191011235955
2013-11-05,60.449438202247194
2013-11-06,58.876404494382015
2013-11-07,54.831460674157306
2013-11-08,52.80898876404494
2013-11-11,51.01123595505618
2013-11-12,47.86516853932584
2013-11-13,46.06741573033708
2013-11-14,46.51685393258427
2013-11-15,48.31460674157304
2013-11-18,46.18834080717489
2013-11-19,48.4304932735426
2013-11-20,47.98206278026906
2013-11-21,49.55156950672646
2013-11-22,53.139013452914796
2013-11-25,55.60538116591929
2013-11-26,56.502242152466366
2013-11-27,56.05381165919282
2013-11-29,53.58744394618834
2013-12-02,52.01793721973094
2013-12-03,52.01793721973094
2013-12-04,51.34529147982063
2013-12-05,51.12107623318386
2013-12-06,50.672645739910315
2013-12-09,46.63677130044843
2013-12-10,44.39461883408072
2013-12-11,41.92825112107623
2013-12-12,35.34675615212528
2013-12-13,29.753914988814316
2013-12-16,28.859060402684566
2013-12-17,28.635346756152124
2013-12-18,31.319910514541387
2013-12-19,32.88590604026846
2013-12-20,34.00447427293065
2013-12-23,37.360178970917225
2013-12-24,39.37360178970917
2013-12-26,42.72930648769575
2013-12-27,45.86129753914989
2013-12-30,49.664429530201346
2013-12-31,53.24384787472036
2014-01-02,55.257270693512304
2014-01-03,55.92841163310962
2014-01-06,56.152125279642064
2014-01-07,58.16554809843401
2014-01-08,58.61297539149888
2014-01-09,58.836689038031324
2014-01-10,57.71812080536913
2014-01-13,56.59955257270693
2014-01-14,53.914988814317674
2014-01-15,50.78299776286354
2014-01-16,50.33557046979866
2014-01-17,48.09843400447427
2014-01-21,47.427293064876956
2014-01-22,45.63758389261745
2014-01-23,44.07158836689038
2014-01-24,41.163310961968676
2014-01-27,39.14988814317674
2014-01-28,37.13646532438479
2014-01-29,33.557046979865774
2014-01-30,31.543624161073826
2014-01-31,28.41163310961969
2014-02-03,22.371364653243848
2014-02-04,17.225950782997764
2014-02-05,14.541387024608502
2014-02-06,12.751677852348994
2014-02-07,13.870246085011187
2014-02-10,16.331096196868007
2014-02-11,17.449664429530202
2014-02-12,20.581655480984338
2014-02-13,23.2662192393736
2014-02-14,25.05592841163311
2014-02-18,30.648769574944073
2014-02-19,33.557046979865774
2014-02-20,37.8076062639821
2014-02-21,38.47874720357942
2014-02-24,39.37360178970917
2014-02-25,39.821029082774054
2014-02-26,40.7158836689038
2014-02-27,41.163310961968676
2014-02-28,42.95302013422819
2014-03-03,44.966442953020135
2014-03-04,47.651006711409394
2014-03-05,49.44071588366891
2014-03-06,50.78299776286354
2014-03-07,50.78299776286354
2014-03-10,52.57270693512305
2014-03-11,53.02013422818792
2014-03-12,54.36241610738255
2014-03-13,54.138702460850105
2014-03-14,50.78299776286354
2014-03-17,49.44071588366891
2014-03-18,47.651006711409394
2014-03-19,46.085011185682326
2014-03-20,41.163310961968676
2014-03-21,36.68903803131991
2014-03-24,35.34675615212528
2014-03-25,33.78076062639821
2014-03-26,32.21476510067114
2014-03-27,30.87248322147651
2014-03-28,31.096196868008946
2014-03-31,31.543624161073826
2014-04-01,31.096196868008946
2014-04-02,33.78076062639821
2014-04-03,35.79418344519016
2014-04-04,36.241610738255034
2014-04-07,36.68903803131991
2014-04-08,35.57046979865772
2014-04-09,37.58389261744966
2014-04-10,38.47874720357942
2014-04-11,33.557046979865774
2014-04-14,28.635346756152124
2014-04-15,24.107142857142858
2014-04-16,21.875
2014-04-17,20.535714285714285
2014-04-21,20.3125
2014-04-22,22.098214285714285
2014-04-23,24.330357142857142
2014-04-24,24.553571428571427
2014-04-25,25.0
2014-04-28,27.232142857142854
2014-04-29,29.464285714285715
2014-04-30,31.25
2014-05-01,31.919642857142854
2014-05-02,32.142857142857146
2014-05-05,31.25
2014-05-06,30.13392857142857
2014-05-07,31.026785714285715
2014-05-08,31.25
2014-05-09,31.473214285714285
2014-05-12,31.69642857142857
2014-05-13,32.36607142857143
2014-05-14,34.151785714285715
2014-05-15,32.8125
2014-05-16,32.142857142857146
2014-05-19,32.36607142857143
2014-05-20,33.25892857142857
2014-05-21,32.589285714285715
2014-05-22,33.035714285714285
2014-05-23,32.589285714285715
2014-05-27,32.589285714285715
2014-05-28,31.473214285714285
2014-05-29,31.473214285714285
2014-05-30,36.160714285714285
2014-06-02,39.732142857142854
2014-06-03,41.964285714285715
2014-06-04,45.75892857142857
2014-06-05,50.66964285714286
2014-06-06,54.12026726057907
2014-06-09,55.67928730512249
2014-06-10,57.23830734966593
2014-06-11,57.906458797327396
2014-06-12,58.12917594654788
2014-06-13,59.46547884187082
2014-06-16,59.68819599109132
2014-06-17,59.68819599109132
2014-06-18,58.57461024498887
2014-06-19,56.12472160356348
2014-06-20,53.4521158129176
2014-06-23,51.00222717149221
2014-06-24,48.10690423162583
2014-06-25,47.88418708240535
2014-06-26,47.88418708240535
2014-06-27,50.11135857461024
2014-06-30,51.89309576837417
2014-07-01,55.45657015590201
2014-07-02,54.56570155902004
2014-07-03,55.01113585746103
2014-07-07,53.4521158129176
2014-07-08,52.78396436525612
2014-07-09,53.229398663697104
2014-07-10,52.78396436525612
2014-07-11,52.78396436525612
2014-07-14,49.665924276169264
2014-07-15,46.32516703786192
2014-07-16,42.31625835189309
2014-07-17,38.084632516703785
2014-07-18,36.97104677060133
2014-07-21,35.4120267260579
2014-07-22,35.4120267260579
2014-07-23,36.080178173719375
2014-07-24,35.634743875278396
2014-07-25,33.85300668151447
2014-07-28,34.075723830734965
2014-07-29,34.74387527839644
2014-07-30,34.521158129175944
2014-07-31,33.33333333333333
2014-08-01,29.333333333333332
2014-08-04,28.000000000000004
2014-08-05,23.555555555555554
2014-08-06,21.555555555555557
2014-08-07,18.22222222222222
2014-08-08,16.444444444444446
2014-08-11,14.444444444444443
2014-08-12,13.333333333333334
2014-08-13,12.222222222222221
2014-08-14,12.88888888888889
2014-08-15,14.444444444444443
2014-08-18,15.777777777777777
2014-08-19,19.333333333333332
2014-08-20,22.666666666666664
2014-08-21,27.77777777777778
2014-08-22,29.777777777777775
2014-08-25,30.0
2014-08-26,31.333333333333336
2014-08-27,33.111111111111114
2014-08-28,34.22222222222222
2014-08-29,34.66666666666667
2014-09-02,38.44444444444444
2014-09-03,40.44444444444444
2014-09-04,42.44444444444444
2014-09-05,46.0
2014-09-08,46.666666666666664
2014-09-09,48.888888888888886
2014-09-10,50.66666666666667
2014-09-11,50.22222222222222
2014-09-12,48.22222222222222
2014-09-15,45.77777777777778
2014-09-16,42.66666666666667
2014-09-17,39.77777777777778
2014-09-18,38.88888888888889
2014-09-19,37.333333333333336
2014-09-22,35.55555555555556
2014-09-23,32.666666666666664
2014-09-24,31.48558758314856
2014-09-25,27.716186252771617
2014-09-26,27.716186252771617
2014-09-29,27.0509977827051
2014-09-30,24.6119733924612
2014-10-01,22.172949002217297
2014-10-02,17.738359201773836
2014-10-03,14.855875831485587
2014-10-06,14.634146341463413
2014-10-07,12.638580931263856
2014-10-08,12.195121951219512
2014-10-09,12.638580931263856
2014-10-10,11.973392461197339
2014-10-13,9.977827050997783
2014-10-14,10.864745011086473
2014-10-15,10.42128603104213
2014-10-16,9.534368070953436
2014-10-17,8.869179600886918
2014-10-20,8.628318584070795
2014-10-21,8.628318584070795
2014-10-22,9.070796460176991
2014-10-23,9.29203539823009
2014-10-24,11.725663716814159
2014-10-27,15.265486725663715
2014-10-28,20.353982300884958
2014-10-29,23.23008849557522
2014-10-30,25.88495575221239
2014-10-31,28.539823008849556
2014-11-03,29.424778761061948
2014-11-04,30.53097345132743
2014-11-05,33.1858407079646
2014-11-06,35.39823008849557
2014-11-07,36.94690265486726
2014-11-10,39.60176991150443
2014-11-11,43.36283185840708
2014-11-12,46.23893805309734
2014-11-13,51.76991150442478
2014-11-14,54.424778761061944
2014-11-17,55.309734513274336
2014-11-18,56.63716814159292
2014-11-19,56.415929203539825
2014-11-20,55.75221238938053
2014-11-21,55.088495575221245
2014-11-24,52.654867256637175
2014-11-25,50.66371681415929
2014-11-26,49.7787610619469
2014-11-28,48.89380530973451
2014-12-01,51.10619469026548
2014-12-02,51.991150442477874
2014-12-03,52.876106194690266
2014-12-04,53.98230088495575
2014-12-05,56.63716814159292
2014-12-08,57.30088495575221
2014-12-09,58.849557522123895
2014-12-10,57.52212389380531
2014-12-11,55.530973451327434
2014-12-12,51.54867256637168
2014-12-15,48.67256637168141
2014-12-16,43.36283185840708
2014-12-17,38.716814159292035
2014-12-18,39.38053097345133
2014-12-19,35.61946902654867
2014-12-22,34.51327433628318
2014-12-23,34.292035398230084
2014-12-24,37.83185840707964
2014-12-26,39.823008849557525
2014-12-29,46.68141592920354
2014-12-30,53.53982300884957
2014-12-31,59.95575221238938
2015-01-02,61.72566371681416
2015-01-05,57.52212389380531
2015-01-06,54.20353982300885
2015-01-07,52.654867256637175
2015-01-08,50.88495575221239
2015-01-09,45.79646017699115
2015-01-12,39.823008849557525
2015-01-13,33.849557522123895
2015-01-14,31.41592920353982
2015-01-15,26.991150442477874
2015-01-16,25.663716814159294
2015-01-20,26.548672566371685
2015-01-21,30.08849557522124
2015-01-22,31.63716814159292
2015-01-23,31.858407079646017
2015-01-26,33.849557522123895
2015-01-27,35.176991150442475
2015-01-28,35.61946902654867
2015-01-29,35.84070796460177
2015-01-30,36.06194690265487
2015-02-02,35.176991150442475
2015-02-03,35.39823008849557
2015-02-04,35.39823008849557
2015-02-05,34.95575221238938
2015-02-06,33.4070796460177
2015-02-09,30.08849557522124
2015-02-10,28.097345132743364
2015-02-11,26.769911504424783
2015-02-12,28.761061946902654
2015-02-13,32.07964601769911
2015-02-17,34.73451327433628
2015-02-18,37.610619469026545
2015-02-19,39.38053097345133
2015-02-20,40.929203539823014
2015-02-23,42.256637168141594
2015-02-24,44.469026548672566
2015-02-25,45.57522123893805
2015-02-26,46.46017699115044
2015-02-27,47.123893805309734
2015-03-02,48.451327433628315
2015-03-03,49.336283185840706
2015-03-04,49.336283185840706
2015-03-05,49.7787610619469
2015-03-06,47.56637168141593
2015-03-09,44.690265486725664
2015-03-10,39.38053097345133
2015-03-11,32.9646017699115
2015-03-12,29.867256637168143
2015-03-13,26.327433628318587
2015-03-16,23.893805309734514
2015-03-17,23.008849557522122
2015-03-18,23.23008849557522
2015-03-19,23.451327433628318
2015-03-20,26.327433628318587
2015-03-23,28.98230088495575
2015-03-24,33.4070796460177
2015-03-25,36.283185840707965
2015-03-26,35.176991150442475
2015-03-27,37.16814159292036
2015-03-30,36.94690265486726
2015-03-31,38.41059602649007
2015-04-01,36.423841059602644
2015-04-02,35.76158940397351
2015-04-06,32.22958057395143
2015-04-07,29.13907284768212
2015-04-08,27.593818984547465
2015-04-09,29.80132450331126
2015-04-10,30.242825607064017
2015-04-13,31.346578366445915
2015-04-14,28.2560706401766
2015-04-15,29.13907284768212
2015-04-16,30.242825607064017
2015-04-17,29.58057395143488
2015-04-20,29.3598233995585
2015-04-21,29.13907284768212
2015-04-22,28.47682119205298
2015-04-23,28.47682119205298
2015-04-24,26.71081677704194
2015-04-27,24.724061810154527
2015-04-28,24.503311258278146
2015-04-29,23.841059602649008
2015-04-30,21.192052980132452
2015-05-01,21.85430463576159
2015-05-04,23.841059602649008
2015-05-05,22.958057395143488
2015-05-06,21.63355408388521
2015-05-07,20.750551876379692
2015-05-08,20.08830022075055
2015-05-11,18.984547461368653
2015-05-12,19.646799116997794
2015-05-13,21.63355408388521
2015-05-14,22.958057395143488
2015-05-15,25.165562913907287
2015-05-18,25.82781456953642
2015-05-19,26.71081677704194
2015-05-20,29.3598233995585
2015-05-21,30.684326710816777
2015-05-22,30.684326710816777
2015-05-26,31.125827814569533
2015-05-27,33.554083885209714
2015-05-28,34.87858719646799
2015-05-29,35.099337748344375
2015-06-01,36.20309050772627
2015-06-02,35.98233995584989
2015-06-03,35.76158940397351
2015-06-04,31.788079470198678
2015-06-05,29.80132450331126
2015-06-08,26.269315673289185
2015-06-09,25.607064017660043
2015-06-10,24.503311258278146
2015-06-11,24.061810154525386
2015-06-12,23.62030905077263
2015-06-15,22.958057395143488
2015-06-16,24.282560706401764
2015-06-17,23.62030905077263
2015-06-18,25.386313465783665
2015-06-19,26.269315673289185
2015-06-22,31.788079470198678
2015-06-23,34.65783664459161
2015-06-24,35.32008830022075
2015-06-25,35.76158940397351
2015-06-26,36.86534216335541
2015-06-29,35.54083885209713
2015-06-30,33.554083885209714
2015-07-01,34.65783664459161
2015-07-02,30.242825607064017
2015-07-06,26.813186813186814
2015-07-07,23.296703296703296
2015-07-08,20.659340659340657
2015-07-09,18.24175824175824
2015-07-10,18.021978021978022
2015-07-13,18.24175824175824
2015-07-14,19.78021978021978
2015-07-15,21.318681318681318
2015-07-16,21.75824175824176
2015-07-17,23.956043956043956
2015-07-20,25.494505494505493
2015-07-21,28.13186813186813
2015-07-22,30.76923076923077
2015-07-23,33.4065934065934
2015-07-24,33.18681318681318
2015-07-27,31.648351648351646
2015-07-28,28.57142857142857
2015-07-29,30.10989010989011
2015-07-30,29.450549450549453
2015-07-31,29.450549450549453
2015-08-03,28.79120879120879
2015-08-04,27.912087912087912
2015-08-05,28.35164835164835
2015-08-06,27.252747252747252
2015-08-07,27.472527472527474
2015-08-10,27.912087912087912
2015-08-11,27.912087912087912
2015-08-12,28.57142857142857
2015-08-13,28.13186813186813
2015-08-14,28.13186813186813
2015-08-17,28.57142857142857
2015-08-18,28.35164835164835
2015-08-19,27.912087912087912
2015-08-20,25.71428571428571
2015-08-21,22.41758241758242
2015-08-24,17.802197802197803
2015-08-25,10.10989010989011
2015-08-26,6.813186813186813
2015-08-27,5.054945054945055
2015-08-28,3.076923076923077
2015-08-31,2.197802197802198
2015-09-01,2.197802197802198
2015-09-02,0.8791208791208791
2015-09-03,0.21978021978021978
2015-09-04,0.21978021978021978
2015-09-08,1.098901098901099
2015-09-09,1.9780219780219779
2015-09-10,2.857142857142857
2015-09-11,3.296703296703297
2015-09-14,3.7362637362637363
2015-09-15,4.395604395604396
2015-09-16,6.593406593406594
2015-09-17,6.593406593406594
2015-09-18,6.373626373626373
2015-09-21,5.714285714285714
2015-09-22,6.153846153846154
2015-09-23,7.6923076923076925
2015-09-24,8.791208791208792
2015-09-25,8.791208791208792
2015-09-28,7.6923076923076925
2015-09-29,6.593406593406594
2015-09-30,5.4945054945054945
2015-10-01,4.835164835164836
2015-10-02,5.4945054945054945
2015-10-05,6.373626373626373
2015-10-06,6.813186813186813
2015-10-07,7.252747252747254
2015-10-08,9.010989010989011
2015-10-09,9.89010989010989
2015-10-12,12.087912087912088
2015-10-13,12.967032967032969
2015-10-14,14.065934065934066
2015-10-15,15.824175824175823
2015-10-16,16.7032967032967
2015-10-19,17.105263157894736
2015-10-20,17.543859649122805
2015-10-21,17.982456140350877
2015-10-22,19.517543859649123
2015-10-23,19.956140350877195
2015-10-26,20.394736842105264
2015-10-27,22.587719298245617
2015-10-28,23.903508771929825
2015-10-29,24.342105263157894
2015-10-30,24.780701754385966
2015-11-02,24.561403508771928
2015-11-03,24.561403508771928
2015-11-04,24.342105263157894
2015-11-05,23.24561403508772
2015-11-06,22.36842105263158
2015-11-09,23.464912280701753
2015-11-10,22.587719298245617
2015-11-11,21.052631578947366
2015-11-12,20.394736842105264
2015-11-13,18.201754385964914
2015-11-16,16.00877192982456
2015-11-17,14.912280701754385
2015-11-18,13.815789473684212
2015-11-19,12.910284463894966
2015-11-20,13.347921225382933
2015-11-23,15.317286652078774
2015-11-24,16.411378555798688
2015-11-25,15.973741794310722
2015-11-27,20.350109409190374
2015-11-30,25.164113785557984
2015-12-01,27.35229759299781
2015-12-02,28.227571115973742
2015-12-03,28.44638949671772
2015-12-04,28.44638949671772
2015-12-07,28.88402625820569
2015-12-08,28.00875273522976
2015-12-09,26.695842450765866
2015-12-10,25.164113785557984
2015-12-11,21.444201312910284
2015-12-14,17.286652078774615
2015-12-15,14.442013129102845
2015-12-16,13.566739606126916
2015-12-17,11.816192560175056
2015-12-18,9.846827133479213
2015-12-21,10.065645514223196
2015-12-22,10.065645514223196
2015-12-23,10.065645514223196
2015-12-24,12.035010940919037
2015-12-28,14.22319474835886
2015-12-29,17.943107221006567
2015-12-30,19.693654266958426
2015-12-31,19.912472647702405
2016-01-04,17.943107221006567
2016-01-05,18.818380743982495
2016-01-06,18.161925601750546
2016-01-07,17.286652078774615
2016-01-08,13.785557986870897
2016-01-11,10.284463894967178
2016-01-12,9.190371991247265
2016-01-13,5.908096280087528
2016-01-14,4.814004376367615
2016-01-15,3.7199124726477026
2016-01-19,4.157549234135667
2016-01-20,3.938730853391685
2016-01-21,3.063457330415755
2016-01-22,3.063457330415755
2016-01-25,3.282275711159737
2016-01-26,3.938730853391685
2016-01-27,4.157549234135667
2016-01-28,4.814004376367615
2016-01-29,5.25164113785558
2016-02-01,5.908096280087528
2016-02-02,6.783369803063458
2016-02-03,9.190371991247265
2016-02-04,9.190371991247265
2016-02-05,9.190371991247265
2016-02-08,9.409190371991247
2016-02-09,9.190371991247265
2016-02-10,8.971553610503284
2016-02-11,8.752735229759299
2016-02-12,9.409190371991247
2016-02-16,8.752735229759299
2016-02-17,8.971553610503284
2016-02-18,9.409190371991247
2016-02-19,10.50328227571116
2016-02-22,11.816192560175056
2016-02-23,12.472647702407002
2016-02-24,13.347921225382933
2016-02-25,13.785557986870897
2016-02-26,14.22319474835886
2016-02-29,14.87964989059081
2016-03-01,15.536105032822759
2016-03-02,16.630196936542667
2016-03-03,18.38074398249453
2016-03-04,19.693654266958426
2016-03-07,19.912472647702405
2016-03-08,20.13129102844639
2016-03-09,21.663019693654267
2016-03-10,22.100656455142232
2016-03-11,23.194748358862142
2016-03-14,23.63238512035011
2016-03-15,24.945295404814004
2016-03-16,25.601750547045953
2016-03-17,26.914660831509845
2016-03-18,27.35229759299781
2016-03-21,27.78993435448578
2016-03-22,29.10284463894967
2016-03-23,30.63457330415755
2016-03-24,31.291028446389497
2016-03-28,31.947483588621445
2016-03-29,32.16630196936542
2016-03-30,31.72866520787746
2016-03-31,33.260393873085334
2016-04-01,34.57330415754923
2016-04-04,36.542669584245075
2016-04-05,37.41794310722101
2016-04-06,37.41794310722101
2016-04-07,38.7308533916849
2016-04-08,37.85557986870897
2016-04-11,36.32385120350109
2016-04-12,35.667396061269145
2016-04-13,33.91684901531728
2016-04-14,31.291028446389497
2016-04-15,29.321663019693656
2016-04-18,29.978118161925604
2016-04-19,32.60393873085339
2016-04-20,32.38512035010941
2016-04-21,32.38512035010941
2016-04-22,32.60393873085339
2016-04-25,33.91684901531728
2016-04-26,33.260393873085334
2016-04-27,34.13566739606127
2016-04-28,34.13566739606127
2016-04-29,34.57330415754923
2016-05-02,33.479212253829324
2016-05-03,31.947483588621445
2016-05-04,28.00875273522976
2016-05-05,29.321663019693656
2016-05-06,28.665207877461707
2016-05-09,29.540481400437635
2016-05-10,28.00875273522976
2016-05-11,28.00875273522976
2016-05-12,28.44638949671772
2016-05-13,27.78993435448578
2016-05-16,27.13347921225383
2016-05-17,26.039387308533918
2016-05-18,26.914660831509845
2016-05-19,27.571115973741794
2016-05-20,29.75929978118162
2016-05-23,28.665207877461707
2016-05-24,28.44638949671772
2016-05-25,28.00875273522976
2016-05-26,27.35229759299781
2016-05-27,27.13347921225383
2016-05-31,27.35229759299781
2016-06-01,27.35229759299781
2016-06-02,31.291028446389497
2016-06-03,36.10503282275711
2016-06-06,39.82494529540481
2016-06-07,43.10722100656455
2016-06-08,44.42013129102845
2016-06-09,45.73304157549234
2016-06-10,47.70240700218819
2016-06-13,47.4835886214442
2016-06-14,46.17067833698031
2016-06-15,42.669584245076585
2016-06-16,40.48140043763676
2016-06-17,38.7308533916849
2016-06-20,37.85557986870897
2016-06-21,33.91684901531728
2016-06-22,30.196936542669583
2016-06-23,28.88402625820569
2016-06-24,26.477024070021884
2016-06-27,24.070021881838073
2016-06-28,22.75711159737418
2016-06-29,23.194748358862142
2016-06-30,24.72647702407002
2016-07-01,27.78993435448578
2016-07-05,29.475982532751093
2016-07-06,31.222707423580786
2016-07-07,32.096069868995635
2016-07-08,32.96943231441048
2016-07-11,37.77292576419214
2016-07-12,42.79475982532751
2016-07-13,47.59825327510917
2016-07-14,50.87336244541485
2016-07-15,52.62008733624454
2016-07-18,53.493449781659386
2016-07-19,54.14847161572053
2016-07-20,54.80349344978166
2016-07-21,53.930131004366814
2016-07-22,53.05676855895196
2016-07-25,50.43668122270743
2016-07-26,50.87336244541485
2016-07-27,48.03493449781659
2016-07-28,46.724890829694324
2016-07-29,44.97816593886463
2016-08-01,44.54148471615721
2016-08-02,44.54148471615721
2016-08-03,42.5764192139738
2016-08-04,43.01310043668122
2016-08-05,39.519650655021834
2016-08-08,39.082969432314414
2016-08-09,40.174672489082965
2016-08-10,41.04803493449782
2016-08-11,40.174672489082965
2016-08-12,40.174672489082965
2016-08-15,39.082969432314414
2016-08-16,41.48471615720524
2016-08-17,42.91938997821351
2016-08-18,42.91938997821351
2016-08-19,41.17647058823529
2016-08-22,42.0479302832244
2016-08-23,39.651416122004356
2016-08-24,38.77995642701525
2016-08-25,37.690631808278866
2016-08-26,37.908496732026144
2016-08-29,37.03703703703704
2016-08-30,38.344226579520694
2016-08-31,37.690631808278866
2016-09-01,35.72984749455338
2016-09-02,35.5119825708061
2016-09-06,35.07625272331155
2016-09-07,35.294117647058826
2016-09-08,36.38344226579521
2016-09-09,32.89760348583878
2016-09-12,33.551198257080614
2016-09-13,29.193899782135073
2016-09-14,24.836601307189543
2016-09-15,23.093681917211327
2016-09-16,19.607843137254903
2016-09-19,17.647058823529413
2016-09-20,15.032679738562091
2016-09-21,16.08695652173913
2016-09-22,14.782608695652174
2016-09-23,16.52173913043478
2016-09-26,16.956521739130434
2016-09-27,19.130434782608695
2016-09-28,22.39130434782609
2016-09-29,24.130434782608695
2016-09-30,26.73913043478261
2016-10-03,28.913043478260867
2016-10-04,30.0
2016-10-05,29.718004338394792
2016-10-06,29.067245119305856
2016-10-07,28.41648590021692
2016-10-10,30.80260303687636
2016-10-11,28.850325379609544
2016-10-12,27.765726681127983
2016-10-13,27.331887201735356
2016-10-14,23.861171366594363
2016-10-17,22.342733188720175
2016-10-18,20.607375271149674
2016-10-19,18.004338394793926
2016-10-20,16.48590021691974
2016-10-21,16.919739696312362
2016-10-24,15.835140997830802
2016-10-25,15.61822125813449
2016-10-26,16.268980477223426
2016-10-27,17.570498915401302
2016-10-28,17.570498915401302
2016-10-31,18.22125813449024
2016-11-01,18.398268398268396
2016-11-02,17.316017316017316
2016-11-03,16.666666666666664
2016-11-04,16.017316017316016
2016-11-07,17.316017316017316
2016-11-08,17.965367965367964
2016-11-09,18.83116883116883
2016-11-10,19.222462203023756
2016-11-11,20.950323974082075
2016-11-14,22.67818574514039
2016-11-15,23.758099352051836
2016-11-16,25.917926565874733
2016-11-17,28.293736501079913
2016-11-18,30.021598272138228
2016-11-21,32.18142548596112
2016-11-22,32.18142548596112
2016-11-23,34.12526997840173
2016-11-25,34.98920086393088
2016-11-28,38.44492440604751
2016-11-29,40.8207343412527
2016-11-30,42.33261339092873
2016-12-01,43.196544276457885
2016-12-02,41.90064794816415
2016-12-05,42.11663066954643
2016-12-06,42.11663066954643
2016-12-07,41.03671706263499
2016-12-08,40.60475161987041
2016-12-09,38.66090712742981
2016-12-12,39.09287257019439
2016-12-13,39.740820734341256
2016-12-14,38.8768898488121
2016-12-15,40.17278617710583
2016-12-16,40.8207343412527
2016-12-19,41.68466522678186
2016-12-20,43.196544276457885
2016-12-21,42.33261339092873
2016-12-22,40.60475161987041
2016-12-23,39.524838012958966
2016-12-27,39.30885529157667
2016-12-28,35.42116630669546
2016-12-29,34.34125269978402
2016-12-30,32.39740820734342
2017-01-03,31.101511879049674
2017-01-04,29.373650107991363
2017-01-05,26.78185745140389
2017-01-06,24.622030237580994
2017-01-09,25.26997840172786
2017-01-10,24.190064794816415
2017-01-11,25.05399568034557
2017-01-12,27.861771058315334
2017-01-13,29.15766738660907
2017-01-17,29.373650107991363
2017-01-18,29.373650107991363
2017-01-19,29.15766738660907
2017-01-20,29.805615550755938
2017-01-23,28.293736501079913
2017-01-24,30.45356371490281
2017-01-25,33.261339092872575
2017-01-26,33.261339092872575
2017-01-27,36.06911447084234
2017-01-30,36.285097192224626
2017-01-31,36.7170626349892
2017-02-01,36.422413793103445
2017-02-02,37.5
2017-02-03,38.362068965517246
2017-02-06,39.224137931034484
2017-02-07,39.224137931034484
2017-02-08,39.008620689655174
2017-02-09,39.224137931034484
2017-02-10,38.793103448275865
2017-02-13,39.224137931034484
2017-02-14,40.30172413793103
2017-02-15,40.94827586206897
2017-02-16,41.16379310344828
2017-02-17,41.16379310344828
2017-02-21,42.241379310344826
2017-02-22,44.612068965517246
2017-02-23,47.19827586206897
2017-02-24,49.56896551724138
2017-02-27,51.077586206896555
2017-02-28,51.077586206896555
2017-03-01,53.01724137931034
2017-03-02,52.370689655172406
2017-03-03,53.44827586206896
2017-03-06,53.66379310344828
2017-03-07,52.58620689655172
2017-03-08,51.724137931034484
2017-03-09,50.21551724137932
2017-03-10,49.78448275862069
2017-03-13,48.706896551724135
2017-03-14,46.55172413793103
2017-03-15,41.5948275862069
2017-03-16,39.6551724137931
2017-03-17,38.793103448275865
2017-03-20,38.793103448275865
2017-03-21,36.853448275862064
2017-03-22,36.637931034482754
2017-03-23,37.5
2017-03-24,34.91379310344828
2017-03-27,32.974137931034484
2017-03-28,32.543103448275865
2017-03-29,30.17241379310345
2017-03-30,29.95689655172414
2017-03-31,28.01724137931034
2017-04-03,27.586206896551722
2017-04-04,27.586206896551722
2017-04-05,26.07758620689655
2017-04-06,26.939655172413797
2017-04-07,27.155172413793103
2017-04-10,27.801724137931032
2017-04-11,28.23275862068966
2017-04-12,27.586206896551722
2017-04-13,26.72413793103448
2017-04-17,25.21551724137931
2017-04-18,27.155172413793103
2017-04-19,28.663793103448278
2017-04-20,30.17241379310345
2017-04-21,29.95689655172414
2017-04-24,29.52586206896552
2017-04-25,33.189655172413794
2017-04-26,36.206896551724135
2017-04-27,38.362068965517246
2017-04-28,40.30172413793103
2017-05-01,41.37931034482759
2017-05-02,40.94827586206897
2017-05-03,42.025862068965516
2017-05-04,42.887931034482754
2017-05-05,44.827586206896555
2017-05-08,43.96551724137931
2017-05-09,43.96551724137931
2017-05-10,44.18103448275862
2017-05-11,46.33620689655172
2017-05-12,46.236559139784944
2017-05-15,45.16129032258064
2017-05-16,45.376344086021504
2017-05-17,44.946236559139784
2017-05-18,41.29032258064516
2017-05-19,38.494623655913976
2017-05-22,35.6989247311828
2017-05-23,35.6989247311828
2017-05-24,35.913978494623656
2017-05-25,38.27956989247312
2017-05-26,40.0
2017-05-30,41.29032258064516
2017-05-31,41.29032258064516
2017-06-01,46.236559139784944
2017-06-02,49.24731182795699
2017-06-05,52.68817204301075
2017-06-06,53.5483870967742
2017-06-07,54.40860215053763
2017-06-08,55.26881720430108
2017-06-09,55.91397849462365
2017-06-12,56.98924731182796
2017-06-13,58.70967741935483
2017-06-14,60.0
2017-06-15,59.13978494623656
2017-06-16,55.483870967741936
2017-06-19,52.25806451612903
2017-06-20,48.817204301075265
2017-06-21,44.73118279569893
2017-06-22,44.946236559139784
2017-06-23,44.3010752688172
2017-06-26,46.88172043010753
2017-06-27,45.16129032258064
2017-06-28,44.3010752688172
2017-06-29,43.44086021505376
2017-06-30,41.50537634408602
2017-07-03,38.064516129032256
2017-07-05,37.634408602150536
2017-07-06,35.913978494623656
2017-07-07,33.97849462365591
2017-07-10,31.397849462365592
2017-07-11,31.61290322580645
2017-07-12,33.11827956989247
2017-07-13,32.903225806451616
2017-07-14,35.6989247311828
2017-07-17,37.8494623655914
2017-07-18,39.35483870967742
2017-07-19,40.215053763440864
2017-07-20,44.086021505376344
2017-07-21,45.376344086021504
2017-07-24,47.096774193548384
2017-07-25,47.956989247311824
2017-07-26,45.376344086021504
2017-07-27,45.376344086021504
2017-07-28,43.44086021505376
2017-07-31,42.795698924731184
2017-08-01,43.44086021505376
2017-08-02,40.64516129032258
2017-08-03,38.924731182795696
2017-08-04,38.924731182795696
2017-08-07,38.494623655913976
2017-08-08,36.55913978494624
2017-08-09,33.97849462365591
2017-08-10,32.68817204301075
2017-08-11,31.397849462365592
2017-08-14,30.967741935483872
2017-08-15,30.32258064516129
2017-08-16,31.61290322580645
2017-08-17,30.107526881720432
2017-08-18,28.172043010752688
2017-08-21,27.09677419354839
2017-08-22,27.09677419354839
2017-08-23,27.741935483870968
2017-08-24,28.602150537634408
2017-08-25,29.462365591397848
2017-08-28,29.677419354838708
2017-08-29,28.172043010752688
2017-08-30,25.161290322580644
2017-08-31,28.172043010752688
2017-09-01,30.967741935483872
2017-09-05,32.47311827956989
2017-09-06,33.11827956989247
2017-09-07,34.40860215053764
2017-09-08,35.053763440860216
2017-09-11,35.483870967741936
2017-09-12,37.204301075268816
2017-09-13,38.27956989247312
2017-09-14,39.35483870967742
2017-09-15,40.215053763440864
2017-09-18,41.29032258064516
2017-09-19,40.43010752688172
2017-09-20,40.215053763440864
2017-09-21,41.935483870967744
2017-09-22,41.075268817204304
2017-09-25,40.64516129032258
2017-09-26,40.64516129032258
2017-09-27,40.64516129032258
2017-09-28,39.56989247311828
2017-09-29,39.56989247311828
2017-10-02,39.56989247311828
2017-10-03,40.64516129032258
2017-10-04,40.64516129032258
2017-10-05,41.72043010752688
2017-10-06,41.72043010752688
2017-10-09,43.44086021505376
2017-10-10,46.236559139784944
2017-10-11,48.38709677419355
2017-10-12,50.10752688172043
2017-10-13,50.53763440860215
2017-10-16,50.752688172043015
2017-10-17,51.82795698924731
2017-10-18,52.68817204301075
2017-10-19,52.68817204301075
2017-10-20,52.25806451612903
2017-10-23,53.333333333333336
2017-10-24,53.76344086021505
2017-10-25,52.68817204301075
2017-10-26,52.25806451612903
2017-10-27,52.04301075268817
2017-10-30,51.3978494623656
2017-10-31,53.5483870967742
2017-11-01,51.82795698924731
2017-11-02,52.25806451612903
2017-11-03,52.04301075268817
2017-11-06,51.82795698924731
2017-11-07,51.82795698924731
2017-11-08,51.82795698924731
2017-11-09,49.89247311827957
2017-11-10,48.17204301075269
2017-11-13,46.88172043010753
2017-11-14,46.666666666666664
2017-11-15,44.3010752688172
2017-11-16,43.44086021505376
2017-11-17,42.795698924731184
2017-11-20,41.935483870967744
2017-11-21,42.1505376344086
2017-11-22,42.365591397849464
2017-11-24,41.29032258064516
2017-11-27,41.50537634408602
2017-11-28,42.1505376344086
2017-11-29,41.935483870967744
2017-11-30,44.73118279569893
2017-12-01,44.73118279569893
2017-12-04,44.086021505376344
2017-12-05,44.516129032258064
2017-12-06,42.1505376344086
2017-12-07,41.935483870967744
2017-12-08,43.225806451612904
2017-12-11,43.44086021505376
2017-12-12,43.225806451612904
2017-12-13,42.58064516129032
2017-12-14,41.075268817204304
2017-12-15,42.58064516129032
2017-12-18,43.225806451612904
2017-12-19,44.086021505376344
2017-12-20,45.806451612903224
2017-12-21,46.666666666666664
2017-12-22,46.02150537634409
2017-12-26,45.376344086021504
2017-12-27,44.3010752688172
2017-12-28,44.086021505376344
2017-12-29,45.59139784946237
2018-01-02,46.137339055793994
2018-01-03,45.27896995708154
2018-01-04,46.3519313304721
2018-01-05,47.63948497854077
2018-01-08,49.35622317596567
2018-01-09,52.78969957081545
2018-01-10,53.43347639484979
2018-01-11,55.5793991416309
2018-01-12,57.08154506437768
2018-01-16,58.36909871244635
2018-01-17,59.442060085836914
2018-01-18,60.08583690987125
2018-01-19,62.231759656652365
2018-01-22,62.44635193133047
2018-01-23,63.0901287553648
2018-01-24,64.37768240343348
2018-01-25,65.66523605150213
2018-01-26,67.81115879828327
2018-01-29,68.24034334763948
2018-01-30,68.88412017167383
2018-01-31,65.87982832618026
2018-02-01,65.02145922746782
2018-02-02,60.94420600858369
2018-02-05,53.00429184549357
2018-02-06,46.3519313304721
2018-02-07,33.47639484978541
2018-02-08,23.819742489270386
2018-02-09,14.163090128755366
2018-02-12,8.798283261802576
2018-02-13,7.081545064377683
2018-02-14,6.223175965665236
2018-02-15,5.579399141630901
2018-02-16,5.579399141630901
2018-02-20,7.296137339055794
2018-02-21,8.15450643776824
2018-02-22,9.2274678111588
2018-02-23,15.879828326180256
2018-02-26,22.532188841201716
2018-02-27,27.038626609442062
2018-02-28,28.11158798283262
2018-03-01,27.467811158798284
2018-03-02,25.536480686695278
2018-03-05,23.390557939914164
2018-03-06,23.17596566523605
2018-03-07,24.892703862660944
2018-03-08,25.75107296137339
2018-03-09,27.682403433476395
2018-03-12,29.613733905579398
2018-03-13,30.686695278969957
2018-03-14,31.115879828326182
2018-03-15,32.83261802575107
2018-03-16,33.90557939914164
2018-03-19,33.69098712446352
2018-03-20,33.90557939914164
2018-03-21,34.54935622317596
2018-03-22,32.18884120171674
2018-03-23,27.467811158798284
2018-03-26,25.321888412017167
2018-03-27,20.171673819742487
2018-03-28,15.236051502145923
2018-03-29,12.446351931330472
2018-04-02,8.369098712446352
2018-04-03,6.866952789699571
2018-04-04,6.008583690987124
2018-04-05,5.579399141630901
2018-04-06,6.866952789699571
2018-04-09,8.583690987124463
2018-04-10,8.798283261802576
2018-04-11,10.300429184549357
2018-04-12,12.231759656652361
2018-04-13,12.660944206008583
2018-04-16,16.738197424892704
2018-04-17,20.600858369098713
2018-04-18,22.96137339055794
2018-04-19,22.96137339055794
2018-04-20,23.605150214592275
2018-04-23,24.678111587982833
2018-04-24,24.463519313304722
2018-04-25,23.17596566523605
2018-04-26,22.96137339055794
2018-04-27,23.17596566523605
2018-04-30,23.17596566523605
2018-05-01,23.17596566523605
2018-05-02,21.030042918454935
2018-05-03,18.88412017167382
2018-05-04,18.669527896995707
2018-05-07,19.098712446351932
2018-05-08,20.386266094420602
2018-05-09,22.746781115879827
2018-05-10,24.034334763948497
2018-05-11,24.463519313304722
2018-05-14,24.892703862660944
2018-05-15,25.321888412017167
2018-05-16,26.609442060085836
2018-05-17,29.399141630901287
2018-05-18,29.613733905579398
2018-05-21,32.18884120171674
2018-05-22,33.047210300429185
2018-05-23,34.54935622317596
2018-05-24,35.622317596566525
2018-05-25,36.05150214592275
2018-05-29,35.407725321888414
2018-05-30,35.836909871244636
2018-05-31,33.47639484978541
2018-06-01,34.54935622317596
2018-06-04,33.90557939914164
2018-06-05,32.40343347639485
2018-06-06,31.97424892703863
2018-06-07,32.40343347639485
2018-06-08,33.69098712446352
2018-06-11,35.836909871244636
2018-06-12,38.62660944206009
2018-06-13,39.05579399141631
2018-06-14,40.128755364806864
2018-06-15,40.557939914163086
2018-06-18,41.84549356223176
2018-06-19,41.201716738197426
2018-06-20,40.343347639484975
2018-06-21,37.98283261802575
2018-06-22,35.1931330472103
2018-06-25,33.47639484978541
2018-06-26,30.90128755364807
2018-06-27,25.536480686695278
2018-06-28,23.390557939914164
2018-06-29,19.313304721030043
2018-07-02,14.806866952789699
2018-07-03,14.377682403433475
2018-07-05,12.875536480686694
2018-07-06,13.304721030042918
2018-07-09,13.304721030042918
2018-07-10,14.806866952789699
2018-07-11,16.738197424892704
2018-07-12,23.390557939914164
2018-07-13,25.9656652360515
2018-07-16,29.399141630901287
2018-07-17,31.5450643776824
2018-07-18,33.47639484978541
2018-07-19,34.12017167381974
2018-07-20,33.047210300429185
2018-07-23,32.83261802575107
2018-07-24,32.40343347639485
2018-07-25,33.261802575107296
2018-07-26,34.54935622317596
2018-07-27,34.763948497854074
2018-07-30,33.69098712446352
2018-07-31,31.759656652360512
2018-08-01,29.613733905579398
2018-08-02,28.75536480686695
2018-08-03,28.11158798283262
2018-08-06,28.54077253218884
2018-08-07,29.184549356223176
2018-08-08,29.399141630901287
2018-08-09,29.613733905579398
2018-08-10,30.472103004291846
2018-08-13,32.40343347639485
2018-08-14,34.33476394849785
2018-08-15,37.33905579399141
2018-08-16,37.553648068669524
2018-08-17,39.05579399141631
2018-08-20,38.62660944206009
2018-08-21,37.33905579399141
2018-08-22,36.05150214592275
2018-08-23,37.1244635193133
2018-08-24,38.62660944206009
2018-08-27,41.201716738197426
2018-08-28,42.27467811158798
2018-08-29,46.137339055793994
2018-08-30,46.56652360515021
2018-08-31,47.21030042918455
2018-09-04,46.78111587982833
2018-09-05,46.56652360515021
2018-09-06,47.21030042918455
2018-09-07,47.21030042918455
2018-09-10,46.99570815450644
2018-09-11,45.92274678111588
2018-09-12,45.27896995708154
2018-09-13,45.06437768240343
2018-09-14,43.776824034334766
2018-09-17,44.63519313304721
2018-09-18,44.63519313304721
2018-09-19,43.99141630901288
2018-09-20,43.13304721030043
2018-09-21,42.27467811158798
2018-09-24,40.343347639484975
2018-09-25,38.197424892703864
2018-09-26,36.26609442060086
2018-09-27,34.12017167381974
2018-09-28,32.83261802575107
2018-10-01,32.83261802575107
2018-10-02,31.330472103004293
2018-10-03,30.686695278969957
2018-10-04,29.184549356223176
2018-10-05,25.75107296137339
2018-10-08,24.034334763948497
2018-10-09,21.888412017167383
2018-10-10,17.811158798283262
2018-10-11,13.519313304721031
2018-10-12,10.300429184549357
2018-10-15,8.583690987124463
2018-10-16,7.296137339055794
2018-10-17,6.223175965665236
2018-10-18,5.150214592274678
2018-10-19,4.721030042918455
2018-10-22,4.506437768240343
2018-10-23,4.721030042918455
2018-10-24,4.506437768240343
2018-10-25,6.223175965665236
2018-10-26,8.583690987124463
2018-10-29,9.44206008583691
2018-10-30,9.2274678111588
2018-10-31,8.583690987124463
2018-11-01,9.012875536480687
2018-11-02,8.15450643776824
2018-11-05,8.369098712446352
2018-11-06,9.012875536480687
2018-11-07,9.44206008583691
2018-11-08,10.944206008583691
2018-11-09,12.446351931330472
2018-11-12,13.090128755364807
2018-11-13,13.304721030042918
2018-11-14,14.806866952789699
2018-11-15,14.806866952789699
2018-11-16,16.09442060085837
2018-11-19,16.738197424892704
2018-11-20,18.240343347639485
2018-11-21,18.240343347639485
2018-11-23,18.4549356223176
2018-11-26,19.098712446351932
2018-11-27,19.527896995708154
2018-11-28,19.742489270386265
2018-11-29,19.098712446351932
2018-11-30,20.171673819742487
2018-12-03,20.815450643776824
2018-12-04,20.171673819742487
2018-12-06,20.386266094420602
2018-12-07,20.342612419700217
2018-12-10,21.841541755888652
2018-12-11,22.91220556745182
2018-12-12,22.698072805139187
2018-12-13,21.413276231263385
2018-12-14,19.271948608137045
2018-12-17,14.346895074946467
2018-12-18,12.419700214132762
2018-12-19,11.349036402569594
2018-12-20,9.207708779443255
2018-12-21,6.423982869379015
2018-12-24,3.2119914346895073
2018-12-26,0.6423982869379015
2018-12-27,0.21413276231263384
2018-12-28,0.0
2018-12-31,0.0
2019-01-02,0.0
2019-01-03,0.0
2019-01-04,0.21413276231263384
2019-01-07,0.21413276231263384
2019-01-08,1.284796573875803
2019-01-09,2.141327623126338
2019-01-10,2.355460385438972
2019-01-11,2.355460385438972
2019-01-14,2.355460385438972
2019-01-15,2.569593147751606
2019-01-16,2.355460385438972
2019-01-17,2.9978586723768736
2019-01-18,3.4261241970021414
2019-01-22,3.854389721627409
2019-01-23,4.282655246252676
2019-01-24,5.995717344753747
2019-01-25,8.35117773019272
2019-01-28,8.565310492505352
2019-01-29,10.492505353319057
2019-01-30,11.349036402569594
2019-01-31,13.49036402569593
2019-02-01,14.989293361884368
2019-02-04,17.130620985010705
2019-02-05,19.914346895074946
2019-02-06,20.342612419700217
2019-02-07,22.055674518201286
2019-02-08,23.768736616702355
2019-02-11,24.839400428265524
2019-02-12,25.910064239828696
2019-02-13,27.194860813704498
2019-02-14,27.40899357601713
2019-02-15,27.8372591006424
2019-02-19,27.40899357601713
2019-02-20,26.98072805139186
2019-02-21,27.194860813704498
2019-02-22,27.8372591006424
2019-02-25,28.26552462526767
2019-02-26,29.336188436830835
2019-02-27,29.764453961456105
2019-02-28,29.764453961456105
2019-03-01,29.336188436830835
2019-03-04,29.978586723768736
2019-03-05,29.1220556745182
2019-03-06,28.693790149892934
2019-03-07,29.764453961456105
2019-03-08,27.8372591006424
2019-03-11,27.194860813704498
2019-03-12,26.923076923076923
2019-03-13,27.292110874200425
2019-03-14,27.505330490405118
2019-03-15,27.505330490405118
2019-03-18,28.57142857142857
2019-03-19,29.42430703624733
2019-03-20,30.638297872340424
2019-03-21,35.53191489361702
2019-03-22,38.297872340425535
2019-03-25,41.27659574468085
2019-03-26,43.19148936170213
2019-03-27,43.829787234042556
2019-03-28,45.1063829787234
2019-03-29,44.8936170212766
2019-04-01,44.680851063829785
2019-04-02,45.31914893617021
2019-04-03,48.723404255319146
2019-04-04,47.65957446808511
2019-04-05,47.02127659574468
2019-04-08,46.59574468085106
2019-04-09,45.31914893617021
2019-04-10,45.95744680851064
2019-04-11,46.808510638297875
2019-04-12,47.87234042553192
2019-04-15,47.87234042553192
2019-04-16,47.02127659574468
2019-04-17,44.46808510638298
2019-04-18,44.25531914893617
2019-04-22,44.680851063829785
2019-04-23,43.61702127659575
2019-04-24,45.1063829787234
2019-04-25,46.170212765957444
2019-04-26,45.31914893617021
2019-04-29,43.40425531914894
2019-04-30,43.829787234042556
2019-05-01,44.04255319148936
2019-05-02,42.765957446808514
2019-05-03,43.19148936170213
2019-05-06,44.680851063829785
2019-05-07,42.5531914893617
2019-05-08,39.361702127659576
2019-05-09,38.08510638297872
2019-05-10,35.6687898089172
2019-05-13,30.78556263269639
2019-05-14,28.874734607218684
2019-05-15,26.963906581740975
2019-05-16,26.326963906581742
2019-05-17,25.902335456475583
2019-05-20,24.840764331210192
2019-05-21,25.05307855626327
2019-05-22,26.53927813163482
2019-05-23,25.690021231422506
2019-05-24,25.423728813559322
2019-05-28,25.635593220338983
2019-05-29,26.69491525423729
2019-05-30,25.635593220338983
2019-05-31,23.093220338983052
2019-06-03,22.66949152542373
2019-06-04,22.88135593220339
2019-06-05,23.30508474576271
2019-06-06,23.093220338983052
2019-06-07,26.48305084745763
2019-06-10,27.11864406779661
2019-06-11,30.29661016949153
2019-06-12,33.82663847780127
2019-06-13,35.30655391120507
2019-06-14,36.57505285412262
2019-06-17,37.84355179704017
2019-06-18,38.6892177589852
2019-06-19,39.95771670190275
2019-06-20,40.803382663847785
2019-06-21,41.86046511627907
2019-06-24,43.34038054968288
2019-06-25,44.18604651162791
2019-06-26,43.12896405919662
2019-06-27,42.917547568710354
2019-06-28,43.34038054968288
2019-07-01,42.917547568710354
2019-07-02,45.243128964059196
2019-07-03,45.45454545454545
2019-07-05,46.30021141649049
2019-07-08,46.088794926004226
2019-07-09,46.723044397463006
2019-07-10,48.41437632135307
2019-07-11,52.43128964059197
2019-07-12,56.02536997885835
2019-07-15,58.350951374207185
2019-07-16,59.19661733615222
2019-07-17,57.928118393234676
2019-07-18,55.602536997885835
2019-07-19,53.276955602537
2019-07-22,51.37420718816068
2019-07-23,50.317124735729394
2019-07-24,50.10570824524313
2019-07-25,47.780126849894295
2019-07-26,45.03171247357294
2019-07-29,41.014799154334035
2019-07-30,38.05496828752643
2019-07-31,37.63213530655391
2019-08-01,34.883720930232556
2019-08-02,34.6723044397463
2019-08-05,32.346723044397464
2019-08-06,28.118393234672308
2019-08-07,24.101479915433405
2019-08-08,23.678646934460886
2019-08-09,23.044397463002113
2019-08-12,22.832980972515855
2019-08-13,21.987315010570825
2019-08-14,20.930232558139537
2019-08-15,21.141649048625794
2019-08-16,21.987315010570825
2019-08-19,23.25581395348837
2019-08-20,24.52431289640592
2019-08-21,25.792811839323466
2019-08-22,26.215644820295985
2019-08-23,25.36997885835095
2019-08-26,26.42706131078224
2019-08-27,27.061310782241016
2019-08-28,27.48414376321353
2019-08-29,28.752642706131077
2019-08-30,29.38689217758985
2019-09-03,28.752642706131077
2019-09-04,29.175475687103592
2019-09-05,30.655391120507396
2019-09-06,31.07822410147992
2019-09-09,33.82663847780127
2019-09-10,33.192389006342495
2019-09-11,32.76955602536998
2019-09-12,32.1353065539112
2019-09-13,29.809725158562365
2019-09-16,29.809725158562365
2019-09-17,30.021141649048626
2019-09-18,30.021141649048626
2019-09-19,31.0126582278481
2019-09-20,30.801687763713083
2019-09-23,32.70042194092827
2019-09-24,36.91983122362869
2019-09-25,37.552742616033754
2019-09-26,38.18565400843882
2019-09-27,37.552742616033754
2019-09-30,36.91983122362869
2019-10-01,34.177215189873415
2019-10-02,27.004219409282697
2019-10-03,22.573839662447256
2019-10-04,20.88607594936709
2019-10-07,19.62025316455696
2019-10-08,18.9873417721519
2019-10-09,18.354430379746837
2019-10-10,17.29957805907173
2019-10-11,16.455696202531644
2019-10-14,15.18987341772152
2019-10-15,16.455696202531644
2019-10-16,18.143459915611814
2019-10-17,20.88607594936709
2019-10-18,22.9957805907173
2019-10-21,25.52742616033755
2019-10-22,28.902953586497894
2019-10-23,29.11392405063291
2019-10-24,29.11392405063291
2019-10-25,29.324894514767934
2019-10-28,28.902953586497894
2019-10-29,29.746835443037973
2019-10-30,31.434599156118143
2019-10-31,32.48945147679325
2019-11-01,32.06751054852321
2019-11-04,31.645569620253166
2019-11-05,32.06751054852321
2019-11-06,31.856540084388186
2019-11-07,32.91139240506329
2019-11-08,33.33333333333333
2019-11-11,32.70042194092827
2019-11-12,33.12236286919831
2019-11-13,34.59915611814346
2019-11-14,35.654008438818565
2019-11-15,37.130801687763714
2019-11-18,37.76371308016878
2019-11-19,38.81856540084388
2019-11-20,39.24050632911392
2019-11-21,40.08438818565401
2019-11-22,40.50632911392405
2019-11-25,40.50632911392405
2019-11-26,40.08438818565401
2019-11-27,39.66244725738397
2019-11-29,39.66244725738397
2019-12-02,37.130801687763714
2019-12-03,34.38818565400844
2019-12-04,32.48945147679325
2019-12-05,32.48945147679325
2019-12-06,36.49789029535865
2019-12-09,37.76371308016878
2019-12-10,37.130801687763714
2019-12-11,35.0210970464135
2019-12-12,34.177215189873415
2019-12-13,33.9662447257384
2019-12-16,36.28691983122363
2019-12-17,39.45147679324894
2019-12-18,42.19409282700422
2019-12-19,42.82700421940928
2019-12-20,43.88185654008439
2019-12-23,44.72573839662447
2019-12-24,46.62447257383967
2019-12-26,47.89029535864979
2019-12-27,48.734177215189874
2019-12-30,50.210970464135016
2019-12-31,51.0548523206751
2020-01-02,52.742616033755276
2020-01-03,51.68776371308017
2020-01-06,52.320675105485236
2020-01-07,50.42194092827004
2020-01-08,49.36708860759494
2020-01-09,48.31223628691983
2020-01-10,47.04641350210971
2020-01-13,44.51476793248945
2020-01-14,43.459915611814345
2020-01-15,43.24894514767932
2020-01-16,43.459915611814345
2020-01-17,45.358649789029535
2020-01-21,47.04641350210971
2020-01-22,49.789029535864984
2020-01-23,50.63291139240506
2020-01-24,50.42194092827004
2020-01-27,48.10126582278481
2020-01-28,48.734177215189874
2020-01-29,48.734177215189874
2020-01-30,49.36708860759494
2020-01-31,45.9915611814346
2020-02-03,41.561181434599156
2020-02-04,40.29535864978903
2020-02-05,39.029535864978904
2020-02-06,38.18565400843882
2020-02-07,38.39662447257383
2020-02-10,39.029535864978904
2020-02-11,40.71729957805908
2020-02-12,41.35021097046413
2020-02-13,41.35021097046413
2020-02-14,46.20253164556962
2020-02-18,49.36708860759494
2020-02-19,49.36708860759494
2020-02-20,48.734177215189874
2020-02-21,47.67932489451477
2020-02-24,43.88185654008439
2020-02-25,41.139240506329116
2020-02-26,36.708860759493675
2020-02-27,26.160337552742618
2020-02-28,15.822784810126583
2020-03-02,10.337552742616033
2020-03-03,6.5400843881856545
2020-03-04,4.219409282700422
2020-03-05,3.375527426160337
2020-03-06,2.5316455696202533
2020-03-09,2.320675105485232
2020-03-10,2.109704641350211
2020-03-11,1.6877637130801686
2020-03-12,1.6877637130801686
2020-03-13,1.6877637130801686
2020-03-16,1.4767932489451476
2020-03-17,1.6877637130801686
2020-03-18,1.6877637130801686
2020-03-19,1.680672268907563
2020-03-20,1.2605042016806722
2020-03-23,0.8403361344537815
2020-03-24,0.42016806722689076
2020-03-25,0.42016806722689076
2020-03-26,0.6302521008403361
2020-03-27,0.8403361344537815
2020-03-30,0.6302521008403361
2020-03-31,0.6302521008403361
2020-04-01,0.42016806722689076
2020-04-02,0.42016806722689076
2020-04-03,0.8403361344537815
2020-04-06,1.050420168067227
2020-04-07,1.050420168067227
2020-04-08,1.2605042016806722
2020-04-09,1.680672268907563
2020-04-13,2.100840336134454
2020-04-14,2.5210084033613445
2020-04-15,2.73109243697479
2020-04-16,3.571428571428571
2020-04-17,4.201680672268908
2020-04-20,5.042016806722689
2020-04-21,5.6722689075630255
2020-04-22,6.302521008403361
2020-04-23,8.193277310924369
2020-04-24,9.453781512605042
2020-04-27,9.663865546218489
2020-04-28,10.714285714285714
2020-04-29,11.134453781512606
2020-04-30,11.344537815126051
2020-05-01,11.134453781512606
2020-05-04,10.504201680672269
2020-05-05,10.714285714285714
2020-05-06,9.873949579831933
2020-05-07,9.663865546218489
2020-05-08,9.663865546218489
2020-05-11,9.033613445378151
2020-05-12,9.243697478991598
2020-05-13,8.61344537815126
2020-05-14,8.193277310924369
2020-05-15,9.033613445378151
2020-05-18,9.453781512605042
2020-05-19,9.873949579831933
2020-05-20,9.663865546218489
2020-05-21,9.663865546218489
2020-05-22,10.504201680672269
2020-05-26,10.294117647058822
2020-05-27,11.134453781512606
2020-05-28,12.394957983193278
2020-05-29,13.445378151260504
2020-06-01,13.23529411764706
2020-06-02,14.915966386554622
2020-06-03,15.126050420168067
2020-06-04,15.336134453781513
2020-06-05,15.546218487394958
2020-06-08,17.857142857142858
2020-06-09,19.747899159663866
2020-06-10,21.008403361344538
2020-06-11,20.588235294117645
2020-06-12,20.798319327731093
2020-06-15,20.3781512605042
2020-06-16,20.798319327731093
2020-06-17,20.798319327731093
2020-06-18,21.008403361344538
2020-06-19,18.907563025210084
2020-06-22,16.176470588235293
2020-06-23,15.336134453781513
2020-06-24,12.815126050420167
2020-06-25,14.495798319327733
2020-06-26,15.966386554621847
2020-06-29,15.756302521008402
2020-06-30,16.176470588235293
2020-07-01,15.966386554621847
2020-07-02,17.647058823529413
2020-07-06,18.907563025210084
2020-07-07,19.747899159663866
2020-07-08,21.008403361344538
2020-07-09,24.159663865546218
2020-07-10,27.310924369747898
2020-07-13,28.361344537815125
2020-07-14,29.20168067226891
2020-07-15,30.252100840336134
2020-07-16,31.72268907563025
2020-07-17,33.193277310924366
2020-07-20,33.82352941176471
2020-07-21,34.45378151260504
2020-07-22,34.66386554621849
2020-07-23,33.82352941176471
2020-07-24,34.2436974789916
2020-07-27,34.87394957983193
2020-07-28,34.66386554621849
2020-07-29,35.294117647058826
2020-07-30,36.554621848739494
2020-07-31,36.97478991596639
2020-08-03,36.344537815126046
2020-08-04,36.97478991596639
2020-08-05,37.18487394957983
2020-08-06,36.344537815126046
2020-08-07,36.344537815126046
2020-08-10,36.134453781512605
2020-08-11,35.924369747899156
2020-08-12,36.134453781512605
2020-08-13,37.18487394957983
2020-08-14,36.76470588235294
2020-08-17,37.60504201680672
2020-08-18,37.18487394957983
2020-08-19,37.81512605042017
2020-08-20,37.60504201680672
2020-08-21,37.60504201680672
2020-08-24,38.02521008403361
2020-08-25,38.02521008403361
2020-08-26,36.76470588235294
2020-08-27,37.60504201680672
2020-08-28,36.76470588235294
2020-08-31,35.924369747899156
2020-09-01,36.134453781512605
2020-09-02,37.39495798319328
2020-09-03,37.39495798319328
2020-09-04,37.18487394957983
2020-09-08,33.193277310924366
2020-09-09,34.2436974789916
2020-09-10,28.991596638655466
2020-09-11,27.941176470588236
2020-09-14,25.42016806722689
2020-09-15,24.789915966386555
2020-09-16,22.689075630252102
2020-09-17,19.11764705882353
2020-09-18,18.907563025210084
2020-09-21,18.907563025210084
2020-09-22,19.95798319327731
2020-09-23,17.857142857142858
2020-09-24,18.487394957983195
2020-09-25,16.80672268907563
2020-09-28,15.756302521008402
2020-09-29,14.495798319327733
2020-09-30,12.78825995807128
2020-10-01,12.159329140461216
2020-10-02,13.417190775681343
2020-10-05,16.142557651991616
2020-10-06,18.238993710691823
2020-10-07,22.22222222222222
2020-10-08,25.995807127882596
2020-10-09,29.350104821802937
2020-10-12,32.075471698113205
2020-10-13,34.80083857442348
2020-10-14,36.058700209643604
2020-10-15,35.84905660377358
2020-10-16,38.57442348008386
2020-10-19,40.88050314465409
2020-10-20,42.76729559748428
2020-10-21,44.23480083857442
2020-10-22,46.540880503144656
2020-10-23,45.70230607966457
2020-10-26,44.65408805031446
2020-10-27,41.509433962264154
2020-10-28,34.80083857442348
2020-10-29,28.511530398322847
2020-10-30,22.22222222222222
2020-11-02,18.658280922431867
2020-11-03,17.81970649895178
2020-11-04,16.771488469601678
2020-11-05,16.771488469601678
2020-11-06,18.238993710691823
2020-11-09,22.641509433962266
2020-11-10,29.350104821802937
2020-11-11,38.15513626834382
2020-11-12,44.44444444444444
2020-11-13,50.314465408805034
2020-11-16,53.459119496855344
2020-11-17,55.34591194968554
2020-11-18,55.76519916142557
2020-11-19,56.39412997903563
2020-11-20,56.18448637316562
2020-11-23,57.023060796645694
2020-11-24,57.44234800838575
2020-11-25,58.280922431865825
2020-11-27,59.329140461215935
2020-11-30,60.167714884696025
2020-12-01,58.490566037735846
2020-12-02,58.07127882599581
2020-12-03,56.60377358490566
2020-12-04,57.23270440251572
2020-12-07,57.861635220125784
2020-12-08,57.23270440251572
2020-12-09,55.64853556485355
2020-12-10,54.48851774530271
2020-12-11,53.65344467640919
2020-12-14,53.444676409185796
2020-12-15,52.4008350730689
2020-12-16,53.444676409185796
2020-12-17,54.07098121085595
2020-12-18,50.52192066805845
2020-12-21,48.43423799582464
2020-12-22,43.42379958246347
2020-12-23,41.127348643006265
2020-12-24,44.05010438413361
2020-12-28,44.46764091858037
2020-12-29,45.093945720250524
2020-12-30,44.88517745302714
2020-12-31,45.093945720250524
2021-01-04,44.258872651356995
2021-01-05,43.0062630480167
2021-01-06,47.390396659707726
2021-01-07,51.1482254697286
2021-01-08,55.11482254697286
2021-01-11,57.41127348643006
2021-01-12,58.037578288100214
2021-01-13,58.24634655532359
2021-01-14,57.62004175365344
2021-01-15,53.86221294363257
2021-01-19,54.48851774530271
2021-01-20,55.94989561586638
2021-01-21,56.57620041753654
2021-01-22,57.20250521920668
2021-01-25,56.36743215031316
2021-01-26,54.27974947807933
2021-01-27,50.10438413361169
2021-01-28,44.88517745302714
2021-01-29,35.908141962421716
2021-02-01,30.062630480167012
2021-02-02,26.513569937369518
2021-02-03,22.964509394572026
2021-02-04,21.08559498956159
2021-02-05,19.206680584551147
2021-02-08,21.920668058455114
2021-02-09,24.21711899791232
2021-02-10,29.583333333333332
2021-02-11,35.41666666666667
2021-02-12,44.79166666666667
2021-02-16,48.75
2021-02-17,50.625
2021-02-18,52.29166666666667
2021-02-19,51.45833333333333
2021-02-22,51.45833333333333
2021-02-23,50.625
2021-02-24,50.83333333333333
2021-02-25,50.208333333333336
2021-02-26,49.166666666666664
2021-03-01,48.75
2021-03-02,47.708333333333336
2021-03-03,44.79166666666667
2021-03-04,43.125
2021-03-05,40.833333333333336
2021-03-08,41.458333333333336
2021-03-09,40.833333333333336
2021-03-10,40.416666666666664
2021-03-11,41.875
2021-03-12,44.375
2021-03-15,46.041666666666664
2021-03-16,47.291666666666664
2021-03-17,49.166666666666664
2021-03-18,51.041666666666664
2021-03-19,52.083333333333336
2021-03-22,53.125
2021-03-23,51.45833333333333
2021-03-24,48.541666666666664
2021-03-25,46.041666666666664
2021-03-26,43.958333333333336
2021-03-29,41.458333333333336
2021-03-30,40.208333333333336
2021-03-31,38.54166666666667
2021-04-01,38.54166666666667
2021-04-05,39.791666666666664
2021-04-06,42.916666666666664
2021-04-07,48.333333333333336
2021-04-08,55.41666666666667
2021-04-09,56.875
2021-04-12,58.75
2021-04-13,60.62499999999999
2021-04-14,61.74636174636174
2021-04-15,64.31535269709543
2021-04-16,65.14522821576763
2021-04-19,67.63485477178423
2021-04-20,66.59751037344398
2021-04-21,68.04979253112033
2021-04-22,66.18257261410788
2021-04-23,62.863070539419084
2021-04-26,62.655601659751035
2021-04-27,64.73029045643153
2021-04-28,63.90041493775933
2021-04-29,63.90041493775933
2021-04-30,62.24066390041494
2021-05-03,61.82572614107884
2021-05-04,61.61825726141079
2021-05-05,60.58091286307054
2021-05-06,61.61825726141079
2021-05-07,58.298755186722
2021-05-10,57.8838174273859
2021-05-11,58.09128630705395
2021-05-12,57.05394190871369
2021-05-13,53.52697095435685
2021-05-14,53.52697095435685
2021-05-17,52.4896265560166
2021-05-18,51.867219917012456
2021-05-19,49.5850622406639
2021-05-20,47.71784232365145
2021-05-21,44.190871369294605
2021-05-24,40.24896265560166
2021-05-25,38.17427385892116
2021-05-26,41.70124481327801
2021-05-27,42.32365145228216
2021-05-28,40.24896265560166
2021-06-01,38.17427385892116
2021-06-02,37.551867219917014
2021-06-03,40.04149377593361
2021-06-04,42.946058091286304
2021-06-07,44.398340248962654
2021-06-08,45.22821576763486
2021-06-09,47.0954356846473
2021-06-10,45.643153526970956
2021-06-11,44.398340248962654
2021-06-14,44.60580912863071
2021-06-15,44.60580912863071
2021-06-16,43.15352697095436
2021-06-17,41.49377593360996
2021-06-18,36.51452282157676
2021-06-21,33.40248962655601
2021-06-22,31.535269709543567
2021-06-23,28.42323651452282
2021-06-24,25.72614107883817
2021-06-25,24.273858921161825
2021-06-28,22.61410788381743
2021-06-29,22.821576763485478
2021-06-30,23.858921161825727
2021-07-01,24.896265560165975
2021-07-02,28.42323651452282
2021-07-06,29.253112033195023
2021-07-07,30.91286307053942
2021-07-08,32.15767634854772
2021-07-09,32.780082987551864
2021-07-12,34.024896265560166
2021-07-13,34.232365145228215
2021-07-14,34.85477178423236
2021-07-15,34.85477178423236
2021-07-16,34.232365145228215
2021-07-19,32.572614107883815
2021-07-20,33.60995850622407
2021-07-21,35.06224066390041
2021-07-22,35.06224066390041
2021-07-23,33.60995850622407
2021-07-26,33.40248962655601
2021-07-27,34.024896265560166
2021-07-28,34.232365145228215
2021-07-29,36.024844720496894
2021-07-30,38.923395445134574
2021-08-02,42.028985507246375
2021-08-03,42.65010351966873
2021-08-04,43.68530020703933
2021-08-05,44.72049689440994
2021-08-06,44.72049689440994
2021-08-09,44.927536231884055
2021-08-10,43.89233954451346
2021-08-11,44.3064182194617
2021-08-12,44.927536231884055
2021-08-13,44.3064182194617
2021-08-16,44.3064182194617
2021-08-17,45.54865424430642
2021-08-18,47.82608695652174
2021-08-19,45.962732919254655
2021-08-20,45.75569358178054
2021-08-23,47.61904761904761
2021-08-24,48.4472049689441
2021-08-25,48.86128364389234
2021-08-26,47.61904761904761
2021-08-27,45.962732919254655
2021-08-30,43.2712215320911
2021-08-31,42.2360248447205
2021-09-01,44.927536231884055
2021-09-02,46.16977225672878
2021-09-03,46.790890269151134
2021-09-07,46.58385093167702
2021-09-08,44.72049689440994
2021-09-09,40.78674948240166
2021-09-10,40.165631469979296
2021-09-13,39.33747412008282
2021-09-14,36.024844720496894
2021-09-15,34.57556935817806
2021-09-16,33.33333333333333
2021-09-17,27.12215320910973
2021-09-20,21.11801242236025
2021-09-21,17.805383022774325
2021-09-22,16.149068322981368
2021-09-23,16.977225672877847
2021-09-24,16.563146997929607
2021-09-27,15.527950310559005
2021-09-28,15.320910973084887
2021-09-29,15.113871635610765
2021-09-30,13.250517598343686
2021-10-01,13.871635610766045
2021-10-04,14.699792960662524
2021-10-05,15.320910973084887
2021-10-06,14.906832298136646
2021-10-07,14.906832298136646
2021-10-08,15.113871635610765
2021-10-11,15.527950310559005
2021-10-12,15.942028985507244
2021-10-13,17.391304347826086
2021-10-14,18.84057971014493
2021-10-15,19.25465838509317
2021-10-18,21.11801242236025
2021-10-19,23.60248447204969
2021-10-20,24.637681159420293
2021-10-21,27.74327122153209
2021-10-22,28.778467908902694
2021-10-25,30.434782608695656
2021-10-26,32.091097308488614
2021-10-27,32.91925465838509
2021-10-28,33.33333333333333
2021-10-29,34.57556935817806
2021-11-01,37.68115942028986
2021-11-02,38.923395445134574
2021-11-03,40.37267080745342
2021-11-04,41.61490683229814
2021-11-05,42.65010351966873
2021-11-08,43.68530020703933
2021-11-09,44.099378881987576
2021-11-10,44.51345755693582
2021-11-11,44.72049689440994
2021-11-12,44.72049689440994
2021-11-15,46.3768115942029
2021-11-16,45.75569358178054
2021-11-17,44.3064182194617
2021-11-18,44.927536231884055
2021-11-19,43.68530020703933
2021-11-22,43.47826086956522
2021-11-23,41.821946169772254
2021-11-24,41.61490683229814
2021-11-26,38.923395445134574
2021-11-29,38.302277432712216
2021-11-30,33.126293995859214
2021-12-01,25.051759834368532
2021-12-02,23.18840579710145
2021-12-03,19.66873706004141
2021-12-06,18.426501035196686
2021-12-07,17.598343685300208
2021-12-08,19.25465838509317
2021-12-09,17.805383022774325
2021-12-10,19.875776397515526
2021-12-13,20.082815734989648
2021-12-14,22.77432712215321
2021-12-15,26.08695652173913
2021-12-16,29.39958592132505
2021-12-17,30.434782608695656
2021-12-20,31.05590062111801
2021-12-21,30.641821946169774
2021-12-22,28.57142857142857
2021-12-23,29.39958592132505
2021-12-27,29.19254658385093
2021-12-28,29.39958592132505
2021-12-29,32.298136645962735
2021-12-30,34.57556935817806
2021-12-31,36.231884057971016
2022-01-03,37.68115942028986
2022-01-04,41.200828157349896
2022-01-05,41.821946169772254
2022-01-06,42.857142857142854
2022-01-07,41.821946169772254
2022-01-10,39.130434782608695
2022-01-11,36.231884057971016
2022-01-12,35.40372670807454
2022-01-13,33.126293995859214
2022-01-14,30.22774327122153
2022-01-18,27.12215320910973
2022-01-19,24.173553719008265
2022-01-20,23.140495867768596
2022-01-21,21.074380165289256
2022-01-24,19.00826446280992
2022-01-25,16.94214876033058
2022-01-26,14.46280991735537
2022-01-27,12.190082644628099
2022-01-28,10.537190082644628
2022-01-31,8.057851239669422
2022-02-01,7.024793388429752
2022-02-02,6.198347107438017
2022-02-03,8.057851239669422
2022-02-04,10.743801652892563
2022-02-07,12.8099173553719
2022-02-08,15.495867768595042
2022-02-09,18.388429752066116
2022-02-10,20.24793388429752
2022-02-11,20.867768595041323
2022-02-14,20.454545454545457
2022-02-15,20.867768595041323
2022-02-16,20.66115702479339
2022-02-17,20.454545454545457
2022-02-18,19.834710743801654
2022-02-22,19.00826446280992
2022-02-23,16.735537190082646
2022-02-24,14.669421487603307
2022-02-25,13.636363636363635
2022-02-28,12.603305785123966
2022-03-01,12.190082644628099
2022-03-02,12.396694214876034
2022-03-03,11.570247933884298
2022-03-04,12.396694214876034
2022-03-07,13.016528925619836
2022-03-08,13.016528925619836
2022-03-09,14.049586776859504
2022-03-10,14.669421487603307
2022-03-11,15.495867768595042
2022-03-14,15.909090909090908
2022-03-15,17.56198347107438
2022-03-16,17.97520661157025
2022-03-17,18.181818181818183
2022-03-18,18.59504132231405
2022-03-21,20.66115702479339
2022-03-22,23.553719008264462
2022-03-23,23.34710743801653
2022-03-24,22.727272727272727
2022-03-25,24.793388429752067
2022-03-28,25.826446280991732
2022-03-29,27.27272727272727
2022-03-30,29.132231404958674
2022-03-31,29.75206611570248
2022-04-01,29.545454545454547
2022-04-04,30.37190082644628
2022-04-05,31.198347107438018
2022-04-06,32.231404958677686
2022-04-07,31.40495867768595
2022-04-08,31.611570247933884
2022-04-11,29.75206611570248
2022-04-12,28.92561983471074
2022-04-13,28.09917355371901
2022-04-14,28.305785123966942
2022-04-18,27.479338842975203
2022-04-19,28.512396694214875
2022-04-20,30.57851239669421
2022-04-21,30.165289256198346
2022-04-22,28.512396694214875
2022-04-25,26.859504132231404
2022-04-26,23.96694214876033
2022-04-27,22.31404958677686
2022-04-28,19.62809917355372
2022-04-29,15.909090909090908
2022-05-02,12.396694214876034
2022-05-03,9.297520661157025
2022-05-04,7.231404958677685
2022-05-05,5.785123966942149
2022-05-06,5.1652892561983474
2022-05-09,4.545454545454546
2022-05-10,4.75206611570248
2022-05-11,4.132231404958678
2022-05-12,3.512396694214876
2022-05-13,3.925619834710744
2022-05-16,4.75206611570248
2022-05-17,5.785123966942149
2022-05-18,5.1652892561983474
2022-05-19,4.75206611570248
2022-05-20,4.338842975206612
2022-05-23,5.371900826446281
2022-05-24,6.6115702479338845
2022-05-25,7.024793388429752
2022-05-26,7.43801652892562
2022-05-27,8.057851239669422
2022-05-31,8.057851239669422
2022-06-01,8.677685950413224
2022-06-02,9.090909090909092
2022-06-03,9.710743801652892
2022-06-06,10.537190082644628
2022-06-07,11.15702479338843
2022-06-08,11.363636363636363
2022-06-09,10.950413223140496
2022-06-10,10.330578512396695
2022-06-13,8.677685950413224
2022-06-14,7.231404958677685
2022-06-15,5.578512396694215
2022-06-16,4.338842975206612
2022-06-17,3.0991735537190084
2022-06-21,1.859504132231405
2022-06-22,0.4132231404958678
2022-06-23,0.2066115702479339
2022-06-24,0.0
2022-06-27,0.4132231404958678
2022-06-28,1.0330578512396695
2022-06-29,1.4462809917355373
2022-06-30,1.859504132231405
2022-07-01,2.272727272727273
2022-07-05,2.479338842975207
2022-07-06,3.3057851239669422
2022-07-07,3.71900826446281
2022-07-08,3.71900826446281
2022-07-11,4.132231404958678
2022-07-12,4.545454545454546
2022-07-13,5.371900826446281
2022-07-14,5.785123966942149
2022-07-15,6.6115702479338845
2022-07-18,6.198347107438017
2022-07-19,6.6115702479338845
2022-07-20,6.198347107438017
2022-07-21,5.785123966942149
2022-07-22,5.1652892561983474
2022-07-25,5.1652892561983474
2022-07-26,4.958677685950414
2022-07-27,4.958677685950414
2022-07-28,5.1652892561983474
2022-07-29,5.371900826446281
2022-08-01,5.991735537190083
2022-08-02,6.40495867768595
2022-08-03,6.8181818181818175
2022-08-04,7.43801652892562
2022-08-05,8.264462809917356
2022-08-08,9.710743801652892
2022-08-09,10.950413223140496
2022-08-10,11.983471074380166
2022-08-11,12.603305785123966
2022-08-12,13.636363636363635
2022-08-15,13.842975206611571
2022-08-16,15.082644628099173
2022-08-17,15.909090909090908
2022-08-18,17.56198347107438
2022-08-19,17.768595041322314
2022-08-22,18.388429752066116
2022-08-23,18.59504132231405
2022-08-24,18.801652892561986
2022-08-25,19.421487603305785
2022-08-26,19.421487603305785
2022-08-29,19.00826446280992
2022-08-30,16.94214876033058
2022-08-31,15.082644628099173
2022-09-01,11.776859504132231
2022-09-02,8.884297520661157
2022-09-06,7.231404958677685
2022-09-07,6.40495867768595
2022-09-08,4.75206611570248
2022-09-09,3.925619834710744
2022-09-12,3.925619834710744
2022-09-13,2.8925619834710745
2022-09-14,3.71900826446281
2022-09-15,6.6115702479338845
2022-09-16,6.6115702479338845
2022-09-19,8.884297520661157
2022-09-20,9.297520661157025
2022-09-21,8.47107438016529
2022-09-22,7.024793388429752
2022-09-23,4.75206611570248
2022-09-26,2.479338842975207
2022-09-27,1.859504132231405
2022-09-28,1.0330578512396695
2022-09-29,1.2396694214876034
2022-09-30,0.8264462809917356
2022-10-03,0.8264462809917356
2022-10-04,1.4462809917355373
2022-10-05,2.272727272727273
2022-10-06,2.479338842975207
2022-10-07,3.0991735537190084
2022-10-10,3.3057851239669422
2022-10-11,4.958677685950414
2022-10-12,4.958677685950414
2022-10-13,4.75206611570248
2022-10-14,4.75206611570248
2022-10-17,4.75206611570248
2022-10-18,5.1652892561983474
2022-10-19,5.1652892561983474
2022-10-20,6.40495867768595
2022-10-21,6.40495867768595
2022-10-24,8.264462809917356
2022-10-25,9.917355371900827
2022-10-26,10.743801652892563
2022-10-27,11.776859504132231
2022-10-28,12.603305785123966
2022-10-31,14.87603305785124
2022-11-01,15.495867768595042
2022-11-02,16.528925619834713
2022-11-03,16.735537190082646
2022-11-04,17.56198347107438
2022-11-07,19.00826446280992
2022-11-08,20.041322314049587
2022-11-09,20.867768595041323
2022-11-10,21.074380165289256
2022-11-11,21.90082644628099
2022-11-14,21.487603305785125
2022-11-15,20.867768595041323
2022-11-16,20.454545454545457
2022-11-17,20.24793388429752
2022-11-18,19.421487603305785
2022-11-21,19.00826446280992
2022-11-22,18.801652892561986
2022-11-23,20.041322314049587
2022-11-25,21.280991735537192
2022-11-28,21.074380165289256
2022-11-29,23.34710743801653
2022-11-30,23.96694214876033
2022-12-01,24.793388429752067
2022-12-02,26.033057851239672
2022-12-05,26.446280991735538
2022-12-06,28.09917355371901
2022-12-07,27.892561983471076
2022-12-08,26.033057851239672
2022-12-09,23.34710743801653
2022-12-12,24.793388429752067
2022-12-13,25.0
2022-12-14,23.553719008264462
2022-12-15,19.587628865979383
2022-12-16,16.082474226804123
2022-12-19,12.783505154639174
2022-12-20,11.958762886597938
2022-12-21,10.927835051546392
2022-12-22,10.721649484536082
2022-12-23,10.721649484536082
2022-12-27,9.278350515463918
2022-12-28,7.422680412371134
2022-12-29,5.77319587628866
2022-12-30,8.041237113402062
2023-01-03,8.65979381443299
2023-01-04,11.752577319587628
2023-01-05,14.22680412371134
2023-01-06,15.463917525773196
2023-01-09,16.49484536082474
2023-01-10,18.144329896907216
2023-01-11,20.0
2023-01-12,21.649484536082475
2023-01-13,23.298969072164947
2023-01-17,23.505154639175256
2023-01-18,23.505154639175256
2023-01-19,22.474226804123713
2023-01-20,23.917525773195877
2023-01-23,23.917525773195877
2023-01-24,24.536082474226802
2023-01-25,25.56701030927835
2023-01-26,27.010309278350515
2023-01-27,27.835051546391753
2023-01-30,29.07216494845361
2023-01-31,29.690721649484537
2023-02-01,31.546391752577318
2023-02-02,34.845360824742265
2023-02-03,35.25773195876289
2023-02-06,34.63917525773196
2023-02-07,34.22680412371134
2023-02-08,35.4639175257732
2023-02-09,33.608247422680414
2023-02-10,33.19587628865979
2023-02-13,34.63917525773196
2023-02-14,33.81443298969072
2023-02-15,34.02061855670103
2023-02-16,31.958762886597935
2023-02-17,30.515463917525775
2023-02-21,28.45360824742268
2023-02-22,24.536082474226802
2023-02-23,21.855670103092784
2023-02-24,19.79381443298969
2023-02-27,18.144329896907216
2023-02-28,15.257731958762887
2023-03-01,13.814432989690722
2023-03-02,12.371134020618557
2023-03-03,12.371134020618557
2023-03-06,12.577319587628866
2023-03-07,12.989690721649486
2023-03-08,14.22680412371134
2023-03-09,14.02061855670103
2023-03-10,13.402061855670103
2023-03-13,12.783505154639174
2023-03-14,11.134020618556702
2023-03-15,10.309278350515463
2023-03-16,9.484536082474227
2023-03-17,8.65979381443299
2023-03-20,7.835051546391752
2023-03-21,9.278350515463918
2023-03-22,8.65979381443299
2023-03-23,9.278350515463918
2023-03-24,10.309278350515463
2023-03-27,10.721649484536082
2023-03-28,10.103092783505154
2023-03-29,11.958762886597938
2023-03-30,13.402061855670103
2023-03-31,15.257731958762887
2023-04-03,16.082474226804123
2023-04-04,16.90721649484536
2023-04-05,17.7319587628866
2023-04-06,17.938144329896907
2023-04-10,18.350515463917525
2023-04-11,18.350515463917525
2023-04-12,19.381443298969074
2023-04-13,19.381443298969074
2023-04-14,21.649484536082475
2023-04-17,22.061855670103093
2023-04-18,23.505154639175256
2023-04-19,24.742268041237114
2023-04-20,25.56701030927835
2023-04-21,28.04123711340206
2023-04-24,28.24742268041237
2023-04-25,28.24742268041237
2023-04-26,28.04123711340206
2023-04-27,25.773195876288657
2023-04-28,25.36082474226804
2023-05-01,26.18556701030928
2023-05-02,25.15463917525773
2023-05-03,23.917525773195877
2023-05-04,22.839506172839506
2023-05-05,24.074074074074073
2023-05-08,24.279835390946502
2023-05-09,25.720164609053498
2023-05-10,26.543209876543212
2023-05-11,25.925925925925924
2023-05-12,25.720164609053498
2023-05-15,23.868312757201647
2023-05-16,23.456790123456788
2023-05-17,23.662551440329217
2023-05-18,25.720164609053498
2023-05-19,25.925925925925924
2023-05-22,24.074074074074073
2023-05-23,22.633744855967077
2023-05-24,19.54732510288066
2023-05-25,18.106995884773664
2023-05-26,16.666666666666664
2023-05-30,15.843621399176955
2023-05-31,15.637860082304528
2023-06-01,15.432098765432098
2023-06-02,15.020576131687244
2023-06-05,14.609053497942387
2023-06-06,14.814814814814813
2023-06-07,16.255144032921812
2023-06-08,18.31275720164609
2023-06-09,20.16460905349794
2023-06-12,22.839506172839506
2023-06-13,25.514403292181072
2023-06-14,27.572016460905353
2023-06-15,29.629629629629626
2023-06-16,30.45267489711934
2023-06-20,31.275720164609055
2023-06-21,31.48148148148148
2023-06-22,32.098765432098766
2023-06-23,32.098765432098766
2023-06-26,32.510288065843625
2023-06-27,33.33333333333333
2023-06-28,33.53909465020576
2023-06-29,34.36213991769547
2023-06-30,33.95061728395062
2023-07-03,34.15637860082305
2023-07-05,34.77366255144033
2023-07-06,35.18518518518518
2023-07-07,36.831275720164605
2023-07-10,39.09465020576132
2023-07-11,39.91769547325103
2023-07-12,41.358024691358025
2023-07-13,43.00411522633745
2023-07-14,43.62139917695473
2023-07-17,44.44444444444444
2023-07-18,44.44444444444444
2023-07-19,43.82716049382716
2023-07-20,43.415637860082306
2023-07-21,43.82716049382716
2023-07-24,44.8559670781893
2023-07-25,44.8559670781893
2023-07-26,44.44444444444444
2023-07-27,43.62139917695473
2023-07-28,43.00411522633745
2023-07-31,43.62139917695473
2023-08-01,42.79835390946502
2023-08-02,41.56378600823045
2023-08-03,38.88888888888889
2023-08-04,36.0082304526749
2023-08-07,32.510288065843625
2023-08-08,28.80658436213992
2023-08-09,27.36625514403292
2023-08-10,27.77777777777778
2023-08-11,26.337448559670783
2023-08-14,26.337448559670783
2023-08-15,25.102880658436217
2023-08-16,23.662551440329217
2023-08-17,19.54732510288066
2023-08-18,18.930041152263374
2023-08-21,16.666666666666664
2023-08-22,14.19753086419753
2023-08-23,13.168724279835391
2023-08-24,12.345679012345679
2023-08-25,10.905349794238683
2023-08-28,9.876543209876543
2023-08-29,10.493827160493826
2023-08-30,12.551440329218108
2023-08-31,14.19753086419753
2023-09-01,15.843621399176955
2023-09-05,17.901234567901234
2023-09-06,19.753086419753085
2023-09-07,21.193415637860085
2023-09-08,23.662551440329217
2023-09-11,25.308641975308642
2023-09-12,25.720164609053498
2023-09-13,25.308641975308642
2023-09-14,23.868312757201647
2023-09-15,22.42798353909465
2023-09-18,20.16460905349794
2023-09-19,19.54732510288066
2023-09-20,17.901234567901234
2023-09-21,17.078189300411523
2023-09-22,15.637860082304528
2023-09-25,13.37448559670782
2023-09-26,11.316872427983538
2023-09-27,10.08230452674897
2023-09-28,9.053497942386832
2023-09-29,8.641975308641975
2023-10-02,6.584362139917696
2023-10-03,5.761316872427984
2023-10-04,5.338809034907597
2023-10-05,4.722792607802875
2023-10-06,4.9281314168377826
2023-10-09,5.544147843942506
2023-10-10,6.981519507186857
2023-10-11,8.008213552361395
2023-10-12,9.034907597535934
2023-10-13,10.266940451745379
2023-10-16,11.90965092402464
2023-10-17,13.347022587268995
2023-10-18,14.168377823408623
2023-10-19,13.963039014373715
2023-10-20,13.552361396303903
2023-10-23,13.347022587268995
2023-10-24,12.73100616016427
2023-10-25,12.320328542094455
2023-10-26,10.266940451745379
2023-10-27,9.034907597535934
2023-10-30,8.41889117043121
2023-10-31,6.365503080082135
2023-11-01,4.1067761806981515
2023-11-02,4.1067761806981515
2023-11-03,4.312114989733059
2023-11-06,6.570841889117044
2023-11-07,8.008213552361395
2023-11-08,9.856262833675565
2023-11-09,11.90965092402464
2023-11-10,13.75770020533881
2023-11-13,17.04312114989733
2023-11-14,18.8911704312115
2023-11-15,20.123203285420946
2023-11-16,21.35523613963039
2023-11-17,23.203285420944557
2023-11-20,23.81930184804928
2023-11-21,26.07802874743326
2023-11-22,27.92607802874743
2023-11-24,29.568788501026695
2023-11-27,29.97946611909651
2023-11-28,32.238193018480494
2023-11-29,32.238193018480494
2023-11-30,34.08624229979466
2023-12-01,34.29158110882957
2023-12-04,34.496919917864474
2023-12-05,34.29158110882957
2023-12-06,32.85420944558521
2023-12-07,33.26488706365503
2023-12-08,32.238193018480494
2023-12-11,31.416837782340863
2023-12-12,32.85420944558521
2023-12-13,33.67556468172484
2023-12-14,34.496919917864474
2023-12-15,34.496919917864474
2023-12-18,34.70225872689938
2023-12-19,35.93429158110883
2023-12-20,37.16632443531827
2023-12-21,39.01437371663244
2023-12-22,40.86242299794661
2023-12-26,41.889117043121146
2023-12-27,41.68377823408625
2023-12-28,41.68377823408625
2023-12-29,42.71047227926078
2024-01-02,44.35318275154005
2024-01-03,44.969199178644764
2024-01-04,44.969199178644764
2024-01-05,47.02258726899384
2024-01-08,46.40657084188911
2024-01-09,42.09445585215606
2024-01-10,38.398357289527716
2024-01-11,30.390143737166326
2024-01-12,26.69404517453799
2024-01-16,24.435318275154007
2024-01-17,24.02464065708419
2024-01-18,25.46201232032854
2024-01-19,28.131416837782343
2024-01-22,31.82751540041068
2024-01-23,31.211498973305957
2024-01-24,31.82751540041068
2024-01-25,33.880903490759756
2024-01-26,35.728952772073924
2024-01-29,38.809034907597535
2024-01-30,45.17453798767967
2024-01-31,45.9958932238193
2024-02-01,49.28131416837782
2024-02-02,48.870636550308014
2024-02-05,47.02258726899384
2024-02-06,46.40657084188911
2024-02-07,48.25462012320328
2024-02-08,45.790554414784395
2024-02-09,45.790554414784395
2024-02-12,44.969199178644764
2024-02-13,43.94250513347023
2024-02-14,43.737166324435314
2024-02-15,43.121149897330596
2024-02-16,41.067761806981515
2024-02-20,41.889117043121146
2024-02-21,42.299794661190965
2024-02-22,42.91581108829568
2024-02-23,43.3264887063655
2024-02-26,43.3264887063655
2024-02-27,44.14784394250513
2024-02-28,46.81724845995893
2024-02-29,48.6652977412731
2024-03-01,48.870636550308014
2024-03-04,50.308008213552355
2024-03-05,50.10266940451745
2024-03-06,51.129363449691986
2024-03-07,50.71868583162218
2024-03-08,49.89733059548255
2024-03-11,50.71868583162218
2024-03-12,51.33470225872689
2024-03-13,52.361396303901444
2024-03-14,52.361396303901444
2024-03-15,50.92402464065708
2024-03-18,51.129363449691986
2024-03-19,50.71868583162218
2024-03-20,51.54004106776181
2024-03-21,51.129363449691986
2024-03-22,49.69199178644764
2024-03-25,50.513347022587276
2024-03-26,47.950819672131146
2024-03-27,48.466257668711656
2024-03-28,49.693251533742334
2024-04-01,50.306748466257666
2024-04-02,51.533742331288344
2024-04-03,52.556237218813905
2024-04-04,50.715746421267895
2024-04-05,46.62576687116564
2024-04-08,45.194274028629856
2024-04-09,46.012269938650306
2024-04-10,42.740286298568506
2024-04-11,38.85480572597137
2024-04-12,32.10633946830266
2024-04-15,24.948875255623722
2024-04-16,19.427402862985684
2024-04-17,14.314928425357873
2024-04-18,11.042944785276074
2024-04-19,7.975460122699387
2024-04-22,7.157464212678937
2024-04-23,6.134969325153374
2024-04-24,7.361963190184049
2024-04-25,7.566462167689162
2024-04-26,9.815950920245399
2024-04-29,12.883435582822086
2024-04-30,15.746421267893659
2024-05-01,17.791411042944784
2024-05-02,19.631901840490798
2024-05-03,22.085889570552148
2024-05-06,23.721881390593047
2024-05-07,25.153374233128833
2024-05-08,25.357873210633947
2024-05-09,25.562372188139058
2024-05-10,26.789366053169733
2024-05-13,27.198364008179958
2024-05-14,28.425357873210633
2024-05-15,30.470347648261757
2024-05-16,32.31083844580777
2024-05-17,35.173824130879346
2024-05-20,38.24130879345603
2024-05-21,40.899795501022496
2024-05-22,41.717791411042946
2024-05-23,41.513292433537835
2024-05-24,41.308793456032724
2024-05-28,41.513292433537835
2024-05-29,38.85480572597137
2024-05-30,34.151329243353786
2024-05-31,31.901840490797547
2024-06-03,30.470347648261757
2024-06-04,26.380368098159508
2024-06-05,24.539877300613497
2024-06-06,21.472392638036812
2024-06-07,21.063394683026583
2024-06-10,21.063394683026583
2024-06-11,20.654396728016362
2024-06-12,23.108384458077712
2024-06-13,25.153374233128833
2024-06-14,24.74437627811861
2024-06-17,25.153374233128833
2024-06-18,25.357873210633947
2024-06-20,24.948875255623722
2024-06-21,24.948875255623722
2024-06-24,26.1758691206544
2024-06-25,25.971370143149286
2024-06-26,26.993865030674847
2024-06-27,26.789366053169733
2024-06-28,27.198364008179958
2024-07-01,28.016359918200408
2024-07-02,27.811860940695297
2024-07-03,26.789366053169733
2024-07-05,26.1758691206544
2024-07-08,25.153374233128833
2024-07-09,23.517382413087933
2024-07-10,23.31288343558282
2024-07-11,25.153374233128833
2024-07-12,27.198364008179958
2024-07-15,29.447852760736197
2024-07-16,31.901840490797547
2024-07-17,33.537832310838446
2024-07-18,37.423312883435585
2024-07-19,38.036809815950924
2024-07-22,38.85480572597137
2024-07-23,39.672801635991824
2024-07-24,38.65030674846626
2024-07-25,39.059304703476485
2024-07-26,40.49079754601227
2024-07-29,39.672801635991824
2024-07-30,39.263803680981596
2024-07-31,38.85480572597137
2024-08-01,39.263803680981596
2024-08-02,37.627811860940696
2024-08-05,34.355828220858896
2024-08-06,32.719836400818
2024-08-07,30.265848670756647
2024-08-08,29.038854805725972
2024-08-09,27.607361963190186
2024-08-12,26.789366053169733
2024-08-13,24.539877300613497
2024-08-14,24.130879345603272
2024-08-15,24.74437627811861
2024-08-16,25.766871165644172
2024-08-19,27.607361963190186
2024-08-20,29.85685071574642
2024-08-21,32.10633946830266
2024-08-22,33.33333333333333
2024-08-23,37.21881390593047
2024-08-26,38.85480572597137
2024-08-27,39.46830265848671
2024-08-28,40.49079754601227
2024-08-29,42.12678936605317
2024-08-30,44.785276073619634
2024-09-03,46.62576687116564
2024-09-04,49.48875255623722
2024-09-05,50.715746421267895
2024-09-06,49.284253578732105
2024-09-09,47.648261758691206
2024-09-10,47.239263803680984
2024-09-11,46.62576687116564
2024-09-12,44.785276073619634
2024-09-13,42.740286298568506
2024-09-16,40.899795501022496
2024-09-17,38.85480572597137
2024-09-18,38.445807770961146
2024-09-19,40.081799591002046
2024-09-20,43.353783231083845
2024-09-23,45.807770961145195
2024-09-24,45.603271983640084
2024-09-25,46.216768916155424
2024-09-26,47.85276073619632
2024-09-27,48.057259713701434
2024-09-30,47.034764826175866
2024-10-01,46.421267893660534
2024-10-02,45.194274028629856
2024-10-03,46.421267893660534
2024-10-04,45.807770961145195
2024-10-07,43.558282208588956
2024-10-08,40.899795501022496
2024-10-09,41.104294478527606
2024-10-10,40.695296523517385
2024-10-11,39.059304703476485
2024-10-14,38.036809815950924
2024-10-15,37.627811860940696
2024-10-16,38.24130879345603
2024-10-17,38.445807770961146
2024-10-18,40.695296523517385
2024-10-21,43.149284253578735
2024-10-22,44.171779141104295
2024-10-23,43.967280163599185
2024-10-24,43.967280163599185
2024-10-25,42.331288343558285
2024-10-28,41.308793456032724
2024-10-29,40.286298568507156
2024-10-30,38.036809815950924
2024-10-31,33.74233128834356
2024-11-01,29.65235173824131
2024-11-04,25.766871165644172
2024-11-05,24.130879345603272
2024-11-06,28.016359918200408
2024-11-07,29.447852760736197
2024-11-08,32.92433537832311
2024-11-11,34.56032719836401
2024-11-12,38.85480572597137
2024-11-13,40.286298568507156
2024-11-14,42.331288343558285
2024-11-15,44.171779141104295
2024-11-18,45.807770961145195
2024-11-19,45.194274028629856
2024-11-20,45.39877300613497
2024-11-21,44.376278118609406
2024-11-22,44.580777096114524
2024-11-25,44.785276073619634
2024-11-26,44.989775051124745
2024-11-27,45.603271983640084
2024-11-29,46.830265848670756
2024-12-02,48.057259713701434
2024-12-03,48.466257668711656
2024-12-04,50.10224948875256
2024-12-05,49.079754601226995
2024-12-06,49.48875255623722
2024-12-09,46.62576687116564
2024-12-10,41.922290388548056
2024-12-11,37.21881390593047
2024-12-12,31.697341513292432
2024-12-13,26.993865030674847
2024-12-16,24.539877300613497
2024-12-17,23.108384458077712
2024-12-18,18.609406952965234
2024-12-19,13.905930470347649
2024-12-20,11.65644171779141
2024-12-23,10.429447852760736
2024-12-24,9.406952965235174
2024-12-26,8.588957055214724
2024-12-27,7.361963190184049
2024-12-30,6.134969325153374
2024-12-31,5.112474437627812
2025-01-02,4.703476482617587
2025-01-03,6.339468302658487
2025-01-06,7.566462167689162
2025-01-07,8.1799591002045
2025-01-08,7.975460122699387
2025-01-10,7.157464212678937
2025-01-13,5.725971370143149
2025-01-14,6.339468302658487
2025-01-15,6.748466257668712
2025-01-16,7.361963190184049
2025-01-17,7.770961145194274
2025-01-21,8.384458077709612
2025-01-22,9.611451942740286
2025-01-23,10.429447852760736
2025-01-24,12.678936605316974
2025-01-27,15.132924335378323
2025-01-28,17.38241308793456
2025-01-29,18.609406952965234
2025-01-30,20.245398773006134
2025-01-31,22.290388548057262
2025-02-03,23.92638036809816
2025-02-04,23.92638036809816
2025-02-05,23.92638036809816
2025-02-06,24.948875255623722
2025-02-07,27.811860940695297
2025-02-10,29.65235173824131
2025-02-11,29.243353783231086
2025-02-12,30.061349693251532
2025-02-13,28.629856850715747
2025-02-14,27.402862985685072
2025-02-18,27.198364008179958
2025-02-19,27.402862985685072
2025-02-20,27.607361963190186
2025-02-21,25.766871165644172
2025-02-24,25.766871165644172
2025-02-25,25.562372188139058
2025-02-26,24.335378323108383
2025-02-27,23.721881390593047
2025-02-28,22.290388548057262
2025-03-03,21.063394683026583
2025-03-04,19.427402862985684
2025-03-05,18.609406952965234
2025-03-06,16.973415132924334
2025-03-07,17.586912065439673
2025-03-10,16.973415132924334
2025-03-11,15.950920245398773
2025-03-12,15.541922290388548
2025-03-13,13.905930470347649
2025-03-14,12.474437627811861
2025-03-17,9.815950920245399
2025-03-18,9.202453987730062
2025-03-19,10.020449897750511
2025-03-20,9.611451942740286
2025-03-21,8.997955010224949
2025-03-24,8.1799591002045
2025-03-25,9.406952965235174
2025-03-26,11.042944785276074
2025-03-27,12.883435582822086
2025-03-28,14.519427402862986
2025-03-31,14.519427402862986
2025-04-01,15.950920245398773
2025-04-02,17.177914110429448
2025-04-03,16.768916155419223
2025-04-04,16.359918200409
2025-04-07,12.678936605316974
2025-04-08,10.020449897750511
2025-04-09,8.588957055214724
2025-04-10,6.5439672801636
2025-04-11,5.316973415132924
2025-04-14,4.294478527607362
2025-04-15,3.885480572597137
2025-04-16,3.6809815950920246
2025-04-17,3.067484662576687
2025-04-21,3.476482617586912
2025-04-22,4.4989775051124745
2025-04-23,6.748466257668712
2025-04-24,6.952965235173824
2025-04-25,7.975460122699387
2025-04-28,9.406952965235174
2025-04-29,10.020449897750511
2025-04-30,10.224948875255624
2025-05-01,10.838445807770961
2025-05-02,10.429447852760736
2025-05-05,10.838445807770961
2025-05-06,13.29243353783231
2025-05-07,14.519427402862986
2025-05-08,16.359918200409
2025-05-09,16.973415132924334
2025-05-12,18.200408997955012
2025-05-13,17.177914110429448
2025-05-14,16.56441717791411
2025-05-15,17.38241308793456
2025-05-16,17.38241308793456
2025-05-19,17.995910020449898
2025-05-20,17.586912065439673
2025-05-21,17.995910020449898
2025-05-22,18.200408997955012
2025-05-23,17.586912065439673
2025-05-27,18.200408997955012
2025-05-28,19.631901840490798
2025-05-29,20.858895705521473
2025-05-30,21.472392638036812
2025-06-02,20.654396728016362
2025-06-03,19.427402862985684
2025-06-04,19.018404907975462
2025-06-05,19.222903885480573
2025-06-06,19.222903885480573
2025-06-09,19.631901840490798
2025-06-10,18.813905930470348
2025-06-11,18.200408997955012
2025-06-12,18.200408997955012
2025-06-13,16.768916155419223
2025-06-16,16.155419222903884
2025-06-17,15.950920245398773
2025-06-18,16.973415132924334
2025-06-20,16.56441717791411
2025-06-23,16.768916155419223
2025-06-24,18.200408997955012
2025-06-25,19.018404907975462
2025-06-26,20.040899795501023
2025-06-27,21.267893660531698
2025-06-30,23.517382413087933
2025-07-01,25.357873210633947
2025-07-02,25.766871165644172
2025-07-03,27.198364008179958
2025-07-07,28.22085889570552
2025-07-08,29.243353783231086
2025-07-09,29.65235173824131
2025-07-10,30.265848670756647
2025-07-11,30.470347648261757
2025-07-14,31.083844580777097
2025-07-15,29.85685071574642
2025-07-16,29.65235173824131
2025-07-17,29.447852760736197
2025-07-18,28.834355828220858
2025-07-21,28.629856850715747
2025-07-22,29.85685071574642
2025-07-23,29.447852760736197
2025-07-24,28.834355828220858
2025-07-25,29.447852760736197
2025-07-28,28.629856850715747
2025-07-29,30.470347648261757
2025-07-30,31.28834355828221
2025-07-31,30.879345603271986
2025-08-01,31.083844580777097
2025-08-04,31.697341513292432
2025-08-05,31.697341513292432
2025-08-06,29.65235173824131
2025-08-07,28.629856850715747
2025-08-08,28.629856850715747
2025-08-11,27.607361963190186
2025-08-12,27.198364008179958
2025-08-13,28.629856850715747
2025-08-14,30.265848670756647
2025-08-15,30.879345603271986
2025-08-18,30.67484662576687
2025-08-19,28.834355828220858
2025-08-20,28.834355828220858
2025-08-21,29.85685071574642
2025-08-22,29.85685071574642
2025-08-25,31.492842535787318
2025-08-26,31.083844580777097
2025-08-27,28.834355828220858
2025-08-28,28.425357873210633
2025-08-29,28.629856850715747
2025-09-02,28.425357873210633
2025-09-03,29.65235173824131
2025-09-04,29.447852760736197
2025-09-05,31.083844580777097
2025-09-08,30.67484662576687
2025-09-09,31.083844580777097
2025-09-10,30.061349693251532
2025-09-11,31.083844580777097
2025-09-12,30.67484662576687
2025-09-15,31.083844580777097
2025-09-16,29.243353783231086
2025-09-17,29.85685071574642
2025-09-18,30.470347648261757
2025-09-19,29.85685071574642
2025-09-22,29.447852760736197
2025-09-23,30.061349693251532
2025-09-24,29.65235173824131
2025-09-25,29.447852760736197
2025-09-26,28.425357873210633
2025-09-29,29.65235173824131
2025-09-30,30.879345603271986
2025-10-01,30.470347648261757
2025-10-02,30.67484662576687
2025-10-03,32.31083844580777
2025-10-06,31.901840490797547
2025-10-07,31.901840490797547
2025-10-08,31.697341513292432
2025-10-09,31.901840490797547
2025-10-10,30.061349693251532
2025-10-13,28.629856850715747
2025-10-14,27.607361963190186
2025-10-15,27.607361963190186
2025-10-16,25.971370143149286
2025-10-17,25.357873210633947
2025-10-20,24.335378323108383
2025-10-21,23.517382413087933
2025-10-22,21.063394683026583
2025-10-23,21.881390593047033
2025-10-24,23.517382413087933
2025-10-27,25.357873210633947
2025-10-28,25.357873210633947
2025-10-29,24.948875255623722
2025-10-30,25.357873210633947
2025-10-31,23.92638036809816
2025-11-03,22.903885480572598
2025-11-04,22.085889570552148
2025-11-05,22.699386503067483
2025-11-06,23.31288343558282
2025-11-07,22.903885480572598
2025-11-10,22.290388548057262
2025-11-11,22.903885480572598
2025-11-12,23.108384458077712
2025-11-13,22.494887525562373
2025-11-14,23.517382413087933
2025-11-17,22.903885480572598
2025-11-18,22.903885480572598
2025-11-19,21.881390593047033
2025-11-20,20.040899795501023
2025-11-21,18.200408997955012
2025-11-24,18.404907975460123
2025-11-25,18.404907975460123
2025-11-26,18.404907975460123
2025-11-28,19.427402862985684
2025-12-01,20.449897750511248
2025-12-02,21.881390593047033
2025-12-03,22.085889570552148
2025-12-04,23.31288343558282
2025-12-05,25.562372188139058
2025-12-08,25.766871165644172
2025-12-09,25.766871165644172
2025-12-10,26.58486707566462
2025-12-11,27.198364008179958
2025-12-12,26.1758691206544
2025-12-15,27.198364008179958
2025-12-16,26.380368098159508
2025-12-17,26.380368098159508
2025-12-18,25.153374233128833
2025-12-19,26.1758691206544
2025-12-22,26.380368098159508
2025-12-23,28.629856850715747
2025-12-24,28.834355828220858
2025-12-26,28.425357873210633
2025-12-29,28.629856850715747
2025-12-30,28.834355828220858
2025-12-31,28.22085889570552
2026-01-02,28.629856850715747
2026-01-05,29.65235173824131
2026-01-06,30.67484662576687
2026-01-07,31.28834355828221
2026-01-08,32.31083844580777
2026-01-09,29.85685071574642
2026-01-12,30.265848670756647
2026-01-13,30.67484662576687
2026-01-14,31.28834355828221
2026-01-15,32.719836400818
2026-01-16,32.515337423312886
2026-01-20,32.10633946830266
2026-01-21,31.901840490797547
2026-01-22,31.28834355828221
2026-01-23,33.33333333333333
2026-01-26,34.151329243353786
2026-01-27,34.96932515337423
2026-01-28,34.96932515337423
2026-01-29,33.74233128834356
2026-01-30,32.10633946830266
2026-02-02,31.28834355828221
2026-02-03,30.67484662576687
2026-02-04,31.492842535787318
2026-02-05,31.697341513292432
2026-02-06,32.719836400818
2026-02-09,34.56032719836401
2026-02-10,35.58282208588957
2026-02-11,37.21881390593047
2026-02-12,37.21881390593047
2026-02-13,38.24130879345603
2026-02-17,38.445807770961146
2026-02-18,38.24130879345603
2026-02-19,38.445807770961146
2026-02-20,40.286298568507156
2026-02-23,41.104294478527606
2026-02-24,39.87730061349693
2026-02-25,40.899795501022496
2026-02-26,39.87730061349693
2026-02-27,39.263803680981596
2026-03-02,37.83231083844581
2026-03-03,36.400817995910025
2026-03-04,32.719836400818
2026-03-05,29.243353783231086
2026-03-06,26.993865030674847
2026-03-09,25.357873210633947
2026-03-10,23.108384458077712
2026-03-11,21.472392638036812
2026-03-12,19.222903885480573
2026-03-13,16.359918200409
2026-03-16,14.314928425357873
2026-03-17,14.11042944785276
2026-03-18,11.860940695296524
2026-03-19,11.451942740286299
2026-03-20,10.020449897750511
2026-03-23,8.1799591002045
2026-03-24,7.770961145194274
2026-03-25,8.384458077709612
2026-03-26,8.588957055214724
2026-03-27,8.588957055214724
2026-03-30,8.1799591002045
2026-03-31,8.384458077709612
2026-04-01,8.793456032719837
2026-04-02,8.793456032719837
2026-04-06,9.815950920245399
2026-04-07,11.65644171779141
2026-04-08,13.905930470347649
2026-04-09,13.496932515337424
2026-04-10,13.905930470347649
2026-04-13,14.11042944785276
2026-04-14,14.314928425357873
2026-04-15,13.496932515337424
2026-04-16,13.905930470347649
2026-04-17,15.132924335378323
2026-04-20,16.359918200409
2026-04-21,18.200408997955012
2026-04-22,18.200408997955012
2026-04-23,19.222903885480573
2026-04-24,21.472392638036812
2026-04-27,21.267893660531698
2026-04-28,23.108384458077712
2026-04-29,24.74437627811861
2026-04-30,25.562372188139058
2026-05-01,26.380368098159508
2026-05-04,27.607361963190186
2026-05-05,26.58486707566462
2026-05-06,25.766871165644172
2026-05-07,24.948875255623722
2026-05-08,24.539877300613497
2026-05-11,24.130879345603272
2026-05-12,22.699386503067483
2026-05-13,23.31288343558282
2026-05-14,22.699386503067483
2026-05-15,21.676891615541923
2026-05-18,21.676891615541923
2026-05-19,21.676891615541923
2026-05-20,21.676891615541923
2026-05-21,21.267893660531698
2026-05-22,20.858895705521473
2026-05-26,22.085889570552148
2026-05-27,22.290388548057262
2026-05-28,22.085889570552148
2026-05-29,20.654396728016362
2026-06-01,21.881390593047033
2026-06-02,21.676891615541923
2026-06-03,21.472392638036812
2026-06-04,21.676891615541923
2026-06-05,22.085889570552148
2026-06-08,21.676891615541923
2026-06-09,21.676891615541923
2026-06-10,22.085889570552148
2026-06-11,22.903885480572598
2026-06-12,23.721881390593047
2026-06-15,26.380368098159508
2026-06-16,26.993865030674847
2026-06-17,27.811860940695297
2026-06-18,27.607361963190186
2026-06-22,27.198364008179958
2026-06-23,27.607361963190186
2026-06-24,26.993865030674847
2026-06-25,29.038854805725972
2026-06-26,29.243353783231086
2026-06-29,29.243353783231086
2026-06-30,29.243353783231086
2026-07-01,29.447852760736197
2026-07-02,31.697341513292432
2026-07-06,33.12883435582822
2026-07-07,33.74233128834356
2026-07-08,33.74233128834356
2026-07-09,33.94683026584867
2026-07-10,32.92433537832311
2026-07-13,31.492842535787318
2026-07-14,31.697341513292432
2026-07-15,31.492842535787318
2026-07-16,30.470347648261757
2026-07-17,29.85685071574642
2026-07-20,27.811860940695297
2026-07-21,24.948875255623722
2026-07-22,24.539877300613497
2026-07-23,24.74437627811861
2026-07-24,24.948875255623722
2026-07-27,25.357873210633947
2026-07-28,25.562372188139058
2026-07-29,26.53061224489796
2026-07-30,25.766871165644172
2026-07-31,25.562372188139058
2026-08-03,26.789366053169733
2026-08-04,29.938900203665987
2026-08-05,32.10633946830266
2026-08-06,32.10633946830266
2026-08-07,31.63265306122449
2026-08-10,32.515337423312886
2026-08-11,31.428571428571427
2026-08-12,31.901840490797547
2026-08-13,31.697341513292432
2026-08-14,33.46938775510204
2026-08-17,33.6734693877551
2026-08-18,31.697341513292432
2026-08-19,31.492842535787318
2026-08-20,30.061349693251532
2026-08-21,29.447852760736197
2026-08-24,28.629856850715747
2026-08-25,27.198364008179958
2026-08-26,26.789366053169733
2026-08-27,25.562372188139058
2026-08-28,23.108384458077712
2026-08-31,23.108384458077712
2026-09-01,22.903885480572598
2026-09-02,22.494887525562373
2026-09-03,23.31288343558282
2026-09-04,22.903885480572598
2026-09-08,20.858895705521473
2026-09-09,20.245398773006134
2026-09-10,16.973415132924334
2026-09-11,15.541922290388548
2026-09-14,15.10204081632653
2026-09-15,13.701431492842536
2026-09-16,12.678936605316974
2026-09-17,11.65644171779141
2026-09-18,9.611451942740286
2026-09-21,10.224948875255624
2026-09-22,10.838445807770961
2026-09-23,10.838445807770961
2026-09-24,11.247443762781186
2026-09-25,11.042944785276074
2026-09-28,10.838445807770961
2026-09-29,10.838445807770961
2026-09-30,10.020449897750511
2026-10-01,9.815950920245399
2026-10-02,9.815950920245399
2026-10-05,10.183299389002038
2026-10-06,11.020408163265307
2026-10-07,10.204081632653061
2026-10-08,10.816326530612246
2026-10-09,0.0
