Date,MAS_21_50_200
2003-01-02,0.0
2003-01-03,0.0
2003-01-06,0.0
2003-01-07,0.0
2003-01-08,0.0
2003-01-09,0.0
2003-01-10,0.0
2003-01-13,0.0
2003-01-14,0.0
2003-01-15,0.0
2003-01-16,0.0
2003-01-17,0.0
2003-01-21,0.0
2003-01-22,0.0
2003-01-23,0.0
2003-01-24,0.0
2003-01-27,0.0
2003-01-28,0.0
2003-01-29,0.0
2003-01-30,0.0
2003-01-31,0.0
2003-02-03,0.0
2003-02-04,0.0
2003-02-05,0.0
2003-02-06,0.0
2003-02-07,0.0
2003-02-10,0.0
2003-02-11,0.0
2003-02-12,0.0
2003-02-13,0.0
2003-02-14,0.0
2003-02-18,0.0
2003-02-19,0.0
2003-02-20,0.0
2003-02-21,0.0
2003-02-24,0.0
2003-02-25,0.0
2003-02-26,0.0
2003-02-27,0.0
2003-02-28,0.0
2003-03-03,0.0
2003-03-04,0.0
2003-03-05,0.0
2003-03-06,0.0
2003-03-07,0.0
2003-03-10,0.0
2003-03-11,0.0
2003-03-12,0.0
2003-03-13,0.0
2003-03-14,0.0
2003-03-17,0.0
2003-03-18,0.0
2003-03-19,0.0
2003-03-20,0.0
2003-03-21,0.0
2003-03-24,0.0
2003-03-25,0.0
2003-03-26,0.0
2003-03-27,0.0
2003-03-28,0.0
2003-03-31,0.0
2003-04-01,0.0
2003-04-02,0.0
2003-04-03,0.0
2003-04-04,0.0
2003-04-07,0.0
2003-04-08,0.0
2003-04-09,0.0
2003-04-10,0.0
2003-04-11,0.0
2003-04-14,0.0
2003-04-15,0.0
2003-04-16,0.0
2003-04-17,0.0
2003-04-21,0.0
2003-04-22,0.0
2003-04-23,0.0
2003-04-24,0.0
2003-04-25,0.0
2003-04-28,0.0
2003-04-29,0.0
2003-04-30,0.0
2003-05-01,0.0
2003-05-02,0.0
2003-05-05,0.0
2003-05-06,0.0
2003-05-07,0.0
2003-05-08,0.0
2003-05-09,0.0
2003-05-12,0.0
2003-05-13,0.0
2003-05-14,0.0
2003-05-15,0.0
2003-05-16,0.0
2003-05-19,0.0
2003-05-20,0.0
2003-05-21,0.0
2003-05-22,0.0
2003-05-23,0.0
2003-05-27,0.0
2003-05-28,0.0
2003-05-29,0.0
2003-05-30,0.0
2003-06-02,0.0
2003-06-03,0.0
2003-06-04,0.0
2003-06-05,0.0
2003-06-06,0.0
2003-06-09,0.0
2003-06-10,0.0
2003-06-11,0.0
2003-06-12,0.0
2003-06-13,0.0
2003-06-16,0.0
2003-06-17,0.0
2003-06-18,0.0
2003-06-19,0.0
2003-06-20,0.0
2003-06-23,0.0
2003-06-24,0.0
2003-06-25,0.0
2003-06-26,0.0
2003-06-27,0.0
2003-06-30,0.0
2003-07-01,0.0
2003-07-02,0.0
2003-07-03,0.0
2003-07-07,0.0
2003-07-08,0.0
2003-07-09,0.0
2003-07-10,0.0
2003-07-11,0.0
2003-07-14,0.0
2003-07-15,0.0
2003-07-16,0.0
2003-07-17,0.0
2003-07-18,0.0
2003-07-21,0.0
2003-07-22,0.0
2003-07-23,0.0
2003-07-24,0.0
2003-07-25,0.0
2003-07-28,0.0
2003-07-29,0.0
2003-07-30,0.0
2003-07-31,0.0
2003-08-01,0.0
2003-08-04,0.0
2003-08-05,0.0
2003-08-06,0.0
2003-08-07,0.0
2003-08-08,0.0
2003-08-11,0.0
2003-08-12,0.0
2003-08-13,0.0
2003-08-14,0.0
2003-08-15,0.0
2003-08-18,0.0
2003-08-19,0.0
2003-08-20,0.0
2003-08-21,0.0
2003-08-22,0.0
2003-08-25,0.0
2003-08-26,0.0
2003-08-27,0.0
2003-08-28,0.0
2003-08-29,0.0
2003-09-02,0.0
2003-09-03,0.0
2003-09-04,0.0
2003-09-05,0.0
2003-09-08,0.0
2003-09-09,0.0
2003-09-10,0.0
2003-09-11,0.0
2003-09-12,0.0
2003-09-15,0.0
2003-09-16,0.0
2003-09-17,0.0
2003-09-18,0.0
2003-09-19,0.0
2003-09-22,0.0
2003-09-23,0.0
2003-09-24,0.0
2003-09-25,0.0
2003-09-26,0.0
2003-09-29,0.0
2003-09-30,0.0
2003-10-01,0.0
2003-10-02,0.0
2003-10-03,0.0
2003-10-06,0.0
2003-10-07,0.0
2003-10-08,0.0
2003-10-09,0.0
2003-10-10,0.0
2003-10-13,0.0
2003-10-14,0.0
2003-10-15,0.0
2003-10-16,67.47967479674797
2003-10-17,66.66666666666666
2003-10-20,65.31165311653116
2003-10-21,65.85365853658537
2003-10-22,64.76964769647697
2003-10-23,66.12466124661248
2003-10-24,66.66666666666666
2003-10-27,68.56368563685636
2003-10-28,70.73170731707317
2003-10-29,72.35772357723577
2003-10-30,73.17073170731707
2003-10-31,75.06775067750678
2003-11-03,72.89972899728997
2003-11-04,72.35772357723577
2003-11-05,72.89972899728997
2003-11-06,72.08672086720867
2003-11-07,71.81571815718158
2003-11-10,71.27371273712737
2003-11-11,70.18970189701898
2003-11-12,69.91869918699187
2003-11-13,70.46070460704607
2003-11-14,70.73170731707317
2003-11-17,71.00271002710026
2003-11-18,68.83468834688347
2003-11-19,68.02168021680217
2003-11-20,67.47967479674797
2003-11-21,67.47967479674797
2003-11-24,69.10569105691057
2003-11-25,67.20867208672087
2003-11-26,67.47967479674797
2003-11-28,68.02168021680217
2003-12-01,67.75067750677508
2003-12-02,68.10810810810811
2003-12-03,66.75675675675676
2003-12-04,67.02702702702703
2003-12-05,66.48648648648648
2003-12-08,67.56756756756756
2003-12-09,65.94594594594595
2003-12-10,65.13513513513513
2003-12-11,65.67567567567568
2003-12-12,66.21621621621621
2003-12-15,66.21621621621621
2003-12-16,65.94594594594595
2003-12-17,67.83783783783784
2003-12-18,67.83783783783784
2003-12-19,70.0
2003-12-22,70.8108108108108
2003-12-23,72.43243243243244
2003-12-24,73.51351351351352
2003-12-26,71.89189189189189
2003-12-29,72.16216216216216
2003-12-30,72.97297297297297
2003-12-31,73.24324324324324
2004-01-02,71.08108108108108
2004-01-05,71.08108108108108
2004-01-06,70.54054054054055
2004-01-07,71.62162162162163
2004-01-08,71.89189189189189
2004-01-09,72.97297297297297
2004-01-12,74.05405405405405
2004-01-13,74.05405405405405
2004-01-14,74.86486486486487
2004-01-15,75.13513513513513
2004-01-16,75.67567567567568
2004-01-20,77.02702702702703
2004-01-21,77.83783783783784
2004-01-22,78.10810810810811
2004-01-23,78.64864864864865
2004-01-26,79.1891891891892
2004-01-27,79.1891891891892
2004-01-28,79.1891891891892
2004-01-29,78.91891891891892
2004-01-30,78.91891891891892
2004-02-02,78.91891891891892
2004-02-03,77.02702702702703
2004-02-04,74.86486486486487
2004-02-05,73.8544474393531
2004-02-06,75.2021563342318
2004-02-09,74.39353099730458
2004-02-10,73.58490566037736
2004-02-11,73.04582210242587
2004-02-12,73.58490566037736
2004-02-13,73.31536388140162
2004-02-17,73.31536388140162
2004-02-18,72.50673854447439
2004-02-19,71.96765498652292
2004-02-20,70.88948787061994
2004-02-23,69.00269541778977
2004-02-24,67.38544474393531
2004-02-25,64.6900269541779
2004-02-26,63.881401617250674
2004-02-27,63.881401617250674
2004-03-01,64.95956873315365
2004-03-02,64.95956873315365
2004-03-03,63.881401617250674
2004-03-04,63.61185983827493
2004-03-05,65.49865229110512
2004-03-08,65.49865229110512
2004-03-09,65.49865229110512
2004-03-10,65.22911051212938
2004-03-11,62.8032345013477
2004-03-12,61.725067385444746
2004-03-15,59.83827493261455
2004-03-16,59.299191374663074
2004-03-17,57.95148247978437
2004-03-18,56.60377358490566
2004-03-19,56.06469002695418
2004-03-22,55.25606469002695
2004-03-23,54.98652291105122
2004-03-24,53.36927223719676
2004-03-25,53.09973045822103
2004-03-26,52.02156334231805
2004-03-29,50.13477088948787
2004-03-30,48.517520215633425
2004-03-31,47.43935309973046
2004-04-01,46.36118598382749
2004-04-02,45.55256064690027
2004-04-05,44.20485175202156
2004-04-06,43.39622641509434
2004-04-07,44.20485175202156
2004-04-08,44.74393530997305
2004-04-12,47.43935309973046
2004-04-13,48.517520215633425
2004-04-14,49.056603773584904
2004-04-15,49.59568733153639
2004-04-16,49.056603773584904
2004-04-19,48.24797843665768
2004-04-20,48.24797843665768
2004-04-21,48.78706199460917
2004-04-22,50.673854447439346
2004-04-23,52.83018867924528
2004-04-26,55.25606469002695
2004-04-27,56.60377358490566
2004-04-28,57.14285714285714
2004-04-29,57.68194070080862
2004-04-30,56.8733153638814
2004-05-03,54.98652291105122
2004-05-04,53.36927223719676
2004-05-05,51.75202156334232
2004-05-06,49.865229110512125
2004-05-07,46.900269541778975
2004-05-10,45.28301886792453
2004-05-11,42.318059299191376
2004-05-12,41.77897574123989
2004-05-13,40.16172506738545
2004-05-14,38.544474393531
2004-05-17,37.46630727762803
2004-05-18,35.84905660377358
2004-05-19,35.04043126684636
2004-05-20,32.88409703504043
2004-05-21,31.266846361185983
2004-05-24,29.380053908355798
2004-05-25,29.649595687331537
2004-05-26,28.30188679245283
2004-05-27,28.30188679245283
2004-05-28,27.49326145552561
2004-06-01,27.22371967654987
2004-06-02,26.68463611859838
2004-06-03,26.1455525606469
2004-06-04,25.336927223719673
2004-06-07,25.067385444743934
2004-06-08,25.87601078167116
2004-06-09,28.84097035040431
2004-06-10,30.107526881720432
2004-06-14,32.526881720430104
2004-06-15,34.67741935483871
2004-06-16,36.55913978494624
2004-06-17,40.86021505376344
2004-06-18,43.27956989247312
2004-06-21,45.96774193548387
2004-06-22,49.193548387096776
2004-06-23,50.402144772117964
2004-06-24,52.81501340482574
2004-06-25,55.22788203753352
2004-06-28,56.83646112600537
2004-06-29,56.56836461126006
2004-06-30,56.30026809651475
2004-07-01,57.10455764075068
2004-07-02,57.37265415549599
2004-07-06,57.37265415549599
2004-07-07,57.64075067024129
2004-07-08,56.30026809651475
2004-07-09,55.76407506702413
2004-07-12,54.6916890080429
2004-07-13,54.01069518716578
2004-07-14,52.94117647058824
2004-07-15,52.94117647058824
2004-07-16,52.406417112299465
2004-07-19,52.406417112299465
2004-07-20,51.06951871657755
2004-07-21,50.0
2004-07-22,49.73262032085562
2004-07-23,47.32620320855615
2004-07-26,45.18716577540107
2004-07-27,43.31550802139038
2004-07-28,42.513368983957214
2004-07-29,41.17647058823529
2004-07-30,38.23529411764706
2004-08-02,36.63101604278075
2004-08-03,35.294117647058826
2004-08-04,34.49197860962567
2004-08-05,32.0855614973262
2004-08-06,30.74866310160428
2004-08-09,28.87700534759358
2004-08-10,27.807486631016044
2004-08-11,26.47058823529412
2004-08-12,24.06417112299465
2004-08-13,24.331550802139038
2004-08-16,23.733333333333334
2004-08-17,22.933333333333334
2004-08-18,22.133333333333333
2004-08-19,20.954907161803714
2004-08-20,21.750663129973475
2004-08-23,21.750663129973475
2004-08-24,22.015915119363395
2004-08-25,23.076923076923077
2004-08-26,24.137931034482758
2004-08-27,24.93368700265252
2004-08-30,26.25994694960212
2004-08-31,26.790450928381965
2004-09-01,27.320954907161806
2004-09-02,28.647214854111407
2004-09-03,29.708222811671085
2004-09-07,32.360742705570296
2004-09-08,34.217506631299734
2004-09-09,36.07427055702917
2004-09-10,37.13527851458886
2004-09-13,38.196286472148536
2004-09-14,40.318302387267906
2004-09-15,40.84880636604775
2004-09-16,43.236074270557026
2004-09-17,46.15384615384615
2004-09-20,46.684350132625994
2004-09-21,47.48010610079575
2004-09-22,48.54111405835544
2004-09-23,48.80636604774536
2004-09-24,49.86737400530504
2004-09-27,49.602122015915114
2004-09-28,49.86737400530504
2004-09-29,50.397877984084886
2004-09-30,50.132625994694955
2004-10-01,51.19363395225464
2004-10-04,51.724137931034484
2004-10-05,51.724137931034484
2004-10-06,51.9893899204244
2004-10-07,52.254641909814325
2004-10-08,51.9893899204244
2004-10-11,51.9893899204244
2004-10-12,51.9893899204244
2004-10-13,52.254641909814325
2004-10-14,51.9893899204244
2004-10-15,51.45888594164456
2004-10-18,51.9893899204244
2004-10-19,51.9893899204244
2004-10-20,51.45888594164456
2004-10-21,50.397877984084886
2004-10-22,50.397877984084886
2004-10-25,50.132625994694955
2004-10-26,50.663129973474796
2004-10-27,50.397877984084886
2004-10-28,49.602122015915114
2004-10-29,49.2063492063492
2004-11-01,49.47089947089947
2004-11-02,49.47089947089947
2004-11-03,49.47089947089947
2004-11-04,48.41269841269841
2004-11-05,49.2063492063492
2004-11-08,50.0
2004-11-09,50.0
2004-11-10,50.0
2004-11-11,51.32275132275132
2004-11-12,53.17460317460318
2004-11-15,53.96825396825397
2004-11-16,54.761904761904766
2004-11-17,56.87830687830689
2004-11-18,57.936507936507944
2004-11-19,58.839050131926115
2004-11-22,59.10290237467019
2004-11-23,59.894459102902374
2004-11-24,60.94986807387863
2004-11-26,61.74142480211082
2004-11-29,62.796833773087066
2004-11-30,63.852242744063325
2004-12-01,63.852242744063325
2004-12-02,64.1160949868074
2004-12-03,64.1160949868074
2004-12-06,65.17150395778364
2004-12-07,65.4353562005277
2004-12-08,66.2269129287599
2004-12-09,66.75461741424802
2004-12-10,67.54617414248021
2004-12-13,67.54617414248021
2004-12-14,67.81002638522428
2004-12-15,68.94736842105263
2004-12-16,68.94736842105263
2004-12-17,69.21052631578948
2004-12-20,69.73684210526315
2004-12-21,70.0
2004-12-22,71.05263157894737
2004-12-23,71.57894736842105
2004-12-27,70.78947368421052
2004-12-28,70.26315789473684
2004-12-29,69.47368421052632
2004-12-30,70.52631578947368
2004-12-31,70.78947368421052
2005-01-03,71.84210526315789
2005-01-04,70.0
2005-01-05,67.10526315789474
2005-01-06,66.3157894736842
2005-01-07,66.05263157894737
2005-01-10,65.78947368421053
2005-01-11,65.0
2005-01-12,61.05263157894737
2005-01-13,58.94736842105262
2005-01-14,58.15789473684211
2005-01-18,56.84210526315789
2005-01-19,55.52631578947368
2005-01-20,52.63157894736842
2005-01-21,50.526315789473685
2005-01-24,46.8421052631579
2005-01-25,43.684210526315795
2005-01-26,42.10526315789473
2005-01-27,39.21052631578947
2005-01-28,37.10526315789473
2005-01-31,35.26315789473684
2005-02-01,34.473684210526315
2005-02-02,33.421052631578945
2005-02-03,34.21052631578947
2005-02-04,37.368421052631575
2005-02-07,38.421052631578945
2005-02-08,39.21052631578947
2005-02-09,39.473684210526315
2005-02-10,40.526315789473685
2005-02-11,41.31578947368421
2005-02-14,42.63157894736842
2005-02-15,43.684210526315795
2005-02-16,45.26315789473684
2005-02-17,44.73684210526316
2005-02-18,46.578947368421055
2005-02-22,47.368421052631575
2005-02-23,47.63157894736842
2005-02-24,48.68421052631579
2005-02-25,50.26315789473684
2005-02-28,50.78947368421053
2005-03-01,52.89473684210526
2005-03-02,53.68421052631579
2005-03-03,53.1578947368421
2005-03-04,54.473684210526315
2005-03-07,55.00000000000001
2005-03-08,55.78947368421052
2005-03-09,56.05263157894736
2005-03-10,56.84210526315789
2005-03-11,57.10526315789474
2005-03-14,58.15789473684211
2005-03-15,59.210526315789465
2005-03-16,57.89473684210527
2005-03-17,56.315789473684205
2005-03-18,56.05263157894736
2005-03-21,53.68421052631579
2005-03-22,52.368421052631575
2005-03-23,51.578947368421055
2005-03-24,50.26315789473684
2005-03-28,49.21052631578947
2005-03-29,47.63157894736842
2005-03-30,46.8421052631579
2005-03-31,45.26315789473684
2005-04-01,44.73684210526316
2005-04-04,43.15789473684211
2005-04-05,40.526315789473685
2005-04-06,39.473684210526315
2005-04-07,38.15789473684211
2005-04-08,36.84210526315789
2005-04-11,34.473684210526315
2005-04-12,32.10526315789474
2005-04-13,30.526315789473685
2005-04-14,28.608923884514436
2005-04-15,26.246719160104988
2005-04-18,25.196850393700785
2005-04-19,24.409448818897637
2005-04-20,23.35958005249344
2005-04-21,23.097112860892388
2005-04-22,23.35958005249344
2005-04-25,23.097112860892388
2005-04-26,22.83464566929134
2005-04-27,22.57217847769029
2005-04-28,23.097112860892388
2005-04-29,21.784776902887142
2005-05-02,21.522309711286088
2005-05-03,22.57217847769029
2005-05-04,23.35958005249344
2005-05-05,23.62204724409449
2005-05-06,23.097112860892388
2005-05-09,23.88451443569554
2005-05-10,24.146981627296586
2005-05-11,24.409448818897637
2005-05-12,24.409448818897637
2005-05-13,25.984251968503933
2005-05-16,27.559055118110237
2005-05-17,28.871391076115486
2005-05-18,31.23359580052493
2005-05-19,32.28346456692913
2005-05-20,34.120734908136484
2005-05-23,35.69553805774278
2005-05-24,36.74540682414698
2005-05-25,37.79527559055118
2005-05-26,39.37007874015748
2005-05-27,40.94488188976378
2005-05-31,41.732283464566926
2005-06-01,42.25721784776903
2005-06-02,42.51968503937008
2005-06-03,44.881889763779526
2005-06-06,46.194225721784775
2005-06-07,47.506561679790025
2005-06-08,48.55643044619423
2005-06-09,49.343832020997375
2005-06-10,49.343832020997375
2005-06-13,51.70603674540683
2005-06-14,53.54330708661418
2005-06-15,54.59317585301837
2005-06-16,55.38057742782152
2005-06-17,55.90551181102362
2005-06-20,56.95538057742782
2005-06-21,57.74278215223097
2005-06-22,57.48031496062992
2005-06-23,58.00524934383202
2005-06-24,58.26771653543307
2005-06-27,56.95538057742782
2005-06-28,56.80628272251309
2005-06-29,57.06806282722513
2005-06-30,57.32984293193717
2005-07-01,57.06806282722513
2005-07-05,57.32984293193717
2005-07-06,56.54450261780105
2005-07-07,56.02094240837696
2005-07-08,54.712041884816756
2005-07-11,54.973821989528794
2005-07-12,56.282722513089
2005-07-13,55.235602094240846
2005-07-14,55.497382198952884
2005-07-15,55.497382198952884
2005-07-18,54.712041884816756
2005-07-19,53.92670157068062
2005-07-20,54.45026178010471
2005-07-21,54.56919060052219
2005-07-22,54.308093994778076
2005-07-25,54.308093994778076
2005-07-26,54.308093994778076
2005-07-27,55.87467362924282
2005-07-28,56.13577023498695
2005-07-29,56.13577023498695
2005-08-01,57.44125326370757
2005-08-02,57.96344647519582
2005-08-03,59.268929503916446
2005-08-04,60.052219321148826
2005-08-05,58.7467362924282
2005-08-08,58.22454308093995
2005-08-09,57.44125326370757
2005-08-10,57.96344647519582
2005-08-11,57.291666666666664
2005-08-12,57.291666666666664
2005-08-15,56.25
2005-08-16,55.208333333333336
2005-08-17,53.645833333333336
2005-08-18,51.5625
2005-08-19,51.041666666666664
2005-08-22,50.0
2005-08-23,48.4375
2005-08-24,47.91666666666667
2005-08-25,45.3125
2005-08-26,41.40625
2005-08-29,40.36458333333333
2005-08-30,39.0625
2005-08-31,38.02083333333333
2005-09-01,36.19791666666667
2005-09-02,35.15625
2005-09-06,35.15625
2005-09-07,35.9375
2005-09-08,36.45833333333333
2005-09-09,36.19791666666667
2005-09-12,36.19791666666667
2005-09-13,36.19791666666667
2005-09-14,35.9375
2005-09-15,36.883116883116884
2005-09-16,37.922077922077925
2005-09-19,39.22077922077922
2005-09-20,40.0
2005-09-21,39.740259740259745
2005-09-22,40.519480519480524
2005-09-23,40.0
2005-09-26,40.519480519480524
2005-09-27,39.740259740259745
2005-09-28,40.0
2005-09-29,41.2987012987013
2005-09-30,41.55844155844156
2005-10-03,42.077922077922075
2005-10-04,42.33766233766234
2005-10-05,41.81818181818181
2005-10-06,40.77922077922078
2005-10-07,41.03896103896104
2005-10-10,40.77922077922078
2005-10-11,39.48051948051948
2005-10-12,36.62337662337662
2005-10-13,35.84415584415584
2005-10-14,34.54545454545455
2005-10-17,33.246753246753244
2005-10-18,31.948051948051948
2005-10-19,31.68831168831169
2005-10-20,30.909090909090907
2005-10-21,30.649350649350648
2005-10-24,30.649350649350648
2005-10-25,30.129870129870127
2005-10-26,29.61038961038961
2005-10-27,28.05194805194805
2005-10-28,26.233766233766232
2005-10-31,24.935064935064936
2005-11-01,24.415584415584416
2005-11-02,25.19480519480519
2005-11-03,25.19480519480519
2005-11-04,25.71428571428571
2005-11-07,27.27272727272727
2005-11-08,28.57142857142857
2005-11-09,29.35064935064935
2005-11-10,30.649350649350648
2005-11-11,33.246753246753244
2005-11-14,33.76623376623377
2005-11-15,35.58441558441559
2005-11-16,36.26943005181347
2005-11-17,36.52849740932643
2005-11-18,38.860103626943
2005-11-21,41.19170984455959
2005-11-22,43.005181347150256
2005-11-23,44.04145077720207
2005-11-25,45.854922279792746
2005-11-28,46.89119170984456
2005-11-29,48.704663212435236
2005-11-30,49.48186528497409
2005-12-01,50.259067357512954
2005-12-02,50.51813471502591
2005-12-05,51.554404145077726
2005-12-06,52.07253886010362
2005-12-07,53.626943005181346
2005-12-08,54.66321243523316
2005-12-09,56.21761658031088
2005-12-12,57.51295336787565
2005-12-13,58.03108808290155
2005-12-14,58.80829015544041
2005-12-15,59.32642487046632
2005-12-16,60.880829015544045
2005-12-19,61.917098445595855
2005-12-20,62.43523316062176
2005-12-21,62.532299741602074
2005-12-22,64.08268733850129
2005-12-23,64.08268733850129
2005-12-27,64.08268733850129
2005-12-28,64.34108527131784
2005-12-29,64.34108527131784
2005-12-30,62.7906976744186
2006-01-03,60.98191214470285
2006-01-04,58.656330749354005
2006-01-05,58.91472868217055
2006-01-06,58.91472868217055
2006-01-09,58.91472868217055
2006-01-10,58.39793281653747
2006-01-11,58.91472868217055
2006-01-12,58.656330749354005
2006-01-13,58.139534883720934
2006-01-17,58.39793281653747
2006-01-18,58.656330749354005
2006-01-19,58.39793281653747
2006-01-20,57.88113695090439
2006-01-23,56.58914728682171
2006-01-24,56.07235142118863
2006-01-25,55.03875968992248
2006-01-26,55.412371134020624
2006-01-27,56.44329896907217
2006-01-30,56.95876288659794
2006-01-31,56.70103092783505
2006-02-01,57.98969072164949
2006-02-02,57.98969072164949
2006-02-03,56.70103092783505
2006-02-06,56.041131105398456
2006-02-07,54.75578406169666
2006-02-08,54.24164524421594
2006-02-09,52.44215938303341
2006-02-10,51.156812339331616
2006-02-13,49.3573264781491
2006-02-14,48.58611825192802
2006-02-15,49.3573264781491
2006-02-16,49.61439588688946
2006-02-17,49.10025706940874
2006-02-21,50.38560411311054
2006-02-22,51.41388174807198
2006-02-23,51.41388174807198
2006-02-24,52.185089974293064
2006-02-27,52.95629820051414
2006-02-28,52.69922879177378
2006-03-01,53.213367609254504
2006-03-02,54.24164524421594
2006-03-03,54.24164524421594
2006-03-06,54.75578406169666
2006-03-07,55.52699228791774
2006-03-08,54.75578406169666
2006-03-09,55.012853470437015
2006-03-10,55.26992287917738
2006-03-13,56.29820051413882
2006-03-14,55.52699228791774
2006-03-15,56.666666666666664
2006-03-16,57.179487179487175
2006-03-17,57.43589743589743
2006-03-20,57.179487179487175
2006-03-21,57.43589743589743
2006-03-22,57.43589743589743
2006-03-23,56.92307692307692
2006-03-24,56.41025641025641
2006-03-27,56.41025641025641
2006-03-28,57.179487179487175
2006-03-29,57.179487179487175
2006-03-30,57.43589743589743
2006-03-31,56.92307692307692
2006-04-03,57.179487179487175
2006-04-04,57.179487179487175
2006-04-05,57.179487179487175
2006-04-06,57.43589743589743
2006-04-07,57.692307692307686
2006-04-10,58.46153846153847
2006-04-11,58.46153846153847
2006-04-12,57.179487179487175
2006-04-13,56.666666666666664
2006-04-17,54.35897435897436
2006-04-18,54.1025641025641
2006-04-19,54.1025641025641
2006-04-20,53.58974358974359
2006-04-21,52.820512820512825
2006-04-24,52.56410256410257
2006-04-25,50.76923076923077
2006-04-26,50.256410256410255
2006-04-27,52.307692307692314
2006-04-28,50.76923076923077
2006-05-01,48.97435897435897
2006-05-02,48.205128205128204
2006-05-03,48.717948717948715
2006-05-04,48.46153846153846
2006-05-05,47.94871794871795
2006-05-08,48.46153846153846
2006-05-09,48.97435897435897
2006-05-10,49.48717948717949
2006-05-11,49.23076923076923
2006-05-12,48.97435897435897
2006-05-15,50.256410256410255
2006-05-16,50.51282051282051
2006-05-17,49.743589743589745
2006-05-18,47.69230769230769
2006-05-19,46.666666666666664
2006-05-22,45.64102564102564
2006-05-23,43.84615384615385
2006-05-24,40.76923076923077
2006-05-25,38.36317135549872
2006-05-26,37.34015345268542
2006-05-30,35.0383631713555
2006-05-31,33.50383631713555
2006-06-01,32.22506393861892
2006-06-02,31.45780051150895
2006-06-05,29.66751918158568
2006-06-06,28.13299232736573
2006-06-07,26.854219948849106
2006-06-08,24.296675191815854
2006-06-09,20.460358056265985
2006-06-12,18.925831202046037
2006-06-13,17.391304347826086
2006-06-14,16.879795396419436
2006-06-15,16.879795396419436
2006-06-16,17.135549872122763
2006-06-19,16.624040920716112
2006-06-20,16.624040920716112
2006-06-21,15.34526854219949
2006-06-22,15.089514066496163
2006-06-23,15.601023017902813
2006-06-26,15.089514066496163
2006-06-27,15.089514066496163
2006-06-28,15.34526854219949
2006-06-29,15.089514066496163
2006-06-30,16.11253196930946
2006-07-03,16.624040920716112
2006-07-05,17.902813299232736
2006-07-06,17.647058823529413
2006-07-07,17.647058823529413
2006-07-10,18.67007672634271
2006-07-11,19.948849104859335
2006-07-12,20.716112531969312
2006-07-13,23.273657289002557
2006-07-14,25.063938618925828
2006-07-17,26.342710997442452
2006-07-18,26.598465473145783
2006-07-19,28.13299232736573
2006-07-20,29.411764705882355
2006-07-21,30.434782608695656
2006-07-24,31.713554987212277
2006-07-25,33.75959079283887
2006-07-26,34.015345268542205
2006-07-27,36.828644501278774
2006-07-28,37.34015345268542
2006-07-31,37.084398976982094
2006-08-01,36.828644501278774
2006-08-02,35.0383631713555
2006-08-03,34.271099744245525
2006-08-04,34.015345268542205
2006-08-07,33.50383631713555
2006-08-08,33.50383631713555
2006-08-09,32.73657289002558
2006-08-10,33.50383631713555
2006-08-11,34.78260869565217
2006-08-14,35.54987212276215
2006-08-15,36.31713554987212
2006-08-16,37.851662404092075
2006-08-17,37.851662404092075
2006-08-18,38.36317135549872
2006-08-21,39.38618925831202
2006-08-22,39.130434782608695
2006-08-23,39.130434782608695
2006-08-24,38.87468030690537
2006-08-25,38.36317135549872
2006-08-28,38.87468030690537
2006-08-29,39.130434782608695
2006-08-30,38.87468030690537
2006-08-31,38.87468030690537
2006-09-01,39.89769820971867
2006-09-05,39.64194373401534
2006-09-06,40.153452685421996
2006-09-07,40.153452685421996
2006-09-08,41.17647058823529
2006-09-11,41.17647058823529
2006-09-12,41.432225063938624
2006-09-13,42.710997442455245
2006-09-14,42.96675191815857
2006-09-15,43.73401534526854
2006-09-18,45.012787723785166
2006-09-19,45.78005115089514
2006-09-20,45.78005115089514
2006-09-21,45.012787723785166
2006-09-22,44.75703324808184
2006-09-25,45.012787723785166
2006-09-26,45.26854219948849
2006-09-27,45.52429667519181
2006-09-28,46.03580562659847
2006-09-29,46.03580562659847
2006-10-02,46.547314578005114
2006-10-03,46.29156010230179
2006-10-04,47.31457800511509
2006-10-05,47.82608695652174
2006-10-06,48.84910485933504
2006-10-09,49.36061381074169
2006-10-10,49.61636828644501
2006-10-11,51.406649616368284
2006-10-12,52.685421994884905
2006-10-13,53.70843989769821
2006-10-16,55.24296675191815
2006-10-17,54.59183673469388
2006-10-18,54.59183673469388
2006-10-19,55.86734693877551
2006-10-20,56.12244897959183
2006-10-23,55.61224489795919
2006-10-24,56.63265306122449
2006-10-25,56.88775510204081
2006-10-26,57.90816326530612
2006-10-27,57.90816326530612
2006-10-30,58.41836734693877
2006-10-31,59.94897959183674
2006-11-01,60.71428571428571
2006-11-02,60.71428571428571
2006-11-03,59.693877551020414
2006-11-06,60.71428571428571
2006-11-07,61.73469387755102
2006-11-08,63.26530612244898
2006-11-09,63.775510204081634
2006-11-10,64.03061224489795
2006-11-13,64.28571428571429
2006-11-14,63.775510204081634
2006-11-15,63.775510204081634
2006-11-16,62.755102040816325
2006-11-17,62.34096692111959
2006-11-20,63.358778625954194
2006-11-21,63.104325699745544
2006-11-22,62.086513994910945
2006-11-24,61.57760814249363
2006-11-27,60.55979643765903
2006-11-28,60.30534351145038
2006-11-29,60.55979643765903
2006-11-30,59.03307888040712
2006-12-01,59.28753180661578
2006-12-04,60.55979643765903
2006-12-05,61.06870229007634
2006-12-06,61.57760814249363
2006-12-07,62.086513994910945
2006-12-08,62.849872773536894
2006-12-11,63.104325699745544
2006-12-12,64.12213740458014
2006-12-13,64.12213740458014
2006-12-14,64.63104325699746
2006-12-15,64.63104325699746
2006-12-18,63.61323155216285
2006-12-19,63.104325699745544
2006-12-20,63.104325699745544
2006-12-21,62.59541984732825
2006-12-22,61.32315521628499
2006-12-26,61.06870229007634
2006-12-27,61.57760814249363
2006-12-28,62.086513994910945
2006-12-29,62.59541984732825
2007-01-03,62.34096692111959
2007-01-04,62.59541984732825
2007-01-05,61.32315521628499
2007-01-08,60.30534351145038
2007-01-09,60.05089058524173
2007-01-10,59.796437659033074
2007-01-11,60.30534351145038
2007-01-12,59.28753180661578
2007-01-16,59.28753180661578
2007-01-17,59.03307888040712
2007-01-18,58.524173027989825
2007-01-19,58.269720101781175
2007-01-22,56.234096692111954
2007-01-23,54.70737913486005
2007-01-24,54.70737913486005
2007-01-25,53.68956743002544
2007-01-26,54.70737913486005
2007-01-29,54.19847328244275
2007-01-30,52.67175572519084
2007-01-31,52.926208651399484
2007-02-01,54.4529262086514
2007-02-02,55.216284987277355
2007-02-05,58.01526717557252
2007-02-06,59.28753180661578
2007-02-07,60.55979643765903
2007-02-08,61.32315521628499
2007-02-09,62.086513994910945
2007-02-12,62.59541984732825
2007-02-13,63.104325699745544
2007-02-14,63.61323155216285
2007-02-15,63.8676844783715
2007-02-16,65.13994910941476
2007-02-20,66.41221374045801
2007-02-21,67.17557251908397
2007-02-22,67.17557251908397
2007-02-23,67.93893129770993
2007-02-26,68.70229007633588
2007-02-27,67.17557251908397
2007-02-28,66.66666666666666
2007-03-01,65.13994910941476
2007-03-02,64.3765903307888
2007-03-05,62.34096692111959
2007-03-06,61.832061068702295
2007-03-07,59.28753180661578
2007-03-08,57.50636132315522
2007-03-09,55.216284987277355
2007-03-12,53.43511450381679
2007-03-13,50.63613231552163
2007-03-14,49.61832061068702
2007-03-15,49.36386768447837
2007-03-16,47.07379134860051
2007-03-19,44.529262086513995
2007-03-20,40.20356234096692
2007-03-21,38.42239185750636
2007-03-22,37.309644670050766
2007-03-23,35.786802030456855
2007-03-26,34.263959390862944
2007-03-27,32.74111675126903
2007-03-28,32.48730964467005
2007-03-29,32.65822784810127
2007-03-30,31.645569620253166
2007-04-02,33.164556962025316
2007-04-03,34.93670886075949
2007-04-04,35.69620253164557
2007-04-05,38.22784810126582
2007-04-09,38.9873417721519
2007-04-10,40.25316455696203
2007-04-11,40.75949367088608
2007-04-12,43.037974683544306
2007-04-13,45.822784810126585
2007-04-16,48.60759493670886
2007-04-17,52.151898734177216
2007-04-18,53.16455696202531
2007-04-19,54.54545454545454
2007-04-20,56.56565656565656
2007-04-23,57.32323232323232
2007-04-24,57.32323232323232
2007-04-25,58.838383838383834
2007-04-26,61.86868686868687
2007-04-27,63.63636363636363
2007-04-30,64.64646464646465
2007-05-01,65.65656565656566
2007-05-02,66.66666666666666
2007-05-03,67.00251889168766
2007-05-04,67.08542713567839
2007-05-07,67.33668341708542
2007-05-08,66.58291457286433
2007-05-09,67.58793969849246
2007-05-10,68.34170854271356
2007-05-11,68.34170854271356
2007-05-14,67.8391959798995
2007-05-15,66.66666666666666
2007-05-16,65.6641604010025
2007-05-17,65.16290726817043
2007-05-18,64.91228070175438
2007-05-21,64.41102756892231
2007-05-22,64.16040100250626
2007-05-23,62.907268170426065
2007-05-24,60.40100250626567
2007-05-25,60.6516290726817
2007-05-29,60.40100250626567
2007-05-30,59.64912280701754
2007-05-31,60.150375939849624
2007-06-01,60.40100250626567
2007-06-04,61.152882205513784
2007-06-05,60.902255639097746
2007-06-06,60.6516290726817
2007-06-07,59.64912280701754
2007-06-08,58.89724310776943
2007-06-11,57.89473684210527
2007-06-12,56.14035087719298
2007-06-13,55.388471177944865
2007-06-14,54.0
2007-06-15,53.75
2007-06-18,53.25
2007-06-19,52.0
2007-06-20,52.25
2007-06-21,52.0
2007-06-22,50.374064837905244
2007-06-25,48.87780548628429
2007-06-26,48.12967581047381
2007-06-27,46.633416458852864
2007-06-28,46.38403990024938
2007-06-29,44.13965087281795
2007-07-02,43.14214463840399
2007-07-03,41.895261845386536
2007-07-05,41.14713216957606
2007-07-06,40.89775561097257
2007-07-09,41.39650872817955
2007-07-10,40.89775561097257
2007-07-11,41.14713216957606
2007-07-12,42.14463840399002
2007-07-13,43.64089775561097
2007-07-16,43.14214463840399
2007-07-17,42.394014962593516
2007-07-18,43.14214463840399
2007-07-19,44.38902743142145
2007-07-20,44.88778054862843
2007-07-23,44.88778054862843
2007-07-24,45.885286783042396
2007-07-25,46.13466334164589
2007-07-26,45.6359102244389
2007-07-27,45.024875621890544
2007-07-30,44.27860696517413
2007-07-31,42.78606965174129
2007-08-01,41.29353233830846
2007-08-02,39.55223880597015
2007-08-03,38.55721393034826
2007-08-06,36.81592039800995
2007-08-07,36.318407960199
2007-08-08,35.57213930348259
2007-08-09,34.07960199004975
2007-08-10,33.08457711442786
2007-08-13,30.34825870646766
2007-08-14,28.35820895522388
2007-08-15,26.368159203980102
2007-08-16,23.6318407960199
2007-08-17,21.641791044776117
2007-08-20,19.65174129353234
2007-08-21,17.91044776119403
2007-08-22,18.1592039800995
2007-08-23,17.16417910447761
2007-08-24,17.16417910447761
2007-08-27,17.16417910447761
2007-08-28,16.417910447761194
2007-08-29,16.666666666666664
2007-08-30,16.91542288557214
2007-08-31,16.666666666666664
2007-09-04,17.412935323383085
2007-09-05,17.412935323383085
2007-09-06,16.91542288557214
2007-09-07,17.412935323383085
2007-09-10,16.91542288557214
2007-09-11,16.666666666666664
2007-09-12,16.666666666666664
2007-09-13,17.91044776119403
2007-09-14,18.90547263681592
2007-09-17,21.641791044776117
2007-09-18,24.62686567164179
2007-09-19,28.35820895522388
2007-09-20,30.34825870646766
2007-09-21,31.592039800995025
2007-09-24,33.582089552238806
2007-09-25,34.57711442786069
2007-09-26,35.82089552238806
2007-09-27,37.56218905472637
2007-09-28,38.059701492537314
2007-10-01,41.04477611940299
2007-10-02,42.28855721393035
2007-10-03,42.78606965174129
2007-10-04,43.28358208955223
2007-10-05,42.78606965174129
2007-10-08,45.024875621890544
2007-10-09,46.26865671641791
2007-10-10,47.01492537313433
2007-10-11,47.2636815920398
2007-10-12,48.00995024875622
2007-10-15,49.25373134328358
2007-10-16,49.50248756218906
2007-10-17,49.75124378109453
2007-10-18,49.50248756218906
2007-10-19,50.49751243781094
2007-10-22,49.75124378109453
2007-10-23,50.0
2007-10-24,50.0
2007-10-25,48.883374689826304
2007-10-26,48.883374689826304
2007-10-29,50.12406947890818
2007-10-30,50.12406947890818
2007-10-31,49.13151364764268
2007-11-01,47.8908188585608
2007-11-02,47.64267990074442
2007-11-05,47.146401985111666
2007-11-06,46.15384615384615
2007-11-07,43.67245657568238
2007-11-08,40.44665012406948
2007-11-09,39.45409429280397
2007-11-12,37.468982630272954
2007-11-13,36.22828784119106
2007-11-14,35.235732009925556
2007-11-15,33.910891089108915
2007-11-16,32.42574257425743
2007-11-19,31.683168316831683
2007-11-20,31.18811881188119
2007-11-21,28.960396039603957
2007-11-23,28.217821782178216
2007-11-26,27.970297029702973
2007-11-27,25.99009900990099
2007-11-28,24.504950495049506
2007-11-29,24.504950495049506
2007-11-30,24.00990099009901
2007-12-03,23.762376237623762
2007-12-04,23.762376237623762
2007-12-05,24.00990099009901
2007-12-06,24.00990099009901
2007-12-07,24.752475247524753
2007-12-10,25.742574257425744
2007-12-11,26.237623762376238
2007-12-12,26.980198019801982
2007-12-13,27.475247524752476
2007-12-14,26.980198019801982
2007-12-17,26.732673267326735
2007-12-18,27.475247524752476
2007-12-19,27.22772277227723
2007-12-20,27.970297029702973
2007-12-21,29.950495049504948
2007-12-24,31.435643564356436
2007-12-26,33.16831683168317
2007-12-27,34.15841584158416
2007-12-28,34.65346534653465
2007-12-31,35.396039603960396
2008-01-02,35.89108910891089
2008-01-03,36.386138613861384
2008-01-04,36.633663366336634
2008-01-07,35.396039603960396
2008-01-08,33.663366336633665
2008-01-09,32.42574257425743
2008-01-10,29.7029702970297
2008-01-11,28.465346534653463
2008-01-14,26.732673267326735
2008-01-15,24.752475247524753
2008-01-16,24.00990099009901
2008-01-17,23.01980198019802
2008-01-18,20.792079207920793
2008-01-22,19.05940594059406
2008-01-23,17.07920792079208
2008-01-24,15.594059405940595
2008-01-25,13.118811881188119
2008-01-28,9.653465346534654
2008-01-29,9.158415841584159
2008-01-30,8.16831683168317
2008-01-31,7.920792079207921
2008-02-01,6.9306930693069315
2008-02-04,6.435643564356436
2008-02-05,5.9405940594059405
2008-02-06,4.9504950495049505
2008-02-07,3.7128712871287126
2008-02-08,3.4653465346534658
2008-02-11,3.4653465346534658
2008-02-12,3.4653465346534658
2008-02-13,3.7128712871287126
2008-02-14,2.9702970297029703
2008-02-15,2.9702970297029703
2008-02-19,4.207920792079208
2008-02-20,4.455445544554455
2008-02-21,5.693069306930694
2008-02-22,6.435643564356436
2008-02-25,6.683168316831684
2008-02-26,7.1782178217821775
2008-02-27,7.425742574257425
2008-02-28,8.415841584158416
2008-02-29,9.405940594059405
2008-03-03,9.405940594059405
2008-03-04,9.653465346534654
2008-03-05,9.158415841584159
2008-03-06,9.653465346534654
2008-03-07,9.653465346534654
2008-03-10,10.396039603960396
2008-03-11,10.396039603960396
2008-03-12,11.138613861386139
2008-03-13,11.386138613861387
2008-03-14,11.138613861386139
2008-03-17,11.11111111111111
2008-03-18,11.604938271604938
2008-03-19,11.822660098522167
2008-03-20,12.068965517241379
2008-03-24,12.561576354679804
2008-03-25,12.561576354679804
2008-03-26,12.31527093596059
2008-03-27,11.822660098522167
2008-03-28,11.576354679802956
2008-03-31,11.330049261083744
2008-04-01,11.330049261083744
2008-04-02,12.068965517241379
2008-04-03,13.054187192118228
2008-04-04,13.546798029556651
2008-04-07,13.30049261083744
2008-04-08,14.039408866995073
2008-04-09,14.285714285714285
2008-04-10,14.532019704433496
2008-04-11,15.517241379310345
2008-04-14,16.25615763546798
2008-04-15,16.502463054187192
2008-04-16,17.24137931034483
2008-04-17,17.980295566502463
2008-04-18,19.458128078817737
2008-04-21,20.44334975369458
2008-04-22,20.19704433497537
2008-04-23,20.39312039312039
2008-04-24,20.638820638820636
2008-04-25,20.14742014742015
2008-04-28,21.13022113022113
2008-04-29,21.375921375921376
2008-04-30,21.867321867321866
2008-05-01,22.11302211302211
2008-05-02,22.358722358722357
2008-05-05,23.34152334152334
2008-05-06,24.324324324324326
2008-05-07,23.774509803921568
2008-05-08,23.774509803921568
2008-05-09,23.52941176470588
2008-05-12,24.754901960784316
2008-05-13,25.49019607843137
2008-05-14,26.225490196078432
2008-05-15,26.715686274509803
2008-05-16,28.431372549019606
2008-05-19,29.411764705882355
2008-05-20,30.88235294117647
2008-05-21,31.61764705882353
2008-05-22,31.372549019607842
2008-05-23,32.35294117647059
2008-05-27,32.59803921568628
2008-05-28,32.35294117647059
2008-05-29,33.088235294117645
2008-05-30,33.57843137254902
2008-06-02,33.33333333333333
2008-06-03,32.84313725490196
2008-06-04,33.088235294117645
2008-06-05,33.088235294117645
2008-06-06,32.84313725490196
2008-06-09,32.84313725490196
2008-06-10,32.84313725490196
2008-06-11,31.862745098039213
2008-06-12,31.61764705882353
2008-06-13,32.1078431372549
2008-06-16,32.1078431372549
2008-06-17,31.295843520782395
2008-06-18,29.82885085574572
2008-06-19,30.56234718826406
2008-06-20,29.82885085574572
2008-06-23,29.82885085574572
2008-06-24,29.82885085574572
2008-06-25,28.850855745721272
2008-06-26,26.405867970660147
2008-06-27,24.205378973105134
2008-06-30,22.493887530562347
2008-07-01,21.515892420537895
2008-07-02,21.026894865525673
2008-07-03,18.581907090464547
2008-07-07,17.84841075794621
2008-07-08,16.381418092909534
2008-07-09,14.425427872860636
2008-07-10,13.691931540342297
2008-07-11,12.95843520782396
2008-07-14,11.98044009779951
2008-07-15,10.268948655256724
2008-07-16,8.557457212713937
2008-07-17,7.823960880195599
2008-07-18,7.334963325183375
2008-07-21,7.334963325183375
2008-07-22,6.845965770171149
2008-07-23,5.623471882640587
2008-07-24,5.134474327628362
2008-07-25,4.88997555012225
2008-07-28,5.378973105134474
2008-07-29,7.090464547677261
2008-07-30,8.80195599022005
2008-07-31,9.290953545232274
2008-08-01,10.024449877750612
2008-08-04,11.00244498777506
2008-08-05,12.224938875305623
2008-08-06,12.95843520782396
2008-08-07,13.447432762836186
2008-08-08,14.66992665036675
2008-08-11,16.381418092909534
2008-08-12,18.337408312958438
2008-08-13,19.315403422982886
2008-08-14,19.559902200489
2008-08-15,19.80440097799511
2008-08-18,20.293398533007334
2008-08-19,21.515892420537895
2008-08-20,21.76039119804401
2008-08-21,21.76039119804401
2008-08-22,21.76039119804401
2008-08-25,22.249388753056234
2008-08-26,22.493887530562347
2008-08-27,22.249388753056234
2008-08-28,22.493887530562347
2008-08-29,23.4718826405868
2008-09-02,23.4718826405868
2008-09-03,23.71638141809291
2008-09-04,23.227383863080682
2008-09-05,23.227383863080682
2008-09-08,23.227383863080682
2008-09-09,22.73838630806846
2008-09-10,22.73838630806846
2008-09-11,21.76039119804401
2008-09-12,21.76039119804401
2008-09-15,21.515892420537895
2008-09-16,22.493887530562347
2008-09-17,21.026894865525673
2008-09-18,20.78239608801956
2008-09-19,20.78239608801956
2008-09-22,19.559902200489
2008-09-23,18.82640586797066
2008-09-24,19.070904645476773
2008-09-25,18.82640586797066
2008-09-26,18.82640586797066
2008-09-29,16.87041564792176
2008-09-30,16.13691931540342
2008-10-01,15.647921760391197
2008-10-02,15.158924205378973
2008-10-03,14.180929095354522
2008-10-06,12.95843520782396
2008-10-07,10.268948655256724
2008-10-08,9.535452322738386
2008-10-09,7.823960880195599
2008-10-10,5.378973105134474
2008-10-13,4.88997555012225
2008-10-14,4.400977995110025
2008-10-15,2.93398533007335
2008-10-16,2.2004889975550124
2008-10-17,1.466992665036675
2008-10-20,1.2224938875305624
2008-10-21,0.9779951100244498
2008-10-22,0.9779951100244498
2008-10-23,0.7334963325183375
2008-10-24,0.4889975550122249
2008-10-27,0.4889975550122249
2008-10-28,0.4889975550122249
2008-10-29,0.24449877750611246
2008-10-30,0.0
2008-10-31,0.0
2008-11-03,0.0
2008-11-04,0.0
2008-11-05,0.0
2008-11-06,0.0
2008-11-07,0.0
2008-11-10,0.0
2008-11-11,0.0
2008-11-12,0.0
2008-11-13,0.24449877750611246
2008-11-14,0.24449877750611246
2008-11-17,0.7334963325183375
2008-11-18,0.7334963325183375
2008-11-19,0.4889975550122249
2008-11-20,0.4889975550122249
2008-11-21,0.4889975550122249
2008-11-24,0.4889975550122249
2008-11-25,0.4889975550122249
2008-11-26,0.7334963325183375
2008-11-28,0.7334963325183375
2008-12-01,0.7334963325183375
2008-12-02,0.7334963325183375
2008-12-03,0.4889975550122249
2008-12-04,0.7334963325183375
2008-12-05,0.4889975550122249
2008-12-08,0.9779951100244498
2008-12-09,0.9779951100244498
2008-12-10,1.2224938875305624
2008-12-11,1.2224938875305624
2008-12-12,1.2224938875305624
2008-12-15,0.9779951100244498
2008-12-16,0.9779951100244498
2008-12-17,1.466992665036675
2008-12-18,1.466992665036675
2008-12-19,1.466992665036675
2008-12-22,1.7114914425427872
2008-12-23,1.7114914425427872
2008-12-24,1.7114914425427872
2008-12-26,1.7114914425427872
2008-12-29,1.7114914425427872
2008-12-30,1.7114914425427872
2008-12-31,1.7114914425427872
2009-01-02,1.7114914425427872
2009-01-05,1.7114914425427872
2009-01-06,1.9559902200488997
2009-01-07,2.2004889975550124
2009-01-08,2.2004889975550124
2009-01-09,2.2004889975550124
2009-01-12,2.2004889975550124
2009-01-13,2.444987775061125
2009-01-14,2.444987775061125
2009-01-15,2.444987775061125
2009-01-16,2.444987775061125
2009-01-20,2.444987775061125
2009-01-21,2.444987775061125
2009-01-22,2.444987775061125
2009-01-23,2.444987775061125
2009-01-26,2.689486552567237
2009-01-27,2.93398533007335
2009-01-28,2.93398533007335
2009-01-29,2.689486552567237
2009-01-30,2.444987775061125
2009-02-02,2.2004889975550124
2009-02-03,2.444987775061125
2009-02-04,1.9559902200488997
2009-02-05,1.9559902200488997
2009-02-06,1.9559902200488997
2009-02-09,1.9559902200488997
2009-02-10,1.7114914425427872
2009-02-11,1.7114914425427872
2009-02-12,1.7114914425427872
2009-02-13,1.466992665036675
2009-02-17,1.466992665036675
2009-02-18,1.466992665036675
2009-02-19,1.9559902200488997
2009-02-20,2.2004889975550124
2009-02-23,2.2004889975550124
2009-02-24,2.2004889975550124
2009-02-25,2.2004889975550124
2009-02-26,2.444987775061125
2009-02-27,2.444987775061125
2009-03-02,2.444987775061125
2009-03-03,1.9559902200488997
2009-03-04,2.2004889975550124
2009-03-05,2.2004889975550124
2009-03-06,2.444987775061125
2009-03-09,2.444987775061125
2009-03-10,2.2004889975550124
2009-03-11,1.9559902200488997
2009-03-12,1.9559902200488997
2009-03-13,1.7114914425427872
2009-03-16,1.7114914425427872
2009-03-17,1.466992665036675
2009-03-18,1.466992665036675
2009-03-19,1.466992665036675
2009-03-20,1.466992665036675
2009-03-23,1.9559902200488997
2009-03-24,1.9559902200488997
2009-03-25,1.9559902200488997
2009-03-26,1.9559902200488997
2009-03-27,1.9559902200488997
2009-03-30,1.9559902200488997
2009-03-31,2.689486552567237
2009-04-01,2.93398533007335
2009-04-02,2.93398533007335
2009-04-03,2.93398533007335
2009-04-06,3.1784841075794623
2009-04-07,3.1784841075794623
2009-04-08,3.4229828850855744
2009-04-09,3.6674816625916873
2009-04-13,3.6674816625916873
2009-04-14,4.156479217603912
2009-04-15,4.156479217603912
2009-04-16,4.645476772616137
2009-04-17,5.134474327628362
2009-04-20,5.134474327628362
2009-04-21,4.88997555012225
2009-04-22,5.134474327628362
2009-04-23,5.134474327628362
2009-04-24,5.623471882640587
2009-04-27,5.378973105134474
2009-04-28,5.8679706601467
2009-04-29,6.601466992665037
2009-04-30,7.334963325183375
2009-05-01,7.090464547677261
2009-05-04,7.579462102689487
2009-05-05,8.06845965770171
2009-05-06,8.06845965770171
2009-05-07,8.557457212713937
2009-05-08,8.80195599022005
2009-05-11,10.268948655256724
2009-05-12,11.00244498777506
2009-05-13,11.98044009779951
2009-05-14,12.469437652811736
2009-05-15,13.447432762836186
2009-05-18,14.66992665036675
2009-05-19,15.158924205378973
2009-05-20,15.892420537897312
2009-05-21,16.87041564792176
2009-05-22,17.6039119804401
2009-05-26,19.070904645476773
2009-05-27,20.293398533007334
2009-05-28,21.271393643031786
2009-05-29,21.271393643031786
2009-06-01,23.96088019559902
2009-06-02,24.938875305623473
2009-06-03,27.628361858190708
2009-06-04,28.361858190709043
2009-06-05,28.361858190709043
2009-06-08,30.317848410757946
2009-06-09,32.02933985330073
2009-06-10,33.74083129584352
2009-06-11,34.71882640586797
2009-06-12,37.163814180929094
2009-06-15,38.386308068459655
2009-06-16,40.34229828850856
2009-06-17,41.56479217603912
2009-06-18,43.52078239608802
2009-06-19,43.52078239608802
2009-06-22,43.76528117359413
2009-06-23,45.2322738386308
2009-06-24,44.743276283618584
2009-06-25,46.69926650366748
2009-06-26,45.72127139364303
2009-06-29,45.965770171149146
2009-06-30,44.743276283618584
2009-07-01,43.27628361858191
2009-07-02,42.78728606356968
2009-07-06,42.053789731051346
2009-07-07,39.36430317848411
2009-07-08,37.89731051344744
2009-07-09,35.45232273838631
2009-07-10,32.27383863080684
2009-07-13,31.295843520782395
2009-07-14,30.56234718826406
2009-07-15,30.56234718826406
2009-07-16,31.54034229828851
2009-07-17,32.27383863080684
2009-07-20,34.474327628361856
2009-07-21,37.40831295843521
2009-07-22,39.85330073349633
2009-07-23,41.80929095354523
2009-07-24,45.2322738386308
2009-07-27,46.9437652811736
2009-07-28,48.16625916870416
2009-07-29,50.12224938875306
2009-07-30,54.034229828850854
2009-07-31,56.47921760391198
2009-08-03,59.168704156479215
2009-08-04,62.8361858190709
2009-08-05,65.28117359413203
2009-08-06,68.04878048780488
2009-08-07,70.48780487804878
2009-08-10,73.65853658536585
2009-08-11,74.39024390243902
2009-08-12,75.85365853658537
2009-08-13,77.07317073170732
2009-08-14,77.8048780487805
2009-08-17,78.04878048780488
2009-08-18,78.29268292682927
2009-08-19,79.02439024390245
2009-08-20,79.02439024390245
2009-08-21,79.51219512195122
2009-08-24,80.48780487804879
2009-08-25,80.2439024390244
2009-08-26,81.21951219512195
2009-08-27,81.21951219512195
2009-08-28,82.1951219512195
2009-08-31,81.70731707317073
2009-09-01,81.21951219512195
2009-09-02,79.51219512195122
2009-09-03,80.2439024390244
2009-09-04,80.2439024390244
2009-09-08,80.2439024390244
2009-09-09,80.2439024390244
2009-09-10,80.97560975609757
2009-09-11,81.95121951219512
2009-09-14,82.1951219512195
2009-09-15,81.70731707317073
2009-09-16,81.95121951219512
2009-09-17,82.68292682926828
2009-09-18,83.90243902439025
2009-09-21,83.17073170731707
2009-09-22,82.92682926829268
2009-09-23,82.4390243902439
2009-09-24,82.92682926829268
2009-09-25,83.41463414634146
2009-09-28,82.92682926829268
2009-09-29,82.92682926829268
2009-09-30,82.4390243902439
2009-10-01,80.97560975609757
2009-10-02,80.73170731707317
2009-10-05,80.2439024390244
2009-10-06,80.48780487804879
2009-10-07,79.80535279805353
2009-10-08,78.34549878345499
2009-10-09,77.12895377128953
2009-10-12,77.12895377128953
2009-10-13,76.64233576642336
2009-10-14,76.15571776155717
2009-10-15,75.18248175182481
2009-10-16,74.45255474452554
2009-10-19,74.45255474452554
2009-10-20,73.72262773722628
2009-10-21,72.01946472019465
2009-10-22,72.01946472019465
2009-10-23,71.77615571776155
2009-10-26,71.28953771289538
2009-10-27,70.07299270072993
2009-10-28,66.90997566909975
2009-10-29,66.42335766423358
2009-10-30,65.20681265206812
2009-11-02,64.23357664233576
2009-11-03,63.26034063260341
2009-11-04,62.04379562043796
2009-11-05,62.28710462287105
2009-11-06,60.82725060827251
2009-11-09,60.34063260340633
2009-11-10,59.61070559610706
2009-11-11,58.15085158150851
2009-11-12,55.961070559610704
2009-11-13,54.61165048543689
2009-11-16,54.85436893203883
2009-11-17,54.12621359223301
2009-11-18,53.510895883777245
2009-11-19,52.54237288135594
2009-11-20,52.300242130750604
2009-11-23,52.78450363196126
2009-11-24,53.99515738498789
2009-11-25,55.44794188861986
2009-11-27,59.07990314769975
2009-11-30,59.56416464891041
2009-12-01,63.19612590799032
2009-12-02,64.64891041162227
2009-12-03,64.89104116222761
2009-12-04,68.28087167070218
2009-12-07,68.28087167070218
2009-12-08,68.52300242130751
2009-12-09,68.28087167070218
2009-12-10,67.79661016949152
2009-12-11,66.82808716707022
2009-12-14,67.55447941888619
2009-12-15,68.03874092009686
2009-12-16,68.03874092009686
2009-12-17,66.10169491525424
2009-12-18,66.34382566585957
2009-12-21,66.82808716707022
2009-12-22,67.79661016949152
2009-12-23,68.76513317191282
2009-12-24,69.73365617433413
2009-12-28,71.1864406779661
2009-12-29,72.15496368038741
2009-12-30,73.60774818401937
2009-12-31,72.63922518159806
2010-01-04,72.15496368038741
2010-01-05,71.73913043478261
2010-01-06,72.70531400966183
2010-01-07,73.18840579710145
2010-01-08,73.67149758454107
2010-01-11,74.39613526570048
2010-01-12,75.1207729468599
2010-01-13,75.84541062801932
2010-01-14,76.81159420289855
2010-01-15,76.08695652173914
2010-01-19,75.84541062801932
2010-01-20,77.29468599033817
2010-01-21,77.53623188405797
2010-01-22,77.77777777777779
2010-01-25,77.29468599033817
2010-01-26,76.57004830917874
2010-01-27,74.8792270531401
2010-01-28,70.77294685990339
2010-01-29,66.42512077294685
2010-02-01,64.25120772946859
2010-02-02,63.04347826086957
2010-02-03,59.17874396135265
2010-02-04,55.55555555555556
2010-02-05,52.41545893719807
2010-02-08,48.309178743961354
2010-02-09,45.65217391304348
2010-02-10,39.371980676328505
2010-02-11,36.626506024096386
2010-02-12,31.807228915662648
2010-02-16,30.361445783132528
2010-02-17,28.433734939759038
2010-02-18,26.265060240963855
2010-02-19,24.57831325301205
2010-02-22,24.57831325301205
2010-02-23,24.819277108433734
2010-02-24,25.301204819277107
2010-02-25,26.024096385542165
2010-02-26,26.746987951807228
2010-03-01,27.469879518072286
2010-03-02,30.602409638554217
2010-03-03,32.04819277108434
2010-03-04,32.53012048192771
2010-03-05,33.97590361445783
2010-03-08,40.24096385542168
2010-03-09,43.132530120481924
2010-03-10,50.36144578313253
2010-03-11,55.42168674698795
2010-03-12,60.0
2010-03-15,64.09638554216868
2010-03-16,67.71084337349397
2010-03-17,70.60240963855422
2010-03-18,70.8433734939759
2010-03-19,72.04819277108435
2010-03-22,73.73493975903614
2010-03-23,75.18072289156626
2010-03-24,76.62650602409639
2010-03-25,77.83132530120483
2010-03-26,79.27710843373494
2010-03-29,80.72289156626506
2010-03-30,80.24096385542168
2010-03-31,81.44578313253012
2010-04-01,81.6867469879518
2010-04-05,82.16867469879519
2010-04-06,82.16867469879519
2010-04-07,81.6867469879518
2010-04-08,81.44578313253012
2010-04-09,81.20481927710843
2010-04-12,81.44578313253012
2010-04-13,81.20481927710843
2010-04-14,81.6867469879518
2010-04-15,81.44578313253012
2010-04-16,80.96385542168674
2010-04-19,80.96385542168674
2010-04-20,80.72289156626506
2010-04-21,80.96385542168674
2010-04-22,80.48192771084337
2010-04-23,79.51807228915662
2010-04-26,79.03614457831326
2010-04-27,78.3132530120482
2010-04-28,77.64423076923077
2010-04-29,77.64423076923077
2010-04-30,77.16346153846155
2010-05-03,75.96153846153845
2010-05-04,75.72115384615384
2010-05-05,74.51923076923077
2010-05-06,73.79807692307693
2010-05-07,71.39423076923077
2010-05-10,69.95192307692307
2010-05-11,67.78846153846155
2010-05-12,67.54807692307693
2010-05-13,64.66346153846155
2010-05-14,62.019230769230774
2010-05-17,60.33653846153846
2010-05-18,56.97115384615385
2010-05-19,53.125
2010-05-20,46.875
2010-05-21,42.54807692307692
2010-05-24,37.74038461538461
2010-05-25,33.894230769230774
2010-05-26,30.048076923076923
2010-05-27,27.884615384615387
2010-05-28,22.115384615384613
2010-06-01,19.230769230769234
2010-06-02,16.58653846153846
2010-06-03,15.625
2010-06-04,14.182692307692307
2010-06-07,13.942307692307693
2010-06-08,13.942307692307693
2010-06-09,12.980769230769232
2010-06-10,12.259615384615383
2010-06-11,11.538461538461538
2010-06-14,10.576923076923077
2010-06-15,10.551558752997602
2010-06-16,10.311750599520384
2010-06-17,10.551558752997602
2010-06-18,11.270983213429256
2010-06-21,12.470023980815348
2010-06-22,13.189448441247004
2010-06-23,15.107913669064748
2010-06-24,16.546762589928058
2010-06-25,17.74580335731415
2010-06-28,17.505995203836928
2010-06-29,17.942583732057415
2010-06-30,17.942583732057415
2010-07-01,17.942583732057415
2010-07-02,17.22488038277512
2010-07-06,17.942583732057415
2010-07-07,18.899521531100476
2010-07-08,20.095693779904305
2010-07-09,21.291866028708135
2010-07-12,22.727272727272727
2010-07-13,22.727272727272727
2010-07-14,23.205741626794257
2010-07-15,24.105011933174225
2010-07-16,21.957040572792362
2010-07-19,20.286396181384248
2010-07-20,19.09307875894988
2010-07-21,18.615751789976134
2010-07-22,19.570405727923628
2010-07-23,20.286396181384248
2010-07-26,21.241050119331742
2010-07-27,22.195704057279237
2010-07-28,23.627684964200476
2010-07-29,25.775656324582343
2010-07-30,27.20763723150358
2010-08-02,31.26491646778043
2010-08-03,33.89021479713604
2010-08-04,36.51551312649165
2010-08-05,38.902147971360385
2010-08-06,39.04761904761905
2010-08-09,40.0
2010-08-10,40.23809523809524
2010-08-11,40.476190476190474
2010-08-12,39.523809523809526
2010-08-13,39.04761904761905
2010-08-16,39.04761904761905
2010-08-17,39.523809523809526
2010-08-18,40.0
2010-08-19,40.23809523809524
2010-08-20,40.0
2010-08-23,39.76190476190476
2010-08-24,37.857142857142854
2010-08-25,36.904761904761905
2010-08-26,34.76190476190476
2010-08-27,33.57142857142857
2010-08-30,32.61904761904762
2010-08-31,31.9047619047619
2010-09-01,32.142857142857146
2010-09-02,30.714285714285715
2010-09-03,30.238095238095237
2010-09-07,30.238095238095237
2010-09-08,30.238095238095237
2010-09-09,30.714285714285715
2010-09-10,31.428571428571427
2010-09-13,32.142857142857146
2010-09-14,33.33333333333333
2010-09-15,33.80952380952381
2010-09-16,35.23809523809524
2010-09-17,35.476190476190474
2010-09-20,37.61904761904762
2010-09-21,38.095238095238095
2010-09-22,40.714285714285715
2010-09-23,42.142857142857146
2010-09-24,42.857142857142854
2010-09-27,45.0
2010-09-28,46.42857142857143
2010-09-29,48.333333333333336
2010-09-30,49.76190476190476
2010-10-01,51.42857142857142
2010-10-04,52.38095238095239
2010-10-05,53.333333333333336
2010-10-06,53.57142857142857
2010-10-07,54.52380952380952
2010-10-08,55.23809523809524
2010-10-11,55.47619047619048
2010-10-12,56.666666666666664
2010-10-13,57.61904761904761
2010-10-14,58.333333333333336
2010-10-15,58.57142857142858
2010-10-18,58.57142857142858
2010-10-19,58.57142857142858
2010-10-20,58.80952380952381
2010-10-21,59.523809523809526
2010-10-22,60.0
2010-10-25,60.952380952380956
2010-10-26,61.904761904761905
2010-10-27,62.142857142857146
2010-10-28,63.57142857142857
2010-10-29,63.095238095238095
2010-11-01,63.33333333333333
2010-11-02,63.8095238095238
2010-11-03,63.57142857142857
2010-11-04,64.04761904761904
2010-11-05,65.95238095238095
2010-11-08,66.9047619047619
2010-11-09,66.42857142857143
2010-11-10,66.19047619047619
2010-11-11,65.47619047619048
2010-11-12,65.23809523809524
2010-11-15,65.47619047619048
2010-11-16,63.8095238095238
2010-11-17,62.61904761904762
2010-11-18,61.75771971496437
2010-11-19,61.520190023752974
2010-11-22,60.33254156769596
2010-11-23,59.14489311163895
2010-11-24,59.38242280285036
2010-11-26,59.14489311163895
2010-11-29,59.38242280285036
2010-11-30,59.38242280285036
2010-12-01,58.432304038004744
2010-12-02,58.90736342042755
2010-12-03,58.66983372921615
2010-12-06,57.482185273159146
2010-12-07,56.39810426540285
2010-12-08,56.6350710900474
2010-12-09,56.16113744075829
2010-12-10,55.45023696682464
2010-12-13,54.502369668246445
2010-12-14,54.02843601895735
2010-12-15,53.90070921985816
2010-12-16,54.84633569739953
2010-12-17,56.50118203309693
2010-12-20,58.156028368794324
2010-12-21,58.156028368794324
2010-12-22,59.33806146572104
2010-12-23,60.28368794326241
2010-12-27,61.702127659574465
2010-12-28,62.64775413711584
2010-12-29,63.593380614657214
2010-12-30,65.01182033096927
2010-12-31,66.19385342789597
2011-01-03,66.66666666666666
2011-01-04,67.84869976359337
2011-01-05,68.79432624113475
2011-01-06,69.50354609929079
2011-01-07,69.97635933806147
2011-01-10,71.15839243498819
2011-01-11,71.39479905437352
2011-01-12,70.92198581560284
2011-01-13,71.63120567375887
2011-01-14,72.3404255319149
2011-01-18,72.81323877068559
2011-01-19,72.57683215130024
2011-01-20,72.81323877068559
2011-01-21,72.10401891252955
2011-01-24,71.15839243498819
2011-01-25,71.63120567375887
2011-01-26,71.39479905437352
2011-01-27,72.57683215130024
2011-01-28,71.39479905437352
2011-01-31,69.50354609929079
2011-02-01,69.26713947990544
2011-02-02,69.97635933806147
2011-02-03,70.44917257683215
2011-02-04,69.26713947990544
2011-02-07,70.44917257683215
2011-02-08,70.2127659574468
2011-02-09,70.6855791962175
2011-02-10,70.92198581560284
2011-02-11,70.51886792452831
2011-02-14,71.22641509433963
2011-02-15,70.99056603773585
2011-02-16,71.4622641509434
2011-02-17,72.16981132075472
2011-02-18,73.34905660377359
2011-02-22,74.05660377358491
2011-02-23,73.34905660377359
2011-02-24,72.64150943396226
2011-02-25,71.69811320754717
2011-02-28,71.69811320754717
2011-03-01,71.22641509433963
2011-03-02,71.93396226415094
2011-03-03,73.11320754716981
2011-03-04,73.82075471698113
2011-03-07,74.52830188679245
2011-03-08,73.82075471698113
2011-03-09,72.64150943396226
2011-03-10,71.52941176470588
2011-03-11,71.29411764705881
2011-03-14,69.88235294117648
2011-03-15,67.52941176470588
2011-03-16,65.64705882352942
2011-03-17,64.0
2011-03-18,60.47058823529412
2011-03-21,57.41176470588235
2011-03-22,51.87793427230047
2011-03-23,50.46948356807511
2011-03-24,49.53051643192488
2011-03-25,50.23474178403756
2011-03-28,48.59154929577465
2011-03-29,48.35680751173709
2011-03-30,48.24355971896955
2011-03-31,48.47775175644028
2011-04-01,48.24355971896955
2011-04-04,48.47775175644028
2011-04-05,48.711943793911004
2011-04-06,47.540983606557376
2011-04-07,46.8384074941452
2011-04-08,48.94613583138173
2011-04-11,47.306791569086656
2011-04-12,48.711943793911004
2011-04-13,51.288056206088996
2011-04-14,54.332552693208434
2011-04-15,57.61124121779859
2011-04-18,59.250585480093676
2011-04-19,60.187353629976585
2011-04-20,62.295081967213115
2011-04-21,63.934426229508205
2011-04-25,64.40281030444966
2011-04-26,64.87119437939111
2011-04-27,65.807962529274
2011-04-28,67.68149882903981
2011-04-29,68.61826697892272
2011-05-02,69.08665105386417
2011-05-03,69.55503512880561
2011-05-04,69.78922716627635
2011-05-05,70.02341920374707
2011-05-06,68.61826697892272
2011-05-09,67.91569086651053
2011-05-10,68.85245901639344
2011-05-11,68.38407494145198
2011-05-12,68.61826697892272
2011-05-13,69.3208430913349
2011-05-16,69.3208430913349
2011-05-17,69.55503512880561
2011-05-18,69.55503512880561
2011-05-19,70.2576112412178
2011-05-20,70.2576112412178
2011-05-23,69.78922716627635
2011-05-24,69.08665105386417
2011-05-25,67.91569086651053
2011-05-26,64.16861826697892
2011-05-27,60.88992974238876
2011-05-31,58.78220140515222
2011-06-01,56.674473067915685
2011-06-02,55.97189695550351
2011-06-03,53.161592505854806
2011-06-06,50.585480093676814
2011-06-07,48.47775175644028
2011-06-08,47.07259953161593
2011-06-09,44.26229508196721
2011-06-10,41.92037470725995
2011-06-13,39.34426229508197
2011-06-14,37.704918032786885
2011-06-15,36.768149882903984
2011-06-16,34.42622950819672
2011-06-17,31.381733021077284
2011-06-20,28.337236533957842
2011-06-21,25.995316159250585
2011-06-22,24.59016393442623
2011-06-23,22.01405152224824
2011-06-24,20.794392523364486
2011-06-27,18.69158878504673
2011-06-28,17.056074766355138
2011-06-29,15.654205607476634
2011-06-30,14.953271028037381
2011-07-01,15.887850467289718
2011-07-05,16.588785046728972
2011-07-06,17.523364485981308
2011-07-07,20.327102803738317
2011-07-08,23.83177570093458
2011-07-11,27.80373831775701
2011-07-12,31.308411214953267
2011-07-13,32.94392523364486
2011-07-14,36.68224299065421
2011-07-15,39.018691588785046
2011-07-18,41.35514018691589
2011-07-19,45.09345794392524
2011-07-20,46.96261682242991
2011-07-21,47.19626168224299
2011-07-22,48.36448598130841
2011-07-25,49.06542056074766
2011-07-26,51.16822429906542
2011-07-27,51.86915887850467
2011-07-28,51.86915887850467
2011-07-29,50.0
2011-08-01,48.598130841121495
2011-08-02,44.85981308411215
2011-08-03,41.58878504672897
2011-08-04,35.51401869158878
2011-08-05,29.906542056074763
2011-08-08,24.299065420560748
2011-08-09,20.794392523364486
2011-08-10,17.289719626168225
2011-08-11,15.42056074766355
2011-08-12,13.317757009345794
2011-08-15,12.850467289719624
2011-08-16,11.448598130841122
2011-08-17,9.813084112149532
2011-08-18,8.411214953271028
2011-08-19,6.775700934579438
2011-08-22,4.672897196261682
2011-08-23,4.205607476635514
2011-08-24,3.5046728971962615
2011-08-25,2.803738317757009
2011-08-26,2.102803738317757
2011-08-29,2.336448598130841
2011-08-30,2.336448598130841
2011-08-31,2.102803738317757
2011-09-01,2.336448598130841
2011-09-02,3.5046728971962615
2011-09-06,3.7383177570093453
2011-09-07,5.607476635514018
2011-09-08,6.5420560747663545
2011-09-09,7.476635514018691
2011-09-12,8.878504672897195
2011-09-13,10.046728971962617
2011-09-14,10.046728971962617
2011-09-15,10.74766355140187
2011-09-16,11.214953271028037
2011-09-19,13.785046728971961
2011-09-20,16.355140186915886
2011-09-21,18.457943925233643
2011-09-22,18.457943925233643
2011-09-23,18.925233644859812
2011-09-26,19.39252336448598
2011-09-27,19.626168224299064
2011-09-28,18.457943925233643
2011-09-29,18.69158878504673
2011-09-30,17.523364485981308
2011-10-03,16.822429906542055
2011-10-04,16.355140186915886
2011-10-05,16.588785046728972
2011-10-06,15.42056074766355
2011-10-07,15.42056074766355
2011-10-10,15.654205607476634
2011-10-11,15.654205607476634
2011-10-12,15.887850467289718
2011-10-13,15.85081585081585
2011-10-14,15.61771561771562
2011-10-17,15.85081585081585
2011-10-18,16.083916083916083
2011-10-19,15.61771561771562
2011-10-20,16.083916083916083
2011-10-21,16.783216783216783
2011-10-24,17.24941724941725
2011-10-25,16.783216783216783
2011-10-26,17.24941724941725
2011-10-27,17.94871794871795
2011-10-28,18.64801864801865
2011-10-31,18.64801864801865
2011-11-01,19.813519813519815
2011-11-02,21.445221445221446
2011-11-03,22.843822843822846
2011-11-04,24.00932400932401
2011-11-07,24.475524475524477
2011-11-08,24.941724941724942
2011-11-09,26.107226107226104
2011-11-10,26.107226107226104
2011-11-11,26.340326340326342
2011-11-14,27.03962703962704
2011-11-15,27.27272727272727
2011-11-16,27.73892773892774
2011-11-17,27.674418604651162
2011-11-18,27.209302325581397
2011-11-21,26.976744186046513
2011-11-22,26.27906976744186
2011-11-23,25.348837209302328
2011-11-25,24.88372093023256
2011-11-28,24.418604651162788
2011-11-29,24.88372093023256
2011-11-30,25.116279069767444
2011-12-01,25.581395348837212
2011-12-02,26.51162790697674
2011-12-05,26.976744186046513
2011-12-06,27.674418604651162
2011-12-07,27.674418604651162
2011-12-08,27.209302325581397
2011-12-09,27.674418604651162
2011-12-12,28.13953488372093
2011-12-13,27.906976744186046
2011-12-14,25.581395348837212
2011-12-15,25.348837209302328
2011-12-16,25.116279069767444
2011-12-19,25.116279069767444
2011-12-20,26.046511627906977
2011-12-21,27.209302325581397
2011-12-22,28.837209302325583
2011-12-23,30.697674418604652
2011-12-27,32.55813953488372
2011-12-28,33.25581395348837
2011-12-29,34.18604651162791
2011-12-30,34.418604651162795
2012-01-03,34.418604651162795
2012-01-04,34.418604651162795
2012-01-05,35.116279069767444
2012-01-06,34.651162790697676
2012-01-09,34.883720930232556
2012-01-10,35.581395348837205
2012-01-11,36.27906976744186
2012-01-12,37.67441860465116
2012-01-13,37.906976744186046
2012-01-17,39.06976744186046
2012-01-18,40.93023255813954
2012-01-19,42.32558139534884
2012-01-20,43.02325581395349
2012-01-23,43.48837209302325
2012-01-24,45.348837209302324
2012-01-25,46.74418604651163
2012-01-26,47.20930232558139
2012-01-27,48.372093023255815
2012-01-30,49.06976744186046
2012-01-31,49.53488372093023
2012-02-01,50.0
2012-02-02,50.93023255813953
2012-02-03,51.162790697674424
2012-02-06,51.3953488372093
2012-02-07,53.48837209302325
2012-02-08,54.292343387471
2012-02-09,55.4524361948956
2012-02-10,55.4524361948956
2012-02-13,55.91647331786543
2012-02-14,57.540603248259856
2012-02-15,58.70069605568445
2012-02-16,60.092807424593964
2012-02-17,60.556844547563806
2012-02-21,61.25290023201856
2012-02-22,60.78886310904872
2012-02-23,61.7169373549884
2012-02-24,63.341067285382834
2012-02-27,64.50116009280742
2012-02-28,65.4292343387471
2012-02-29,66.8213457076566
2012-03-01,66.5893271461717
2012-03-02,67.28538283062645
2012-03-05,68.21345707656613
2012-03-06,68.44547563805105
2012-03-07,67.05336426914154
2012-03-08,66.8213457076566
2012-03-09,66.12529002320186
2012-03-12,64.96519721577727
2012-03-13,66.12529002320186
2012-03-14,66.12529002320186
2012-03-15,67.98143851508121
2012-03-16,68.21345707656613
2012-03-19,68.44547563805105
2012-03-20,68.67749419953596
2012-03-21,67.98143851508121
2012-03-22,67.98143851508121
2012-03-23,67.28538283062645
2012-03-26,67.28538283062645
2012-03-27,67.05336426914154
2012-03-28,67.28538283062645
2012-03-29,67.05336426914154
2012-03-30,66.5893271461717
2012-04-02,68.21345707656613
2012-04-03,69.60556844547564
2012-04-04,71.22969837587007
2012-04-05,72.38979118329466
2012-04-09,72.38979118329466
2012-04-10,71.6937354988399
2012-04-11,70.53364269141531
2012-04-12,67.36111111111111
2012-04-13,65.74074074074075
2012-04-16,64.81481481481481
2012-04-17,63.888888888888886
2012-04-18,63.19444444444444
2012-04-19,61.111111111111114
2012-04-20,59.72222222222222
2012-04-23,58.56481481481482
2012-04-24,57.407407407407405
2012-04-25,54.629629629629626
2012-04-26,54.39814814814815
2012-04-27,52.54629629629629
2012-04-30,51.157407407407405
2012-05-01,50.46296296296296
2012-05-02,48.842592592592595
2012-05-03,48.842592592592595
2012-05-04,48.842592592592595
2012-05-07,49.074074074074076
2012-05-08,48.148148148148145
2012-05-09,49.074074074074076
2012-05-10,49.30555555555556
2012-05-11,48.148148148148145
2012-05-14,47.22222222222222
2012-05-15,46.4203233256351
2012-05-16,44.34180138568129
2012-05-17,43.187066974595844
2012-05-18,40.09216589861751
2012-05-21,38.0184331797235
2012-05-22,38.0184331797235
2012-05-23,37.55760368663594
2012-05-24,37.327188940092164
2012-05-25,35.714285714285715
2012-05-29,34.10138248847927
2012-05-30,32.94930875576037
2012-05-31,30.87557603686636
2012-06-01,28.57142857142857
2012-06-04,26.72811059907834
2012-06-05,24.88479262672811
2012-06-06,24.65437788018433
2012-06-07,24.193548387096776
2012-06-08,23.27188940092166
2012-06-11,22.350230414746544
2012-06-12,21.19815668202765
2012-06-13,21.19815668202765
2012-06-14,20.737327188940093
2012-06-15,20.967741935483872
2012-06-18,22.350230414746544
2012-06-19,24.42396313364055
2012-06-20,24.88479262672811
2012-06-21,25.57603686635945
2012-06-22,25.806451612903224
2012-06-25,26.497695852534562
2012-06-26,26.72811059907834
2012-06-27,26.95852534562212
2012-06-28,27.419354838709676
2012-06-29,28.50574712643678
2012-07-02,31.95402298850575
2012-07-03,35.172413793103445
2012-07-05,40.45977011494253
2012-07-06,40.45977011494253
2012-07-09,41.60919540229885
2012-07-10,43.9080459770115
2012-07-11,44.827586206896555
2012-07-12,45.51724137931035
2012-07-13,46.43678160919541
2012-07-16,47.58620689655172
2012-07-17,48.275862068965516
2012-07-18,48.275862068965516
2012-07-19,48.275862068965516
2012-07-20,47.477064220183486
2012-07-23,47.706422018348626
2012-07-24,48.1651376146789
2012-07-25,47.935779816513765
2012-07-26,48.1651376146789
2012-07-27,48.1651376146789
2012-07-30,48.62385321100918
2012-07-31,48.62385321100918
2012-08-01,47.935779816513765
2012-08-02,47.018348623853214
2012-08-03,46.788990825688074
2012-08-06,46.559633027522935
2012-08-07,46.330275229357795
2012-08-08,45.87155963302752
2012-08-09,46.330275229357795
2012-08-10,46.788990825688074
2012-08-13,47.706422018348626
2012-08-14,47.935779816513765
2012-08-15,47.24770642201835
2012-08-16,46.559633027522935
2012-08-17,47.018348623853214
2012-08-20,46.788990825688074
2012-08-21,47.24770642201835
2012-08-22,47.018348623853214
2012-08-23,48.1651376146789
2012-08-24,49.31192660550459
2012-08-27,48.853211009174316
2012-08-28,47.706422018348626
2012-08-29,47.018348623853214
2012-08-30,47.706422018348626
2012-08-31,47.706422018348626
2012-09-04,47.477064220183486
2012-09-05,48.1651376146789
2012-09-06,48.39449541284404
2012-09-07,49.54128440366973
2012-09-10,50.68807339449541
2012-09-11,51.37614678899083
2012-09-12,52.06422018348624
2012-09-13,52.522935779816514
2012-09-14,54.357798165137616
2012-09-17,55.27522935779816
2012-09-18,55.04587155963303
2012-09-19,55.04587155963303
2012-09-20,55.04587155963303
2012-09-21,54.12844036697248
2012-09-24,53.899082568807344
2012-09-25,54.58715596330275
2012-09-26,55.04587155963303
2012-09-27,55.27522935779816
2012-09-28,55.27522935779816
2012-10-01,55.96330275229357
2012-10-02,56.42201834862385
2012-10-03,56.19266055045872
2012-10-04,56.65137614678899
2012-10-05,56.42201834862385
2012-10-08,56.65137614678899
2012-10-09,56.88073394495413
2012-10-10,55.96330275229357
2012-10-11,55.27522935779816
2012-10-12,54.109589041095894
2012-10-15,53.42465753424658
2012-10-16,54.109589041095894
2012-10-17,53.42465753424658
2012-10-18,52.73972602739726
2012-10-19,51.369863013698634
2012-10-22,50.2283105022831
2012-10-23,48.63013698630137
2012-10-24,47.94520547945205
2012-10-25,47.03196347031963
2012-10-26,46.80365296803653
2012-10-31,46.57534246575342
2012-11-01,46.57534246575342
2012-11-02,45.20547945205479
2012-11-05,44.06392694063927
2012-11-06,43.37899543378995
2012-11-07,42.69406392694064
2012-11-08,40.8675799086758
2012-11-09,39.26940639269406
2012-11-12,38.35616438356164
2012-11-13,36.757990867579906
2012-11-14,34.01826484018265
2012-11-15,33.56164383561644
2012-11-16,30.82191780821918
2012-11-19,29.45205479452055
2012-11-20,29.908675799086758
2012-11-21,29.22374429223744
2012-11-23,29.45205479452055
2012-11-26,29.22374429223744
2012-11-27,30.36529680365297
2012-11-28,30.82191780821918
2012-11-29,32.87671232876712
2012-11-30,32.64840182648402
2012-12-03,31.7351598173516
2012-12-04,32.42009132420091
2012-12-05,32.42009132420091
2012-12-06,31.963470319634702
2012-12-07,33.10502283105023
2012-12-10,33.33333333333333
2012-12-11,35.61643835616438
2012-12-12,36.986301369863014
2012-12-13,37.44292237442922
2012-12-14,40.41095890410959
2012-12-17,42.922374429223744
2012-12-18,47.03196347031963
2012-12-19,49.31506849315068
2012-12-20,51.598173515981735
2012-12-21,53.65296803652968
2012-12-24,54.5662100456621
2012-12-26,54.5662100456621
2012-12-27,55.93607305936074
2012-12-28,56.39269406392694
2012-12-31,57.30593607305936
2013-01-02,56.71981776765376
2013-01-03,57.85876993166287
2013-01-04,58.08656036446469
2013-01-07,58.31435079726651
2013-01-08,58.31435079726651
2013-01-09,59.90888382687927
2013-01-10,61.04783599088838
2013-01-11,61.50341685649203
2013-01-14,61.04783599088838
2013-01-15,63.097949886104786
2013-01-16,64.2369020501139
2013-01-17,64.69248291571755
2013-01-18,65.45454545454545
2013-01-22,66.81818181818183
2013-01-23,67.5
2013-01-24,68.63636363636364
2013-01-25,69.77272727272728
2013-01-28,70.0
2013-01-29,70.22727272727273
2013-01-30,71.36363636363636
2013-01-31,71.81818181818181
2013-02-01,72.56235827664399
2013-02-04,73.69614512471655
2013-02-05,73.69614512471655
2013-02-06,73.24263038548753
2013-02-07,74.14965986394559
2013-02-08,75.28344671201815
2013-02-11,75.05668934240363
2013-02-12,75.51020408163265
2013-02-13,75.96371882086169
2013-02-14,76.41723356009071
2013-02-15,76.64399092970523
2013-02-19,76.19047619047619
2013-02-20,76.19047619047619
2013-02-21,76.19047619047619
2013-02-22,75.51020408163265
2013-02-25,75.73696145124717
2013-02-26,74.82993197278913
2013-02-27,74.14965986394559
2013-02-28,74.37641723356009
2013-03-01,74.14965986394559
2013-03-04,74.37641723356009
2013-03-05,74.60317460317461
2013-03-06,72.78911564625851
2013-03-07,72.33560090702947
2013-03-08,71.42857142857143
2013-03-11,70.52154195011337
2013-03-12,70.06802721088435
2013-03-13,69.84126984126983
2013-03-14,69.1609977324263
2013-03-15,68.48072562358276
2013-03-18,68.48072562358276
2013-03-19,67.12018140589569
2013-03-20,66.66666666666666
2013-03-21,67.3469387755102
2013-03-22,68.02721088435374
2013-03-25,68.93424036281179
2013-03-26,69.84126984126983
2013-03-27,70.97505668934241
2013-03-28,70.97505668934241
2013-04-01,71.42857142857143
2013-04-02,72.56235827664399
2013-04-03,72.56235827664399
2013-04-04,71.88208616780045
2013-04-05,71.65532879818595
2013-04-08,72.56235827664399
2013-04-09,70.29478458049887
2013-04-10,70.97505668934241
2013-04-11,70.74829931972789
2013-04-12,70.29478458049887
2013-04-15,68.48072562358276
2013-04-16,67.3469387755102
2013-04-17,65.5328798185941
2013-04-18,65.07936507936508
2013-04-19,64.17233560090703
2013-04-22,63.26530612244898
2013-04-23,61.904761904761905
2013-04-24,62.131519274376416
2013-04-25,60.770975056689345
2013-04-26,60.090702947845806
2013-04-29,60.317460317460316
2013-04-30,60.770975056689345
2013-05-01,61.224489795918366
2013-05-02,61.67800453514739
2013-05-03,62.81179138321995
2013-05-06,63.94557823129252
2013-05-07,64.39909297052154
2013-05-08,64.62585034013605
2013-05-09,64.47963800904978
2013-05-10,66.06334841628959
2013-05-13,65.83710407239819
2013-05-14,67.64705882352942
2013-05-15,69.00452488687783
2013-05-16,71.49321266968326
2013-05-17,75.7918552036199
2013-05-20,78.50678733031674
2013-05-21,80.99547511312217
2013-05-22,80.99547511312217
2013-05-23,82.80542986425338
2013-05-24,83.48416289592761
2013-05-28,83.0316742081448
2013-05-29,83.2579185520362
2013-05-30,82.57918552036199
2013-05-31,81.22171945701358
2013-06-03,80.09049773755656
2013-06-04,79.41176470588235
2013-06-05,77.60180995475113
2013-06-06,76.47058823529412
2013-06-07,75.1131221719457
2013-06-10,73.7556561085973
2013-06-11,71.94570135746606
2013-06-12,70.13574660633483
2013-06-13,68.09954751131222
2013-06-14,65.38461538461539
2013-06-17,63.57466063348416
2013-06-18,61.76470588235294
2013-06-19,59.909909909909906
2013-06-20,56.75675675675676
2013-06-21,55.63063063063063
2013-06-24,54.054054054054056
2013-06-25,51.126126126126124
2013-06-26,48.873873873873876
2013-06-27,45.84269662921348
2013-06-28,42.47191011235955
2013-07-01,39.7752808988764
2013-07-02,37.97752808988764
2013-07-03,36.853932584269664
2013-07-05,37.07865168539326
2013-07-08,37.30337078651685
2013-07-09,37.30337078651685
2013-07-10,37.07865168539326
2013-07-11,37.30337078651685
2013-07-12,40.0
2013-07-15,40.67415730337079
2013-07-16,43.146067415730336
2013-07-17,45.1685393258427
2013-07-18,45.61797752808989
2013-07-19,48.08988764044943
2013-07-22,53.93258426966292
2013-07-23,57.97752808988764
2013-07-24,62.47191011235955
2013-07-25,66.74157303370787
2013-07-26,70.33707865168539
2013-07-29,71.68539325842697
2013-07-30,74.38202247191012
2013-07-31,75.28089887640449
2013-08-01,76.62921348314606
2013-08-02,77.97752808988764
2013-08-05,77.75280898876404
2013-08-06,77.75280898876404
2013-08-07,78.20224719101122
2013-08-08,78.20224719101122
2013-08-09,77.75280898876404
2013-08-12,77.30337078651685
2013-08-13,77.07865168539327
2013-08-14,76.40449438202246
2013-08-15,75.50561797752809
2013-08-16,73.25842696629213
2013-08-19,72.13483146067415
2013-08-20,71.23595505617978
2013-08-21,69.88764044943821
2013-08-22,68.98876404494382
2013-08-23,67.64044943820224
2013-08-26,65.1685393258427
2013-08-27,63.146067415730336
2013-08-28,60.0
2013-08-29,57.528089887640455
2013-08-30,53.93258426966292
2013-09-03,48.53932584269663
2013-09-04,45.61797752808989
2013-09-05,41.79775280898876
2013-09-06,39.10112359550561
2013-09-09,38.42696629213483
2013-09-10,37.52808988764045
2013-09-11,37.07865168539326
2013-09-12,36.62921348314607
2013-09-13,35.50561797752809
2013-09-16,35.95505617977528
2013-09-17,37.30337078651685
2013-09-18,38.87640449438202
2013-09-19,39.7752808988764
2013-09-20,42.247191011235955
2013-09-23,43.82022471910113
2013-09-24,45.1685393258427
2013-09-25,46.741573033707866
2013-09-26,47.86516853932584
2013-09-27,49.8876404494382
2013-09-30,52.13483146067416
2013-10-01,54.831460674157306
2013-10-02,56.62921348314607
2013-10-03,57.97752808988764
2013-10-04,58.42696629213483
2013-10-07,59.55056179775281
2013-10-08,60.449438202247194
2013-10-09,60.22471910112359
2013-10-10,60.22471910112359
2013-10-11,60.67415730337079
2013-10-14,61.12359550561798
2013-10-15,60.449438202247194
2013-10-16,61.12359550561798
2013-10-17,61.12359550561798
2013-10-18,60.89887640449439
2013-10-21,62.022471910112365
2013-10-22,63.59550561797753
2013-10-23,63.59550561797753
2013-10-24,63.82022471910113
2013-10-25,64.49438202247191
2013-10-28,65.3932584269663
2013-10-29,66.51685393258427
2013-10-30,66.29213483146067
2013-10-31,66.74157303370787
2013-11-01,66.96629213483146
2013-11-04,68.53932584269663
2013-11-05,68.53932584269663
2013-11-06,68.53932584269663
2013-11-07,68.76404494382022
2013-11-08,68.98876404494382
2013-11-11,68.76404494382022
2013-11-12,68.31460674157303
2013-11-13,68.08988764044945
2013-11-14,68.76404494382022
2013-11-15,68.53932584269663
2013-11-18,67.9372197309417
2013-11-19,68.60986547085201
2013-11-20,68.16143497757847
2013-11-21,68.83408071748879
2013-11-22,68.38565022421524
2013-11-25,68.60986547085201
2013-11-26,68.60986547085201
2013-11-27,67.71300448430493
2013-11-29,68.38565022421524
2013-12-02,67.71300448430493
2013-12-03,67.9372197309417
2013-12-04,67.04035874439462
2013-12-05,66.14349775784754
2013-12-06,66.14349775784754
2013-12-09,67.04035874439462
2013-12-10,66.3677130044843
2013-12-11,65.69506726457399
2013-12-12,64.65324384787472
2013-12-13,63.31096196868009
2013-12-16,62.639821029082775
2013-12-17,60.62639821029083
2013-12-18,59.95525727069351
2013-12-19,58.836689038031324
2013-12-20,59.06040268456376
2013-12-23,59.95525727069351
2013-12-24,59.06040268456376
2013-12-26,57.71812080536913
2013-12-27,57.494407158836694
2013-12-30,58.61297539149888
2013-12-31,59.28411633109619
2014-01-02,59.95525727069351
2014-01-03,60.178970917225946
2014-01-06,59.95525727069351
2014-01-07,61.521252796420576
2014-01-08,61.96868008948546
2014-01-09,62.639821029082775
2014-01-10,62.41610738255034
2014-01-13,63.08724832214765
2014-01-14,64.42953020134227
2014-01-15,64.87695749440716
2014-01-16,65.99552572706935
2014-01-17,65.99552572706935
2014-01-21,65.99552572706935
2014-01-22,65.32438478747203
2014-01-23,65.54809843400447
2014-01-24,65.1006711409396
2014-01-27,63.08724832214765
2014-01-28,61.521252796420576
2014-01-29,59.95525727069351
2014-01-30,58.38926174496645
2014-01-31,55.70469798657718
2014-02-03,54.80984340044742
2014-02-04,52.12527964205817
2014-02-05,49.21700223713646
2014-02-06,48.09843400447427
2014-02-07,46.97986577181208
2014-02-10,45.19015659955257
2014-02-11,42.95302013422819
2014-02-12,43.624161073825505
2014-02-13,43.624161073825505
2014-02-14,42.95302013422819
2014-02-18,41.83445190156599
2014-02-19,40.49217002237137
2014-02-20,42.05816554809844
2014-02-21,41.61073825503356
2014-02-24,41.387024608501115
2014-02-25,41.387024608501115
2014-02-26,41.83445190156599
2014-02-27,42.505592841163306
2014-02-28,44.29530201342282
2014-03-03,46.308724832214764
2014-03-04,49.21700223713646
2014-03-05,51.90156599552572
2014-03-06,53.46756152125279
2014-03-07,55.257270693512304
2014-03-10,57.94183445190156
2014-03-11,59.95525727069351
2014-03-12,61.74496644295302
2014-03-13,63.31096196868009
2014-03-14,64.20581655480984
2014-03-17,64.42953020134227
2014-03-18,65.54809843400447
2014-03-19,67.56152125279642
2014-03-20,67.78523489932886
2014-03-21,68.45637583892618
2014-03-24,69.35123042505593
2014-03-25,69.79865771812081
2014-03-26,69.57494407158836
2014-03-27,69.57494407158836
2014-03-28,68.90380313199105
2014-03-31,68.68008948545862
2014-04-01,68.45637583892618
2014-04-02,68.45637583892618
2014-04-03,67.78523489932886
2014-04-04,66.66666666666666
2014-04-07,65.1006711409396
2014-04-08,61.96868008948546
2014-04-09,60.178970917225946
2014-04-10,57.494407158836694
2014-04-11,55.257270693512304
2014-04-14,52.348993288590606
2014-04-15,50.22321428571429
2014-04-16,47.32142857142857
2014-04-17,45.3125
2014-04-21,43.526785714285715
2014-04-22,42.63392857142857
2014-04-23,43.30357142857143
2014-04-24,41.517857142857146
2014-04-25,41.07142857142857
2014-04-28,41.294642857142854
2014-04-29,40.848214285714285
2014-04-30,40.625
2014-05-01,38.169642857142854
2014-05-02,37.5
2014-05-05,36.830357142857146
2014-05-06,36.160714285714285
2014-05-07,37.05357142857143
2014-05-08,37.05357142857143
2014-05-09,37.276785714285715
2014-05-12,39.285714285714285
2014-05-13,41.74107142857143
2014-05-14,44.86607142857143
2014-05-15,46.205357142857146
2014-05-16,47.32142857142857
2014-05-19,48.214285714285715
2014-05-20,48.214285714285715
2014-05-21,48.4375
2014-05-22,49.55357142857143
2014-05-23,49.55357142857143
2014-05-27,50.66964285714286
2014-05-28,50.66964285714286
2014-05-29,51.78571428571429
2014-05-30,52.23214285714286
2014-06-02,52.23214285714286
2014-06-03,52.90178571428571
2014-06-04,53.79464285714286
2014-06-05,57.14285714285714
2014-06-06,59.02004454342984
2014-06-09,60.35634743875279
2014-06-10,61.46993318485523
2014-06-11,62.1380846325167
2014-06-12,62.58351893095768
2014-06-13,64.14253897550111
2014-06-16,65.47884187082406
2014-06-17,66.14699331848553
2014-06-18,66.36971046770601
2014-06-19,67.48329621380846
2014-06-20,69.26503340757239
2014-06-23,69.71046770601336
2014-06-24,69.48775055679288
2014-06-25,69.71046770601336
2014-06-26,69.93318485523386
2014-06-27,70.37861915367483
2014-06-30,70.60133630289532
2014-07-01,71.71492204899778
2014-07-02,72.60579064587974
2014-07-03,72.38307349665925
2014-07-07,71.93763919821826
2014-07-08,70.60133630289532
2014-07-09,70.60133630289532
2014-07-10,69.04231625835189
2014-07-11,68.8195991091314
2014-07-14,69.26503340757239
2014-07-15,69.04231625835189
2014-07-16,69.26503340757239
2014-07-17,69.48775055679288
2014-07-18,69.26503340757239
2014-07-21,68.15144766146993
2014-07-22,66.36971046770601
2014-07-23,67.26057906458797
2014-07-24,66.59242761692651
2014-07-25,66.14699331848553
2014-07-28,64.81069042316258
2014-07-29,64.14253897550111
2014-07-30,62.360801781737194
2014-07-31,59.111111111111114
2014-08-01,55.55555555555556
2014-08-04,51.55555555555556
2014-08-05,49.111111111111114
2014-08-06,46.0
2014-08-07,42.22222222222222
2014-08-08,39.55555555555556
2014-08-11,38.44444444444444
2014-08-12,36.22222222222222
2014-08-13,36.22222222222222
2014-08-14,34.88888888888889
2014-08-15,34.44444444444444
2014-08-18,34.66666666666667
2014-08-19,34.66666666666667
2014-08-20,35.333333333333336
2014-08-21,33.33333333333333
2014-08-22,33.111111111111114
2014-08-25,32.22222222222222
2014-08-26,32.44444444444444
2014-08-27,34.22222222222222
2014-08-28,34.66666666666667
2014-08-29,35.11111111111111
2014-09-02,39.111111111111114
2014-09-03,41.11111111111111
2014-09-04,43.77777777777778
2014-09-05,47.55555555555556
2014-09-08,49.77777777777778
2014-09-09,54.0
2014-09-10,56.44444444444444
2014-09-11,58.88888888888889
2014-09-12,60.44444444444444
2014-09-15,62.0
2014-09-16,63.11111111111111
2014-09-17,62.66666666666667
2014-09-18,62.88888888888889
2014-09-19,61.33333333333333
2014-09-22,59.77777777777777
2014-09-23,58.666666666666664
2014-09-24,58.09312638580931
2014-09-25,57.64966740576497
2014-09-26,56.54101995565411
2014-09-29,55.87583148558758
2014-09-30,54.54545454545454
2014-10-01,52.993348115299334
2014-10-02,50.99778270509978
2014-10-03,49.00221729490023
2014-10-06,47.45011086474501
2014-10-07,44.789356984478935
2014-10-08,44.345898004434595
2014-10-09,41.68514412416852
2014-10-10,38.13747228381374
2014-10-13,33.25942350332594
2014-10-14,32.15077605321508
2014-10-15,28.824833702882486
2014-10-16,25.942350332594234
2014-10-17,23.28159645232816
2014-10-20,20.79646017699115
2014-10-21,18.805309734513273
2014-10-22,18.58407079646018
2014-10-23,18.36283185840708
2014-10-24,19.690265486725664
2014-10-27,20.353982300884958
2014-10-28,23.23008849557522
2014-10-29,24.778761061946902
2014-10-30,26.991150442477874
2014-10-31,28.98230088495575
2014-11-03,29.867256637168143
2014-11-04,30.973451327433626
2014-11-05,33.4070796460177
2014-11-06,35.39823008849557
2014-11-07,37.389380530973455
2014-11-10,40.04424778761062
2014-11-11,43.80530973451327
2014-11-12,46.68141592920354
2014-11-13,52.43362831858407
2014-11-14,55.530973451327434
2014-11-17,57.52212389380531
2014-11-18,59.51327433628318
2014-11-19,60.61946902654868
2014-11-20,61.94690265486725
2014-11-21,62.16814159292036
2014-11-24,62.83185840707964
2014-11-25,63.93805309734514
2014-11-26,64.15929203539822
2014-11-28,64.82300884955751
2014-12-01,65.2654867256637
2014-12-02,65.48672566371681
2014-12-03,65.7079646017699
2014-12-04,67.03539823008849
2014-12-05,67.2566371681416
2014-12-08,67.2566371681416
2014-12-09,68.36283185840708
2014-12-10,68.80530973451327
2014-12-11,69.46902654867256
2014-12-12,68.36283185840708
2014-12-15,68.14159292035397
2014-12-16,67.47787610619469
2014-12-17,68.14159292035397
2014-12-18,68.80530973451327
2014-12-19,69.46902654867256
2014-12-22,70.79646017699115
2014-12-23,70.35398230088495
2014-12-24,70.35398230088495
2014-12-26,71.01769911504425
2014-12-29,71.46017699115043
2014-12-30,69.91150442477876
2014-12-31,69.24778761061947
2015-01-02,68.58407079646017
2015-01-05,65.48672566371681
2015-01-06,63.716814159292035
2015-01-07,62.83185840707964
2015-01-08,61.504424778761056
2015-01-09,60.84070796460177
2015-01-12,60.39823008849557
2015-01-13,58.62831858407079
2015-01-14,58.4070796460177
2015-01-15,57.52212389380531
2015-01-16,57.07964601769911
2015-01-20,56.85840707964602
2015-01-21,55.97345132743363
2015-01-22,55.088495575221245
2015-01-23,53.09734513274337
2015-01-26,51.991150442477874
2015-01-27,50.0
2015-01-28,47.56637168141593
2015-01-29,45.79646017699115
2015-01-30,43.80530973451327
2015-02-02,42.69911504424779
2015-02-03,42.0353982300885
2015-02-04,42.69911504424779
2015-02-05,43.36283185840708
2015-02-06,44.02654867256637
2015-02-09,44.02654867256637
2015-02-10,43.141592920353986
2015-02-11,44.02654867256637
2015-02-12,45.57522123893805
2015-02-13,47.78761061946903
2015-02-17,49.7787610619469
2015-02-18,52.43362831858407
2015-02-19,53.98230088495575
2015-02-20,54.64601769911505
2015-02-23,53.98230088495575
2015-02-24,53.31858407079646
2015-02-25,52.43362831858407
2015-02-26,52.21238938053098
2015-02-27,53.09734513274337
2015-03-02,53.31858407079646
2015-03-03,54.20353982300885
2015-03-04,54.64601769911505
2015-03-05,55.309734513274336
2015-03-06,55.309734513274336
2015-03-09,55.97345132743363
2015-03-10,55.530973451327434
2015-03-11,55.309734513274336
2015-03-12,56.19469026548673
2015-03-13,56.19469026548673
2015-03-16,55.97345132743363
2015-03-17,55.309734513274336
2015-03-18,54.86725663716814
2015-03-19,54.424778761061944
2015-03-20,53.76106194690266
2015-03-23,52.876106194690266
2015-03-24,52.876106194690266
2015-03-25,52.43362831858407
2015-03-26,51.54867256637168
2015-03-27,51.10619469026548
2015-03-30,50.66371681415929
2015-03-31,50.331125827814574
2015-04-01,49.88962472406181
2015-04-02,50.11037527593819
2015-04-06,49.88962472406181
2015-04-07,49.668874172185426
2015-04-08,50.55187637969095
2015-04-09,52.09713024282561
2015-04-10,52.317880794701985
2015-04-13,52.09713024282561
2015-04-14,52.317880794701985
2015-04-15,51.65562913907284
2015-04-16,49.88962472406181
2015-04-17,48.12362030905077
2015-04-20,47.90286975717439
2015-04-21,46.13686534216336
2015-04-22,43.4878587196468
2015-04-23,43.04635761589404
2015-04-24,42.60485651214128
2015-04-27,43.4878587196468
2015-04-28,43.70860927152318
2015-04-29,41.72185430463576
2015-04-30,41.05960264900662
2015-05-01,41.501103752759384
2015-05-04,41.501103752759384
2015-05-05,40.1766004415011
2015-05-06,38.63134657836645
2015-05-07,38.18984547461369
2015-05-08,38.18984547461369
2015-05-11,36.20309050772627
2015-05-12,36.20309050772627
2015-05-13,35.54083885209713
2015-05-14,35.98233995584989
2015-05-15,36.86534216335541
2015-05-18,37.086092715231786
2015-05-19,36.20309050772627
2015-05-20,36.423841059602644
2015-05-21,35.98233995584989
2015-05-22,35.76158940397351
2015-05-26,35.98233995584989
2015-05-27,38.63134657836645
2015-05-28,39.735099337748345
2015-05-29,40.1766004415011
2015-06-01,42.16335540838852
2015-06-02,42.60485651214128
2015-06-03,43.26710816777042
2015-06-04,43.26710816777042
2015-06-05,43.4878587196468
2015-06-08,43.92935982339956
2015-06-09,44.370860927152314
2015-06-10,44.81236203090508
2015-06-11,46.57836644591612
2015-06-12,45.6953642384106
2015-06-15,45.253863134657834
2015-06-16,45.916114790286976
2015-06-17,45.916114790286976
2015-06-18,45.253863134657834
2015-06-19,44.81236203090508
2015-06-22,44.5916114790287
2015-06-23,45.033112582781456
2015-06-24,45.033112582781456
2015-06-25,45.253863134657834
2015-06-26,44.81236203090508
2015-06-29,44.150110375275936
2015-06-30,43.70860927152318
2015-07-01,43.26710816777042
2015-07-02,41.280353200883
2015-07-06,40.65934065934066
2015-07-07,40.43956043956044
2015-07-08,40.21978021978022
2015-07-09,40.43956043956044
2015-07-10,38.24175824175824
2015-07-13,38.02197802197802
2015-07-14,37.582417582417584
2015-07-15,37.362637362637365
2015-07-16,37.8021978021978
2015-07-17,38.02197802197802
2015-07-20,35.824175824175825
2015-07-21,35.604395604395606
2015-07-22,35.604395604395606
2015-07-23,35.824175824175825
2015-07-24,36.043956043956044
2015-07-27,34.285714285714285
2015-07-28,33.62637362637363
2015-07-29,35.16483516483517
2015-07-30,36.043956043956044
2015-07-31,37.362637362637365
2015-08-03,37.362637362637365
2015-08-04,37.8021978021978
2015-08-05,38.46153846153847
2015-08-06,40.21978021978022
2015-08-07,40.43956043956044
2015-08-10,40.65934065934066
2015-08-11,40.65934065934066
2015-08-12,40.65934065934066
2015-08-13,40.43956043956044
2015-08-14,39.56043956043956
2015-08-17,39.34065934065934
2015-08-18,38.681318681318686
2015-08-19,38.681318681318686
2015-08-20,36.48351648351648
2015-08-21,35.604395604395606
2015-08-24,32.967032967032964
2015-08-25,32.08791208791209
2015-08-26,30.54945054945055
2015-08-27,28.79120879120879
2015-08-28,27.692307692307693
2015-08-31,26.373626373626376
2015-09-01,25.054945054945055
2015-09-02,23.076923076923077
2015-09-03,20.87912087912088
2015-09-04,19.12087912087912
2015-09-08,17.36263736263736
2015-09-09,15.384615384615385
2015-09-10,13.626373626373626
2015-09-11,12.087912087912088
2015-09-14,10.54945054945055
2015-09-15,10.10989010989011
2015-09-16,9.670329670329672
2015-09-17,7.9120879120879115
2015-09-18,7.032967032967033
2015-09-21,6.153846153846154
2015-09-22,6.373626373626373
2015-09-23,7.9120879120879115
2015-09-24,9.230769230769232
2015-09-25,9.670329670329672
2015-09-28,9.45054945054945
2015-09-29,9.89010989010989
2015-09-30,9.670329670329672
2015-10-01,10.329670329670328
2015-10-02,11.20879120879121
2015-10-05,12.967032967032969
2015-10-06,13.406593406593407
2015-10-07,14.285714285714285
2015-10-08,15.824175824175823
2015-10-09,16.043956043956044
2015-10-12,16.923076923076923
2015-10-13,16.923076923076923
2015-10-14,16.7032967032967
2015-10-15,17.802197802197803
2015-10-16,18.461538461538463
2015-10-19,18.859649122807017
2015-10-20,18.640350877192983
2015-10-21,19.078947368421055
2015-10-22,19.956140350877195
2015-10-23,20.614035087719298
2015-10-26,21.49122807017544
2015-10-27,23.684210526315788
2015-10-28,25.438596491228072
2015-10-29,25.877192982456144
2015-10-30,26.75438596491228
2015-11-02,27.631578947368425
2015-11-03,27.631578947368425
2015-11-04,28.289473684210524
2015-11-05,28.50877192982456
2015-11-06,28.50877192982456
2015-11-09,30.263157894736842
2015-11-10,30.482456140350877
2015-11-11,31.140350877192986
2015-11-12,31.57894736842105
2015-11-13,32.45614035087719
2015-11-16,32.67543859649123
2015-11-17,32.23684210526316
2015-11-18,32.01754385964912
2015-11-19,32.16630196936542
2015-11-20,32.60393873085339
2015-11-23,33.04157549234136
2015-11-24,33.04157549234136
2015-11-25,32.16630196936542
2015-11-27,32.38512035010941
2015-11-30,32.38512035010941
2015-12-01,33.479212253829324
2015-12-02,33.69803063457331
2015-12-03,34.35448577680525
2015-12-04,33.91684901531728
2015-12-07,34.35448577680525
2015-12-08,34.35448577680525
2015-12-09,34.13566739606127
2015-12-10,34.57330415754923
2015-12-11,33.69803063457331
2015-12-14,33.04157549234136
2015-12-15,33.479212253829324
2015-12-16,33.260393873085334
2015-12-17,33.260393873085334
2015-12-18,33.260393873085334
2015-12-21,32.822757111597376
2015-12-22,32.38512035010941
2015-12-23,32.16630196936542
2015-12-24,32.16630196936542
2015-12-28,29.978118161925604
2015-12-29,28.665207877461707
2015-12-30,28.665207877461707
2015-12-31,28.665207877461707
2016-01-04,26.695842450765866
2016-01-05,27.35229759299781
2016-01-06,26.258205689277897
2016-01-07,24.945295404814004
2016-01-08,22.75711159737418
2016-01-11,21.00656455142232
2016-01-12,20.350109409190374
2016-01-13,18.38074398249453
2016-01-14,16.849015317286653
2016-01-15,15.317286652078774
2016-01-19,15.098468271334792
2016-01-20,14.00437636761488
2016-01-21,13.129102844638949
2016-01-22,12.691466083150985
2016-01-25,12.25382932166302
2016-01-26,11.597374179431071
2016-01-27,11.37855579868709
2016-01-28,10.284463894967178
2016-01-29,8.971553610503284
2016-02-01,8.533916849015318
2016-02-02,8.971553610503284
2016-02-03,10.284463894967178
2016-02-04,9.409190371991247
2016-02-05,9.409190371991247
2016-02-08,10.065645514223196
2016-02-09,10.065645514223196
2016-02-10,9.846827133479213
2016-02-11,9.409190371991247
2016-02-12,9.846827133479213
2016-02-16,9.846827133479213
2016-02-17,10.284463894967178
2016-02-18,11.37855579868709
2016-02-19,13.129102844638949
2016-02-22,14.660831509846828
2016-02-23,15.098468271334792
2016-02-24,15.75492341356674
2016-02-25,15.75492341356674
2016-02-26,16.411378555798688
2016-02-29,17.067833698030636
2016-03-01,17.72428884026258
2016-03-02,18.161925601750546
2016-03-03,19.693654266958426
2016-03-04,21.00656455142232
2016-03-07,21.88183807439825
2016-03-08,22.100656455142232
2016-03-09,24.070021881838073
2016-03-10,24.945295404814004
2016-03-11,25.601750547045953
2016-03-14,26.258205689277897
2016-03-15,27.13347921225383
2016-03-16,28.44638949671772
2016-03-17,29.540481400437635
2016-03-18,30.196936542669583
2016-03-21,31.072210065645518
2016-03-22,31.72866520787746
2016-03-23,33.260393873085334
2016-03-24,33.69803063457331
2016-03-28,34.79212253829322
2016-03-29,34.79212253829322
2016-03-30,34.79212253829322
2016-03-31,36.10503282275711
2016-04-01,36.98030634573304
2016-04-04,38.949671772428886
2016-04-05,39.606126914660834
2016-04-06,40.70021881838075
2016-04-07,42.4507658643326
2016-04-08,42.669584245076585
2016-04-11,43.32603938730853
2016-04-12,44.42013129102845
2016-04-13,44.85776805251641
2016-04-14,45.29540481400438
2016-04-15,47.26477024070022
2016-04-18,49.01531728665208
2016-04-19,49.89059080962801
2016-04-20,51.42231947483589
2016-04-21,51.64113785557986
2016-04-22,52.516411378555794
2016-04-25,53.39168490153173
2016-04-26,53.82932166301969
2016-04-27,54.48577680525164
2016-04-28,54.48577680525164
2016-04-29,54.70459518599562
2016-05-02,54.26695842450766
2016-05-03,54.04814004376368
2016-05-04,53.610503282275715
2016-05-05,52.516411378555794
2016-05-06,52.735229759299784
2016-05-09,51.85995623632385
2016-05-10,49.89059080962801
2016-05-11,50.54704595185996
2016-05-12,50.76586433260394
2016-05-13,50.54704595185996
2016-05-16,49.671772428884026
2016-05-17,46.389496717724285
2016-05-18,43.98249452954048
2016-05-19,42.4507658643326
2016-05-20,43.544857768052516
2016-05-23,43.32603938730853
2016-05-24,43.32603938730853
2016-05-25,42.88840262582057
2016-05-26,42.01312910284464
2016-05-27,41.79431072210066
2016-05-31,43.32603938730853
2016-06-01,43.32603938730853
2016-06-02,44.42013129102845
2016-06-03,45.51422319474836
2016-06-06,46.389496717724285
2016-06-07,47.4835886214442
2016-06-08,48.14004376367615
2016-06-09,48.57768052516411
2016-06-10,51.203501094091905
2016-06-13,51.64113785557986
2016-06-14,52.516411378555794
2016-06-15,52.95404814004377
2016-06-16,53.17286652078774
2016-06-17,53.39168490153173
2016-06-20,54.70459518599562
2016-06-21,55.36105032822757
2016-06-22,56.455142231947484
2016-06-23,57.54923413566739
2016-06-24,56.67396061269147
2016-06-27,55.798687089715536
2016-06-28,54.48577680525164
2016-06-29,54.04814004376368
2016-06-30,53.39168490153173
2016-07-01,52.078774617067836
2016-07-05,51.310043668122276
2016-07-06,50.0
2016-07-07,49.56331877729257
2016-07-08,50.87336244541485
2016-07-11,50.43668122270743
2016-07-12,49.56331877729257
2016-07-13,51.96506550218341
2016-07-14,53.05676855895196
2016-07-15,53.930131004366814
2016-07-18,54.58515283842795
2016-07-19,54.58515283842795
2016-07-20,55.67685589519651
2016-07-21,56.55021834061136
2016-07-22,57.20524017467249
2016-07-25,56.76855895196506
2016-07-26,59.1703056768559
2016-07-27,61.135371179039296
2016-07-28,63.31877729257642
2016-07-29,64.41048034934498
2016-08-01,64.8471615720524
2016-08-02,64.8471615720524
2016-08-03,66.37554585152839
2016-08-04,68.3406113537118
2016-08-05,67.90393013100436
2016-08-08,68.5589519650655
2016-08-09,68.77729257641921
2016-08-10,67.24890829694323
2016-08-11,66.15720524017468
2016-08-12,65.72052401746726
2016-08-15,63.53711790393013
2016-08-16,62.44541484716157
2016-08-17,62.309368191721134
2016-08-18,61.22004357298475
2016-08-19,61.00217864923747
2016-08-22,59.47712418300654
2016-08-23,59.25925925925925
2016-08-24,58.387799564270146
2016-08-25,57.29847494553377
2016-08-26,57.29847494553377
2016-08-29,55.99128540305011
2016-08-30,55.55555555555556
2016-08-31,55.55555555555556
2016-09-01,54.90196078431373
2016-09-02,55.119825708061
2016-09-06,54.03050108932462
2016-09-07,54.03050108932462
2016-09-08,54.46623093681917
2016-09-09,52.505446623093675
2016-09-12,52.505446623093675
2016-09-13,50.76252723311547
2016-09-14,48.80174291938998
2016-09-15,46.84095860566449
2016-09-16,45.09803921568628
2016-09-19,44.226579520697165
2016-09-20,44.008714596949886
2016-09-21,43.69565217391304
2016-09-22,43.69565217391304
2016-09-23,43.69565217391304
2016-09-26,43.47826086956522
2016-09-27,42.391304347826086
2016-09-28,40.21739130434783
2016-09-29,39.130434782608695
2016-09-30,38.69565217391304
2016-10-03,37.608695652173914
2016-10-04,37.173913043478265
2016-10-05,36.8763557483731
2016-10-06,34.490238611713664
2016-10-07,33.18872017353579
2016-10-10,34.70715835140998
2016-10-11,33.622559652928416
2016-10-12,34.273318872017356
2016-10-13,35.57483731019523
2016-10-14,35.57483731019523
2016-10-17,35.57483731019523
2016-10-18,35.57483731019523
2016-10-19,36.22559652928417
2016-10-20,36.44251626898048
2016-10-21,36.659436008676785
2016-10-24,34.924078091106296
2016-10-25,34.05639913232104
2016-10-26,32.75488069414317
2016-10-27,31.453362255965295
2016-10-28,30.36876355748373
2016-10-31,30.36876355748373
2016-11-01,29.004329004329005
2016-11-02,28.78787878787879
2016-11-03,27.705627705627705
2016-11-04,26.623376623376622
2016-11-07,27.27272727272727
2016-11-08,27.27272727272727
2016-11-09,27.705627705627705
2016-11-10,28.077753779697623
2016-11-11,29.805615550755938
2016-11-14,30.669546436285096
2016-11-15,31.96544276457883
2016-11-16,32.82937365010799
2016-11-17,33.477321814254864
2016-11-18,33.909287257019436
2016-11-21,35.85313174946004
2016-11-22,35.42116630669546
2016-11-23,37.14902807775378
2016-11-25,38.01295896328294
2016-11-28,40.60475161987041
2016-11-29,42.11663066954643
2016-11-30,43.412526997840175
2016-12-01,44.70842332613391
2016-12-02,44.9244060475162
2016-12-05,45.78833693304535
2016-12-06,46.652267818574515
2016-12-07,46.868250539956804
2016-12-08,47.30021598272138
2016-12-09,47.51619870410367
2016-12-12,48.38012958963283
2016-12-13,49.24406047516199
2016-12-14,49.676025917926566
2016-12-15,49.676025917926566
2016-12-16,49.892008639308855
2016-12-19,49.892008639308855
2016-12-20,50.75593952483801
2016-12-21,50.53995680345572
2016-12-22,50.323974082073434
2016-12-23,50.53995680345572
2016-12-27,50.75593952483801
2016-12-28,50.9719222462203
2016-12-29,51.18790496760259
2016-12-30,51.83585313174947
2017-01-03,51.18790496760259
2017-01-04,52.26781857451404
2017-01-05,53.131749460043196
2017-01-06,54.21166306695464
2017-01-09,54.42764578833693
2017-01-10,53.99568034557235
2017-01-11,54.21166306695464
2017-01-12,53.99568034557235
2017-01-13,53.131749460043196
2017-01-17,52.26781857451404
2017-01-18,51.18790496760259
2017-01-19,50.9719222462203
2017-01-20,50.10799136069114
2017-01-23,48.38012958963283
2017-01-24,48.16414686825054
2017-01-25,48.59611231101512
2017-01-26,48.16414686825054
2017-01-27,47.94816414686825
2017-01-30,48.16414686825054
2017-01-31,48.81209503239741
2017-02-01,48.060344827586206
2017-02-02,48.060344827586206
2017-02-03,46.98275862068966
2017-02-06,46.33620689655172
2017-02-07,46.33620689655172
2017-02-08,46.33620689655172
2017-02-09,46.55172413793103
2017-02-10,46.33620689655172
2017-02-13,46.98275862068966
2017-02-14,47.41379310344828
2017-02-15,47.41379310344828
2017-02-16,47.8448275862069
2017-02-17,48.491379310344826
2017-02-21,49.353448275862064
2017-02-22,51.508620689655174
2017-02-23,53.23275862068966
2017-02-24,54.525862068965516
2017-02-27,55.38793103448276
2017-02-28,55.81896551724138
2017-03-01,57.974137931034484
2017-03-02,59.05172413793104
2017-03-03,60.991379310344826
2017-03-06,61.853448275862064
2017-03-07,62.5
2017-03-08,63.146551724137936
2017-03-09,63.36206896551724
2017-03-10,64.22413793103449
2017-03-13,64.00862068965517
2017-03-14,64.4396551724138
2017-03-15,65.30172413793103
2017-03-16,64.00862068965517
2017-03-17,64.00862068965517
2017-03-20,64.22413793103449
2017-03-21,63.793103448275865
2017-03-22,63.146551724137936
2017-03-23,62.71551724137932
2017-03-24,62.28448275862068
2017-03-27,61.422413793103445
2017-03-28,60.991379310344826
2017-03-29,59.91379310344828
2017-03-30,58.620689655172406
2017-03-31,57.758620689655174
2017-04-03,56.25
2017-04-04,55.38793103448276
2017-04-05,54.310344827586206
2017-04-06,53.44827586206896
2017-04-07,53.01724137931034
2017-04-10,52.80172413793104
2017-04-11,52.1551724137931
2017-04-12,50.21551724137932
2017-04-13,47.8448275862069
2017-04-17,46.98275862068966
2017-04-18,44.396551724137936
2017-04-19,42.887931034482754
2017-04-20,43.31896551724138
2017-04-21,42.887931034482754
2017-04-24,42.241379310344826
2017-04-25,43.96551724137931
2017-04-26,45.689655172413794
2017-04-27,45.9051724137931
2017-04-28,46.12068965517241
2017-05-01,46.33620689655172
2017-05-02,47.41379310344828
2017-05-03,48.706896551724135
2017-05-04,48.060344827586206
2017-05-05,49.353448275862064
2017-05-08,49.56896551724138
2017-05-09,50.86206896551724
2017-05-10,51.508620689655174
2017-05-11,54.310344827586206
2017-05-12,54.623655913978496
2017-05-15,55.053763440860216
2017-05-16,55.6989247311828
2017-05-17,55.91397849462365
2017-05-18,54.83870967741935
2017-05-19,55.26881720430108
2017-05-22,54.83870967741935
2017-05-23,54.83870967741935
2017-05-24,54.40860215053763
2017-05-25,55.26881720430108
2017-05-26,55.91397849462365
2017-05-30,56.774193548387096
2017-05-31,57.8494623655914
2017-06-01,57.8494623655914
2017-06-02,58.49462365591398
2017-06-05,58.924731182795696
2017-06-06,59.13978494623656
2017-06-07,59.13978494623656
2017-06-08,59.56989247311828
2017-06-09,60.215053763440864
2017-06-12,61.505376344086024
2017-06-13,63.01075268817205
2017-06-14,64.08602150537635
2017-06-15,64.94623655913978
2017-06-16,65.3763440860215
2017-06-19,66.45161290322581
2017-06-20,67.74193548387096
2017-06-21,68.38709677419355
2017-06-22,69.24731182795699
2017-06-23,69.24731182795699
2017-06-26,69.46236559139784
2017-06-27,68.60215053763442
2017-06-28,68.38709677419355
2017-06-29,67.95698924731182
2017-06-30,67.52688172043011
2017-07-03,66.66666666666666
2017-07-05,66.66666666666666
2017-07-06,65.80645161290323
2017-07-07,64.30107526881721
2017-07-10,62.795698924731184
2017-07-11,62.1505376344086
2017-07-12,61.72043010752688
2017-07-13,61.505376344086024
2017-07-14,60.43010752688171
2017-07-17,59.13978494623656
2017-07-18,58.27956989247311
2017-07-19,57.204301075268816
2017-07-20,56.774193548387096
2017-07-21,57.204301075268816
2017-07-24,57.8494623655914
2017-07-25,56.98924731182796
2017-07-26,56.55913978494623
2017-07-27,56.98924731182796
2017-07-28,55.483870967741936
2017-07-31,55.26881720430108
2017-08-01,55.26881720430108
2017-08-02,54.623655913978496
2017-08-03,54.40860215053763
2017-08-04,54.83870967741935
2017-08-07,54.83870967741935
2017-08-08,54.623655913978496
2017-08-09,55.91397849462365
2017-08-10,55.26881720430108
2017-08-11,54.623655913978496
2017-08-14,55.053763440860216
2017-08-15,55.053763440860216
2017-08-16,54.40860215053763
2017-08-17,53.76344086021505
2017-08-18,53.333333333333336
2017-08-21,51.61290322580645
2017-08-22,49.46236559139785
2017-08-23,48.38709677419355
2017-08-24,47.31182795698925
2017-08-25,46.02150537634409
2017-08-28,45.16129032258064
2017-08-29,44.73118279569893
2017-08-30,44.086021505376344
2017-08-31,43.44086021505376
2017-09-01,43.87096774193549
2017-09-05,43.01075268817204
2017-09-06,42.795698924731184
2017-09-07,42.365591397849464
2017-09-08,42.1505376344086
2017-09-11,43.225806451612904
2017-09-12,44.73118279569893
2017-09-13,46.236559139784944
2017-09-14,47.096774193548384
2017-09-15,46.88172043010753
2017-09-18,48.817204301075265
2017-09-19,49.03225806451613
2017-09-20,49.24731182795699
2017-09-21,51.61290322580645
2017-09-22,51.82795698924731
2017-09-25,52.473118279569896
2017-09-26,53.5483870967742
2017-09-27,54.19354838709678
2017-09-28,54.40860215053763
2017-09-29,56.344086021505376
2017-10-02,55.483870967741936
2017-10-03,55.6989247311828
2017-10-04,55.26881720430108
2017-10-05,55.6989247311828
2017-10-06,55.053763440860216
2017-10-09,55.91397849462365
2017-10-10,55.26881720430108
2017-10-11,55.91397849462365
2017-10-12,56.774193548387096
2017-10-13,57.41935483870968
2017-10-16,56.98924731182796
2017-10-17,57.634408602150536
2017-10-18,58.27956989247311
2017-10-19,59.13978494623656
2017-10-20,59.78494623655914
2017-10-23,62.365591397849464
2017-10-24,62.1505376344086
2017-10-25,62.1505376344086
2017-10-26,62.795698924731184
2017-10-27,63.2258064516129
2017-10-30,64.30107526881721
2017-10-31,65.3763440860215
2017-11-01,65.3763440860215
2017-11-02,66.02150537634408
2017-11-03,66.45161290322581
2017-11-06,66.66666666666666
2017-11-07,67.52688172043011
2017-11-08,67.74193548387096
2017-11-09,67.0967741935484
2017-11-10,66.88172043010752
2017-11-13,66.02150537634408
2017-11-14,65.59139784946237
2017-11-15,64.30107526881721
2017-11-16,64.51612903225806
2017-11-17,64.08602150537635
2017-11-20,62.795698924731184
2017-11-21,62.1505376344086
2017-11-22,60.64516129032258
2017-11-24,60.0
2017-11-27,59.354838709677416
2017-11-28,58.924731182795696
2017-11-29,58.924731182795696
2017-11-30,58.924731182795696
2017-12-01,58.49462365591398
2017-12-04,57.634408602150536
2017-12-05,57.8494623655914
2017-12-06,57.634408602150536
2017-12-07,58.27956989247311
2017-12-08,59.56989247311828
2017-12-11,59.78494623655914
2017-12-12,60.215053763440864
2017-12-13,59.78494623655914
2017-12-14,58.49462365591398
2017-12-15,60.86021505376345
2017-12-18,60.86021505376345
2017-12-19,62.1505376344086
2017-12-20,62.58064516129033
2017-12-21,62.365591397849464
2017-12-22,62.365591397849464
2017-12-26,61.72043010752688
2017-12-27,61.72043010752688
2017-12-28,61.0752688172043
2017-12-29,60.86021505376345
2018-01-02,60.08583690987125
2018-01-03,58.798283261802574
2018-01-04,59.01287553648069
2018-01-05,59.871244635193136
2018-01-08,60.94420600858369
2018-01-09,62.66094420600859
2018-01-10,62.44635193133047
2018-01-11,63.73390557939914
2018-01-12,64.37768240343348
2018-01-16,64.8068669527897
2018-01-17,66.30901287553648
2018-01-18,67.16738197424893
2018-01-19,68.24034334763948
2018-01-22,68.6695278969957
2018-01-23,69.95708154506438
2018-01-24,71.24463519313305
2018-01-25,71.24463519313305
2018-01-26,72.74678111587983
2018-01-29,72.3175965665236
2018-01-30,72.74678111587983
2018-01-31,72.96137339055794
2018-02-01,74.89270386266095
2018-02-02,74.67811158798283
2018-02-05,73.8197424892704
2018-02-06,72.53218884120172
2018-02-07,71.67381974248927
2018-02-08,69.74248927038627
2018-02-09,67.59656652360515
2018-02-12,66.09442060085837
2018-02-13,64.8068669527897
2018-02-14,62.01716738197425
2018-02-15,59.442060085836914
2018-02-16,58.15450643776824
2018-02-20,54.93562231759657
2018-02-21,51.072961373390555
2018-02-22,47.21030042918455
2018-02-23,42.70386266094421
2018-02-26,40.987124463519315
2018-02-27,36.9098712446352
2018-02-28,33.69098712446352
2018-03-01,30.90128755364807
2018-03-02,28.96995708154507
2018-03-05,26.394849785407725
2018-03-06,25.10729613733906
2018-03-07,27.038626609442062
2018-03-08,27.467811158798284
2018-03-09,29.399141630901287
2018-03-12,32.40343347639485
2018-03-13,35.622317596566525
2018-03-14,36.48068669527897
2018-03-15,37.553648068669524
2018-03-16,38.412017167381975
2018-03-19,38.62660944206009
2018-03-20,38.62660944206009
2018-03-21,40.128755364806864
2018-03-22,39.91416309012876
2018-03-23,37.33905579399141
2018-03-26,38.197424892703864
2018-03-27,35.622317596566525
2018-03-28,34.97854077253219
2018-03-29,34.763948497854074
2018-04-02,34.12017167381974
2018-04-03,34.97854077253219
2018-04-04,34.97854077253219
2018-04-05,35.622317596566525
2018-04-06,35.407725321888414
2018-04-09,34.33476394849785
2018-04-10,33.90557939914164
2018-04-11,32.61802575107296
2018-04-12,31.115879828326182
2018-04-13,30.042918454935624
2018-04-16,29.184549356223176
2018-04-17,28.54077253218884
2018-04-18,27.467811158798284
2018-04-19,26.180257510729614
2018-04-20,25.321888412017167
2018-04-23,25.9656652360515
2018-04-24,26.394849785407725
2018-04-25,25.321888412017167
2018-04-26,25.10729613733906
2018-04-27,25.10729613733906
2018-04-30,25.536480686695278
2018-05-01,26.180257510729614
2018-05-02,27.467811158798284
2018-05-03,27.253218884120173
2018-05-04,27.253218884120173
2018-05-07,29.184549356223176
2018-05-08,31.330472103004293
2018-05-09,33.261802575107296
2018-05-10,34.763948497854074
2018-05-11,34.763948497854074
2018-05-14,34.97854077253219
2018-05-15,34.97854077253219
2018-05-16,34.33476394849785
2018-05-17,35.407725321888414
2018-05-18,35.1931330472103
2018-05-21,36.48068669527897
2018-05-22,37.1244635193133
2018-05-23,38.412017167381975
2018-05-24,38.62660944206009
2018-05-25,39.91416309012876
2018-05-29,39.91416309012876
2018-05-30,40.987124463519315
2018-05-31,41.201716738197426
2018-06-01,44.20600858369099
2018-06-04,44.4206008583691
2018-06-05,43.776824034334766
2018-06-06,44.20600858369099
2018-06-07,45.27896995708154
2018-06-08,46.137339055793994
2018-06-11,46.3519313304721
2018-06-12,46.56652360515021
2018-06-13,46.56652360515021
2018-06-14,46.78111587982833
2018-06-15,46.137339055793994
2018-06-18,46.56652360515021
2018-06-19,46.99570815450644
2018-06-20,46.3519313304721
2018-06-21,46.3519313304721
2018-06-22,45.92274678111588
2018-06-25,45.06437768240343
2018-06-26,44.63519313304721
2018-06-27,44.63519313304721
2018-06-28,44.63519313304721
2018-06-29,44.20600858369099
2018-07-02,43.776824034334766
2018-07-03,43.13304721030043
2018-07-05,42.91845493562232
2018-07-06,42.27467811158798
2018-07-09,41.84549356223176
2018-07-10,41.41630901287554
2018-07-11,40.987124463519315
2018-07-12,40.128755364806864
2018-07-13,39.48497854077253
2018-07-16,38.8412017167382
2018-07-17,36.69527896995708
2018-07-18,36.48068669527897
2018-07-19,36.9098712446352
2018-07-20,36.48068669527897
2018-07-23,37.1244635193133
2018-07-24,36.9098712446352
2018-07-25,38.197424892703864
2018-07-26,39.48497854077253
2018-07-27,41.41630901287554
2018-07-30,41.84549356223176
2018-07-31,42.91845493562232
2018-08-01,43.56223175965665
2018-08-02,45.06437768240343
2018-08-03,45.493562231759654
2018-08-06,46.56652360515021
2018-08-07,45.92274678111588
2018-08-08,46.3519313304721
2018-08-09,46.56652360515021
2018-08-10,46.137339055793994
2018-08-13,46.3519313304721
2018-08-14,47.42489270386266
2018-08-15,47.85407725321888
2018-08-16,47.42489270386266
2018-08-17,48.283261802575105
2018-08-20,47.85407725321888
2018-08-21,48.712446351931334
2018-08-22,48.712446351931334
2018-08-23,49.57081545064378
2018-08-24,50.0
2018-08-27,51.28755364806867
2018-08-28,51.716738197424895
2018-08-29,53.00429184549357
2018-08-30,53.00429184549357
2018-08-31,54.077253218884124
2018-09-04,54.077253218884124
2018-09-05,53.862660944206006
2018-09-06,54.29184549356223
2018-09-07,55.15021459227468
2018-09-10,55.36480686695279
2018-09-11,55.5793991416309
2018-09-12,56.00858369098712
2018-09-13,56.437768240343345
2018-09-14,56.866952789699575
2018-09-17,57.72532188841202
2018-09-18,57.93991416309014
2018-09-19,57.93991416309014
2018-09-20,58.15450643776824
2018-09-21,58.583690987124456
2018-09-24,59.01287553648069
2018-09-25,59.01287553648069
2018-09-26,58.36909871244635
2018-09-27,56.866952789699575
2018-09-28,55.5793991416309
2018-10-01,55.15021459227468
2018-10-02,53.648068669527895
2018-10-03,53.21888412017167
2018-10-04,52.14592274678112
2018-10-05,50.858369098712444
2018-10-08,49.78540772532189
2018-10-09,49.57081545064378
2018-10-10,47.42489270386266
2018-10-11,43.776824034334766
2018-10-12,40.557939914163086
2018-10-15,38.197424892703864
2018-10-16,36.69527896995708
2018-10-17,33.90557939914164
2018-10-18,30.257510729613735
2018-10-19,28.32618025751073
2018-10-22,23.605150214592275
2018-10-23,21.45922746781116
2018-10-24,19.313304721030043
2018-10-25,17.167381974248926
2018-10-26,16.523605150214593
2018-10-29,14.806866952789699
2018-10-30,14.163090128755366
2018-10-31,13.090128755364807
2018-11-01,13.090128755364807
2018-11-02,13.090128755364807
2018-11-05,13.090128755364807
2018-11-06,12.875536480686694
2018-11-07,13.090128755364807
2018-11-08,14.163090128755366
2018-11-09,14.806866952789699
2018-11-12,15.450643776824036
2018-11-13,15.450643776824036
2018-11-14,16.30901287553648
2018-11-15,16.523605150214593
2018-11-16,16.95278969957082
2018-11-19,17.59656652360515
2018-11-20,19.313304721030043
2018-11-21,19.95708154506438
2018-11-23,20.600858369098713
2018-11-26,22.103004291845494
2018-11-27,24.678111587982833
2018-11-28,26.394849785407725
2018-11-29,26.824034334763947
2018-11-30,28.32618025751073
2018-12-03,30.686695278969957
2018-12-04,31.115879828326182
2018-12-06,31.115879828326182
2018-12-07,31.47751605995717
2018-12-10,31.69164882226981
2018-12-11,30.620985010706637
2018-12-12,29.550321199143468
2018-12-13,29.978586723768736
2018-12-14,29.550321199143468
2018-12-17,28.693790149892934
2018-12-18,26.552462526766597
2018-12-19,25.910064239828696
2018-12-20,25.267665952890795
2018-12-21,24.411134903640257
2018-12-24,22.055674518201286
2018-12-26,20.12847965738758
2018-12-27,18.41541755888651
2018-12-28,16.916488222698074
2018-12-31,14.989293361884368
2019-01-02,12.633832976445397
2019-01-03,11.134903640256958
2019-01-04,9.421841541755889
2019-01-07,8.35117773019272
2019-01-08,7.708779443254818
2019-01-09,6.852248394004283
2019-01-10,5.139186295503212
2019-01-11,3.854389721627409
2019-01-14,3.2119914346895073
2019-01-15,2.9978586723768736
2019-01-16,2.7837259100642395
2019-01-17,3.2119914346895073
2019-01-18,3.4261241970021414
2019-01-22,3.854389721627409
2019-01-23,4.282655246252676
2019-01-24,5.995717344753747
2019-01-25,8.35117773019272
2019-01-28,8.993576017130621
2019-01-29,10.920770877944326
2019-01-30,11.563169164882227
2019-01-31,13.9186295503212
2019-02-01,15.203426124197003
2019-02-04,17.558886509635975
2019-02-05,20.556745182012847
2019-02-06,22.055674518201286
2019-02-07,23.768736616702355
2019-02-08,25.481798715203425
2019-02-11,25.910064239828696
2019-02-12,26.76659528907923
2019-02-13,28.051391862955033
2019-02-14,28.693790149892934
2019-02-15,28.90792291220557
2019-02-19,28.693790149892934
2019-02-20,28.4796573875803
2019-02-21,28.90792291220557
2019-02-22,29.336188436830835
2019-02-25,30.406852248394006
2019-02-26,30.83511777301927
2019-02-27,31.69164882226981
2019-02-28,32.97644539614561
2019-03-01,33.190578158458244
2019-03-04,34.475374732334046
2019-03-05,34.90364025695932
2019-03-06,35.33190578158458
2019-03-07,37.47323340471092
2019-03-08,38.32976445396146
2019-03-11,39.186295503211994
2019-03-12,41.02564102564102
2019-03-13,43.71002132196162
2019-03-14,44.349680170575695
2019-03-15,45.20255863539446
2019-03-18,46.695095948827294
2019-03-19,47.76119402985074
2019-03-20,47.65957446808511
2019-03-21,49.361702127659576
2019-03-22,50.0
2019-03-25,50.42553191489362
2019-03-26,52.34042553191489
2019-03-27,53.404255319148945
2019-03-28,53.61702127659574
2019-03-29,53.404255319148945
2019-04-01,53.191489361702125
2019-04-02,53.404255319148945
2019-04-03,55.319148936170215
2019-04-04,55.319148936170215
2019-04-05,55.319148936170215
2019-04-08,56.38297872340425
2019-04-09,56.38297872340425
2019-04-10,57.02127659574469
2019-04-11,58.29787234042553
2019-04-12,59.361702127659576
2019-04-15,59.787234042553195
2019-04-16,59.361702127659576
2019-04-17,58.93617021276596
2019-04-18,59.148936170212764
2019-04-22,59.57446808510638
2019-04-23,59.57446808510638
2019-04-24,60.42553191489362
2019-04-25,60.42553191489362
2019-04-26,60.21276595744681
2019-04-29,58.93617021276596
2019-04-30,58.93617021276596
2019-05-01,58.723404255319146
2019-05-02,58.29787234042553
2019-05-03,58.29787234042553
2019-05-06,59.148936170212764
2019-05-07,58.93617021276596
2019-05-08,57.446808510638306
2019-05-09,57.234042553191486
2019-05-10,56.05095541401274
2019-05-13,55.20169851380042
2019-05-14,54.35244161358811
2019-05-15,53.29087048832272
2019-05-16,52.4416135881104
2019-05-17,52.653927813163484
2019-05-20,51.80467091295117
2019-05-21,50.530785562632694
2019-05-22,50.530785562632694
2019-05-23,49.469214437367306
2019-05-24,47.88135593220339
2019-05-28,45.97457627118644
2019-05-29,44.91525423728814
2019-05-30,43.22033898305085
2019-05-31,41.10169491525424
2019-06-03,40.04237288135593
2019-06-04,38.983050847457626
2019-06-05,37.92372881355932
2019-06-06,37.71186440677966
2019-06-07,38.347457627118644
2019-06-10,38.13559322033898
2019-06-11,39.19491525423729
2019-06-12,40.38054968287527
2019-06-13,41.014799154334035
2019-06-14,41.43763213530655
2019-06-17,41.014799154334035
2019-06-18,40.59196617336152
2019-06-19,41.86046511627907
2019-06-20,42.071881606765324
2019-06-21,42.917547568710354
2019-06-24,44.397463002114165
2019-06-25,45.66596194503171
2019-06-26,46.51162790697674
2019-06-27,47.99154334038055
2019-06-28,50.7399577167019
2019-07-01,53.276955602537
2019-07-02,56.65961945031712
2019-07-03,58.985200845665965
2019-07-05,61.09936575052855
2019-07-08,61.31078224101479
2019-07-09,61.52219873150106
2019-07-10,62.15644820295984
2019-07-11,63.63636363636363
2019-07-12,64.69344608879493
2019-07-15,64.90486257928119
2019-07-16,65.3276955602537
2019-07-17,65.11627906976744
2019-07-18,65.53911205073996
2019-07-19,65.3276955602537
2019-07-22,65.96194503171247
2019-07-23,65.96194503171247
2019-07-24,66.38477801268499
2019-07-25,66.17336152219873
2019-07-26,66.38477801268499
2019-07-29,66.8076109936575
2019-07-30,67.01902748414376
2019-07-31,67.44186046511628
2019-08-01,67.23044397463002
2019-08-02,66.17336152219873
2019-08-05,64.90486257928119
2019-08-06,63.213530655391125
2019-08-07,60.25369978858352
2019-08-08,57.2938689217759
2019-08-09,56.87103594080338
2019-08-12,54.756871035940804
2019-08-13,51.58562367864693
2019-08-14,46.30021141649049
2019-08-15,44.18604651162791
2019-08-16,43.12896405919662
2019-08-19,42.28329809725159
2019-08-20,40.803382663847785
2019-08-21,39.112050739957716
2019-08-22,38.47780126849894
2019-08-23,37.84355179704017
2019-08-26,34.6723044397463
2019-08-27,34.46088794926004
2019-08-28,33.40380549682875
2019-08-29,32.98097251585624
2019-08-30,33.40380549682875
2019-09-03,34.24947145877378
2019-09-04,35.72938689217759
2019-09-05,37.63213530655391
2019-09-06,38.266384778012686
2019-09-09,39.112050739957716
2019-09-10,39.112050739957716
2019-09-11,39.74630021141649
2019-09-12,39.95771670190275
2019-09-13,41.2262156448203
2019-09-16,43.34038054968288
2019-09-17,43.76321353065539
2019-09-18,44.397463002114165
2019-09-19,45.14767932489451
2019-09-20,45.14767932489451
2019-09-23,46.20253164556962
2019-09-24,49.36708860759494
2019-09-25,50.0
2019-09-26,51.47679324894515
2019-09-27,52.53164556962025
2019-09-30,52.53164556962025
2019-10-01,51.89873417721519
2019-10-02,50.42194092827004
2019-10-03,49.789029535864984
2019-10-04,48.734177215189874
2019-10-07,47.04641350210971
2019-10-08,45.56962025316456
2019-10-09,45.56962025316456
2019-10-10,43.67088607594937
2019-10-11,42.82700421940928
2019-10-14,41.77215189873418
2019-10-15,40.50632911392405
2019-10-16,40.29535864978903
2019-10-17,38.81856540084388
2019-10-18,37.130801687763714
2019-10-21,36.075949367088604
2019-10-22,35.232067510548525
2019-10-23,35.0210970464135
2019-10-24,35.0210970464135
2019-10-25,33.9662447257384
2019-10-28,33.755274261603375
2019-10-29,34.177215189873415
2019-10-30,35.44303797468354
2019-10-31,36.49789029535865
2019-11-01,37.130801687763714
2019-11-04,37.9746835443038
2019-11-05,39.24050632911392
2019-11-06,40.50632911392405
2019-11-07,41.77215189873418
2019-11-08,42.616033755274266
2019-11-11,42.616033755274266
2019-11-12,42.82700421940928
2019-11-13,43.67088607594937
2019-11-14,44.72573839662447
2019-11-15,45.9915611814346
2019-11-18,46.41350210970464
2019-11-19,46.41350210970464
2019-11-20,47.257383966244724
2019-11-21,47.257383966244724
2019-11-22,47.67932489451477
2019-11-25,47.89029535864979
2019-11-26,48.31223628691983
2019-11-27,48.31223628691983
2019-11-29,49.36708860759494
2019-12-02,50.0
2019-12-03,50.42194092827004
2019-12-04,50.210970464135016
2019-12-05,50.84388185654009
2019-12-06,51.26582278481012
2019-12-09,52.109704641350206
2019-12-10,53.16455696202531
2019-12-11,53.79746835443038
2019-12-12,54.85232067510548
2019-12-13,55.06329113924051
2019-12-16,55.69620253164557
2019-12-17,56.75105485232067
2019-12-18,56.9620253164557
2019-12-19,56.118143459915615
2019-12-20,56.9620253164557
2019-12-23,58.016877637130804
2019-12-24,58.22784810126582
2019-12-26,59.49367088607595
2019-12-27,59.49367088607595
2019-12-30,59.49367088607595
2019-12-31,60.12658227848101
2020-01-02,61.39240506329114
2020-01-03,61.18143459915611
2020-01-06,61.81434599156118
2020-01-07,61.60337552742617
2020-01-08,61.81434599156118
2020-01-09,61.60337552742617
2020-01-10,61.39240506329114
2020-01-13,60.54852320675106
2020-01-14,60.970464135021096
2020-01-15,61.39240506329114
2020-01-16,61.60337552742617
2020-01-17,61.60337552742617
2020-01-21,62.0253164556962
2020-01-22,63.29113924050633
2020-01-23,63.71308016877637
2020-01-24,63.92405063291139
2020-01-27,63.92405063291139
2020-01-28,63.71308016877637
2020-01-29,63.71308016877637
2020-01-30,64.34599156118144
2020-01-31,63.71308016877637
2020-02-03,62.0253164556962
2020-02-04,61.60337552742617
2020-02-05,60.54852320675106
2020-02-06,60.12658227848101
2020-02-07,58.86075949367089
2020-02-10,59.28270042194092
2020-02-11,59.28270042194092
2020-02-12,59.49367088607595
2020-02-13,58.86075949367089
2020-02-14,58.438818565400844
2020-02-18,57.59493670886076
2020-02-19,56.118143459915615
2020-02-20,55.48523206751055
2020-02-21,54.641350210970465
2020-02-24,52.53164556962025
2020-02-25,51.0548523206751
2020-02-26,50.63291139240506
2020-02-27,47.46835443037975
2020-02-28,46.41350210970464
2020-03-02,43.88185654008439
2020-03-03,41.983122362869196
2020-03-04,41.561181434599156
2020-03-05,39.029535864978904
2020-03-06,36.49789029535865
2020-03-09,32.278481012658226
2020-03-10,28.059071729957807
2020-03-11,24.261603375527425
2020-03-12,19.198312236286917
2020-03-13,15.611814345991561
2020-03-16,10.548523206751055
2020-03-17,7.383966244725738
2020-03-18,5.9071729957805905
2020-03-19,4.621848739495799
2020-03-20,3.571428571428571
2020-03-23,2.3109243697478994
2020-03-24,2.3109243697478994
2020-03-25,1.8907563025210083
2020-03-26,1.680672268907563
2020-03-27,1.680672268907563
2020-03-30,1.680672268907563
2020-03-31,1.680672268907563
2020-04-01,1.680672268907563
2020-04-02,1.4705882352941175
2020-04-03,1.4705882352941175
2020-04-06,1.4705882352941175
2020-04-07,1.4705882352941175
2020-04-08,1.4705882352941175
2020-04-09,1.8907563025210083
2020-04-13,2.100840336134454
2020-04-14,2.5210084033613445
2020-04-15,2.73109243697479
2020-04-16,3.571428571428571
2020-04-17,4.201680672268908
2020-04-20,5.042016806722689
2020-04-21,5.6722689075630255
2020-04-22,6.302521008403361
2020-04-23,8.193277310924369
2020-04-24,9.453781512605042
2020-04-27,9.663865546218489
2020-04-28,10.714285714285714
2020-04-29,11.134453781512606
2020-04-30,11.76470588235294
2020-05-01,11.974789915966387
2020-05-04,12.815126050420167
2020-05-05,13.445378151260504
2020-05-06,13.23529411764706
2020-05-07,13.23529411764706
2020-05-08,13.025210084033615
2020-05-11,13.865546218487395
2020-05-12,13.655462184873949
2020-05-13,13.23529411764706
2020-05-14,13.445378151260504
2020-05-15,13.655462184873949
2020-05-18,13.655462184873949
2020-05-19,14.07563025210084
2020-05-20,14.285714285714285
2020-05-21,14.285714285714285
2020-05-22,14.915966386554622
2020-05-26,15.336134453781513
2020-05-27,16.596638655462183
2020-05-28,16.80672268907563
2020-05-29,18.277310924369747
2020-06-01,18.277310924369747
2020-06-02,19.537815126050422
2020-06-03,19.747899159663866
2020-06-04,20.168067226890756
2020-06-05,20.798319327731093
2020-06-08,22.689075630252102
2020-06-09,24.159663865546218
2020-06-10,25.0
2020-06-11,24.369747899159663
2020-06-12,25.210084033613445
2020-06-15,25.0
2020-06-16,26.680672268907564
2020-06-17,27.310924369747898
2020-06-18,27.73109243697479
2020-06-19,28.15126050420168
2020-06-22,28.781512605042014
2020-06-23,28.991596638655466
2020-06-24,29.831932773109244
2020-06-25,30.462184873949578
2020-06-26,31.092436974789916
2020-06-29,30.252100840336134
2020-06-30,30.672268907563026
2020-07-01,31.932773109243694
2020-07-02,33.82352941176471
2020-07-06,34.45378151260504
2020-07-07,34.03361344537815
2020-07-08,33.82352941176471
2020-07-09,33.61344537815126
2020-07-10,33.193277310924366
2020-07-13,33.82352941176471
2020-07-14,34.66386554621849
2020-07-15,35.08403361344538
2020-07-16,35.714285714285715
2020-07-17,36.554621848739494
2020-07-20,36.97478991596639
2020-07-21,37.18487394957983
2020-07-22,37.81512605042017
2020-07-23,38.655462184873954
2020-07-24,39.91596638655462
2020-07-27,40.7563025210084
2020-07-28,41.806722689075634
2020-07-29,42.64705882352941
2020-07-30,43.27731092436975
2020-07-31,43.69747899159664
2020-08-03,43.48739495798319
2020-08-04,44.747899159663866
2020-08-05,45.588235294117645
2020-08-06,45.79831932773109
2020-08-07,46.42857142857143
2020-08-10,46.21848739495798
2020-08-11,47.05882352941176
2020-08-12,46.84873949579832
2020-08-13,46.42857142857143
2020-08-14,46.42857142857143
2020-08-17,46.42857142857143
2020-08-18,46.63865546218487
2020-08-19,47.05882352941176
2020-08-20,46.84873949579832
2020-08-21,46.008403361344534
2020-08-24,46.63865546218487
2020-08-25,46.84873949579832
2020-08-26,47.26890756302521
2020-08-27,47.689075630252105
2020-08-28,48.109243697478995
2020-08-31,48.529411764705884
2020-09-01,48.529411764705884
2020-09-02,49.78991596638656
2020-09-03,49.57983193277311
2020-09-04,50.0
2020-09-08,49.159663865546214
2020-09-09,50.63025210084034
2020-09-10,50.84033613445378
2020-09-11,50.21008403361344
2020-09-14,49.159663865546214
2020-09-15,50.21008403361344
2020-09-16,48.94957983193277
2020-09-17,47.89915966386555
2020-09-18,47.89915966386555
2020-09-21,47.689075630252105
2020-09-22,46.42857142857143
2020-09-23,44.747899159663866
2020-09-24,43.48739495798319
2020-09-25,42.857142857142854
2020-09-28,41.596638655462186
2020-09-29,38.655462184873954
2020-09-30,37.316561844863735
2020-10-01,34.59119496855346
2020-10-02,32.70440251572327
2020-10-05,32.28511530398323
2020-10-06,32.914046121593294
2020-10-07,33.33333333333333
2020-10-08,33.9622641509434
2020-10-09,34.80083857442348
2020-10-12,36.477987421383645
2020-10-13,37.9454926624738
2020-10-14,37.526205450733755
2020-10-15,37.526205450733755
2020-10-16,39.83228511530398
2020-10-19,42.138364779874216
2020-10-20,43.81551362683438
2020-10-21,45.70230607966457
2020-10-22,49.056603773584904
2020-10-23,50.524109014675055
2020-10-26,52.41090146750524
2020-10-27,53.459119496855344
2020-10-28,52.83018867924528
2020-10-29,53.24947589098532
2020-10-30,53.03983228511531
2020-11-02,53.03983228511531
2020-11-03,51.99161425576519
2020-11-04,53.66876310272537
2020-11-05,53.66876310272537
2020-11-06,54.29769392033543
2020-11-09,54.088050314465406
2020-11-10,54.50733752620545
2020-11-11,56.18448637316562
2020-11-12,57.861635220125784
2020-11-13,58.490566037735846
2020-11-16,58.280922431865825
2020-11-17,59.74842767295597
2020-11-18,60.167714884696025
2020-11-19,61.42557651991615
2020-11-20,62.68343815513627
2020-11-23,63.312368972746334
2020-11-24,64.36058700209644
2020-11-25,65.61844863731656
2020-11-27,67.08595387840671
2020-11-30,69.60167714884696
2020-12-01,70.44025157232704
2020-12-02,72.11740041928721
2020-12-03,71.9077568134172
2020-12-04,72.95597484276729
2020-12-07,72.74633123689728
2020-12-08,72.11740041928721
2020-12-09,72.59414225941423
2020-12-10,73.06889352818372
2020-12-11,71.81628392484343
2020-12-14,72.02505219206681
2020-12-15,72.44258872651356
2020-12-16,71.81628392484343
2020-12-17,71.81628392484343
2020-12-18,71.81628392484343
2020-12-21,72.44258872651356
2020-12-22,73.06889352818372
2020-12-23,73.69519832985387
2020-12-24,73.69519832985387
2020-12-28,73.2776617954071
2020-12-29,73.48643006263048
2020-12-30,73.90396659707724
2020-12-31,74.11273486430062
2021-01-04,74.53027139874739
2021-01-05,74.53027139874739
2021-01-06,74.94780793319416
2021-01-07,74.94780793319416
2021-01-08,75.15657620041753
2021-01-11,74.94780793319416
2021-01-12,73.90396659707724
2021-01-13,73.2776617954071
2021-01-14,73.2776617954071
2021-01-15,71.60751565762004
2021-01-19,71.60751565762004
2021-01-20,70.9812108559499
2021-01-21,69.72860125260961
2021-01-22,70.35490605427975
2021-01-25,70.56367432150313
2021-01-26,70.14613778705638
2021-01-27,69.51983298538622
2021-01-28,67.22338204592901
2021-01-29,66.80584551148226
2021-02-01,66.17954070981212
2021-02-02,65.1356993736952
2021-02-03,65.1356993736952
2021-02-04,65.55323590814196
2021-02-05,64.50939457202504
2021-02-08,64.09185803757829
2021-02-09,63.04801670146137
2021-02-10,62.083333333333336
2021-02-11,60.83333333333333
2021-02-12,60.62499999999999
2021-02-16,59.583333333333336
2021-02-17,58.54166666666667
2021-02-18,59.583333333333336
2021-02-19,58.54166666666667
2021-02-22,58.54166666666667
2021-02-23,58.12500000000001
2021-02-24,59.375
2021-02-25,59.375
2021-02-26,59.583333333333336
2021-03-01,60.83333333333333
2021-03-02,61.458333333333336
2021-03-03,61.04166666666667
2021-03-04,60.0
2021-03-05,60.416666666666664
2021-03-08,60.62499999999999
2021-03-09,60.416666666666664
2021-03-10,60.0
2021-03-11,59.583333333333336
2021-03-12,60.0
2021-03-15,60.0
2021-03-16,59.791666666666664
2021-03-17,59.791666666666664
2021-03-18,60.0
2021-03-19,60.62499999999999
2021-03-22,59.791666666666664
2021-03-23,59.166666666666664
2021-03-24,58.958333333333336
2021-03-25,59.375
2021-03-26,60.62499999999999
2021-03-29,62.5
2021-03-30,63.33333333333333
2021-03-31,64.79166666666667
2021-04-01,66.25
2021-04-05,68.54166666666667
2021-04-06,69.79166666666666
2021-04-07,70.625
2021-04-08,71.25
2021-04-09,71.45833333333333
2021-04-12,71.45833333333333
2021-04-13,71.66666666666667
2021-04-14,70.27027027027027
2021-04-15,70.33195020746888
2021-04-16,70.95435684647303
2021-04-19,72.61410788381743
2021-04-20,72.82157676348547
2021-04-21,73.85892116182573
2021-04-22,74.48132780082987
2021-04-23,75.31120331950207
2021-04-26,77.38589211618257
2021-04-27,77.59336099585063
2021-04-28,77.80082987551867
2021-04-29,77.59336099585063
2021-04-30,78.21576763485477
2021-05-03,78.00829875518673
2021-05-04,78.00829875518673
2021-05-05,78.21576763485477
2021-05-06,78.83817427385893
2021-05-07,78.00829875518673
2021-05-10,78.83817427385893
2021-05-11,80.08298755186722
2021-05-12,79.25311203319502
2021-05-13,78.83817427385893
2021-05-14,77.59336099585063
2021-05-17,75.72614107883817
2021-05-18,75.72614107883817
2021-05-19,76.34854771784232
2021-05-20,75.72614107883817
2021-05-21,75.72614107883817
2021-05-24,74.48132780082987
2021-05-25,72.40663900414937
2021-05-26,70.74688796680498
2021-05-27,69.91701244813278
2021-05-28,69.08713692946058
2021-06-01,68.46473029045643
2021-06-02,67.63485477178423
2021-06-03,65.97510373443983
2021-06-04,66.18257261410788
2021-06-07,65.35269709543569
2021-06-08,63.90041493775933
2021-06-09,61.82572614107884
2021-06-10,61.41078838174274
2021-06-11,61.82572614107884
2021-06-14,63.27800829875518
2021-06-15,63.27800829875518
2021-06-16,62.24066390041494
2021-06-17,60.788381742738586
2021-06-18,60.37344398340249
2021-06-21,58.298755186722
2021-06-22,56.84647302904564
2021-06-23,55.3941908713693
2021-06-24,53.52697095435685
2021-06-25,52.69709543568465
2021-06-28,51.867219917012456
2021-06-29,49.5850622406639
2021-06-30,49.1701244813278
2021-07-01,49.1701244813278
2021-07-02,48.96265560165975
2021-07-06,47.9253112033195
2021-07-07,47.30290456431535
2021-07-08,46.6804979253112
2021-07-09,45.643153526970956
2021-07-12,44.81327800829876
2021-07-13,42.738589211618255
2021-07-14,42.11618257261411
2021-07-15,41.286307053941904
2021-07-16,40.871369294605806
2021-07-19,40.871369294605806
2021-07-20,42.946058091286304
2021-07-21,44.81327800829876
2021-07-22,44.81327800829876
2021-07-23,44.398340248962654
2021-07-26,44.190871369294605
2021-07-27,44.398340248962654
2021-07-28,45.02074688796681
2021-07-29,45.962732919254655
2021-07-30,47.20496894409938
2021-08-02,47.82608695652174
2021-08-03,48.033126293995856
2021-08-04,49.68944099378882
2021-08-05,50.5175983436853
2021-08-06,51.13871635610766
2021-08-09,51.5527950310559
2021-08-10,51.75983436853002
2021-08-11,52.17391304347826
2021-08-12,53.83022774327122
2021-08-13,53.41614906832298
2021-08-16,54.6583850931677
2021-08-17,58.17805383022774
2021-08-18,60.45548654244306
2021-08-19,60.45548654244306
2021-08-20,60.66252587991718
2021-08-23,61.28364389233955
2021-08-24,62.52587991718427
2021-08-25,63.76811594202898
2021-08-26,63.56107660455487
2021-08-27,63.76811594202898
2021-08-30,63.14699792960663
2021-08-31,63.35403726708074
2021-09-01,63.975155279503106
2021-09-02,63.56107660455487
2021-09-03,64.38923395445134
2021-09-07,63.76811594202898
2021-09-08,63.14699792960663
2021-09-09,62.11180124223602
2021-09-10,60.45548654244306
2021-09-13,59.006211180124225
2021-09-14,57.7639751552795
2021-09-15,56.7287784679089
2021-09-16,56.31469979296067
2021-09-17,54.6583850931677
2021-09-20,53.83022774327122
2021-09-21,52.587991718426494
2021-09-22,52.17391304347826
2021-09-23,51.13871635610766
2021-09-24,48.24016563146998
2021-09-27,46.790890269151134
2021-09-28,45.75569358178054
2021-09-29,44.51345755693582
2021-09-30,41.821946169772254
2021-10-01,39.33747412008282
2021-10-04,35.40372670807454
2021-10-05,32.71221532091098
2021-10-06,30.020703933747413
2021-10-07,28.157349896480333
2021-10-08,27.12215320910973
2021-10-11,27.536231884057973
2021-10-12,26.70807453416149
2021-10-13,25.87991718426501
2021-10-14,25.25879917184265
2021-10-15,24.84472049689441
2021-10-18,25.87991718426501
2021-10-19,27.74327122153209
2021-10-20,28.778467908902694
2021-10-21,31.05590062111801
2021-10-22,31.88405797101449
2021-10-25,32.50517598343685
2021-10-26,33.95445134575569
2021-10-27,34.57556935817806
2021-10-28,35.81780538302277
2021-10-29,37.68115942028986
2021-11-01,40.993788819875775
2021-11-02,43.2712215320911
2021-11-03,46.3768115942029
2021-11-04,49.06832298136646
2021-11-05,50.931677018633536
2021-11-08,52.79503105590062
2021-11-09,54.45134575569358
2021-11-10,55.90062111801242
2021-11-11,57.7639751552795
2021-11-12,59.006211180124225
2021-11-15,60.86956521739131
2021-11-16,60.86956521739131
2021-11-17,60.86956521739131
2021-11-18,60.86956521739131
2021-11-19,61.904761904761905
2021-11-22,61.904761904761905
2021-11-23,61.697722567287784
2021-11-24,60.86956521739131
2021-11-26,60.45548654244306
2021-11-29,60.86956521739131
2021-11-30,58.17805383022774
2021-12-01,56.7287784679089
2021-12-02,57.55693581780539
2021-12-03,56.31469979296067
2021-12-06,55.48654244306418
2021-12-07,54.24430641821946
2021-12-08,52.79503105590062
2021-12-09,51.13871635610766
2021-12-10,49.896480331262936
2021-12-13,48.4472049689441
2021-12-14,46.3768115942029
2021-12-15,44.3064182194617
2021-12-16,41.821946169772254
2021-12-17,40.165631469979296
2021-12-20,39.958592132505174
2021-12-21,38.302277432712216
2021-12-22,35.81780538302277
2021-12-23,35.196687370600415
2021-12-27,34.161490683229815
2021-12-28,34.57556935817806
2021-12-29,36.231884057971016
2021-12-30,39.75155279503105
2021-12-31,43.064182194616976
2022-01-03,43.89233954451346
2022-01-04,44.72049689440994
2022-01-05,45.13457556935818
2022-01-06,45.13457556935818
2022-01-07,45.54865424430642
2022-01-10,46.790890269151134
2022-01-11,47.4120082815735
2022-01-12,48.033126293995856
2022-01-13,48.86128364389234
2022-01-14,49.06832298136646
2022-01-18,47.82608695652174
2022-01-19,47.107438016528924
2022-01-20,47.72727272727273
2022-01-21,45.45454545454545
2022-01-24,42.561983471074385
2022-01-25,41.11570247933884
2022-01-26,39.0495867768595
2022-01-27,35.53719008264463
2022-01-28,33.47107438016529
2022-01-31,32.231404958677686
2022-02-01,30.37190082644628
2022-02-02,29.338842975206614
2022-02-03,29.338842975206614
2022-02-04,28.09917355371901
2022-02-07,27.479338842975203
2022-02-08,27.27272727272727
2022-02-09,26.859504132231404
2022-02-10,26.859504132231404
2022-02-11,25.413223140495866
2022-02-14,25.0
2022-02-15,23.96694214876033
2022-02-16,23.96694214876033
2022-02-17,23.553719008264462
2022-02-18,23.553719008264462
2022-02-22,22.520661157024794
2022-02-23,22.520661157024794
2022-02-24,22.933884297520663
2022-02-25,23.96694214876033
2022-02-28,25.206611570247933
2022-03-01,24.793388429752067
2022-03-02,24.586776859504134
2022-03-03,25.0
2022-03-04,24.380165289256198
2022-03-07,23.553719008264462
2022-03-08,23.96694214876033
2022-03-09,24.793388429752067
2022-03-10,24.173553719008265
2022-03-11,22.933884297520663
2022-03-14,22.727272727272727
2022-03-15,22.933884297520663
2022-03-16,23.34710743801653
2022-03-17,24.173553719008265
2022-03-18,24.173553719008265
2022-03-21,25.206611570247933
2022-03-22,26.446280991735538
2022-03-23,27.066115702479337
2022-03-24,28.09917355371901
2022-03-25,29.75206611570248
2022-03-28,29.545454545454547
2022-03-29,30.57851239669421
2022-03-30,31.611570247933884
2022-03-31,31.40495867768595
2022-04-01,31.198347107438018
2022-04-04,31.818181818181817
2022-04-05,32.438016528925615
2022-04-06,33.67768595041322
2022-04-07,33.88429752066116
2022-04-08,34.917355371900825
2022-04-11,34.917355371900825
2022-04-12,36.15702479338843
2022-04-13,36.570247933884296
2022-04-14,36.77685950413223
2022-04-18,36.98347107438016
2022-04-19,36.98347107438016
2022-04-20,37.1900826446281
2022-04-21,37.60330578512397
2022-04-22,37.39669421487603
2022-04-25,37.1900826446281
2022-04-26,37.1900826446281
2022-04-27,36.98347107438016
2022-04-28,36.98347107438016
2022-04-29,36.77685950413223
2022-05-02,35.9504132231405
2022-05-03,35.33057851239669
2022-05-04,34.29752066115703
2022-05-05,33.47107438016529
2022-05-06,32.231404958677686
2022-05-09,30.37190082644628
2022-05-10,27.479338842975203
2022-05-11,25.413223140495866
2022-05-12,23.34710743801653
2022-05-13,21.694214876033058
2022-05-16,20.454545454545457
2022-05-17,18.801652892561986
2022-05-18,17.56198347107438
2022-05-19,13.842975206611571
2022-05-20,12.190082644628099
2022-05-23,12.396694214876034
2022-05-24,11.363636363636363
2022-05-25,11.15702479338843
2022-05-26,11.15702479338843
2022-05-27,10.743801652892563
2022-05-31,10.537190082644628
2022-06-01,10.950413223140496
2022-06-02,11.363636363636363
2022-06-03,11.363636363636363
2022-06-06,11.776859504132231
2022-06-07,11.983471074380166
2022-06-08,12.396694214876034
2022-06-09,12.190082644628099
2022-06-10,11.983471074380166
2022-06-13,11.776859504132231
2022-06-14,11.363636363636363
2022-06-15,9.710743801652892
2022-06-16,9.297520661157025
2022-06-17,8.677685950413224
2022-06-21,8.47107438016529
2022-06-22,8.47107438016529
2022-06-23,8.677685950413224
2022-06-24,8.677685950413224
2022-06-27,8.884297520661157
2022-06-28,8.264462809917356
2022-06-29,7.024793388429752
2022-06-30,7.024793388429752
2022-07-01,5.991735537190083
2022-07-05,5.371900826446281
2022-07-06,4.75206611570248
2022-07-07,4.545454545454546
2022-07-08,4.338842975206612
2022-07-11,4.75206611570248
2022-07-12,4.958677685950414
2022-07-13,5.578512396694215
2022-07-14,5.991735537190083
2022-07-15,7.024793388429752
2022-07-18,6.8181818181818175
2022-07-19,7.644628099173553
2022-07-20,8.057851239669422
2022-07-21,7.851239669421488
2022-07-22,8.057851239669422
2022-07-25,8.264462809917356
2022-07-26,7.644628099173553
2022-07-27,7.851239669421488
2022-07-28,8.057851239669422
2022-07-29,8.264462809917356
2022-08-01,8.47107438016529
2022-08-02,8.47107438016529
2022-08-03,9.297520661157025
2022-08-04,9.710743801652892
2022-08-05,10.330578512396695
2022-08-08,11.776859504132231
2022-08-09,13.016528925619836
2022-08-10,14.256198347107437
2022-08-11,15.495867768595042
2022-08-12,16.32231404958678
2022-08-15,16.735537190082646
2022-08-16,18.181818181818183
2022-08-17,19.00826446280992
2022-08-18,19.62809917355372
2022-08-19,19.834710743801654
2022-08-22,19.834710743801654
2022-08-23,20.24793388429752
2022-08-24,20.867768595041323
2022-08-25,21.694214876033058
2022-08-26,21.90082644628099
2022-08-29,22.31404958677686
2022-08-30,22.933884297520663
2022-08-31,22.727272727272727
2022-09-01,23.7603305785124
2022-09-02,23.7603305785124
2022-09-06,24.380165289256198
2022-09-07,25.413223140495866
2022-09-08,25.413223140495866
2022-09-09,25.206611570247933
2022-09-12,25.6198347107438
2022-09-13,25.413223140495866
2022-09-14,25.413223140495866
2022-09-15,25.6198347107438
2022-09-16,24.173553719008265
2022-09-19,23.34710743801653
2022-09-20,22.31404958677686
2022-09-21,21.694214876033058
2022-09-22,20.24793388429752
2022-09-23,17.768595041322314
2022-09-26,15.082644628099173
2022-09-27,12.396694214876034
2022-09-28,10.330578512396695
2022-09-29,8.47107438016529
2022-09-30,8.264462809917356
2022-10-03,7.851239669421488
2022-10-04,7.851239669421488
2022-10-05,8.47107438016529
2022-10-06,7.851239669421488
2022-10-07,7.231404958677685
2022-10-10,6.40495867768595
2022-10-11,6.198347107438017
2022-10-12,5.785123966942149
2022-10-13,5.578512396694215
2022-10-14,5.1652892561983474
2022-10-17,5.1652892561983474
2022-10-18,5.785123966942149
2022-10-19,5.785123966942149
2022-10-20,7.231404958677685
2022-10-21,7.231404958677685
2022-10-24,8.884297520661157
2022-10-25,10.743801652892563
2022-10-26,11.776859504132231
2022-10-27,12.8099173553719
2022-10-28,13.223140495867769
2022-10-31,15.289256198347106
2022-11-01,15.909090909090908
2022-11-02,16.735537190082646
2022-11-03,16.735537190082646
2022-11-04,17.56198347107438
2022-11-07,19.214876033057852
2022-11-08,20.454545454545457
2022-11-09,21.694214876033058
2022-11-10,22.107438016528928
2022-11-11,22.933884297520663
2022-11-14,23.553719008264462
2022-11-15,24.380165289256198
2022-11-16,24.586776859504134
2022-11-17,25.206611570247933
2022-11-18,25.413223140495866
2022-11-21,25.6198347107438
2022-11-22,25.826446280991732
2022-11-23,27.27272727272727
2022-11-25,29.132231404958674
2022-11-28,29.545454545454547
2022-11-29,29.958677685950413
2022-11-30,29.958677685950413
2022-12-01,30.57851239669421
2022-12-02,31.198347107438018
2022-12-05,32.64462809917356
2022-12-06,34.710743801652896
2022-12-07,34.917355371900825
2022-12-08,35.9504132231405
2022-12-09,36.98347107438016
2022-12-12,38.01652892561984
2022-12-13,38.22314049586777
2022-12-14,39.46280991735537
2022-12-15,39.381443298969074
2022-12-16,40.20618556701031
2022-12-19,40.20618556701031
2022-12-20,40.41237113402062
2022-12-21,40.824742268041234
2022-12-22,39.79381443298969
2022-12-23,39.58762886597938
2022-12-27,40.20618556701031
2022-12-28,39.79381443298969
2022-12-29,39.381443298969074
2022-12-30,36.907216494845365
2023-01-03,35.670103092783506
2023-01-04,34.43298969072165
2023-01-05,31.752577319587626
2023-01-06,30.515463917525775
2023-01-09,29.690721649484537
2023-01-10,29.690721649484537
2023-01-11,30.309278350515463
2023-01-12,29.07216494845361
2023-01-13,28.659793814432987
2023-01-17,27.628865979381445
2023-01-18,27.835051546391753
2023-01-19,27.628865979381445
2023-01-20,28.865979381443296
2023-01-23,30.309278350515463
2023-01-24,30.309278350515463
2023-01-25,31.752577319587626
2023-01-26,33.4020618556701
2023-01-27,33.4020618556701
2023-01-30,35.876288659793815
2023-01-31,38.144329896907216
2023-02-01,39.175257731958766
2023-02-02,40.41237113402062
2023-02-03,41.855670103092784
2023-02-06,42.68041237113402
2023-02-07,43.09278350515464
2023-02-08,44.123711340206185
2023-02-09,43.91752577319588
2023-02-10,43.91752577319588
2023-02-13,44.53608247422681
2023-02-14,44.53608247422681
2023-02-15,44.948453608247426
2023-02-16,45.36082474226804
2023-02-17,46.8041237113402
2023-02-21,47.21649484536082
2023-02-22,46.597938144329895
2023-02-23,46.18556701030928
2023-02-24,46.8041237113402
2023-02-27,46.391752577319586
2023-02-28,46.18556701030928
2023-03-01,45.97938144329897
2023-03-02,45.154639175257735
2023-03-03,43.91752577319588
2023-03-06,42.68041237113402
2023-03-07,41.855670103092784
2023-03-08,41.23711340206185
2023-03-09,37.7319587628866
2023-03-10,36.08247422680412
2023-03-13,33.19587628865979
2023-03-14,29.690721649484537
2023-03-15,27.216494845360824
2023-03-16,25.56701030927835
2023-03-17,22.474226804123713
2023-03-20,22.061855670103093
2023-03-21,21.030927835051546
2023-03-22,20.412371134020617
2023-03-23,20.20618556701031
2023-03-24,18.762886597938145
2023-03-27,18.144329896907216
2023-03-28,17.525773195876287
2023-03-29,18.144329896907216
2023-03-30,18.556701030927837
2023-03-31,18.556701030927837
2023-04-03,18.350515463917525
2023-04-04,18.556701030927837
2023-04-05,19.175257731958766
2023-04-06,19.175257731958766
2023-04-10,20.0
2023-04-11,20.20618556701031
2023-04-12,21.649484536082475
2023-04-13,21.443298969072163
2023-04-14,23.711340206185564
2023-04-17,25.36082474226804
2023-04-18,27.628865979381445
2023-04-19,29.07216494845361
2023-04-20,29.896907216494846
2023-04-21,32.577319587628864
2023-04-24,34.02061855670103
2023-04-25,34.845360824742265
2023-04-26,35.051546391752574
2023-04-27,36.08247422680412
2023-04-28,36.70103092783505
2023-05-01,37.52577319587629
2023-05-02,37.11340206185567
2023-05-03,36.70103092783505
2023-05-04,35.59670781893004
2023-05-05,35.80246913580247
2023-05-08,35.390946502057616
2023-05-09,36.831275720164605
2023-05-10,37.03703703703704
2023-05-11,36.831275720164605
2023-05-12,36.62551440329218
2023-05-15,36.41975308641975
2023-05-16,35.80246913580247
2023-05-17,33.95061728395062
2023-05-18,35.18518518518518
2023-05-19,35.59670781893004
2023-05-22,35.80246913580247
2023-05-23,35.18518518518518
2023-05-24,34.5679012345679
2023-05-25,34.97942386831276
2023-05-26,34.36213991769547
2023-05-30,34.77366255144033
2023-05-31,33.744855967078195
2023-06-01,33.744855967078195
2023-06-02,33.53909465020576
2023-06-05,32.92181069958848
2023-06-06,31.893004115226336
2023-06-07,31.275720164609055
2023-06-08,29.835390946502056
2023-06-09,29.4238683127572
2023-06-12,29.629629629629626
2023-06-13,30.65843621399177
2023-06-14,31.893004115226336
2023-06-15,32.92181069958848
2023-06-16,32.71604938271605
2023-06-20,33.53909465020576
2023-06-21,34.15637860082305
2023-06-22,34.5679012345679
2023-06-23,34.77366255144033
2023-06-26,35.59670781893004
2023-06-27,37.242798353909464
2023-06-28,37.86008230452675
2023-06-29,39.711934156378604
2023-06-30,40.94650205761317
2023-07-03,42.79835390946502
2023-07-05,44.03292181069959
2023-07-06,45.06172839506173
2023-07-07,45.47325102880658
2023-07-10,46.70781893004115
2023-07-11,46.70781893004115
2023-07-12,46.913580246913575
2023-07-13,47.73662551440329
2023-07-14,48.559670781893004
2023-07-17,48.971193415637856
2023-07-18,49.382716049382715
2023-07-19,49.17695473251029
2023-07-20,48.971193415637856
2023-07-21,49.382716049382715
2023-07-24,50.617283950617285
2023-07-25,51.028806584362144
2023-07-26,51.440329218106996
2023-07-27,52.46913580246913
2023-07-28,53.49794238683128
2023-07-31,54.93827160493827
2023-08-01,55.349794238683124
2023-08-02,55.96707818930041
2023-08-03,56.5843621399177
2023-08-04,57.818930041152264
2023-08-07,58.64197530864198
2023-08-08,58.230452674897116
2023-08-09,57.20164609053497
2023-08-10,56.99588477366255
2023-08-11,55.349794238683124
2023-08-14,54.73251028806584
2023-08-15,52.05761316872428
2023-08-16,50.20576131687243
2023-08-17,47.94238683127572
2023-08-18,46.09053497942387
2023-08-21,44.44444444444444
2023-08-22,40.32921810699588
2023-08-23,38.477366255144034
2023-08-24,36.831275720164605
2023-08-25,35.18518518518518
2023-08-28,33.95061728395062
2023-08-29,32.098765432098766
2023-08-30,30.65843621399177
2023-08-31,29.835390946502056
2023-09-01,30.45267489711934
2023-09-05,30.246913580246915
2023-09-06,29.835390946502056
2023-09-07,29.218106995884774
2023-09-08,29.629629629629626
2023-09-11,29.01234567901235
2023-09-12,29.01234567901235
2023-09-13,27.77777777777778
2023-09-14,26.74897119341564
2023-09-15,26.954732510288064
2023-09-18,26.74897119341564
2023-09-19,26.74897119341564
2023-09-20,26.954732510288064
2023-09-21,27.36625514403292
2023-09-22,27.160493827160494
2023-09-25,27.36625514403292
2023-09-26,26.543209876543212
2023-09-27,25.925925925925924
2023-09-28,26.13168724279835
2023-09-29,25.514403292181072
2023-10-02,24.897119341563787
2023-10-03,22.016460905349795
2023-10-04,21.971252566735114
2023-10-05,20.739219712525667
2023-10-06,19.50718685831622
2023-10-09,18.069815195071868
2023-10-10,18.275154004106774
2023-10-11,17.864476386036962
2023-10-12,18.069815195071868
2023-10-13,17.453798767967147
2023-10-16,17.248459958932237
2023-10-17,17.248459958932237
2023-10-18,16.01642710472279
2023-10-19,15.400410677618071
2023-10-20,15.400410677618071
2023-10-23,15.400410677618071
2023-10-24,15.195071868583163
2023-10-25,16.427104722792606
2023-10-26,15.605749486652979
2023-10-27,14.579055441478438
2023-10-30,14.168377823408623
2023-10-31,14.784394250513348
2023-11-01,14.579055441478438
2023-11-02,14.989733059548255
2023-11-03,15.605749486652979
2023-11-06,15.811088295687886
2023-11-07,16.632443531827516
2023-11-08,17.248459958932237
2023-11-09,17.248459958932237
2023-11-10,18.069815195071868
2023-11-13,19.917864476386036
2023-11-14,21.149897330595483
2023-11-15,21.971252566735114
2023-11-16,22.79260780287474
2023-11-17,24.435318275154007
2023-11-20,25.46201232032854
2023-11-21,27.720739219712527
2023-11-22,28.952772073921974
2023-11-24,30.59548254620123
2023-11-27,31.211498973305957
2023-11-28,33.26488706365503
2023-11-29,33.47022587268994
2023-11-30,35.318275154004105
2023-12-01,36.34496919917864
2023-12-04,36.55030800821355
2023-12-05,36.34496919917864
2023-12-06,36.75564681724846
2023-12-07,37.782340862423
2023-12-08,37.98767967145791
2023-12-11,38.398357289527716
2023-12-12,40.04106776180698
2023-12-13,40.6570841889117
2023-12-14,41.478439425051334
2023-12-15,42.09445585215606
2023-12-18,42.50513347022588
2023-12-19,44.35318275154005
2023-12-20,45.790554414784395
2023-12-21,46.81724845995893
2023-12-22,47.84394250513347
2023-12-26,48.6652977412731
2023-12-27,48.870636550308014
2023-12-28,49.69199178644764
2023-12-29,50.71868583162218
2024-01-02,52.15605749486652
2024-01-03,53.798767967145785
2024-01-04,53.59342915811089
2024-01-05,55.85215605749486
2024-01-08,56.67351129363449
2024-01-09,57.08418891170432
2024-01-10,58.72689938398358
2024-01-11,59.34291581108829
2024-01-12,59.753593429158116
2024-01-16,59.34291581108829
2024-01-17,60.36960985626283
2024-01-18,60.98562628336756
2024-01-19,61.80698151950719
2024-01-22,61.601642710472284
2024-01-23,62.83367556468173
2024-01-24,63.039014373716626
2024-01-25,62.422997946611915
2024-01-26,63.039014373716626
2024-01-29,63.44969199178645
2024-01-30,63.039014373716626
2024-01-31,62.62833675564682
2024-02-01,61.39630390143738
2024-02-02,59.753593429158116
2024-02-05,58.52156057494866
2024-02-06,58.110882956878854
2024-02-07,57.70020533880903
2024-02-08,56.87885010266941
2024-02-09,55.441478439425055
2024-02-12,55.441478439425055
2024-02-13,55.23613963039015
2024-02-14,54.20944558521561
2024-02-15,54.82546201232032
2024-02-16,54.82546201232032
2024-02-20,54.62012320328542
2024-02-21,54.00410677618069
2024-02-22,53.798767967145785
2024-02-23,54.20944558521561
2024-02-26,53.59342915811089
2024-02-27,53.38809034907598
2024-02-28,54.20944558521561
2024-02-29,55.03080082135524
2024-03-01,55.23613963039015
2024-03-04,55.441478439425055
2024-03-05,55.441478439425055
2024-03-06,56.05749486652978
2024-03-07,56.67351129363449
2024-03-08,57.28952772073922
2024-03-11,58.52156057494866
2024-03-12,59.54825462012321
2024-03-13,60.36960985626283
2024-03-14,60.98562628336756
2024-03-15,61.601642710472284
2024-03-18,63.039014373716626
2024-03-19,63.44969199178645
2024-03-20,64.68172484599589
2024-03-21,65.50308008213553
2024-03-22,65.50308008213553
2024-03-25,65.50308008213553
2024-03-26,64.95901639344262
2024-03-27,65.03067484662577
2024-03-28,65.23517382413088
2024-04-01,65.03067484662577
2024-04-02,65.439672801636
2024-04-03,66.25766871165644
2024-04-04,64.82617586912065
2024-04-05,64.41717791411043
2024-04-08,64.21267893660531
2024-04-09,64.62167689161554
2024-04-10,63.394683026584865
2024-04-11,62.985685071574636
2024-04-12,62.16768916155419
2024-04-15,60.53169734151329
2024-04-16,60.122699386503065
2024-04-17,58.282208588957054
2024-04-18,54.805725971370144
2024-04-19,53.78323108384458
2024-04-22,51.124744376278116
2024-04-23,48.670756646216766
2024-04-24,47.239263803680984
2024-04-25,44.580777096114524
2024-04-26,41.922290388548056
2024-04-29,38.036809815950924
2024-04-30,36.400817995910025
2024-05-01,34.56032719836401
2024-05-02,33.33333333333333
2024-05-03,31.28834355828221
2024-05-06,30.67484662576687
2024-05-07,30.879345603271986
2024-05-08,30.470347648261757
2024-05-09,29.85685071574642
2024-05-10,30.470347648261757
2024-05-13,30.67484662576687
2024-05-14,32.719836400818
2024-05-15,34.56032719836401
2024-05-16,36.400817995910025
2024-05-17,39.263803680981596
2024-05-20,42.331288343558285
2024-05-21,45.194274028629856
2024-05-22,45.807770961145195
2024-05-23,45.603271983640084
2024-05-24,45.603271983640084
2024-05-28,46.216768916155424
2024-05-29,45.807770961145195
2024-05-30,46.216768916155424
2024-05-31,48.057259713701434
2024-06-03,49.079754601226995
2024-06-04,48.875255623721884
2024-06-05,48.875255623721884
2024-06-06,49.693251533742334
2024-06-07,49.897750511247445
2024-06-10,49.079754601226995
2024-06-11,49.079754601226995
2024-06-12,48.670756646216766
2024-06-13,48.670756646216766
2024-06-14,46.830265848670756
2024-06-17,46.421267893660534
2024-06-18,45.39877300613497
2024-06-20,44.989775051124745
2024-06-21,43.76278118609407
2024-06-24,42.740286298568506
2024-06-25,42.535787321063395
2024-06-26,42.12678936605317
2024-06-27,41.922290388548056
2024-06-28,41.922290388548056
2024-07-01,41.922290388548056
2024-07-02,41.513292433537835
2024-07-03,40.49079754601227
2024-07-05,39.263803680981596
2024-07-08,37.627811860940696
2024-07-09,37.21881390593047
2024-07-10,37.423312883435585
2024-07-11,37.83231083844581
2024-07-12,39.46830265848671
2024-07-15,40.081799591002046
2024-07-16,40.081799591002046
2024-07-17,40.695296523517385
2024-07-18,43.353783231083845
2024-07-19,44.785276073619634
2024-07-22,45.39877300613497
2024-07-23,47.239263803680984
2024-07-24,46.830265848670756
2024-07-25,47.648261758691206
2024-07-26,48.057259713701434
2024-07-29,49.079754601226995
2024-07-30,50.511247443762784
2024-07-31,52.14723926380368
2024-08-01,54.19222903885481
2024-08-02,52.965235173824134
2024-08-05,51.124744376278116
2024-08-06,49.284253578732105
2024-08-07,48.875255623721884
2024-08-08,48.670756646216766
2024-08-09,47.443762781186095
2024-08-12,46.012269938650306
2024-08-13,44.989775051124745
2024-08-14,43.149284253578735
2024-08-15,43.149284253578735
2024-08-16,43.353783231083845
2024-08-19,43.149284253578735
2024-08-20,43.149284253578735
2024-08-21,42.535787321063395
2024-08-22,43.353783231083845
2024-08-23,43.967280163599185
2024-08-26,43.353783231083845
2024-08-27,43.967280163599185
2024-08-28,44.171779141104295
2024-08-29,45.603271983640084
2024-08-30,47.443762781186095
2024-09-03,49.079754601226995
2024-09-04,51.533742331288344
2024-09-05,53.37423312883436
2024-09-06,53.78323108384458
2024-09-09,54.396728016359916
2024-09-10,55.419222903885476
2024-09-11,56.646216768916155
2024-09-12,57.259713701431494
2024-09-13,57.46421267893661
2024-09-16,57.873210633946826
2024-09-17,58.48670756646217
2024-09-18,58.282208588957054
2024-09-19,59.50920245398773
2024-09-20,59.50920245398773
2024-09-23,60.73619631901841
2024-09-24,61.554192229038854
2024-09-25,62.16768916155419
2024-09-26,61.963190184049076
2024-09-27,61.554192229038854
2024-09-30,62.372188139059304
2024-10-01,61.34969325153374
2024-10-02,61.554192229038854
2024-10-03,61.145194274028626
2024-10-04,61.34969325153374
2024-10-07,62.16768916155419
2024-10-08,61.34969325153374
2024-10-09,61.963190184049076
2024-10-10,61.963190184049076
2024-10-11,61.75869120654397
2024-10-14,62.16768916155419
2024-10-15,60.73619631901841
2024-10-16,61.145194274028626
2024-10-17,60.122699386503065
2024-10-18,60.32719836400818
2024-10-21,59.71370143149284
2024-10-22,58.691206543967276
2024-10-23,58.48670756646217
2024-10-24,57.05521472392638
2024-10-25,56.23721881390593
2024-10-28,55.21472392638037
2024-10-29,54.19222903885481
2024-10-30,52.760736196319016
2024-10-31,51.124744376278116
2024-11-01,50.511247443762784
2024-11-04,50.511247443762784
2024-11-05,50.715746421267895
2024-11-06,51.124744376278116
2024-11-07,50.920245398773
2024-11-08,51.94274028629857
2024-11-11,51.738241308793455
2024-11-12,51.124744376278116
2024-11-13,50.715746421267895
2024-11-14,49.897750511247445
2024-11-15,49.48875255623722
2024-11-18,49.897750511247445
2024-11-19,48.261758691206545
2024-11-20,47.85276073619632
2024-11-21,48.057259713701434
2024-11-22,48.466257668711656
2024-11-25,49.284253578732105
2024-11-26,50.306748466257666
2024-11-27,51.533742331288344
2024-11-29,52.556237218813905
2024-12-02,53.16973415132924
2024-12-03,53.78323108384458
2024-12-04,55.21472392638037
2024-12-05,55.419222903885476
2024-12-06,55.623721881390594
2024-12-09,55.419222903885476
2024-12-10,55.21472392638037
2024-12-11,55.623721881390594
2024-12-12,55.419222903885476
2024-12-13,55.419222903885476
2024-12-16,55.828220858895705
2024-12-17,56.032719836400815
2024-12-18,55.419222903885476
2024-12-19,53.78323108384458
2024-12-20,52.760736196319016
2024-12-23,50.10224948875256
2024-12-24,48.057259713701434
2024-12-26,46.012269938650306
2024-12-27,43.353783231083845
2024-12-30,40.899795501022496
2024-12-31,37.01431492842536
2025-01-02,33.74233128834356
2025-01-03,31.901840490797547
2025-01-06,28.016359918200408
2025-01-07,25.357873210633947
2025-01-08,22.699386503067483
2025-01-10,21.267893660531698
2025-01-13,18.200408997955012
2025-01-14,17.791411042944784
2025-01-15,15.746421267893659
2025-01-16,13.701431492842536
2025-01-17,13.0879345603272
2025-01-21,12.883435582822086
2025-01-22,13.701431492842536
2025-01-23,14.519427402862986
2025-01-24,15.950920245398773
2025-01-27,17.177914110429448
2025-01-28,18.813905930470348
2025-01-29,19.427402862985684
2025-01-30,20.654396728016362
2025-01-31,22.699386503067483
2025-02-03,24.74437627811861
2025-02-04,26.1758691206544
2025-02-05,27.198364008179958
2025-02-06,28.016359918200408
2025-02-07,31.492842535787318
2025-02-10,33.537832310838446
2025-02-11,35.58282208588957
2025-02-12,38.65030674846626
2025-02-13,40.695296523517385
2025-02-14,41.717791411042946
2025-02-18,41.922290388548056
2025-02-19,42.331288343558285
2025-02-20,41.922290388548056
2025-02-21,42.535787321063395
2025-02-24,41.717791411042946
2025-02-25,41.922290388548056
2025-02-26,41.717791411042946
2025-02-27,41.922290388548056
2025-02-28,41.104294478527606
2025-03-03,38.85480572597137
2025-03-04,37.83231083844581
2025-03-05,36.60531697341513
2025-03-06,35.787321063394685
2025-03-07,35.58282208588957
2025-03-10,34.56032719836401
2025-03-11,32.31083844580777
2025-03-12,30.470347648261757
2025-03-13,29.038854805725972
2025-03-14,28.22085889570552
2025-03-17,26.380368098159508
2025-03-18,25.766871165644172
2025-03-19,24.130879345603272
2025-03-20,22.903885480572598
2025-03-21,21.881390593047033
2025-03-24,21.676891615541923
2025-03-25,22.085889570552148
2025-03-26,21.676891615541923
2025-03-27,21.676891615541923
2025-03-28,21.472392638036812
2025-03-31,20.245398773006134
2025-04-01,20.449897750511248
2025-04-02,20.449897750511248
2025-04-03,19.631901840490798
2025-04-04,19.222903885480573
2025-04-07,18.609406952965234
2025-04-08,18.200408997955012
2025-04-09,17.38241308793456
2025-04-10,16.973415132924334
2025-04-11,16.155419222903884
2025-04-14,15.541922290388548
2025-04-15,15.541922290388548
2025-04-16,14.92842535787321
2025-04-17,14.314928425357873
2025-04-21,14.11042944785276
2025-04-22,13.29243353783231
2025-04-23,12.474437627811861
2025-04-24,11.860940695296524
2025-04-25,11.451942740286299
2025-04-28,12.269938650306749
2025-04-29,12.269938650306749
2025-04-30,11.65644171779141
2025-05-01,11.451942740286299
2025-05-02,11.042944785276074
2025-05-05,11.451942740286299
2025-05-06,13.905930470347649
2025-05-07,15.337423312883436
2025-05-08,18.200408997955012
2025-05-09,19.222903885480573
2025-05-12,21.676891615541923
2025-05-13,22.494887525562373
2025-05-14,22.903885480572598
2025-05-15,23.517382413087933
2025-05-16,24.130879345603272
2025-05-19,24.335378323108383
2025-05-20,25.357873210633947
2025-05-21,24.74437627811861
2025-05-22,24.74437627811861
2025-05-23,23.92638036809816
2025-05-27,23.92638036809816
2025-05-28,23.92638036809816
2025-05-29,24.335378323108383
2025-05-30,24.539877300613497
2025-06-02,25.357873210633947
2025-06-03,25.357873210633947
2025-06-04,25.153374233128833
2025-06-05,25.562372188139058
2025-06-06,25.357873210633947
2025-06-09,25.562372188139058
2025-06-10,25.766871165644172
2025-06-11,26.1758691206544
2025-06-12,26.1758691206544
2025-06-13,26.380368098159508
2025-06-16,27.607361963190186
2025-06-17,28.016359918200408
2025-06-18,28.425357873210633
2025-06-20,28.425357873210633
2025-06-23,29.447852760736197
2025-06-24,30.67484662576687
2025-06-25,31.492842535787318
2025-06-26,32.10633946830266
2025-06-27,32.719836400818
2025-06-30,33.33333333333333
2025-07-01,33.74233128834356
2025-07-02,32.92433537832311
2025-07-03,33.12883435582822
2025-07-07,32.515337423312886
2025-07-08,33.33333333333333
2025-07-09,33.94683026584867
2025-07-10,34.355828220858896
2025-07-11,34.355828220858896
2025-07-14,35.173824130879346
2025-07-15,34.96932515337423
2025-07-16,35.787321063394685
2025-07-17,36.19631901840491
2025-07-18,37.21881390593047
2025-07-21,38.65030674846626
2025-07-22,40.081799591002046
2025-07-23,40.695296523517385
2025-07-24,41.308793456032724
2025-07-25,42.944785276073624
2025-07-28,42.740286298568506
2025-07-29,43.558282208588956
2025-07-30,44.580777096114524
2025-07-31,43.967280163599185
2025-08-01,44.171779141104295
2025-08-04,43.76278118609407
2025-08-05,43.967280163599185
2025-08-06,42.740286298568506
2025-08-07,43.149284253578735
2025-08-08,42.944785276073624
2025-08-11,42.331288343558285
2025-08-12,41.717791411042946
2025-08-13,42.535787321063395
2025-08-14,42.944785276073624
2025-08-15,42.12678936605317
2025-08-18,43.149284253578735
2025-08-19,43.353783231083845
2025-08-20,43.558282208588956
2025-08-21,44.376278118609406
2025-08-22,43.967280163599185
2025-08-25,43.76278118609407
2025-08-26,43.967280163599185
2025-08-27,43.558282208588956
2025-08-28,42.535787321063395
2025-08-29,42.944785276073624
2025-09-02,44.171779141104295
2025-09-03,43.967280163599185
2025-09-04,44.376278118609406
2025-09-05,44.989775051124745
2025-09-08,45.39877300613497
2025-09-09,46.012269938650306
2025-09-10,46.62576687116564
2025-09-11,47.239263803680984
2025-09-12,46.830265848670756
2025-09-15,47.034764826175866
2025-09-16,46.012269938650306
2025-09-17,46.62576687116564
2025-09-18,46.62576687116564
2025-09-19,45.603271983640084
2025-09-22,44.376278118609406
2025-09-23,44.989775051124745
2025-09-24,44.376278118609406
2025-09-25,44.376278118609406
2025-09-26,43.76278118609407
2025-09-29,43.353783231083845
2025-09-30,43.558282208588956
2025-10-01,43.967280163599185
2025-10-02,44.989775051124745
2025-10-03,45.603271983640084
2025-10-06,45.603271983640084
2025-10-07,45.194274028629856
2025-10-08,45.194274028629856
2025-10-09,45.603271983640084
2025-10-10,45.194274028629856
2025-10-13,43.149284253578735
2025-10-14,41.513292433537835
2025-10-15,40.081799591002046
2025-10-16,39.46830265848671
2025-10-17,39.46830265848671
2025-10-20,39.672801635991824
2025-10-21,39.46830265848671
2025-10-22,39.46830265848671
2025-10-23,39.672801635991824
2025-10-24,39.059304703476485
2025-10-27,39.263803680981596
2025-10-28,37.627811860940696
2025-10-29,36.809815950920246
2025-10-30,37.01431492842536
2025-10-31,35.991820040899796
2025-11-03,34.76482617586912
2025-11-04,34.355828220858896
2025-11-05,33.537832310838446
2025-11-06,33.537832310838446
2025-11-07,33.94683026584867
2025-11-10,34.151329243353786
2025-11-11,34.151329243353786
2025-11-12,34.355828220858896
2025-11-13,34.355828220858896
2025-11-14,35.173824130879346
2025-11-17,34.76482617586912
2025-11-18,33.74233128834356
2025-11-19,33.33333333333333
2025-11-20,32.92433537832311
2025-11-21,32.515337423312886
2025-11-24,32.10633946830266
2025-11-25,31.697341513292432
2025-11-26,31.492842535787318
2025-11-28,32.10633946830266
2025-12-01,32.31083844580777
2025-12-02,32.515337423312886
2025-12-03,32.719836400818
2025-12-04,33.33333333333333
2025-12-05,33.12883435582822
2025-12-08,33.33333333333333
2025-12-09,32.719836400818
2025-12-10,33.94683026584867
2025-12-11,34.96932515337423
2025-12-12,34.96932515337423
2025-12-15,35.991820040899796
2025-12-16,35.787321063394685
2025-12-17,36.60531697341513
2025-12-18,37.423312883435585
2025-12-19,38.65030674846626
2025-12-22,39.46830265848671
2025-12-23,40.081799591002046
2025-12-24,39.87730061349693
2025-12-26,40.49079754601227
2025-12-29,40.899795501022496
2025-12-30,40.49079754601227
2025-12-31,40.081799591002046
2026-01-02,40.081799591002046
2026-01-05,39.263803680981596
2026-01-06,39.672801635991824
2026-01-07,39.263803680981596
2026-01-08,39.672801635991824
2026-01-09,40.286298568507156
2026-01-12,40.695296523517385
2026-01-13,40.49079754601227
2026-01-14,40.49079754601227
2026-01-15,40.899795501022496
2026-01-16,40.695296523517385
2026-01-20,41.717791411042946
2026-01-21,42.331288343558285
2026-01-22,42.12678936605317
2026-01-23,43.149284253578735
2026-01-26,43.353783231083845
2026-01-27,44.376278118609406
2026-01-28,44.580777096114524
2026-01-29,44.989775051124745
2026-01-30,45.194274028629856
2026-02-02,46.62576687116564
2026-02-03,45.807770961145195
2026-02-04,44.989775051124745
2026-02-05,44.785276073619634
2026-02-06,45.603271983640084
2026-02-09,46.216768916155424
2026-02-10,45.603271983640084
2026-02-11,45.807770961145195
2026-02-12,45.807770961145195
2026-02-13,46.216768916155424
2026-02-17,45.603271983640084
2026-02-18,45.603271983640084
2026-02-19,45.194274028629856
2026-02-20,46.830265848670756
2026-02-23,46.830265848670756
2026-02-24,47.443762781186095
2026-02-25,48.261758691206545
2026-02-26,48.057259713701434
2026-02-27,48.670756646216766
2026-03-02,49.079754601226995
2026-03-03,48.875255623721884
2026-03-04,48.261758691206545
2026-03-05,48.466257668711656
2026-03-06,48.261758691206545
2026-03-09,48.875255623721884
2026-03-10,48.670756646216766
2026-03-11,47.239263803680984
2026-03-12,45.603271983640084
2026-03-13,43.967280163599185
2026-03-16,43.353783231083845
2026-03-17,43.353783231083845
2026-03-18,41.308793456032724
2026-03-19,39.059304703476485
2026-03-20,37.627811860940696
2026-03-23,35.58282208588957
2026-03-24,33.537832310838446
2026-03-25,31.901840490797547
2026-03-26,29.65235173824131
2026-03-27,27.607361963190186
2026-03-30,24.74437627811861
2026-03-31,23.92638036809816
2026-04-01,22.290388548057262
2026-04-02,20.858895705521473
2026-04-06,19.836400817995912
2026-04-07,19.018404907975462
2026-04-08,18.609406952965234
2026-04-09,17.791411042944784
2026-04-10,17.586912065439673
2026-04-13,17.995910020449898
2026-04-14,18.813905930470348
2026-04-15,18.200408997955012
2026-04-16,18.813905930470348
2026-04-17,20.449897750511248
2026-04-20,21.881390593047033
2026-04-21,24.539877300613497
2026-04-22,24.74437627811861
2026-04-23,26.58486707566462
2026-04-24,28.834355828220858
2026-04-27,29.038854805725972
2026-04-28,30.67484662576687
2026-04-29,31.901840490797547
2026-04-30,33.12883435582822
2026-05-01,33.94683026584867
2026-05-04,35.173824130879346
2026-05-05,35.37832310838446
2026-05-06,36.19631901840491
2026-05-07,36.400817995910025
2026-05-08,36.400817995910025
2026-05-11,35.787321063394685
2026-05-12,35.37832310838446
2026-05-13,34.96932515337423
2026-05-14,34.56032719836401
2026-05-15,34.56032719836401
2026-05-18,34.76482617586912
2026-05-19,34.76482617586912
2026-05-20,34.56032719836401
2026-05-21,33.74233128834356
2026-05-22,33.94683026584867
2026-05-26,34.151329243353786
2026-05-27,33.94683026584867
2026-05-28,34.56032719836401
2026-05-29,34.76482617586912
2026-06-01,33.94683026584867
2026-06-02,33.537832310838446
2026-06-03,33.537832310838446
2026-06-04,33.12883435582822
2026-06-05,32.515337423312886
2026-06-08,32.515337423312886
2026-06-09,32.719836400818
2026-06-10,33.33333333333333
2026-06-11,34.56032719836401
2026-06-12,34.76482617586912
2026-06-15,35.787321063394685
2026-06-16,35.58282208588957
2026-06-17,36.60531697341513
2026-06-18,36.809815950920246
2026-06-22,36.60531697341513
2026-06-23,36.809815950920246
2026-06-24,35.991820040899796
2026-06-25,37.21881390593047
2026-06-26,37.21881390593047
2026-06-29,38.036809815950924
2026-06-30,39.263803680981596
2026-07-01,40.49079754601227
2026-07-02,41.308793456032724
2026-07-06,42.331288343558285
2026-07-07,41.922290388548056
2026-07-08,42.331288343558285
2026-07-09,42.740286298568506
2026-07-10,42.740286298568506
2026-07-13,42.740286298568506
2026-07-14,43.149284253578735
2026-07-15,43.149284253578735
2026-07-16,42.740286298568506
2026-07-17,43.353783231083845
2026-07-20,42.944785276073624
2026-07-21,43.353783231083845
2026-07-22,43.558282208588956
2026-07-23,43.76278118609407
2026-07-24,44.171779141104295
2026-07-27,44.171779141104295
2026-07-28,44.376278118609406
2026-07-29,44.69387755102041
2026-07-30,44.989775051124745
2026-07-31,44.580777096114524
2026-08-03,44.989775051124745
2026-08-04,45.41751527494908
2026-08-05,46.216768916155424
2026-08-06,46.216768916155424
2026-08-07,46.326530612244895
2026-08-10,46.012269938650306
2026-08-11,44.89795918367347
2026-08-12,45.807770961145195
2026-08-13,45.807770961145195
2026-08-14,45.91836734693878
2026-08-17,44.48979591836735
2026-08-18,43.353783231083845
2026-08-19,43.558282208588956
2026-08-20,44.171779141104295
2026-08-21,44.376278118609406
2026-08-24,44.171779141104295
2026-08-25,43.76278118609407
2026-08-26,42.944785276073624
2026-08-27,41.308793456032724
2026-08-28,40.899795501022496
2026-08-31,41.308793456032724
2026-09-01,40.49079754601227
2026-09-02,39.46830265848671
2026-09-03,38.036809815950924
2026-09-04,38.445807770961146
2026-09-08,38.445807770961146
2026-09-09,38.445807770961146
2026-09-10,37.83231083844581
2026-09-11,37.83231083844581
2026-09-14,36.734693877551024
2026-09-15,36.19631901840491
2026-09-16,35.37832310838446
2026-09-17,33.94683026584867
2026-09-18,32.10633946830266
2026-09-21,31.492842535787318
2026-09-22,30.265848670756647
2026-09-23,28.834355828220858
2026-09-24,27.198364008179958
2026-09-25,26.789366053169733
2026-09-28,25.766871165644172
2026-09-29,24.539877300613497
2026-09-30,22.085889570552148
2026-10-01,21.676891615541923
2026-10-02,20.449897750511248
2026-10-05,18.533604887983707
2026-10-06,18.367346938775512
2026-10-07,
