Date,SPX,Oscillator,Threshold_Up,Threshold_Down
2014-01-15,,0.6233766233766234,0.6,0.2
2014-01-16,,0.6406926406926406,0.6,0.2
2014-01-17,,0.5454545454545454,0.6,0.2
2014-01-21,,0.5714285714285714,0.6,0.2
2014-01-22,,0.6060606060606061,0.6,0.2
2014-01-23,,0.43722943722943725,0.6,0.2
2014-01-24,,0.1471861471861472,0.6,0.2
2014-01-27,,0.12121212121212122,0.6,0.2
2014-01-28,,0.22077922077922077,0.6,0.2
2014-01-29,,0.1645021645021645,0.6,0.2
2014-01-30,,0.3333333333333333,0.6,0.2
2014-01-31,,0.2987012987012987,0.6,0.2
2014-02-03,,0.12554112554112554,0.6,0.2
2014-02-04,,0.19913419913419914,0.6,0.2
2014-02-05,,0.23376623376623376,0.6,0.2
2014-02-06,,0.48484848484848486,0.6,0.2
2014-02-07,,0.7359307359307359,0.6,0.2
2014-02-10,,0.7445887445887446,0.6,0.2
2014-02-11,,0.8354978354978355,0.6,0.2
2014-02-12,,0.8051948051948052,0.6,0.2
2014-02-13,,0.8095238095238095,0.6,0.2
2014-02-14,,0.8484848484848485,0.6,0.2
2014-02-18,,0.8051948051948052,0.6,0.2
2014-02-19,,0.7186147186147186,0.6,0.2
2014-02-20,,0.7229437229437229,0.6,0.2
2014-02-21,,0.6623376623376623,0.6,0.2
2014-02-24,,0.7316017316017316,0.6,0.2
2014-02-25,,0.6536796536796536,0.6,0.2
2014-02-26,,0.645021645021645,0.6,0.2
2014-02-27,,0.645021645021645,0.6,0.2
2014-02-28,,0.7012987012987013,0.6,0.2
2014-03-03,,0.45454545454545453,0.6,0.2
2014-03-04,,0.7575757575757576,0.6,0.2
2014-03-05,,0.6926406926406926,0.6,0.2
2014-03-06,,0.7012987012987013,0.6,0.2
2014-03-07,,0.658008658008658,0.6,0.2
2014-03-10,,0.6103896103896104,0.6,0.2
2014-03-11,,0.4329004329004329,0.6,0.2
2014-03-12,,0.4675324675324675,0.6,0.2
2014-03-13,,0.2554112554112554,0.6,0.2
2014-03-14,,0.22510822510822512,0.6,0.2
2014-03-17,,0.3722943722943723,0.6,0.2
2014-03-18,,0.5238095238095238,0.6,0.2
2014-03-19,,0.3852813852813853,0.6,0.2
2014-03-20,,0.4805194805194805,0.6,0.2
2014-03-21,,0.5021645021645021,0.6,0.2
2014-03-24,,0.354978354978355,0.6,0.2
2014-03-25,,0.4329004329004329,0.6,0.2
2014-03-26,,0.31601731601731603,0.6,0.2
2014-03-27,,0.27705627705627706,0.6,0.2
2014-03-28,,0.3722943722943723,0.6,0.2
2014-03-31,,0.5844155844155844,0.6,0.2
2014-04-01,,0.7272727272727273,0.6,0.2
2014-04-02,,0.7402597402597403,0.6,0.2
2014-04-03,,0.7316017316017316,0.6,0.2
2014-04-04,,0.46320346320346323,0.6,0.2
2014-04-07,,0.22943722943722944,0.6,0.2
2014-04-08,,0.29004329004329005,0.6,0.2
2014-04-09,,0.5367965367965368,0.6,0.2
2014-04-10,,0.16017316017316016,0.6,0.2
2014-04-11,,0.11688311688311688,0.6,0.2
2014-04-14,,0.18181818181818182,0.6,0.2
2014-04-15,,0.2554112554112554,0.6,0.2
2014-04-16,,0.5367965367965368,0.6,0.2
2014-04-17,,0.6233766233766234,0.6,0.2
2014-04-21,,0.7142857142857143,0.6,0.2
2014-04-22,,0.7229437229437229,0.6,0.2
2014-04-23,,0.7056277056277056,0.6,0.2
2014-04-24,,0.7056277056277056,0.6,0.2
2014-04-25,,0.47619047619047616,0.6,0.2
2014-04-28,,0.4329004329004329,0.6,0.2
2014-04-29,,0.5064935064935064,0.6,0.2
2014-04-30,,0.5584415584415584,0.6,0.2
2014-05-01,,0.5584415584415584,0.6,0.2
2014-05-02,,0.5151515151515151,0.6,0.2
2014-05-05,,0.5367965367965368,0.6,0.2
2014-05-06,,0.341991341991342,0.6,0.2
2014-05-07,,0.49783549783549785,0.6,0.2
2014-05-08,,0.48917748917748916,0.6,0.2
2014-05-09,,0.5411255411255411,0.6,0.2
2014-05-12,,0.7056277056277056,0.6,0.2
2014-05-13,,0.6883116883116883,0.6,0.2
2014-05-14,,0.5064935064935064,0.6,0.2
2014-05-15,,0.2727272727272727,0.6,0.2
2014-05-16,,0.45021645021645024,0.6,0.2
2014-05-19,,0.4935064935064935,0.6,0.2
2014-05-20,,0.31601731601731603,0.6,0.2
2014-05-21,,0.44155844155844154,0.6,0.2
2014-05-22,,0.5108225108225108,0.6,0.2
2014-05-23,,0.6623376623376623,0.6,0.2
2014-05-27,,0.7575757575757576,0.6,0.2
2014-05-28,,0.7402597402597403,0.6,0.2
2014-05-29,,0.7662337662337663,0.6,0.2
2014-05-30,,0.8008658008658008,0.6,0.2
2014-06-02,,0.7878787878787878,0.6,0.2
2014-06-03,,0.7186147186147186,0.6,0.2
2014-06-04,,0.7532467532467533,0.6,0.2
2014-06-05,,0.8181818181818182,0.6,0.2
2014-06-06,,0.8225108225108225,0.6,0.2
2014-06-09,,0.7316017316017316,0.6,0.2
2014-06-10,,0.683982683982684,0.6,0.2
2014-06-11,,0.5670995670995671,0.6,0.2
2014-06-12,,0.35064935064935066,0.6,0.2
2014-06-13,,0.36796536796536794,0.6,0.2
2014-06-16,,0.341991341991342,0.6,0.2
2014-06-17,,0.42424242424242425,0.6,0.2
2014-06-18,,0.5800865800865801,0.6,0.2
2014-06-19,,0.6103896103896104,0.6,0.2
2014-06-20,,0.658008658008658,0.6,0.2
2014-06-23,,0.6666666666666666,0.6,0.2
2014-06-24,,0.47619047619047616,0.6,0.2
2014-06-25,,0.5930735930735931,0.6,0.2
2014-06-26,,0.5194805194805194,0.6,0.2
2014-06-27,,0.5887445887445888,0.6,0.2
2014-06-30,,0.5757575757575758,0.6,0.2
2014-07-01,,0.7142857142857143,0.6,0.2
2014-07-02,,0.6190476190476191,0.6,0.2
2014-07-03,,0.7229437229437229,0.6,0.2
2014-07-07,,0.6060606060606061,0.6,0.2
2014-07-08,,0.3852813852813853,0.6,0.2
2014-07-09,,0.4329004329004329,0.6,0.2
2014-07-10,,0.30735930735930733,0.6,0.2
2014-07-11,,0.341991341991342,0.6,0.2
2014-07-14,,0.42424242424242425,0.6,0.2
2014-07-15,,0.4025974025974026,0.6,0.2
2014-07-16,,0.45021645021645024,0.6,0.2
2014-07-17,,0.23809523809523808,0.6,0.2
2014-07-18,,0.49783549783549785,0.6,0.2
2014-07-21,,0.4588744588744589,0.6,0.2
2014-07-22,,0.5757575757575758,0.6,0.2
2014-07-23,,0.5454545454545454,0.6,0.2
2014-07-24,,0.5844155844155844,0.6,0.2
2014-07-25,,0.44155844155844154,0.6,0.2
2014-07-28,,0.41125541125541126,0.6,0.2
2014-07-29,,0.3116883116883117,0.6,0.2
2014-07-30,,0.2987012987012987,0.6,0.2
2014-07-31,,0.13852813852813853,0.6,0.2
2014-08-01,,0.11688311688311688,0.6,0.2
2014-08-04,,0.16883116883116883,0.6,0.2
2014-08-05,,0.15151515151515152,0.6,0.2
2014-08-06,,0.1774891774891775,0.6,0.2
2014-08-07,,0.14285714285714285,0.6,0.2
2014-08-08,,0.3593073593073593,0.6,0.2
2014-08-11,,0.5064935064935064,0.6,0.2
2014-08-12,,0.5194805194805194,0.6,0.2
2014-08-13,,0.7402597402597403,0.6,0.2
2014-08-14,,0.7705627705627706,0.6,0.2
2014-08-15,,0.7272727272727273,0.6,0.2
2014-08-18,,0.8268398268398268,0.6,0.2
2014-08-19,,0.8398268398268398,0.6,0.2
2014-08-20,,0.8441558441558441,0.6,0.2
2014-08-21,,0.8398268398268398,0.6,0.2
2014-08-22,,0.7532467532467533,0.6,0.2
2014-08-25,,0.8051948051948052,0.6,0.2
2014-08-26,,0.7445887445887446,0.6,0.2
2014-08-27,,0.7402597402597403,0.6,0.2
2014-08-28,,0.645021645021645,0.6,0.2
2014-08-29,,0.6277056277056277,0.6,0.2
2014-09-02,,0.6103896103896104,0.6,0.2
2014-09-03,,0.5974025974025974,0.6,0.2
2014-09-04,,0.5670995670995671,0.6,0.2
2014-09-05,,0.6406926406926406,0.6,0.2
2014-09-08,,0.5757575757575758,0.6,0.2
2014-09-09,,0.341991341991342,0.6,0.2
2014-09-10,,0.39826839826839827,0.6,0.2
2014-09-11,,0.4805194805194805,0.6,0.2
2014-09-12,,0.2857142857142857,0.6,0.2
2014-09-15,,0.27705627705627706,0.6,0.2
2014-09-16,,0.47619047619047616,0.6,0.2
2014-09-17,,0.48917748917748916,0.6,0.2
2014-09-18,,0.6060606060606061,0.6,0.2
2014-09-19,,0.5584415584415584,0.6,0.2
2014-09-22,,0.3593073593073593,0.6,0.2
2014-09-23,,0.18181818181818182,0.6,0.2
2014-09-24,,0.35064935064935066,0.6,0.2
2014-09-25,,0.1038961038961039,0.6,0.2
2014-09-26,,0.26406926406926406,0.6,0.2
2014-09-29,,0.2554112554112554,0.6,0.2
2014-09-30,,0.20346320346320346,0.6,0.2
2014-10-01,,0.11688311688311688,0.6,0.2
2014-10-02,,0.18614718614718614,0.6,0.2
2014-10-03,,0.4458874458874459,0.6,0.2
2014-10-06,,0.41125541125541126,0.6,0.2
2014-10-07,,0.1774891774891775,0.6,0.2
2014-10-08,,0.5151515151515151,0.6,0.2
2014-10-09,,0.15584415584415584,0.6,0.2
2014-10-10,,0.13852813852813853,0.6,0.2
2014-10-13,,0.11255411255411256,0.6,0.2
2014-10-14,,0.14285714285714285,0.6,0.2
2014-10-15,,0.1471861471861472,0.6,0.2
2014-10-16,,0.17316017316017315,0.6,0.2
2014-10-17,,0.37662337662337664,0.6,0.2
2014-10-20,,0.6147186147186147,0.6,0.2
2014-10-21,,0.8095238095238095,0.6,0.2
2014-10-22,,0.7922077922077922,0.6,0.2
2014-10-23,,0.8744588744588745,0.6,0.2
2014-10-24,,0.8701298701298701,0.6,0.2
2014-10-27,,0.8311688311688312,0.6,0.2
2014-10-28,,0.8701298701298701,0.6,0.2
2014-10-29,,0.8354978354978355,0.6,0.2
2014-10-30,,0.8225108225108225,0.6,0.2
2014-10-31,,0.8571428571428571,0.6,0.2
2014-11-03,,0.8268398268398268,0.6,0.2
2014-11-04,,0.7402597402597403,0.6,0.2
2014-11-05,,0.7575757575757576,0.6,0.2
2014-11-06,,0.7965367965367965,0.6,0.2
2014-11-07,,0.7619047619047619,0.6,0.2
2014-11-10,,0.7878787878787878,0.6,0.2
2014-11-11,,0.8051948051948052,0.6,0.2
2014-11-12,,0.696969696969697,0.6,0.2
2014-11-13,,0.6060606060606061,0.6,0.2
2014-11-14,,0.5670995670995671,0.6,0.2
2014-11-17,,0.5281385281385281,0.6,0.2
2014-11-18,,0.6233766233766234,0.6,0.2
2014-11-19,,0.5194805194805194,0.6,0.2
2014-11-20,,0.5324675324675324,0.6,0.2
2014-11-21,,0.6363636363636364,0.6,0.2
2014-11-24,,0.7186147186147186,0.6,0.2
2014-11-25,,0.6623376623376623,0.6,0.2
2014-11-26,,0.7056277056277056,0.6,0.2
2014-11-28,,0.7012987012987013,0.6,0.2
2014-12-01,,0.49783549783549785,0.6,0.2
2014-12-02,,0.6017316017316018,0.6,0.2
2014-12-03,,0.6753246753246753,0.6,0.2
2014-12-04,,0.6103896103896104,0.6,0.2
2014-12-05,,0.6363636363636364,0.6,0.2
2014-12-08,,0.4935064935064935,0.6,0.2
2014-12-09,,0.5367965367965368,0.6,0.2
2014-12-10,,0.23376623376623376,0.6,0.2
2014-12-11,,0.354978354978355,0.6,0.2
2014-12-12,,0.15584415584415584,0.6,0.2
2014-12-15,,0.10822510822510822,0.6,0.2
2014-12-16,,0.06926406926406926,0.6,0.2
2014-12-17,,0.35064935064935066,0.6,0.2
2014-12-18,,0.7705627705627706,0.6,0.2
2014-12-19,,0.8225108225108225,0.6,0.2
2014-12-22,,0.8571428571428571,0.6,0.2
2014-12-23,,0.8614718614718615,0.6,0.2
2014-12-24,,0.8614718614718615,0.6,0.2
2014-12-26,,0.8787878787878788,0.6,0.2
2014-12-29,,0.8701298701298701,0.6,0.2
2014-12-30,,0.8181818181818182,0.6,0.2
2014-12-31,,0.26406926406926406,0.6,0.2
2015-01-02,,0.20346320346320346,0.6,0.2
2015-01-05,,0.1038961038961039,0.6,0.2
2015-01-06,,0.1038961038961039,0.6,0.2
2015-01-07,,0.2554112554112554,0.6,0.2
2015-01-08,,0.5324675324675324,0.6,0.2
2015-01-09,,0.4069264069264069,0.6,0.2
2015-01-12,,0.354978354978355,0.6,0.2
2015-01-13,,0.4155844155844156,0.6,0.2
2015-01-14,,0.341991341991342,0.6,0.2
2015-01-15,,0.2857142857142857,0.6,0.2
2015-01-16,,0.48484848484848486,0.6,0.2
2015-01-20,,0.48917748917748916,0.6,0.2
2015-01-21,,0.5411255411255411,0.6,0.2
2015-01-22,,0.7835497835497836,0.6,0.2
2015-01-23,,0.70995670995671,0.6,0.2
2015-01-26,,0.7445887445887446,0.6,0.2
2015-01-27,,0.6103896103896104,0.6,0.2
2015-01-28,,0.3116883116883117,0.6,0.2
2015-01-29,,0.49783549783549785,0.6,0.2
2015-01-30,,0.19047619047619047,0.6,0.2
2015-02-02,,0.3116883116883117,0.6,0.2
2015-02-03,,0.5974025974025974,0.6,0.2
2015-02-04,,0.5108225108225108,0.6,0.2
2015-02-05,,0.645021645021645,0.6,0.2
2015-02-06,,0.5800865800865801,0.6,0.2
2015-02-09,,0.5108225108225108,0.6,0.2
2015-02-10,,0.6753246753246753,0.6,0.2
2015-02-11,,0.6926406926406926,0.6,0.2
2015-02-12,,0.7445887445887446,0.6,0.2
2015-02-13,,0.7532467532467533,0.6,0.2
2015-02-17,,0.7229437229437229,0.6,0.2
2015-02-18,,0.7575757575757576,0.6,0.2
2015-02-19,,0.6926406926406926,0.6,0.2
2015-02-20,,0.7792207792207793,0.6,0.2
2015-02-23,,0.7272727272727273,0.6,0.2
2015-02-24,,0.70995670995671,0.6,0.2
2015-02-25,,0.6320346320346321,0.6,0.2
2015-02-26,,0.5324675324675324,0.6,0.2
2015-02-27,,0.3852813852813853,0.6,0.2
2015-03-02,,0.6233766233766234,0.6,0.2
2015-03-03,,0.4199134199134199,0.6,0.2
2015-03-04,,0.29004329004329005,0.6,0.2
2015-03-05,,0.3722943722943723,0.6,0.2
2015-03-06,,0.16017316017316016,0.6,0.2
2015-03-09,,0.23376623376623376,0.6,0.2
2015-03-10,,0.06926406926406926,0.6,0.2
2015-03-11,,0.11688311688311688,0.6,0.2
2015-03-12,,0.3939393939393939,0.6,0.2
2015-03-13,,0.2943722943722944,0.6,0.2
2015-03-16,,0.6103896103896104,0.6,0.2
2015-03-17,,0.5887445887445888,0.6,0.2
2015-03-18,,0.7662337662337663,0.6,0.2
2015-03-19,,0.7229437229437229,0.6,0.2
2015-03-20,,0.8311688311688312,0.6,0.2
2015-03-23,,0.7835497835497836,0.6,0.2
2015-03-24,,0.6406926406926406,0.6,0.2
2015-03-25,,0.23809523809523808,0.6,0.2
2015-03-26,,0.17316017316017315,0.6,0.2
2015-03-27,,0.24675324675324675,0.6,0.2
2015-03-30,,0.5367965367965368,0.6,0.2
2015-03-31,,0.35064935064935066,0.6,0.2
2015-04-01,,0.2813852813852814,0.6,0.2
2015-04-02,,0.39826839826839827,0.6,0.2
2015-04-06,,0.5714285714285714,0.6,0.2
2015-04-07,,0.5194805194805194,0.6,0.2
2015-04-08,,0.6406926406926406,0.6,0.2
2015-04-09,,0.6147186147186147,0.6,0.2
2015-04-10,,0.670995670995671,0.6,0.2
2015-04-13,,0.5108225108225108,0.6,0.2
2015-04-14,,0.49783549783549785,0.6,0.2
2015-04-15,,0.5541125541125541,0.6,0.2
2015-04-16,,0.5021645021645021,0.6,0.2
2015-04-17,,0.22077922077922077,0.6,0.2
2015-04-20,,0.44155844155844154,0.6,0.2
2015-04-21,,0.42424242424242425,0.6,0.2
2015-04-22,,0.5324675324675324,0.6,0.2
2015-04-23,,0.5714285714285714,0.6,0.2
2015-04-24,,0.5411255411255411,0.6,0.2
2015-04-27,,0.38095238095238093,0.6,0.2
2015-04-28,,0.49783549783549785,0.6,0.2
2015-04-29,,0.3852813852813853,0.6,0.2
2015-04-30,,0.22943722943722944,0.6,0.2
2015-05-01,,0.39826839826839827,0.6,0.2
2015-05-04,,0.4329004329004329,0.6,0.2
2015-05-05,,0.22943722943722944,0.6,0.2
2015-05-06,,0.1774891774891775,0.6,0.2
2015-05-07,,0.2943722943722944,0.6,0.2
2015-05-08,,0.6147186147186147,0.6,0.2
2015-05-11,,0.5541125541125541,0.6,0.2
2015-05-12,,0.4805194805194805,0.6,0.2
2015-05-13,,0.5238095238095238,0.6,0.2
2015-05-14,,0.7186147186147186,0.6,0.2
2015-05-15,,0.7272727272727273,0.6,0.2
2015-05-18,,0.8225108225108225,0.6,0.2
2015-05-19,,0.7532467532467533,0.6,0.2
2015-05-20,,0.7402597402597403,0.6,0.2
2015-05-21,,0.6796536796536796,0.6,0.2
2015-05-22,,0.5844155844155844,0.6,0.2
2015-05-26,,0.3116883116883117,0.6,0.2
2015-05-27,,0.5238095238095238,0.6,0.2
2015-05-28,,0.45021645021645024,0.6,0.2
2015-05-29,,0.30303030303030304,0.6,0.2
2015-06-01,,0.35064935064935066,0.6,0.2
2015-06-02,,0.329004329004329,0.6,0.2
2015-06-03,,0.44155844155844154,0.6,0.2
2015-06-04,,0.22943722943722944,0.6,0.2
2015-06-05,,0.2987012987012987,0.6,0.2
2015-06-08,,0.17316017316017315,0.6,0.2
2015-06-09,,0.16883116883116883,0.6,0.2
2015-06-10,,0.4805194805194805,0.6,0.2
2015-06-11,,0.5714285714285714,0.6,0.2
2015-06-12,,0.41125541125541126,0.6,0.2
2015-06-15,,0.2813852813852814,0.6,0.2
2015-06-16,,0.46320346320346323,0.6,0.2
2015-06-17,,0.5584415584415584,0.6,0.2
2015-06-18,,0.7792207792207793,0.6,0.2
2015-06-19,,0.6796536796536796,0.6,0.2
2015-06-22,,0.7445887445887446,0.6,0.2
2015-06-23,,0.6320346320346321,0.6,0.2
2015-06-24,,0.43722943722943725,0.6,0.2
2015-06-25,,0.38095238095238093,0.6,0.2
2015-06-26,,0.38095238095238093,0.6,0.2
2015-06-29,,0.06926406926406926,0.6,0.2
2015-06-30,,0.09090909090909091,0.6,0.2
2015-07-01,,0.22077922077922077,0.6,0.2
2015-07-02,,0.2554112554112554,0.6,0.2
2015-07-06,,0.2554112554112554,0.6,0.2
2015-07-07,,0.38961038961038963,0.6,0.2
2015-07-08,,0.22510822510822512,0.6,0.2
2015-07-09,,0.2683982683982684,0.6,0.2
2015-07-10,,0.5324675324675324,0.6,0.2
2015-07-13,,0.70995670995671,0.6,0.2
2015-07-14,,0.7619047619047619,0.6,0.2
2015-07-15,,0.683982683982684,0.6,0.2
2015-07-16,,0.7359307359307359,0.6,0.2
2015-07-17,,0.6277056277056277,0.6,0.2
2015-07-20,,0.6060606060606061,0.6,0.2
2015-07-21,,0.5281385281385281,0.6,0.2
2015-07-22,,0.48917748917748916,0.6,0.2
2015-07-23,,0.38961038961038963,0.6,0.2
2015-07-24,,0.2683982683982684,0.6,0.2
2015-07-27,,0.18614718614718614,0.6,0.2
2015-07-28,,0.3722943722943723,0.6,0.2
2015-07-29,,0.5411255411255411,0.6,0.2
2015-07-30,,0.5844155844155844,0.6,0.2
2015-07-31,,0.5930735930735931,0.6,0.2
2015-08-03,,0.5584415584415584,0.6,0.2
2015-08-04,,0.5497835497835498,0.6,0.2
2015-08-05,,0.658008658008658,0.6,0.2
2015-08-06,,0.4935064935064935,0.6,0.2
2015-08-07,,0.42857142857142855,0.6,0.2
2015-08-10,,0.5974025974025974,0.6,0.2
2015-08-11,,0.3939393939393939,0.6,0.2
2015-08-12,,0.39826839826839827,0.6,0.2
2015-08-13,,0.37662337662337664,0.6,0.2
2015-08-14,,0.4805194805194805,0.6,0.2
2015-08-17,,0.658008658008658,0.6,0.2
2015-08-18,,0.5800865800865801,0.6,0.2
2015-08-19,,0.4329004329004329,0.6,0.2
2015-08-20,,0.12987012987012986,0.6,0.2
2015-08-21,,0.030303030303030304,0.6,0.2
2015-08-24,,0.0,0.6,0.2
2015-08-25,,0.0,0.6,0.2
2015-08-26,,0.021645021645021644,0.6,0.2
2015-08-27,,0.22510822510822512,0.6,0.2
2015-08-28,,0.2987012987012987,0.6,0.2
2015-08-31,,0.2510822510822511,0.6,0.2
2015-09-01,,0.06926406926406926,0.6,0.2
2015-09-02,,0.3203463203463203,0.6,0.2
2015-09-03,,0.5411255411255411,0.6,0.2
2015-09-04,,0.2813852813852814,0.6,0.2
2015-09-08,,0.7316017316017316,0.6,0.2
2015-09-09,,0.3852813852813853,0.6,0.2
2015-09-10,,0.4155844155844156,0.6,0.2
2015-09-11,,0.6060606060606061,0.6,0.2
2015-09-14,,0.5497835497835498,0.6,0.2
2015-09-15,,0.7619047619047619,0.6,0.2
2015-09-16,,0.8181818181818182,0.6,0.2
2015-09-17,,0.7445887445887446,0.6,0.2
2015-09-18,,0.45454545454545453,0.6,0.2
2015-09-21,,0.47619047619047616,0.6,0.2
2015-09-22,,0.2510822510822511,0.6,0.2
2015-09-23,,0.2857142857142857,0.6,0.2
2015-09-24,,0.22077922077922077,0.6,0.2
2015-09-25,,0.29004329004329005,0.6,0.2
2015-09-28,,0.09956709956709957,0.6,0.2
2015-09-29,,0.15151515151515152,0.6,0.2
2015-09-30,,0.341991341991342,0.6,0.2
2015-10-01,,0.4155844155844156,0.6,0.2
2015-10-02,,0.6666666666666666,0.6,0.2
2015-10-05,,0.8268398268398268,0.6,0.2
2015-10-06,,0.7489177489177489,0.6,0.2
2015-10-07,,0.8051948051948052,0.6,0.2
2015-10-08,,0.8225108225108225,0.6,0.2
2015-10-09,,0.8701298701298701,0.6,0.2
2015-10-12,,0.8658008658008658,0.6,0.2
2015-10-13,,0.7229437229437229,0.6,0.2
2015-10-14,,0.5194805194805194,0.6,0.2
2015-10-15,,0.683982683982684,0.6,0.2
2015-10-16,,0.6666666666666666,0.6,0.2
2015-10-19,,0.6190476190476191,0.6,0.2
2015-10-20,,0.6320346320346321,0.6,0.2
2015-10-21,,0.47186147186147187,0.6,0.2
2015-10-22,,0.683982683982684,0.6,0.2
2015-10-23,,0.7142857142857143,0.6,0.2
2015-10-26,,0.683982683982684,0.6,0.2
2015-10-27,,0.5714285714285714,0.6,0.2
2015-10-28,,0.6320346320346321,0.6,0.2
2015-10-29,,0.6060606060606061,0.6,0.2
2015-10-30,,0.5800865800865801,0.6,0.2
2015-11-02,,0.658008658008658,0.6,0.2
2015-11-03,,0.6623376623376623,0.6,0.2
2015-11-04,,0.6103896103896104,0.6,0.2
2015-11-05,,0.5887445887445888,0.6,0.2
2015-11-06,,0.5194805194805194,0.6,0.2
2015-11-09,,0.3852813852813853,0.6,0.2
2015-11-10,,0.4199134199134199,0.6,0.2
2015-11-11,,0.3939393939393939,0.6,0.2
2015-11-12,,0.12554112554112554,0.6,0.2
2015-11-13,,0.05194805194805195,0.6,0.2
2015-11-16,,0.3246753246753247,0.6,0.2
2015-11-17,,0.30303030303030304,0.6,0.2
2015-11-18,,0.6536796536796536,0.6,0.2
2015-11-19,,0.6493506493506493,0.6,0.2
2015-11-20,,0.7229437229437229,0.6,0.2
2015-11-23,,0.70995670995671,0.6,0.2
2015-11-24,,0.7056277056277056,0.6,0.2
2015-11-25,,0.6883116883116883,0.6,0.2
2015-11-27,,0.696969696969697,0.6,0.2
2015-11-30,,0.5974025974025974,0.6,0.2
2015-12-01,,0.7792207792207793,0.6,0.2
2015-12-02,,0.4025974025974026,0.6,0.2
2015-12-03,,0.13852813852813853,0.6,0.2
2015-12-04,,0.5411255411255411,0.6,0.2
2015-12-07,,0.4458874458874459,0.6,0.2
2015-12-08,,0.3463203463203463,0.6,0.2
2015-12-09,,0.15584415584415584,0.6,0.2
2015-12-10,,0.19480519480519481,0.6,0.2
2015-12-11,,0.11255411255411256,0.6,0.2
2015-12-14,,0.14285714285714285,0.6,0.2
2015-12-15,,0.36796536796536794,0.6,0.2
2015-12-16,,0.6666666666666666,0.6,0.2
2015-12-17,,0.42857142857142855,0.6,0.2
2015-12-18,,0.23809523809523808,0.6,0.2
2015-12-21,,0.38961038961038963,0.6,0.2
2015-12-22,,0.6320346320346321,0.6,0.2
2015-12-23,,0.8008658008658008,0.6,0.2
2015-12-24,,0.8138528138528138,0.6,0.2
2015-12-28,,0.7748917748917749,0.6,0.2
2015-12-29,,0.8441558441558441,0.6,0.2
2015-12-30,,0.7402597402597403,0.6,0.2
2015-12-31,,0.42857142857142855,0.6,0.2
2016-01-04,,0.1471861471861472,0.6,0.2
2016-01-05,,0.21212121212121213,0.6,0.2
2016-01-06,,0.1341991341991342,0.6,0.2
2016-01-07,,0.06060606060606061,0.6,0.2
2016-01-08,,0.03463203463203463,0.6,0.2
2016-01-11,,0.08658008658008658,0.6,0.2
2016-01-12,,0.12554112554112554,0.6,0.2
2016-01-13,,0.05627705627705628,0.6,0.2
2016-01-14,,0.16883116883116883,0.6,0.2
2016-01-15,,0.1038961038961039,0.6,0.2
2016-01-19,,0.1471861471861472,0.6,0.2
2016-01-20,,0.09090909090909091,0.6,0.2
2016-01-21,,0.18181818181818182,0.6,0.2
2016-01-22,,0.5454545454545454,0.6,0.2
2016-01-25,,0.3463203463203463,0.6,0.2
2016-01-26,,0.6017316017316018,0.6,0.2
2016-01-27,,0.48917748917748916,0.6,0.2
2016-01-28,,0.5324675324675324,0.6,0.2
2016-01-29,,0.7705627705627706,0.6,0.2
2016-02-01,,0.7965367965367965,0.6,0.2
2016-02-02,,0.49783549783549785,0.6,0.2
2016-02-03,,0.5454545454545454,0.6,0.2
2016-02-04,,0.5541125541125541,0.6,0.2
2016-02-05,,0.38095238095238093,0.6,0.2
2016-02-08,,0.2554112554112554,0.6,0.2
2016-02-09,,0.24675324675324675,0.6,0.2
2016-02-10,,0.22510822510822512,0.6,0.2
2016-02-11,,0.11255411255411256,0.6,0.2
2016-02-12,,0.2943722943722944,0.6,0.2
2016-02-16,,0.6277056277056277,0.6,0.2
2016-02-17,,0.7922077922077922,0.6,0.2
2016-02-18,,0.8225108225108225,0.6,0.2
2016-02-19,,0.8268398268398268,0.6,0.2
2016-02-22,,0.9004329004329005,0.6,0.2
2016-02-23,,0.8398268398268398,0.6,0.2
2016-02-24,,0.8138528138528138,0.6,0.2
2016-02-25,,0.8398268398268398,0.6,0.2
2016-02-26,,0.7792207792207793,0.6,0.2
2016-02-29,,0.6017316017316018,0.6,0.2
2016-03-01,,0.8181818181818182,0.6,0.2
2016-03-02,,0.8354978354978355,0.6,0.2
2016-03-03,,0.8225108225108225,0.6,0.2
2016-03-04,,0.8138528138528138,0.6,0.2
2016-03-07,,0.7792207792207793,0.6,0.2
2016-03-08,,0.6363636363636364,0.6,0.2
2016-03-09,,0.6103896103896104,0.6,0.2
2016-03-10,,0.5800865800865801,0.6,0.2
2016-03-11,,0.7922077922077922,0.6,0.2
2016-03-14,,0.7619047619047619,0.6,0.2
2016-03-15,,0.6320346320346321,0.6,0.2
2016-03-16,,0.7272727272727273,0.6,0.2
2016-03-17,,0.7705627705627706,0.6,0.2
2016-03-18,,0.8138528138528138,0.6,0.2
2016-03-21,,0.8138528138528138,0.6,0.2
2016-03-22,,0.7748917748917749,0.6,0.2
2016-03-23,,0.5930735930735931,0.6,0.2
2016-03-24,,0.5021645021645021,0.6,0.2
2016-03-28,,0.5411255411255411,0.6,0.2
2016-03-29,,0.7272727272727273,0.6,0.2
2016-03-30,,0.7402597402597403,0.6,0.2
2016-03-31,,0.7012987012987013,0.6,0.2
2016-04-01,,0.7272727272727273,0.6,0.2
2016-04-04,,0.6147186147186147,0.6,0.2
2016-04-05,,0.38095238095238093,0.6,0.2
2016-04-06,,0.5411255411255411,0.6,0.2
2016-04-07,,0.30303030303030304,0.6,0.2
2016-04-08,,0.36363636363636365,0.6,0.2
2016-04-11,,0.3246753246753247,0.6,0.2
2016-04-12,,0.4805194805194805,0.6,0.2
2016-04-13,,0.6753246753246753,0.6,0.2
2016-04-14,,0.6363636363636364,0.6,0.2
2016-04-15,,0.7056277056277056,0.6,0.2
2016-04-18,,0.7575757575757576,0.6,0.2
2016-04-19,,0.7142857142857143,0.6,0.2
2016-04-20,,0.6536796536796536,0.6,0.2
2016-04-21,,0.5714285714285714,0.6,0.2
2016-04-22,,0.5454545454545454,0.6,0.2
2016-04-25,,0.5064935064935064,0.6,0.2
2016-04-26,,0.5627705627705628,0.6,0.2
2016-04-27,,0.6406926406926406,0.6,0.2
2016-04-28,,0.45454545454545453,0.6,0.2
2016-04-29,,0.38095238095238093,0.6,0.2
2016-05-02,,0.5151515151515151,0.6,0.2
2016-05-03,,0.35064935064935066,0.6,0.2
2016-05-04,,0.2813852813852814,0.6,0.2
2016-05-05,,0.35064935064935066,0.6,0.2
2016-05-06,,0.4199134199134199,0.6,0.2
2016-05-09,,0.42424242424242425,0.6,0.2
2016-05-10,,0.5844155844155844,0.6,0.2
2016-05-11,,0.4805194805194805,0.6,0.2
2016-05-12,,0.5151515151515151,0.6,0.2
2016-05-13,,0.35064935064935066,0.6,0.2
2016-05-16,,0.5238095238095238,0.6,0.2
2016-05-17,,0.2987012987012987,0.6,0.2
2016-05-18,,0.329004329004329,0.6,0.2
2016-05-19,,0.2727272727272727,0.6,0.2
2016-05-20,,0.42424242424242425,0.6,0.2
2016-05-23,,0.38095238095238093,0.6,0.2
2016-05-24,,0.6666666666666666,0.6,0.2
2016-05-25,,0.7272727272727273,0.6,0.2
2016-05-26,,0.7792207792207793,0.6,0.2
2016-05-27,,0.8138528138528138,0.6,0.2
2016-05-31,,0.7705627705627706,0.6,0.2
2016-06-01,,0.8095238095238095,0.6,0.2
2016-06-02,,0.7922077922077922,0.6,0.2
2016-06-03,,0.645021645021645,0.6,0.2
2016-06-06,,0.7012987012987013,0.6,0.2
2016-06-07,,0.6493506493506493,0.6,0.2
2016-06-08,,0.7012987012987013,0.6,0.2
2016-06-09,,0.6320346320346321,0.6,0.2
2016-06-10,,0.36363636363636365,0.6,0.2
2016-06-13,,0.22943722943722944,0.6,0.2
2016-06-14,,0.23809523809523808,0.6,0.2
2016-06-15,,0.22077922077922077,0.6,0.2
2016-06-16,,0.30303030303030304,0.6,0.2
2016-06-17,,0.2597402597402597,0.6,0.2
2016-06-20,,0.45454545454545453,0.6,0.2
2016-06-21,,0.5541125541125541,0.6,0.2
2016-06-22,,0.5194805194805194,0.6,0.2
2016-06-23,,0.7835497835497836,0.6,0.2
2016-06-24,,0.16883116883116883,0.6,0.2
2016-06-27,,0.14285714285714285,0.6,0.2
2016-06-28,,0.2077922077922078,0.6,0.2
2016-06-29,,0.47619047619047616,0.6,0.2
2016-06-30,,0.7272727272727273,0.6,0.2
2016-07-01,,0.7229437229437229,0.6,0.2
2016-07-05,,0.5800865800865801,0.6,0.2
2016-07-06,,0.670995670995671,0.6,0.2
2016-07-07,,0.70995670995671,0.6,0.2
2016-07-08,,0.8874458874458875,0.6,0.2
2016-07-11,,0.8701298701298701,0.6,0.2
2016-07-12,,0.8138528138528138,0.6,0.2
2016-07-13,,0.7878787878787878,0.6,0.2
2016-07-14,,0.7662337662337663,0.6,0.2
2016-07-15,,0.7359307359307359,0.6,0.2
2016-07-18,,0.683982683982684,0.6,0.2
2016-07-19,,0.6277056277056277,0.6,0.2
2016-07-20,,0.6623376623376623,0.6,0.2
2016-07-21,,0.5627705627705628,0.6,0.2
2016-07-22,,0.6233766233766234,0.6,0.2
2016-07-25,,0.5497835497835498,0.6,0.2
2016-07-26,,0.5844155844155844,0.6,0.2
2016-07-27,,0.4588744588744589,0.6,0.2
2016-07-28,,0.4805194805194805,0.6,0.2
2016-07-29,,0.4935064935064935,0.6,0.2
2016-08-01,,0.4458874458874459,0.6,0.2
2016-08-02,,0.2597402597402597,0.6,0.2
2016-08-03,,0.3593073593073593,0.6,0.2
2016-08-04,,0.41125541125541126,0.6,0.2
2016-08-05,,0.6147186147186147,0.6,0.2
2016-08-08,,0.5411255411255411,0.6,0.2
2016-08-09,,0.5844155844155844,0.6,0.2
2016-08-10,,0.5714285714285714,0.6,0.2
2016-08-11,,0.645021645021645,0.6,0.2
2016-08-12,,0.6233766233766234,0.6,0.2
2016-08-15,,0.6320346320346321,0.6,0.2
2016-08-16,,0.44155844155844154,0.6,0.2
2016-08-17,,0.4458874458874459,0.6,0.2
2016-08-18,,0.5194805194805194,0.6,0.2
2016-08-19,,0.47186147186147187,0.6,0.2
2016-08-22,,0.5238095238095238,0.6,0.2
2016-08-23,,0.5800865800865801,0.6,0.2
2016-08-24,,0.4199134199134199,0.6,0.2
2016-08-25,,0.44155844155844154,0.6,0.2
2016-08-26,,0.3722943722943723,0.6,0.2
2016-08-29,,0.5064935064935064,0.6,0.2
2016-08-30,,0.4805194805194805,0.6,0.2
2016-08-31,,0.42857142857142855,0.6,0.2
2016-09-01,,0.4588744588744589,0.6,0.2
2016-09-02,,0.5974025974025974,0.6,0.2
2016-09-06,,0.5844155844155844,0.6,0.2
2016-09-07,,0.5930735930735931,0.6,0.2
2016-09-08,,0.5108225108225108,0.6,0.2
2016-09-09,,0.08225108225108226,0.6,0.2
2016-09-12,,0.2813852813852814,0.6,0.2
2016-09-13,,0.08225108225108226,0.6,0.2
2016-09-14,,0.08658008658008658,0.6,0.2
2016-09-15,,0.2683982683982684,0.6,0.2
2016-09-16,,0.2554112554112554,0.6,0.2
2016-09-19,,0.3246753246753247,0.6,0.2
2016-09-20,,0.37662337662337664,0.6,0.2
2016-09-21,,0.7316017316017316,0.6,0.2
2016-09-22,,0.8398268398268398,0.6,0.2
2016-09-23,,0.7445887445887446,0.6,0.2
2016-09-26,,0.5497835497835498,0.6,0.2
2016-09-27,,0.670995670995671,0.6,0.2
2016-09-28,,0.7056277056277056,0.6,0.2
2016-09-29,,0.4199134199134199,0.6,0.2
2016-09-30,,0.6017316017316018,0.6,0.2
2016-10-03,,0.49783549783549785,0.6,0.2
2016-10-04,,0.38095238095238093,0.6,0.2
2016-10-05,,0.43722943722943725,0.6,0.2
2016-10-06,,0.47619047619047616,0.6,0.2
2016-10-07,,0.41125541125541126,0.6,0.2
2016-10-10,,0.45454545454545453,0.6,0.2
2016-10-11,,0.1645021645021645,0.6,0.2
2016-10-12,,0.22077922077922077,0.6,0.2
2016-10-13,,0.2077922077922078,0.6,0.2
2016-10-14,,0.22077922077922077,0.6,0.2
2016-10-17,,0.22943722943722944,0.6,0.2
2016-10-18,,0.36796536796536794,0.6,0.2
2016-10-19,,0.5021645021645021,0.6,0.2
2016-10-20,,0.4675324675324675,0.6,0.2
2016-10-21,,0.4588744588744589,0.6,0.2
2016-10-24,,0.6320346320346321,0.6,0.2
2016-10-25,,0.5151515151515151,0.6,0.2
2016-10-26,,0.4675324675324675,0.6,0.2
2016-10-27,,0.3593073593073593,0.6,0.2
2016-10-28,,0.4025974025974026,0.6,0.2
2016-10-31,,0.4329004329004329,0.6,0.2
2016-11-01,,0.2943722943722944,0.6,0.2
2016-11-02,,0.21645021645021645,0.6,0.2
2016-11-03,,0.22077922077922077,0.6,0.2
2016-11-04,,0.23376623376623376,0.6,0.2
2016-11-07,,0.6666666666666666,0.6,0.2
2016-11-08,,0.7186147186147186,0.6,0.2
2016-11-09,,0.645021645021645,0.6,0.2
2016-11-10,,0.6277056277056277,0.6,0.2
2016-11-11,,0.6493506493506493,0.6,0.2
2016-11-14,,0.5974025974025974,0.6,0.2
2016-11-15,,0.6493506493506493,0.6,0.2
2016-11-16,,0.6233766233766234,0.6,0.2
2016-11-17,,0.696969696969697,0.6,0.2
2016-11-18,,0.5930735930735931,0.6,0.2
2016-11-21,,0.7186147186147186,0.6,0.2
2016-11-22,,0.7316017316017316,0.6,0.2
2016-11-23,,0.7142857142857143,0.6,0.2
2016-11-25,,0.8008658008658008,0.6,0.2
2016-11-28,,0.658008658008658,0.6,0.2
2016-11-29,,0.6320346320346321,0.6,0.2
2016-11-30,,0.4588744588744589,0.6,0.2
2016-12-01,,0.36363636363636365,0.6,0.2
2016-12-02,,0.3722943722943723,0.6,0.2
2016-12-05,,0.45021645021645024,0.6,0.2
2016-12-06,,0.5541125541125541,0.6,0.2
2016-12-07,,0.7532467532467533,0.6,0.2
2016-12-08,,0.8008658008658008,0.6,0.2
2016-12-09,,0.8311688311688312,0.6,0.2
2016-12-12,,0.7922077922077922,0.6,0.2
2016-12-13,,0.8008658008658008,0.6,0.2
2016-12-14,,0.658008658008658,0.6,0.2
2016-12-15,,0.6363636363636364,0.6,0.2
2016-12-16,,0.5714285714285714,0.6,0.2
2016-12-19,,0.5714285714285714,0.6,0.2
2016-12-20,,0.6103896103896104,0.6,0.2
2016-12-21,,0.5281385281385281,0.6,0.2
2016-12-22,,0.4329004329004329,0.6,0.2
2016-12-23,,0.5281385281385281,0.6,0.2
2016-12-27,,0.6060606060606061,0.6,0.2
2016-12-28,,0.2597402597402597,0.6,0.2
2016-12-29,,0.3116883116883117,0.6,0.2
2016-12-30,,0.21212121212121213,0.6,0.2
2017-01-03,,0.41125541125541126,0.6,0.2
2017-01-04,,0.670995670995671,0.6,0.2
2017-01-05,,0.5887445887445888,0.6,0.2
2017-01-06,,0.6363636363636364,0.6,0.2
2017-01-09,,0.5064935064935064,0.6,0.2
2017-01-10,,0.5324675324675324,0.6,0.2
2017-01-11,,0.6277056277056277,0.6,0.2
2017-01-12,,0.5627705627705628,0.6,0.2
2017-01-13,,0.6060606060606061,0.6,0.2
2017-01-17,,0.5497835497835498,0.6,0.2
2017-01-18,,0.6017316017316018,0.6,0.2
2017-01-19,,0.45021645021645024,0.6,0.2
2017-01-20,,0.5367965367965368,0.6,0.2
2017-01-23,,0.48484848484848486,0.6,0.2
2017-01-24,,0.6060606060606061,0.6,0.2
2017-01-25,,0.683982683982684,0.6,0.2
2017-01-26,,0.6277056277056277,0.6,0.2
2017-01-27,,0.6017316017316018,0.6,0.2
2017-01-30,,0.4935064935064935,0.6,0.2
2017-01-31,,0.5281385281385281,0.6,0.2
2017-02-01,,0.4155844155844156,0.6,0.2
2017-02-02,,0.48484848484848486,0.6,0.2
2017-02-03,,0.6190476190476191,0.6,0.2
2017-02-06,,0.5238095238095238,0.6,0.2
2017-02-07,,0.5627705627705628,0.6,0.2
2017-02-08,,0.6406926406926406,0.6,0.2
2017-02-09,,0.7489177489177489,0.6,0.2
2017-02-10,,0.8051948051948052,0.6,0.2
2017-02-13,,0.8398268398268398,0.6,0.2
2017-02-14,,0.7878787878787878,0.6,0.2
2017-02-15,,0.7748917748917749,0.6,0.2
2017-02-16,,0.7878787878787878,0.6,0.2
2017-02-17,,0.7575757575757576,0.6,0.2
2017-02-21,,0.8398268398268398,0.6,0.2
2017-02-22,,0.7662337662337663,0.6,0.2
2017-02-23,,0.6753246753246753,0.6,0.2
2017-02-24,,0.6536796536796536,0.6,0.2
2017-02-27,,0.683982683982684,0.6,0.2
2017-02-28,,0.5108225108225108,0.6,0.2
2017-03-01,,0.7575757575757576,0.6,0.2
2017-03-02,,0.6320346320346321,0.6,0.2
2017-03-03,,0.6017316017316018,0.6,0.2
2017-03-06,,0.4329004329004329,0.6,0.2
2017-03-07,,0.36796536796536794,0.6,0.2
2017-03-08,,0.33766233766233766,0.6,0.2
2017-03-09,,0.31601731601731603,0.6,0.2
2017-03-10,,0.4458874458874459,0.6,0.2
2017-03-13,,0.5151515151515151,0.6,0.2
2017-03-14,,0.42424242424242425,0.6,0.2
2017-03-15,,0.7186147186147186,0.6,0.2
2017-03-16,,0.6536796536796536,0.6,0.2
2017-03-17,,0.6493506493506493,0.6,0.2
2017-03-20,,0.5800865800865801,0.6,0.2
2017-03-21,,0.2943722943722944,0.6,0.2
2017-03-22,,0.354978354978355,0.6,0.2
2017-03-23,,0.3333333333333333,0.6,0.2
2017-03-24,,0.3203463203463203,0.6,0.2
2017-03-27,,0.3116883116883117,0.6,0.2
2017-03-28,,0.43722943722943725,0.6,0.2
2017-03-29,,0.5151515151515151,0.6,0.2
2017-03-30,,0.6017316017316018,0.6,0.2
2017-03-31,,0.5670995670995671,0.6,0.2
2017-04-03,,0.5324675324675324,0.6,0.2
2017-04-04,,0.45454545454545453,0.6,0.2
2017-04-05,,0.42424242424242425,0.6,0.2
2017-04-06,,0.5151515151515151,0.6,0.2
2017-04-07,,0.4588744588744589,0.6,0.2
2017-04-10,,0.4935064935064935,0.6,0.2
2017-04-11,,0.5194805194805194,0.6,0.2
2017-04-12,,0.341991341991342,0.6,0.2
2017-04-13,,0.23376623376623376,0.6,0.2
2017-04-17,,0.5108225108225108,0.6,0.2
2017-04-18,,0.48917748917748916,0.6,0.2
2017-04-19,,0.5194805194805194,0.6,0.2
2017-04-20,,0.6753246753246753,0.6,0.2
2017-04-21,,0.6406926406926406,0.6,0.2
2017-04-24,,0.7402597402597403,0.6,0.2
2017-04-25,,0.7748917748917749,0.6,0.2
2017-04-26,,0.7142857142857143,0.6,0.2
2017-04-27,,0.7186147186147186,0.6,0.2
2017-04-28,,0.6103896103896104,0.6,0.2
2017-05-01,,0.5930735930735931,0.6,0.2
2017-05-02,,0.5757575757575758,0.6,0.2
2017-05-03,,0.5281385281385281,0.6,0.2
2017-05-04,,0.5454545454545454,0.6,0.2
2017-05-05,,0.6147186147186147,0.6,0.2
2017-05-08,,0.5800865800865801,0.6,0.2
2017-05-09,,0.5541125541125541,0.6,0.2
2017-05-10,,0.6060606060606061,0.6,0.2
2017-05-11,,0.49783549783549785,0.6,0.2
2017-05-12,,0.4458874458874459,0.6,0.2
2017-05-15,,0.6147186147186147,0.6,0.2
2017-05-16,,0.5757575757575758,0.6,0.2
2017-05-17,,0.19913419913419914,0.6,0.2
2017-05-18,,0.2987012987012987,0.6,0.2
2017-05-19,,0.45454545454545453,0.6,0.2
2017-05-22,,0.6320346320346321,0.6,0.2
2017-05-23,,0.6406926406926406,0.6,0.2
2017-05-24,,0.7316017316017316,0.6,0.2
2017-05-25,,0.7705627705627706,0.6,0.2
2017-05-26,,0.7532467532467533,0.6,0.2
2017-05-30,,0.7316017316017316,0.6,0.2
2017-05-31,,0.7142857142857143,0.6,0.2
2017-06-01,,0.8095238095238095,0.6,0.2
2017-06-02,,0.8225108225108225,0.6,0.2
2017-06-05,,0.7445887445887446,0.6,0.2
2017-06-06,,0.6103896103896104,0.6,0.2
2017-06-07,,0.5974025974025974,0.6,0.2
2017-06-08,,0.5238095238095238,0.6,0.2
2017-06-09,,0.47186147186147187,0.6,0.2
2017-06-12,,0.48484848484848486,0.6,0.2
2017-06-13,,0.5800865800865801,0.6,0.2
2017-06-14,,0.5324675324675324,0.6,0.2
2017-06-15,,0.5800865800865801,0.6,0.2
2017-06-16,,0.5887445887445888,0.6,0.2
2017-06-19,,0.7142857142857143,0.6,0.2
2017-06-20,,0.5021645021645021,0.6,0.2
2017-06-21,,0.43722943722943725,0.6,0.2
2017-06-22,,0.37662337662337664,0.6,0.2
2017-06-23,,0.42857142857142855,0.6,0.2
2017-06-26,,0.48917748917748916,0.6,0.2
2017-06-27,,0.2857142857142857,0.6,0.2
2017-06-28,,0.5238095238095238,0.6,0.2
2017-06-29,,0.2987012987012987,0.6,0.2
2017-06-30,,0.3722943722943723,0.6,0.2
2017-07-03,,0.45454545454545453,0.6,0.2
2017-07-05,,0.48484848484848486,0.6,0.2
2017-07-06,,0.2554112554112554,0.6,0.2
2017-07-07,,0.47186147186147187,0.6,0.2
2017-07-10,,0.5064935064935064,0.6,0.2
2017-07-11,,0.5324675324675324,0.6,0.2
2017-07-12,,0.6103896103896104,0.6,0.2
2017-07-13,,0.6536796536796536,0.6,0.2
2017-07-14,,0.70995670995671,0.6,0.2
2017-07-17,,0.7272727272727273,0.6,0.2
2017-07-18,,0.6926406926406926,0.6,0.2
2017-07-19,,0.7575757575757576,0.6,0.2
2017-07-20,,0.7272727272727273,0.6,0.2
2017-07-21,,0.7056277056277056,0.6,0.2
2017-07-24,,0.6406926406926406,0.6,0.2
2017-07-25,,0.670995670995671,0.6,0.2
2017-07-26,,0.6233766233766234,0.6,0.2
2017-07-27,,0.5411255411255411,0.6,0.2
2017-07-28,,0.49783549783549785,0.6,0.2
2017-07-31,,0.47186147186147187,0.6,0.2
2017-08-01,,0.47619047619047616,0.6,0.2
2017-08-02,,0.47619047619047616,0.6,0.2
2017-08-03,,0.48917748917748916,0.6,0.2
2017-08-04,,0.5064935064935064,0.6,0.2
2017-08-07,,0.5714285714285714,0.6,0.2
2017-08-08,,0.4675324675324675,0.6,0.2
2017-08-09,,0.42857142857142855,0.6,0.2
2017-08-10,,0.21212121212121213,0.6,0.2
2017-08-11,,0.21212121212121213,0.6,0.2
2017-08-14,,0.4935064935064935,0.6,0.2
2017-08-15,,0.48917748917748916,0.6,0.2
2017-08-16,,0.5930735930735931,0.6,0.2
2017-08-17,,0.2597402597402597,0.6,0.2
2017-08-18,,0.23809523809523808,0.6,0.2
2017-08-21,,0.36363636363636365,0.6,0.2
2017-08-22,,0.5367965367965368,0.6,0.2
2017-08-23,,0.4805194805194805,0.6,0.2
2017-08-24,,0.4588744588744589,0.6,0.2
2017-08-25,,0.5281385281385281,0.6,0.2
2017-08-28,,0.5584415584415584,0.6,0.2
2017-08-29,,0.5887445887445888,0.6,0.2
2017-08-30,,0.6536796536796536,0.6,0.2
2017-08-31,,0.7575757575757576,0.6,0.2
2017-09-01,,0.7965367965367965,0.6,0.2
2017-09-05,,0.6277056277056277,0.6,0.2
2017-09-06,,0.6017316017316018,0.6,0.2
2017-09-07,,0.658008658008658,0.6,0.2
2017-09-08,,0.6320346320346321,0.6,0.2
2017-09-11,,0.7878787878787878,0.6,0.2
2017-09-12,,0.7272727272727273,0.6,0.2
2017-09-13,,0.6666666666666666,0.6,0.2
2017-09-14,,0.645021645021645,0.6,0.2
2017-09-15,,0.6666666666666666,0.6,0.2
2017-09-18,,0.645021645021645,0.6,0.2
2017-09-19,,0.6017316017316018,0.6,0.2
2017-09-20,,0.6017316017316018,0.6,0.2
2017-09-21,,0.5194805194805194,0.6,0.2
2017-09-22,,0.5497835497835498,0.6,0.2
2017-09-25,,0.5021645021645021,0.6,0.2
2017-09-26,,0.4805194805194805,0.6,0.2
2017-09-27,,0.5584415584415584,0.6,0.2
2017-09-28,,0.5757575757575758,0.6,0.2
2017-09-29,,0.6277056277056277,0.6,0.2
2017-10-02,,0.683982683982684,0.6,0.2
2017-10-03,,0.7056277056277056,0.6,0.2
2017-10-04,,0.7532467532467533,0.6,0.2
2017-10-05,,0.7922077922077922,0.6,0.2
2017-10-06,,0.7229437229437229,0.6,0.2
2017-10-09,,0.6623376623376623,0.6,0.2
2017-10-10,,0.6753246753246753,0.6,0.2
2017-10-11,,0.6926406926406926,0.6,0.2
2017-10-12,,0.6753246753246753,0.6,0.2
2017-10-13,,0.6493506493506493,0.6,0.2
2017-10-16,,0.6493506493506493,0.6,0.2
2017-10-17,,0.5670995670995671,0.6,0.2
2017-10-18,,0.5844155844155844,0.6,0.2
2017-10-19,,0.6233766233766234,0.6,0.2
2017-10-20,,0.7489177489177489,0.6,0.2
2017-10-23,,0.6147186147186147,0.6,0.2
2017-10-24,,0.6277056277056277,0.6,0.2
2017-10-25,,0.48484848484848486,0.6,0.2
2017-10-26,,0.5367965367965368,0.6,0.2
2017-10-27,,0.5584415584415584,0.6,0.2
2017-10-30,,0.49783549783549785,0.6,0.2
2017-10-31,,0.4935064935064935,0.6,0.2
2017-11-01,,0.47186147186147187,0.6,0.2
2017-11-02,,0.5541125541125541,0.6,0.2
2017-11-03,,0.6017316017316018,0.6,0.2
2017-11-06,,0.6017316017316018,0.6,0.2
2017-11-07,,0.5930735930735931,0.6,0.2
2017-11-08,,0.6017316017316018,0.6,0.2
2017-11-09,,0.5064935064935064,0.6,0.2
2017-11-10,,0.5151515151515151,0.6,0.2
2017-11-13,,0.5281385281385281,0.6,0.2
2017-11-14,,0.5454545454545454,0.6,0.2
2017-11-15,,0.3939393939393939,0.6,0.2
2017-11-16,,0.5670995670995671,0.6,0.2
2017-11-17,,0.5238095238095238,0.6,0.2
2017-11-20,,0.5064935064935064,0.6,0.2
2017-11-21,,0.6493506493506493,0.6,0.2
2017-11-22,,0.6190476190476191,0.6,0.2
2017-11-24,,0.6233766233766234,0.6,0.2
2017-11-27,,0.6060606060606061,0.6,0.2
2017-11-28,,0.7835497835497836,0.6,0.2
2017-11-29,,0.6753246753246753,0.6,0.2
2017-11-30,,0.7272727272727273,0.6,0.2
2017-12-01,,0.6926406926406926,0.6,0.2
2017-12-04,,0.6060606060606061,0.6,0.2
2017-12-05,,0.5238095238095238,0.6,0.2
2017-12-06,,0.5064935064935064,0.6,0.2
2017-12-07,,0.5541125541125541,0.6,0.2
2017-12-08,,0.6363636363636364,0.6,0.2
2017-12-11,,0.6623376623376623,0.6,0.2
2017-12-12,,0.5800865800865801,0.6,0.2
2017-12-13,,0.5324675324675324,0.6,0.2
2017-12-14,,0.4069264069264069,0.6,0.2
2017-12-15,,0.6190476190476191,0.6,0.2
2017-12-18,,0.7186147186147186,0.6,0.2
2017-12-19,,0.6666666666666666,0.6,0.2
2017-12-20,,0.6103896103896104,0.6,0.2
2017-12-21,,0.5844155844155844,0.6,0.2
2017-12-22,,0.5454545454545454,0.6,0.2
2017-12-26,,0.5454545454545454,0.6,0.2
2017-12-27,,0.5541125541125541,0.6,0.2
2017-12-28,,0.645021645021645,0.6,0.2
2017-12-29,,0.41125541125541126,0.6,0.2
2018-01-02,,0.5714285714285714,0.6,0.2
2018-01-03,,0.6363636363636364,0.6,0.2
2018-01-04,,0.7272727272727273,0.6,0.2
2018-01-05,,0.7402597402597403,0.6,0.2
2018-01-08,,0.7662337662337663,0.6,0.2
2018-01-09,,0.7705627705627706,0.6,0.2
2018-01-10,,0.658008658008658,0.6,0.2
2018-01-11,,0.7142857142857143,0.6,0.2
2018-01-12,,0.7359307359307359,0.6,0.2
2018-01-16,,0.645021645021645,0.6,0.2
2018-01-17,,0.7186147186147186,0.6,0.2
2018-01-18,,0.6753246753246753,0.6,0.2
2018-01-19,,0.7229437229437229,0.6,0.2
2018-01-22,,0.7619047619047619,0.6,0.2
2018-01-23,,0.7792207792207793,0.6,0.2
2018-01-24,,0.7619047619047619,0.6,0.2
2018-01-25,,0.7272727272727273,0.6,0.2
2018-01-26,,0.7619047619047619,0.6,0.2
2018-01-29,,0.6233766233766234,0.6,0.2
2018-01-30,,0.3722943722943723,0.6,0.2
2018-01-31,,0.38095238095238093,0.6,0.2
2018-02-01,,0.30735930735930733,0.6,0.2
2018-02-02,,0.1471861471861472,0.6,0.2
2018-02-05,,0.012987012987012988,0.6,0.2
2018-02-06,,0.021645021645021644,0.6,0.2
2018-02-07,,0.06493506493506493,0.6,0.2
2018-02-08,,0.004329004329004329,0.6,0.2
2018-02-09,,0.03896103896103896,0.6,0.2
2018-02-12,,0.11688311688311688,0.6,0.2
2018-02-13,,0.27705627705627706,0.6,0.2
2018-02-14,,0.5584415584415584,0.6,0.2
2018-02-15,,0.7705627705627706,0.6,0.2
2018-02-16,,0.8051948051948052,0.6,0.2
2018-02-20,,0.6666666666666666,0.6,0.2
2018-02-21,,0.6233766233766234,0.6,0.2
2018-02-22,,0.6406926406926406,0.6,0.2
2018-02-23,,0.7792207792207793,0.6,0.2
2018-02-26,,0.8095238095238095,0.6,0.2
2018-02-27,,0.5627705627705628,0.6,0.2
2018-02-28,,0.29004329004329005,0.6,0.2
2018-03-01,,0.15584415584415584,0.6,0.2
2018-03-02,,0.2683982683982684,0.6,0.2
2018-03-05,,0.49783549783549785,0.6,0.2
2018-03-06,,0.5411255411255411,0.6,0.2
2018-03-07,,0.5454545454545454,0.6,0.2
2018-03-08,,0.6103896103896104,0.6,0.2
2018-03-09,,0.8225108225108225,0.6,0.2
2018-03-12,,0.8268398268398268,0.6,0.2
2018-03-13,,0.8095238095238095,0.6,0.2
2018-03-14,,0.6623376623376623,0.6,0.2
2018-03-15,,0.5757575757575758,0.6,0.2
2018-03-16,,0.5930735930735931,0.6,0.2
2018-03-19,,0.2727272727272727,0.6,0.2
2018-03-20,,0.3722943722943723,0.6,0.2
2018-03-21,,0.329004329004329,0.6,0.2
2018-03-22,,0.12121212121212122,0.6,0.2
2018-03-23,,0.03896103896103896,0.6,0.2
2018-03-26,,0.19480519480519481,0.6,0.2
2018-03-27,,0.12554112554112554,0.6,0.2
2018-03-28,,0.19480519480519481,0.6,0.2
2018-03-29,,0.35064935064935066,0.6,0.2
2018-04-02,,0.13852813852813853,0.6,0.2
2018-04-03,,0.329004329004329,0.6,0.2
2018-04-04,,0.6103896103896104,0.6,0.2
2018-04-05,,0.7792207792207793,0.6,0.2
2018-04-06,,0.36363636363636365,0.6,0.2
2018-04-09,,0.3722943722943723,0.6,0.2
2018-04-10,,0.70995670995671,0.6,0.2
2018-04-11,,0.5670995670995671,0.6,0.2
2018-04-12,,0.670995670995671,0.6,0.2
2018-04-13,,0.6103896103896104,0.6,0.2
2018-04-16,,0.7619047619047619,0.6,0.2
2018-04-17,,0.8311688311688312,0.6,0.2
2018-04-18,,0.7965367965367965,0.6,0.2
2018-04-19,,0.7272727272727273,0.6,0.2
2018-04-20,,0.5670995670995671,0.6,0.2
2018-04-23,,0.5411255411255411,0.6,0.2
2018-04-24,,0.2857142857142857,0.6,0.2
2018-04-25,,0.35064935064935066,0.6,0.2
2018-04-26,,0.4675324675324675,0.6,0.2
2018-04-27,,0.45454545454545453,0.6,0.2
2018-04-30,,0.3333333333333333,0.6,0.2
2018-05-01,,0.4329004329004329,0.6,0.2
2018-05-02,,0.329004329004329,0.6,0.2
2018-05-03,,0.37662337662337664,0.6,0.2
2018-05-04,,0.5541125541125541,0.6,0.2
2018-05-07,,0.5714285714285714,0.6,0.2
2018-05-08,,0.5411255411255411,0.6,0.2
2018-05-09,,0.6060606060606061,0.6,0.2
2018-05-10,,0.7012987012987013,0.6,0.2
2018-05-11,,0.7272727272727273,0.6,0.2
2018-05-14,,0.7056277056277056,0.6,0.2
2018-05-15,,0.6277056277056277,0.6,0.2
2018-05-16,,0.6363636363636364,0.6,0.2
2018-05-17,,0.6320346320346321,0.6,0.2
2018-05-18,,0.5844155844155844,0.6,0.2
2018-05-21,,0.6493506493506493,0.6,0.2
2018-05-22,,0.5800865800865801,0.6,0.2
2018-05-23,,0.6147186147186147,0.6,0.2
2018-05-24,,0.5714285714285714,0.6,0.2
2018-05-25,,0.5670995670995671,0.6,0.2
2018-05-29,,0.354978354978355,0.6,0.2
2018-05-30,,0.5151515151515151,0.6,0.2
2018-05-31,,0.38095238095238093,0.6,0.2
2018-06-01,,0.5367965367965368,0.6,0.2
2018-06-04,,0.5670995670995671,0.6,0.2
2018-06-05,,0.5930735930735931,0.6,0.2
2018-06-06,,0.7445887445887446,0.6,0.2
2018-06-07,,0.7489177489177489,0.6,0.2
2018-06-08,,0.7835497835497836,0.6,0.2
2018-06-11,,0.7878787878787878,0.6,0.2
2018-06-12,,0.7792207792207793,0.6,0.2
2018-06-13,,0.645021645021645,0.6,0.2
2018-06-14,,0.5757575757575758,0.6,0.2
2018-06-15,,0.5670995670995671,0.6,0.2
2018-06-18,,0.4805194805194805,0.6,0.2
2018-06-19,,0.4069264069264069,0.6,0.2
2018-06-20,,0.4458874458874459,0.6,0.2
2018-06-21,,0.36363636363636365,0.6,0.2
2018-06-22,,0.38095238095238093,0.6,0.2
2018-06-25,,0.22510822510822512,0.6,0.2
2018-06-26,,0.24242424242424243,0.6,0.2
2018-06-27,,0.22943722943722944,0.6,0.2
2018-06-28,,0.27705627705627706,0.6,0.2
2018-06-29,,0.30735930735930733,0.6,0.2
2018-07-02,,0.38961038961038963,0.6,0.2
2018-07-03,,0.3852813852813853,0.6,0.2
2018-07-05,,0.6233766233766234,0.6,0.2
2018-07-06,,0.7445887445887446,0.6,0.2
2018-07-09,,0.8225108225108225,0.6,0.2
2018-07-10,,0.8571428571428571,0.6,0.2
2018-07-11,,0.7272727272727273,0.6,0.2
2018-07-12,,0.7705627705627706,0.6,0.2
2018-07-13,,0.7662337662337663,0.6,0.2
2018-07-16,,0.6277056277056277,0.6,0.2
2018-07-17,,0.670995670995671,0.6,0.2
2018-07-18,,0.6147186147186147,0.6,0.2
2018-07-19,,0.6103896103896104,0.6,0.2
2018-07-20,,0.5194805194805194,0.6,0.2
2018-07-23,,0.46320346320346323,0.6,0.2
2018-07-24,,0.4458874458874459,0.6,0.2
2018-07-25,,0.5800865800865801,0.6,0.2
2018-07-26,,0.5974025974025974,0.6,0.2
2018-07-27,,0.4805194805194805,0.6,0.2
2018-07-30,,0.4025974025974026,0.6,0.2
2018-07-31,,0.5367965367965368,0.6,0.2
2018-08-01,,0.4805194805194805,0.6,0.2
2018-08-02,,0.5454545454545454,0.6,0.2
2018-08-03,,0.5930735930735931,0.6,0.2
2018-08-06,,0.6753246753246753,0.6,0.2
2018-08-07,,0.7229437229437229,0.6,0.2
2018-08-08,,0.6406926406926406,0.6,0.2
2018-08-09,,0.6103896103896104,0.6,0.2
2018-08-10,,0.4458874458874459,0.6,0.2
2018-08-13,,0.36363636363636365,0.6,0.2
2018-08-14,,0.47619047619047616,0.6,0.2
2018-08-15,,0.35064935064935066,0.6,0.2
2018-08-16,,0.5497835497835498,0.6,0.2
2018-08-17,,0.6277056277056277,0.6,0.2
2018-08-20,,0.6623376623376623,0.6,0.2
2018-08-21,,0.7445887445887446,0.6,0.2
2018-08-22,,0.6883116883116883,0.6,0.2
2018-08-23,,0.5974025974025974,0.6,0.2
2018-08-24,,0.70995670995671,0.6,0.2
2018-08-27,,0.7662337662337663,0.6,0.2
2018-08-28,,0.7359307359307359,0.6,0.2
2018-08-29,,0.7272727272727273,0.6,0.2
2018-08-30,,0.5670995670995671,0.6,0.2
2018-08-31,,0.5627705627705628,0.6,0.2
2018-09-04,,0.5238095238095238,0.6,0.2
2018-09-05,,0.5324675324675324,0.6,0.2
2018-09-06,,0.5151515151515151,0.6,0.2
2018-09-07,,0.42857142857142855,0.6,0.2
2018-09-10,,0.49783549783549785,0.6,0.2
2018-09-11,,0.4805194805194805,0.6,0.2
2018-09-12,,0.5064935064935064,0.6,0.2
2018-09-13,,0.6406926406926406,0.6,0.2
2018-09-14,,0.6666666666666666,0.6,0.2
2018-09-17,,0.5454545454545454,0.6,0.2
2018-09-18,,0.5930735930735931,0.6,0.2
2018-09-19,,0.5757575757575758,0.6,0.2
2018-09-20,,0.6406926406926406,0.6,0.2
2018-09-21,,0.6320346320346321,0.6,0.2
2018-09-24,,0.4805194805194805,0.6,0.2
2018-09-25,,0.42857142857142855,0.6,0.2
2018-09-26,,0.3333333333333333,0.6,0.2
2018-09-27,,0.36796536796536794,0.6,0.2
2018-09-28,,0.4155844155844156,0.6,0.2
2018-10-01,,0.41125541125541126,0.6,0.2
2018-10-02,,0.4458874458874459,0.6,0.2
2018-10-03,,0.38961038961038963,0.6,0.2
2018-10-04,,0.3246753246753247,0.6,0.2
2018-10-05,,0.31601731601731603,0.6,0.2
2018-10-08,,0.4329004329004329,0.6,0.2
2018-10-09,,0.36363636363636365,0.6,0.2
2018-10-10,,0.14285714285714285,0.6,0.2
2018-10-11,,0.025974025974025976,0.6,0.2
2018-10-12,,0.047619047619047616,0.6,0.2
2018-10-15,,0.06060606060606061,0.6,0.2
2018-10-16,,0.4069264069264069,0.6,0.2
2018-10-17,,0.4588744588744589,0.6,0.2
2018-10-18,,0.3246753246753247,0.6,0.2
2018-10-19,,0.3463203463203463,0.6,0.2
2018-10-22,,0.33766233766233766,0.6,0.2
2018-10-23,,0.3246753246753247,0.6,0.2
2018-10-24,,0.19047619047619047,0.6,0.2
2018-10-25,,0.24242424242424243,0.6,0.2
2018-10-26,,0.16017316017316016,0.6,0.2
2018-10-29,,0.23376623376623376,0.6,0.2
2018-10-30,,0.39826839826839827,0.6,0.2
2018-10-31,,0.5670995670995671,0.6,0.2
2018-11-01,,0.7142857142857143,0.6,0.2
2018-11-02,,0.658008658008658,0.6,0.2
2018-11-05,,0.7748917748917749,0.6,0.2
2018-11-06,,0.8311688311688312,0.6,0.2
2018-11-07,,0.8917748917748918,0.6,0.2
2018-11-08,,0.8614718614718615,0.6,0.2
2018-11-09,,0.7792207792207793,0.6,0.2
2018-11-12,,0.48484848484848486,0.6,0.2
2018-11-13,,0.44155844155844154,0.6,0.2
2018-11-14,,0.341991341991342,0.6,0.2
2018-11-15,,0.5238095238095238,0.6,0.2
2018-11-16,,0.5064935064935064,0.6,0.2
2018-11-19,,0.36796536796536794,0.6,0.2
2018-11-20,,0.1645021645021645,0.6,0.2
2018-11-21,,0.2077922077922078,0.6,0.2
2018-11-23,,0.20346320346320346,0.6,0.2
2018-11-26,,0.45454545454545453,0.6,0.2
2018-11-27,,0.48917748917748916,0.6,0.2
2018-11-28,,0.7965367965367965,0.6,0.2
2018-11-29,,0.7878787878787878,0.6,0.2
2018-11-30,,0.8008658008658008,0.6,0.2
2018-12-03,,0.8658008658008658,0.6,0.2
2018-12-04,,0.45021645021645024,0.6,0.2
2018-12-06,,0.36363636363636365,0.6,0.2
2018-12-07,,0.13852813852813853,0.6,0.2
2018-12-10,,0.16883116883116883,0.6,0.2
2018-12-11,,0.1774891774891775,0.6,0.2
2018-12-12,,0.17316017316017315,0.6,0.2
2018-12-13,,0.21212121212121213,0.6,0.2
2018-12-14,,0.12121212121212122,0.6,0.2
2018-12-17,,0.030303030303030304,0.6,0.2
2018-12-18,,0.06060606060606061,0.6,0.2
2018-12-19,,0.021645021645021644,0.6,0.2
2018-12-20,,0.025974025974025976,0.6,0.2
2018-12-21,,0.012987012987012988,0.6,0.2
2018-12-24,,0.008658008658008658,0.6,0.2
2018-12-26,,0.18181818181818182,0.6,0.2
2018-12-27,,0.41125541125541126,0.6,0.2
2018-12-28,,0.4935064935064935,0.6,0.2
2018-12-31,,0.70995670995671,0.6,0.2
2019-01-02,,0.683982683982684,0.6,0.2
2019-01-03,,0.30303030303030304,0.6,0.2
2019-01-04,,0.8268398268398268,0.6,0.2
2019-01-07,,0.8268398268398268,0.6,0.2
2019-01-08,,0.8917748917748918,0.6,0.2
2019-01-09,,0.8441558441558441,0.6,0.2
2019-01-10,,0.8787878787878788,0.6,0.2
2019-01-11,,0.8787878787878788,0.6,0.2
2019-01-14,,0.8008658008658008,0.6,0.2
2019-01-15,,0.8441558441558441,0.6,0.2
2019-01-16,,0.7792207792207793,0.6,0.2
2019-01-17,,0.8311688311688312,0.6,0.2
2019-01-18,,0.8917748917748918,0.6,0.2
2019-01-22,,0.7316017316017316,0.6,0.2
2019-01-23,,0.6883116883116883,0.6,0.2
2019-01-24,,0.7229437229437229,0.6,0.2
2019-01-25,,0.8225108225108225,0.6,0.2
2019-01-28,,0.7012987012987013,0.6,0.2
2019-01-29,,0.683982683982684,0.6,0.2
2019-01-30,,0.7748917748917749,0.6,0.2
2019-01-31,,0.8051948051948052,0.6,0.2
2019-02-01,,0.8268398268398268,0.6,0.2
2019-02-04,,0.8614718614718615,0.6,0.2
2019-02-05,,0.8441558441558441,0.6,0.2
2019-02-06,,0.8095238095238095,0.6,0.2
2019-02-07,,0.6753246753246753,0.6,0.2
2019-02-08,,0.6623376623376623,0.6,0.2
2019-02-11,,0.658008658008658,0.6,0.2
2019-02-12,,0.7532467532467533,0.6,0.2
2019-02-13,,0.8051948051948052,0.6,0.2
2019-02-14,,0.7532467532467533,0.6,0.2
2019-02-15,,0.8441558441558441,0.6,0.2
2019-02-19,,0.8614718614718615,0.6,0.2
2019-02-20,,0.8008658008658008,0.6,0.2
2019-02-21,,0.7532467532467533,0.6,0.2
2019-02-22,,0.7792207792207793,0.6,0.2
2019-02-25,,0.7316017316017316,0.6,0.2
2019-02-26,,0.6363636363636364,0.6,0.2
2019-02-27,,0.5930735930735931,0.6,0.2
2019-02-28,,0.5497835497835498,0.6,0.2
2019-03-01,,0.6233766233766234,0.6,0.2
2019-03-04,,0.5108225108225108,0.6,0.2
2019-03-05,,0.4069264069264069,0.6,0.2
2019-03-06,,0.24242424242424243,0.6,0.2
2019-03-07,,0.2077922077922078,0.6,0.2
2019-03-08,,0.19913419913419914,0.6,0.2
2019-03-11,,0.48484848484848486,0.6,0.2
2019-03-12,,0.5800865800865801,0.6,0.2
2019-03-13,,0.7402597402597403,0.6,0.2
2019-03-14,,0.7186147186147186,0.6,0.2
2019-03-15,,0.7619047619047619,0.6,0.2
2019-03-18,,0.8008658008658008,0.6,0.2
2019-03-19,,0.70995670995671,0.6,0.2
2019-03-20,,0.5670995670995671,0.6,0.2
2019-03-21,,0.8008658008658008,0.6,0.2
2019-03-22,,0.4069264069264069,0.6,0.2
2019-03-25,,0.3593073593073593,0.6,0.2
2019-03-26,,0.5064935064935064,0.6,0.2
2019-03-27,,0.4458874458874459,0.6,0.2
2019-03-28,,0.5281385281385281,0.6,0.2
2019-03-29,,0.658008658008658,0.6,0.2
2019-04-01,,0.7878787878787878,0.6,0.2
2019-04-02,,0.7316017316017316,0.6,0.2
2019-04-03,,0.7229437229437229,0.6,0.2
2019-04-04,,0.7272727272727273,0.6,0.2
2019-04-05,,0.7662337662337663,0.6,0.2
2019-04-08,,0.7835497835497836,0.6,0.2
2019-04-09,,0.6796536796536796,0.6,0.2
2019-04-10,,0.7012987012987013,0.6,0.2
2019-04-11,,0.6926406926406926,0.6,0.2
2019-04-12,,0.7359307359307359,0.6,0.2
2019-04-15,,0.7359307359307359,0.6,0.2
2019-04-16,,0.6320346320346321,0.6,0.2
2019-04-17,,0.5411255411255411,0.6,0.2
2019-04-18,,0.5281385281385281,0.6,0.2
2019-04-22,,0.4805194805194805,0.6,0.2
2019-04-23,,0.6017316017316018,0.6,0.2
2019-04-24,,0.6363636363636364,0.6,0.2
2019-04-25,,0.5757575757575758,0.6,0.2
2019-04-26,,0.645021645021645,0.6,0.2
2019-04-29,,0.6493506493506493,0.6,0.2
2019-04-30,,0.6926406926406926,0.6,0.2
2019-05-01,,0.5454545454545454,0.6,0.2
2019-05-02,,0.5411255411255411,0.6,0.2
2019-05-03,,0.6363636363636364,0.6,0.2
2019-05-06,,0.5367965367965368,0.6,0.2
2019-05-07,,0.27705627705627706,0.6,0.2
2019-05-08,,0.23376623376623376,0.6,0.2
2019-05-09,,0.21645021645021645,0.6,0.2
2019-05-10,,0.354978354978355,0.6,0.2
2019-05-13,,0.17316017316017315,0.6,0.2
2019-05-14,,0.2813852813852814,0.6,0.2
2019-05-15,,0.3722943722943723,0.6,0.2
2019-05-16,,0.5281385281385281,0.6,0.2
2019-05-17,,0.4588744588744589,0.6,0.2
2019-05-20,,0.44155844155844154,0.6,0.2
2019-05-21,,0.645021645021645,0.6,0.2
2019-05-22,,0.6017316017316018,0.6,0.2
2019-05-23,,0.37662337662337664,0.6,0.2
2019-05-24,,0.42424242424242425,0.6,0.2
2019-05-28,,0.23809523809523808,0.6,0.2
2019-05-29,,0.10822510822510822,0.6,0.2
2019-05-30,,0.2077922077922078,0.6,0.2
2019-05-31,,0.1471861471861472,0.6,0.2
2019-06-03,,0.2727272727272727,0.6,0.2
2019-06-04,,0.6320346320346321,0.6,0.2
2019-06-05,,0.7965367965367965,0.6,0.2
2019-06-06,,0.8051948051948052,0.6,0.2
2019-06-07,,0.8441558441558441,0.6,0.2
2019-06-10,,0.8874458874458875,0.6,0.2
2019-06-11,,0.8787878787878788,0.6,0.2
2019-06-12,,0.8398268398268398,0.6,0.2
2019-06-13,,0.8701298701298701,0.6,0.2
2019-06-14,,0.7792207792207793,0.6,0.2
2019-06-17,,0.645021645021645,0.6,0.2
2019-06-18,,0.7445887445887446,0.6,0.2
2019-06-19,,0.7878787878787878,0.6,0.2
2019-06-20,,0.8398268398268398,0.6,0.2
2019-06-21,,0.7662337662337663,0.6,0.2
2019-06-24,,0.670995670995671,0.6,0.2
2019-06-25,,0.4675324675324675,0.6,0.2
2019-06-26,,0.341991341991342,0.6,0.2
2019-06-27,,0.48484848484848486,0.6,0.2
2019-06-28,,0.6320346320346321,0.6,0.2
2019-07-01,,0.696969696969697,0.6,0.2
2019-07-02,,0.7489177489177489,0.6,0.2
2019-07-03,,0.8571428571428571,0.6,0.2
2019-07-05,,0.8181818181818182,0.6,0.2
2019-07-08,,0.6796536796536796,0.6,0.2
2019-07-09,,0.6320346320346321,0.6,0.2
2019-07-10,,0.6406926406926406,0.6,0.2
2019-07-11,,0.6493506493506493,0.6,0.2
2019-07-12,,0.7359307359307359,0.6,0.2
2019-07-15,,0.6753246753246753,0.6,0.2
2019-07-16,,0.6103896103896104,0.6,0.2
2019-07-17,,0.3852813852813853,0.6,0.2
2019-07-18,,0.5238095238095238,0.6,0.2
2019-07-19,,0.37662337662337664,0.6,0.2
2019-07-22,,0.4069264069264069,0.6,0.2
2019-07-23,,0.5238095238095238,0.6,0.2
2019-07-24,,0.6103896103896104,0.6,0.2
2019-07-25,,0.4935064935064935,0.6,0.2
2019-07-26,,0.6233766233766234,0.6,0.2
2019-07-29,,0.6017316017316018,0.6,0.2
2019-07-30,,0.6060606060606061,0.6,0.2
2019-07-31,,0.38095238095238093,0.6,0.2
2019-08-01,,0.2987012987012987,0.6,0.2
2019-08-02,,0.24242424242424243,0.6,0.2
2019-08-05,,0.08225108225108226,0.6,0.2
2019-08-06,,0.18181818181818182,0.6,0.2
2019-08-07,,0.24675324675324675,0.6,0.2
2019-08-08,,0.5194805194805194,0.6,0.2
2019-08-09,,0.4329004329004329,0.6,0.2
2019-08-12,,0.3246753246753247,0.6,0.2
2019-08-13,,0.5627705627705628,0.6,0.2
2019-08-14,,0.19047619047619047,0.6,0.2
2019-08-15,,0.3333333333333333,0.6,0.2
2019-08-16,,0.5714285714285714,0.6,0.2
2019-08-19,,0.7012987012987013,0.6,0.2
2019-08-20,,0.5194805194805194,0.6,0.2
2019-08-21,,0.6883116883116883,0.6,0.2
2019-08-22,,0.7012987012987013,0.6,0.2
2019-08-23,,0.2077922077922078,0.6,0.2
2019-08-26,,0.38961038961038963,0.6,0.2
2019-08-27,,0.329004329004329,0.6,0.2
2019-08-28,,0.44155844155844154,0.6,0.2
2019-08-29,,0.7186147186147186,0.6,0.2
2019-08-30,,0.7532467532467533,0.6,0.2
2019-09-03,,0.5541125541125541,0.6,0.2
2019-09-04,,0.7878787878787878,0.6,0.2
2019-09-05,,0.8571428571428571,0.6,0.2
2019-09-06,,0.8441558441558441,0.6,0.2
2019-09-09,,0.70995670995671,0.6,0.2
2019-09-10,,0.6320346320346321,0.6,0.2
2019-09-11,,0.6536796536796536,0.6,0.2
2019-09-12,,0.683982683982684,0.6,0.2
2019-09-13,,0.6320346320346321,0.6,0.2
2019-09-16,,0.5930735930735931,0.6,0.2
2019-09-17,,0.6926406926406926,0.6,0.2
2019-09-18,,0.6277056277056277,0.6,0.2
2019-09-19,,0.6493506493506493,0.6,0.2
2019-09-20,,0.47186147186147187,0.6,0.2
2019-09-23,,0.42857142857142855,0.6,0.2
2019-09-24,,0.30303030303030304,0.6,0.2
2019-09-25,,0.3593073593073593,0.6,0.2
2019-09-26,,0.3939393939393939,0.6,0.2
2019-09-27,,0.30303030303030304,0.6,0.2
2019-09-30,,0.4199134199134199,0.6,0.2
2019-10-01,,0.20346320346320346,0.6,0.2
2019-10-02,,0.08225108225108226,0.6,0.2
2019-10-03,,0.1471861471861472,0.6,0.2
2019-10-04,,0.41125541125541126,0.6,0.2
2019-10-07,,0.35064935064935066,0.6,0.2
2019-10-08,,0.13852813852813853,0.6,0.2
2019-10-09,,0.2943722943722944,0.6,0.2
2019-10-10,,0.4675324675324675,0.6,0.2
2019-10-11,,0.7229437229437229,0.6,0.2
2019-10-14,,0.7229437229437229,0.6,0.2
2019-10-15,,0.7705627705627706,0.6,0.2
2019-10-16,,0.7359307359307359,0.6,0.2
2019-10-17,,0.7965367965367965,0.6,0.2
2019-10-18,,0.7229437229437229,0.6,0.2
2019-10-21,,0.7662337662337663,0.6,0.2
2019-10-22,,0.6147186147186147,0.6,0.2
2019-10-23,,0.6147186147186147,0.6,0.2
2019-10-24,,0.6103896103896104,0.6,0.2
2019-10-25,,0.6277056277056277,0.6,0.2
2019-10-28,,0.6060606060606061,0.6,0.2
2019-10-29,,0.6363636363636364,0.6,0.2
2019-10-30,,0.6277056277056277,0.6,0.2
2019-10-31,,0.5151515151515151,0.6,0.2
2019-11-01,,0.683982683982684,0.6,0.2
2019-11-04,,0.6536796536796536,0.6,0.2
2019-11-05,,0.5800865800865801,0.6,0.2
2019-11-06,,0.5930735930735931,0.6,0.2
2019-11-07,,0.5930735930735931,0.6,0.2
2019-11-08,,0.6103896103896104,0.6,0.2
2019-11-11,,0.6103896103896104,0.6,0.2
2019-11-12,,0.5974025974025974,0.6,0.2
2019-11-13,,0.5757575757575758,0.6,0.2
2019-11-14,,0.5844155844155844,0.6,0.2
2019-11-15,,0.670995670995671,0.6,0.2
2019-11-18,,0.6753246753246753,0.6,0.2
2019-11-19,,0.6406926406926406,0.6,0.2
2019-11-20,,0.5627705627705628,0.6,0.2
2019-11-21,,0.4805194805194805,0.6,0.2
2019-11-22,,0.5584415584415584,0.6,0.2
2019-11-25,,0.6926406926406926,0.6,0.2
2019-11-26,,0.7489177489177489,0.6,0.2
2019-11-27,,0.7878787878787878,0.6,0.2
2019-11-29,,0.670995670995671,0.6,0.2
2019-12-02,,0.3593073593073593,0.6,0.2
2019-12-03,,0.24242424242424243,0.6,0.2
2019-12-04,,0.4199134199134199,0.6,0.2
2019-12-05,,0.4588744588744589,0.6,0.2
2019-12-06,,0.6363636363636364,0.6,0.2
2019-12-09,,0.5367965367965368,0.6,0.2
2019-12-10,,0.5064935064935064,0.6,0.2
2019-12-11,,0.5714285714285714,0.6,0.2
2019-12-12,,0.6753246753246753,0.6,0.2
2019-12-13,,0.70995670995671,0.6,0.2
2019-12-16,,0.7748917748917749,0.6,0.2
2019-12-17,,0.7532467532467533,0.6,0.2
2019-12-18,,0.7012987012987013,0.6,0.2
2019-12-19,,0.7705627705627706,0.6,0.2
2019-12-20,,0.8225108225108225,0.6,0.2
2019-12-23,,0.7705627705627706,0.6,0.2
2019-12-24,,0.7445887445887446,0.6,0.2
2019-12-26,,0.7619047619047619,0.6,0.2
2019-12-27,,0.7359307359307359,0.6,0.2
2019-12-30,,0.5324675324675324,0.6,0.2
2019-12-31,,0.5974025974025974,0.6,0.2
2020-01-02,,0.6666666666666666,0.6,0.2
2020-01-03,,0.45454545454545453,0.6,0.2
2020-01-06,,0.5021645021645021,0.6,0.2
2020-01-07,,0.42857142857142855,0.6,0.2
2020-01-08,,0.47619047619047616,0.6,0.2
2020-01-09,,0.5800865800865801,0.6,0.2
2020-01-10,,0.5064935064935064,0.6,0.2
2020-01-13,,0.6796536796536796,0.6,0.2
2020-01-14,,0.6753246753246753,0.6,0.2
2020-01-15,,0.6536796536796536,0.6,0.2
2020-01-16,,0.8398268398268398,0.6,0.2
2020-01-17,,0.8268398268398268,0.6,0.2
2020-01-21,,0.7056277056277056,0.6,0.2
2020-01-22,,0.6883116883116883,0.6,0.2
2020-01-23,,0.658008658008658,0.6,0.2
2020-01-24,,0.45454545454545453,0.6,0.2
2020-01-27,,0.2683982683982684,0.6,0.2
2020-01-28,,0.3722943722943723,0.6,0.2
2020-01-29,,0.354978354978355,0.6,0.2
2020-01-30,,0.4199134199134199,0.6,0.2
2020-01-31,,0.2077922077922078,0.6,0.2
2020-02-03,,0.33766233766233766,0.6,0.2
2020-02-04,,0.5411255411255411,0.6,0.2
2020-02-05,,0.7229437229437229,0.6,0.2
2020-02-06,,0.7619047619047619,0.6,0.2
2020-02-07,,0.6320346320346321,0.6,0.2
2020-02-10,,0.7142857142857143,0.6,0.2
2020-02-11,,0.7835497835497836,0.6,0.2
2020-02-12,,0.8354978354978355,0.6,0.2
2020-02-13,,0.8051948051948052,0.6,0.2
2020-02-14,,0.8051948051948052,0.6,0.2
2020-02-18,,0.658008658008658,0.6,0.2
2020-02-19,,0.696969696969697,0.6,0.2
2020-02-20,,0.6277056277056277,0.6,0.2
2020-02-21,,0.45454545454545453,0.6,0.2
2020-02-24,,0.12121212121212122,0.6,0.2
2020-02-25,,0.03463203463203463,0.6,0.2
2020-02-26,,0.030303030303030304,0.6,0.2
2020-02-27,,0.008658008658008658,0.6,0.2
2020-02-28,,0.008658008658008658,0.6,0.2
2020-03-02,,0.08225108225108226,0.6,0.2
2020-03-03,,0.030303030303030304,0.6,0.2
2020-03-04,,0.4458874458874459,0.6,0.2
2020-03-05,,0.27705627705627706,0.6,0.2
2020-03-06,,0.19480519480519481,0.6,0.2
2020-03-09,,0.047619047619047616,0.6,0.2
2020-03-10,,0.1645021645021645,0.6,0.2
2020-03-11,,0.030303030303030304,0.6,0.2
2020-03-12,,0.0,0.6,0.2
2020-03-13,,0.05627705627705628,0.6,0.2
2020-03-16,,0.012987012987012988,0.6,0.2
2020-03-17,,0.10822510822510822,0.6,0.2
2020-03-18,,0.08658008658008658,0.6,0.2
2020-03-19,,0.04329004329004329,0.6,0.2
2020-03-20,,0.03463203463203463,0.6,0.2
2020-03-23,,0.03896103896103896,0.6,0.2
2020-03-24,,0.42857142857142855,0.6,0.2
2020-03-25,,0.6190476190476191,0.6,0.2
2020-03-26,,0.8874458874458875,0.6,0.2
2020-03-27,,0.8181818181818182,0.6,0.2
2020-03-30,,0.9047619047619048,0.6,0.2
2020-03-31,,0.8787878787878788,0.6,0.2
2020-04-01,,0.4329004329004329,0.6,0.2
2020-04-02,,0.5108225108225108,0.6,0.2
2020-04-03,,0.36363636363636365,0.6,0.2
2020-04-06,,0.8225108225108225,0.6,0.2
2020-04-07,,0.8441558441558441,0.6,0.2
2020-04-08,,0.9523809523809523,0.6,0.2
2020-04-09,,0.9567099567099567,0.6,0.2
2020-04-13,,0.9177489177489178,0.6,0.2
2020-04-14,,0.9437229437229437,0.6,0.2
2020-04-15,,0.8225108225108225,0.6,0.2
2020-04-16,,0.7012987012987013,0.6,0.2
2020-04-17,,0.9090909090909091,0.6,0.2
2020-04-20,,0.6320346320346321,0.6,0.2
2020-04-21,,0.24675324675324675,0.6,0.2
2020-04-22,,0.45021645021645024,0.6,0.2
2020-04-23,,0.45021645021645024,0.6,0.2
2020-04-24,,0.6363636363636364,0.6,0.2
2020-04-27,,0.8398268398268398,0.6,0.2
2020-04-28,,0.7878787878787878,0.6,0.2
2020-04-29,,0.8095238095238095,0.6,0.2
2020-04-30,,0.7056277056277056,0.6,0.2
2020-05-01,,0.4458874458874459,0.6,0.2
2020-05-04,,0.44155844155844154,0.6,0.2
2020-05-05,,0.4805194805194805,0.6,0.2
2020-05-06,,0.36796536796536794,0.6,0.2
2020-05-07,,0.4805194805194805,0.6,0.2
2020-05-08,,0.696969696969697,0.6,0.2
2020-05-11,,0.6536796536796536,0.6,0.2
2020-05-12,,0.3722943722943723,0.6,0.2
2020-05-13,,0.20346320346320346,0.6,0.2
2020-05-14,,0.31601731601731603,0.6,0.2
2020-05-15,,0.38095238095238093,0.6,0.2
2020-05-18,,0.9004329004329005,0.6,0.2
2020-05-19,,0.7489177489177489,0.6,0.2
2020-05-20,,0.8571428571428571,0.6,0.2
2020-05-21,,0.7835497835497836,0.6,0.2
2020-05-22,,0.8051948051948052,0.6,0.2
2020-05-26,,0.8398268398268398,0.6,0.2
2020-05-27,,0.8658008658008658,0.6,0.2
2020-05-28,,0.8917748917748918,0.6,0.2
2020-05-29,,0.9090909090909091,0.6,0.2
2020-06-01,,0.8787878787878788,0.6,0.2
2020-06-02,,0.9004329004329005,0.6,0.2
2020-06-03,,0.9134199134199135,0.6,0.2
2020-06-04,,0.8571428571428571,0.6,0.2
2020-06-05,,0.8961038961038961,0.6,0.2
2020-06-08,,0.9047619047619048,0.6,0.2
2020-06-09,,0.8095238095238095,0.6,0.2
2020-06-10,,0.7012987012987013,0.6,0.2
2020-06-11,,0.025974025974025976,0.6,0.2
2020-06-12,,0.047619047619047616,0.6,0.2
2020-06-15,,0.1341991341991342,0.6,0.2
2020-06-16,,0.2987012987012987,0.6,0.2
2020-06-17,,0.2987012987012987,0.6,0.2
2020-06-18,,0.2857142857142857,0.6,0.2
2020-06-19,,0.29004329004329005,0.6,0.2
2020-06-22,,0.36796536796536794,0.6,0.2
2020-06-23,,0.4805194805194805,0.6,0.2
2020-06-24,,0.15584415584415584,0.6,0.2
2020-06-25,,0.2857142857142857,0.6,0.2
2020-06-26,,0.12554112554112554,0.6,0.2
2020-06-29,,0.23809523809523808,0.6,0.2
2020-06-30,,0.5714285714285714,0.6,0.2
2020-07-01,,0.5844155844155844,0.6,0.2
2020-07-02,,0.7012987012987013,0.6,0.2
2020-07-06,,0.8528138528138528,0.6,0.2
2020-07-07,,0.6233766233766234,0.6,0.2
2020-07-08,,0.6753246753246753,0.6,0.2
2020-07-09,,0.46320346320346323,0.6,0.2
2020-07-10,,0.6147186147186147,0.6,0.2
2020-07-13,,0.4805194805194805,0.6,0.2
2020-07-14,,0.7142857142857143,0.6,0.2
2020-07-15,,0.8268398268398268,0.6,0.2
2020-07-16,,0.8008658008658008,0.6,0.2
2020-07-17,,0.8398268398268398,0.6,0.2
2020-07-20,,0.8268398268398268,0.6,0.2
2020-07-21,,0.8398268398268398,0.6,0.2
2020-07-22,,0.8744588744588745,0.6,0.2
2020-07-23,,0.7532467532467533,0.6,0.2
2020-07-24,,0.6233766233766234,0.6,0.2
2020-07-27,,0.6320346320346321,0.6,0.2
2020-07-28,,0.43722943722943725,0.6,0.2
2020-07-29,,0.6926406926406926,0.6,0.2
2020-07-30,,0.5627705627705628,0.6,0.2
2020-07-31,,0.5238095238095238,0.6,0.2
2020-08-03,,0.5454545454545454,0.6,0.2
2020-08-04,,0.5714285714285714,0.6,0.2
2020-08-05,,0.6926406926406926,0.6,0.2
2020-08-06,,0.6883116883116883,0.6,0.2
2020-08-07,,0.7705627705627706,0.6,0.2
2020-08-10,,0.7272727272727273,0.6,0.2
2020-08-11,,0.6103896103896104,0.6,0.2
2020-08-12,,0.7748917748917749,0.6,0.2
2020-08-13,,0.7359307359307359,0.6,0.2
2020-08-14,,0.7056277056277056,0.6,0.2
2020-08-17,,0.6926406926406926,0.6,0.2
2020-08-18,,0.5844155844155844,0.6,0.2
2020-08-19,,0.4458874458874459,0.6,0.2
2020-08-20,,0.36796536796536794,0.6,0.2
2020-08-21,,0.35064935064935066,0.6,0.2
2020-08-24,,0.5670995670995671,0.6,0.2
2020-08-25,,0.5887445887445888,0.6,0.2
2020-08-26,,0.5584415584415584,0.6,0.2
2020-08-27,,0.6666666666666666,0.6,0.2
2020-08-28,,0.7445887445887446,0.6,0.2
2020-08-31,,0.6406926406926406,0.6,0.2
2020-09-01,,0.6666666666666666,0.6,0.2
2020-09-02,,0.8658008658008658,0.6,0.2
2020-09-03,,0.4458874458874459,0.6,0.2
2020-09-04,,0.3593073593073593,0.6,0.2
2020-09-08,,0.19047619047619047,0.6,0.2
2020-09-09,,0.329004329004329,0.6,0.2
2020-09-10,,0.1645021645021645,0.6,0.2
2020-09-11,,0.23809523809523808,0.6,0.2
2020-09-14,,0.5238095238095238,0.6,0.2
2020-09-15,,0.5324675324675324,0.6,0.2
2020-09-16,,0.6103896103896104,0.6,0.2
2020-09-17,,0.5844155844155844,0.6,0.2
2020-09-18,,0.45454545454545453,0.6,0.2
2020-09-21,,0.17316017316017315,0.6,0.2
2020-09-22,,0.2510822510822511,0.6,0.2
2020-09-23,,0.09956709956709957,0.6,0.2
2020-09-24,,0.11255411255411256,0.6,0.2
2020-09-25,,0.2987012987012987,0.6,0.2
2020-09-28,,0.5930735930735931,0.6,0.2
2020-09-29,,0.5497835497835498,0.6,0.2
2020-09-30,,0.7056277056277056,0.6,0.2
2020-10-01,,0.7359307359307359,0.6,0.2
2020-10-02,,0.7402597402597403,0.6,0.2
2020-10-05,,0.8701298701298701,0.6,0.2
2020-10-06,,0.7662337662337663,0.6,0.2
2020-10-07,,0.8441558441558441,0.6,0.2
2020-10-08,,0.8874458874458875,0.6,0.2
2020-10-09,,0.9090909090909091,0.6,0.2
2020-10-12,,0.9090909090909091,0.6,0.2
2020-10-13,,0.7575757575757576,0.6,0.2
2020-10-14,,0.696969696969697,0.6,0.2
2020-10-15,,0.6796536796536796,0.6,0.2
2020-10-16,,0.6320346320346321,0.6,0.2
2020-10-19,,0.35064935064935066,0.6,0.2
2020-10-20,,0.4329004329004329,0.6,0.2
2020-10-21,,0.329004329004329,0.6,0.2
2020-10-22,,0.49783549783549785,0.6,0.2
2020-10-23,,0.5541125541125541,0.6,0.2
2020-10-26,,0.2727272727272727,0.6,0.2
2020-10-27,,0.19913419913419914,0.6,0.2
2020-10-28,,0.047619047619047616,0.6,0.2
2020-10-29,,0.09523809523809523,0.6,0.2
2020-10-30,,0.11688311688311688,0.6,0.2
2020-11-02,,0.4155844155844156,0.6,0.2
2020-11-03,,0.6623376623376623,0.6,0.2
2020-11-04,,0.7142857142857143,0.6,0.2
2020-11-05,,0.8614718614718615,0.6,0.2
2020-11-06,,0.8138528138528138,0.6,0.2
2020-11-09,,0.8311688311688312,0.6,0.2
2020-11-10,,0.8181818181818182,0.6,0.2
2020-11-11,,0.8787878787878788,0.6,0.2
2020-11-12,,0.7575757575757576,0.6,0.2
2020-11-13,,0.8138528138528138,0.6,0.2
2020-11-16,,0.8354978354978355,0.6,0.2
2020-11-17,,0.7662337662337663,0.6,0.2
2020-11-18,,0.6147186147186147,0.6,0.2
2020-11-19,,0.670995670995671,0.6,0.2
2020-11-20,,0.49783549783549785,0.6,0.2
2020-11-23,,0.5800865800865801,0.6,0.2
2020-11-24,,0.7359307359307359,0.6,0.2
2020-11-25,,0.6796536796536796,0.6,0.2
2020-11-27,,0.6666666666666666,0.6,0.2
2020-11-30,,0.5021645021645021,0.6,0.2
2020-12-01,,0.6753246753246753,0.6,0.2
2020-12-02,,0.658008658008658,0.6,0.2
2020-12-03,,0.6190476190476191,0.6,0.2
2020-12-04,,0.7402597402597403,0.6,0.2
2020-12-07,,0.645021645021645,0.6,0.2
2020-12-08,,0.6666666666666666,0.6,0.2
2020-12-09,,0.6017316017316018,0.6,0.2
2020-12-10,,0.48484848484848486,0.6,0.2
2020-12-11,,0.4329004329004329,0.6,0.2
2020-12-14,,0.3333333333333333,0.6,0.2
2020-12-15,,0.5670995670995671,0.6,0.2
2020-12-16,,0.5021645021645021,0.6,0.2
2020-12-17,,0.5930735930735931,0.6,0.2
2020-12-18,,0.5627705627705628,0.6,0.2
2020-12-21,,0.45454545454545453,0.6,0.2
2020-12-22,,0.4329004329004329,0.6,0.2
2020-12-23,,0.48484848484848486,0.6,0.2
2020-12-24,,0.5930735930735931,0.6,0.2
2020-12-28,,0.6103896103896104,0.6,0.2
2020-12-29,,0.48484848484848486,0.6,0.2
2020-12-30,,0.5800865800865801,0.6,0.2
2020-12-31,,0.7532467532467533,0.6,0.2
2021-01-04,,0.3852813852813853,0.6,0.2
2021-01-05,,0.5238095238095238,0.6,0.2
2021-01-06,,0.7229437229437229,0.6,0.2
2021-01-07,,0.7575757575757576,0.6,0.2
2021-01-08,,0.7705627705627706,0.6,0.2
2021-01-11,,0.6753246753246753,0.6,0.2
2021-01-12,,0.658008658008658,0.6,0.2
2021-01-13,,0.6623376623376623,0.6,0.2
2021-01-14,,0.6277056277056277,0.6,0.2
2021-01-15,,0.5714285714285714,0.6,0.2
2021-01-19,,0.5800865800865801,0.6,0.2
2021-01-20,,0.6406926406926406,0.6,0.2
2021-01-21,,0.48484848484848486,0.6,0.2
2021-01-22,,0.42424242424242425,0.6,0.2
2021-01-25,,0.4025974025974026,0.6,0.2
2021-01-26,,0.36363636363636365,0.6,0.2
2021-01-27,,0.19047619047619047,0.6,0.2
2021-01-28,,0.21645021645021645,0.6,0.2
2021-01-29,,0.1471861471861472,0.6,0.2
2021-02-01,,0.2597402597402597,0.6,0.2
2021-02-02,,0.47619047619047616,0.6,0.2
2021-02-03,,0.5238095238095238,0.6,0.2
2021-02-04,,0.683982683982684,0.6,0.2
2021-02-05,,0.7445887445887446,0.6,0.2
2021-02-08,,0.8095238095238095,0.6,0.2
2021-02-09,,0.8354978354978355,0.6,0.2
2021-02-10,,0.8311688311688312,0.6,0.2
2021-02-11,,0.7878787878787878,0.6,0.2
2021-02-12,,0.7619047619047619,0.6,0.2
2021-02-16,,0.6406926406926406,0.6,0.2
2021-02-17,,0.6017316017316018,0.6,0.2
2021-02-18,,0.5238095238095238,0.6,0.2
2021-02-19,,0.48917748917748916,0.6,0.2
2021-02-22,,0.48484848484848486,0.6,0.2
2021-02-23,,0.5021645021645021,0.6,0.2
2021-02-24,,0.5800865800865801,0.6,0.2
2021-02-25,,0.4155844155844156,0.6,0.2
2021-02-26,,0.30303030303030304,0.6,0.2
2021-03-01,,0.6017316017316018,0.6,0.2
2021-03-02,,0.5367965367965368,0.6,0.2
2021-03-03,,0.42424242424242425,0.6,0.2
2021-03-04,,0.2727272727272727,0.6,0.2
2021-03-05,,0.6060606060606061,0.6,0.2
2021-03-08,,0.6363636363636364,0.6,0.2
2021-03-09,,0.670995670995671,0.6,0.2
2021-03-10,,0.7532467532467533,0.6,0.2
2021-03-11,,0.8571428571428571,0.6,0.2
2021-03-12,,0.8441558441558441,0.6,0.2
2021-03-15,,0.9264069264069265,0.6,0.2
2021-03-16,,0.7878787878787878,0.6,0.2
2021-03-17,,0.8225108225108225,0.6,0.2
2021-03-18,,0.5930735930735931,0.6,0.2
2021-03-19,,0.5324675324675324,0.6,0.2
2021-03-22,,0.5367965367965368,0.6,0.2
2021-03-23,,0.36363636363636365,0.6,0.2
2021-03-24,,0.329004329004329,0.6,0.2
2021-03-25,,0.46320346320346323,0.6,0.2
2021-03-26,,0.7532467532467533,0.6,0.2
2021-03-29,,0.7012987012987013,0.6,0.2
2021-03-30,,0.7662337662337663,0.6,0.2
2021-03-31,,0.7186147186147186,0.6,0.2
2021-04-01,,0.8658008658008658,0.6,0.2
2021-04-05,,0.8961038961038961,0.6,0.2
2021-04-06,,0.8528138528138528,0.6,0.2
2021-04-07,,0.7835497835497836,0.6,0.2
2021-04-08,,0.70995670995671,0.6,0.2
2021-04-09,,0.7532467532467533,0.6,0.2
2021-04-12,,0.8051948051948052,0.6,0.2
2021-04-13,,0.6883116883116883,0.6,0.2
2021-04-14,,0.7272727272727273,0.6,0.2
2021-04-15,,0.7532467532467533,0.6,0.2
2021-04-16,,0.8008658008658008,0.6,0.2
2021-04-19,,0.7012987012987013,0.6,0.2
2021-04-20,,0.5757575757575758,0.6,0.2
2021-04-21,,0.6753246753246753,0.6,0.2
2021-04-22,,0.5541125541125541,0.6,0.2
2021-04-23,,0.7056277056277056,0.6,0.2
2021-04-26,,0.7142857142857143,0.6,0.2
2021-04-27,,0.6623376623376623,0.6,0.2
2021-04-28,,0.5757575757575758,0.6,0.2
2021-04-29,,0.7056277056277056,0.6,0.2
2021-04-30,,0.5974025974025974,0.6,0.2
2021-05-03,,0.6753246753246753,0.6,0.2
2021-05-04,,0.5974025974025974,0.6,0.2
2021-05-05,,0.5584415584415584,0.6,0.2
2021-05-06,,0.6190476190476191,0.6,0.2
2021-05-07,,0.7012987012987013,0.6,0.2
2021-05-10,,0.645021645021645,0.6,0.2
2021-05-11,,0.4588744588744589,0.6,0.2
2021-05-12,,0.19480519480519481,0.6,0.2
2021-05-13,,0.3722943722943723,0.6,0.2
2021-05-14,,0.5887445887445888,0.6,0.2
2021-05-17,,0.5151515151515151,0.6,0.2
2021-05-18,,0.37662337662337664,0.6,0.2
2021-05-19,,0.2857142857142857,0.6,0.2
2021-05-20,,0.48917748917748916,0.6,0.2
2021-05-21,,0.5714285714285714,0.6,0.2
2021-05-24,,0.7142857142857143,0.6,0.2
2021-05-25,,0.5844155844155844,0.6,0.2
2021-05-26,,0.5974025974025974,0.6,0.2
2021-05-27,,0.6753246753246753,0.6,0.2
2021-05-28,,0.7186147186147186,0.6,0.2
2021-06-01,,0.6796536796536796,0.6,0.2
2021-06-02,,0.6320346320346321,0.6,0.2
2021-06-03,,0.5627705627705628,0.6,0.2
2021-06-04,,0.6753246753246753,0.6,0.2
2021-06-07,,0.5541125541125541,0.6,0.2
2021-06-08,,0.5151515151515151,0.6,0.2
2021-06-09,,0.45021645021645024,0.6,0.2
2021-06-10,,0.47186147186147187,0.6,0.2
2021-06-11,,0.5194805194805194,0.6,0.2
2021-06-14,,0.5324675324675324,0.6,0.2
2021-06-15,,0.5064935064935064,0.6,0.2
2021-06-16,,0.30735930735930733,0.6,0.2
2021-06-17,,0.2943722943722944,0.6,0.2
2021-06-18,,0.19913419913419914,0.6,0.2
2021-06-21,,0.33766233766233766,0.6,0.2
2021-06-22,,0.37662337662337664,0.6,0.2
2021-06-23,,0.3593073593073593,0.6,0.2
2021-06-24,,0.4935064935064935,0.6,0.2
2021-06-25,,0.7012987012987013,0.6,0.2
2021-06-28,,0.6190476190476191,0.6,0.2
2021-06-29,,0.6103896103896104,0.6,0.2
2021-06-30,,0.6493506493506493,0.6,0.2
2021-07-01,,0.7922077922077922,0.6,0.2
2021-07-02,,0.7965367965367965,0.6,0.2
2021-07-06,,0.5800865800865801,0.6,0.2
2021-07-07,,0.6277056277056277,0.6,0.2
2021-07-08,,0.4025974025974026,0.6,0.2
2021-07-09,,0.6753246753246753,0.6,0.2
2021-07-12,,0.7142857142857143,0.6,0.2
2021-07-13,,0.49783549783549785,0.6,0.2
2021-07-14,,0.48917748917748916,0.6,0.2
2021-07-15,,0.4675324675324675,0.6,0.2
2021-07-16,,0.36363636363636365,0.6,0.2
2021-07-19,,0.16883116883116883,0.6,0.2
2021-07-20,,0.4329004329004329,0.6,0.2
2021-07-21,,0.645021645021645,0.6,0.2
2021-07-22,,0.5541125541125541,0.6,0.2
2021-07-23,,0.7186147186147186,0.6,0.2
2021-07-26,,0.8398268398268398,0.6,0.2
2021-07-27,,0.7835497835497836,0.6,0.2
2021-07-28,,0.7445887445887446,0.6,0.2
2021-07-29,,0.8051948051948052,0.6,0.2
2021-07-30,,0.7142857142857143,0.6,0.2
2021-08-02,,0.6060606060606061,0.6,0.2
2021-08-03,,0.7012987012987013,0.6,0.2
2021-08-04,,0.48484848484848486,0.6,0.2
2021-08-05,,0.5800865800865801,0.6,0.2
2021-08-06,,0.645021645021645,0.6,0.2
2021-08-09,,0.5238095238095238,0.6,0.2
2021-08-10,,0.5800865800865801,0.6,0.2
2021-08-11,,0.6536796536796536,0.6,0.2
2021-08-12,,0.6363636363636364,0.6,0.2
2021-08-13,,0.670995670995671,0.6,0.2
2021-08-16,,0.670995670995671,0.6,0.2
2021-08-17,,0.5108225108225108,0.6,0.2
2021-08-18,,0.3116883116883117,0.6,0.2
2021-08-19,,0.35064935064935066,0.6,0.2
2021-08-20,,0.42424242424242425,0.6,0.2
2021-08-23,,0.49783549783549785,0.6,0.2
2021-08-24,,0.5844155844155844,0.6,0.2
2021-08-25,,0.683982683982684,0.6,0.2
2021-08-26,,0.5021645021645021,0.6,0.2
2021-08-27,,0.670995670995671,0.6,0.2
2021-08-30,,0.7056277056277056,0.6,0.2
2021-08-31,,0.7489177489177489,0.6,0.2
2021-09-01,,0.6926406926406926,0.6,0.2
2021-09-02,,0.7705627705627706,0.6,0.2
2021-09-03,,0.6190476190476191,0.6,0.2
2021-09-07,,0.36796536796536794,0.6,0.2
2021-09-08,,0.44155844155844154,0.6,0.2
2021-09-09,,0.30735930735930733,0.6,0.2
2021-09-10,,0.21212121212121213,0.6,0.2
2021-09-13,,0.3333333333333333,0.6,0.2
2021-09-14,,0.22943722943722944,0.6,0.2
2021-09-15,,0.38961038961038963,0.6,0.2
2021-09-16,,0.39826839826839827,0.6,0.2
2021-09-17,,0.2987012987012987,0.6,0.2
2021-09-20,,0.07792207792207792,0.6,0.2
2021-09-21,,0.11255411255411256,0.6,0.2
2021-09-22,,0.26406926406926406,0.6,0.2
2021-09-23,,0.5151515151515151,0.6,0.2
2021-09-24,,0.5324675324675324,0.6,0.2
2021-09-27,,0.5021645021645021,0.6,0.2
2021-09-28,,0.35064935064935066,0.6,0.2
2021-09-29,,0.4155844155844156,0.6,0.2
2021-09-30,,0.24675324675324675,0.6,0.2
2021-10-01,,0.3722943722943723,0.6,0.2
2021-10-04,,0.341991341991342,0.6,0.2
2021-10-05,,0.39826839826839827,0.6,0.2
2021-10-06,,0.4805194805194805,0.6,0.2
2021-10-07,,0.6926406926406926,0.6,0.2
2021-10-08,,0.6147186147186147,0.6,0.2
2021-10-11,,0.48484848484848486,0.6,0.2
2021-10-12,,0.4588744588744589,0.6,0.2
2021-10-13,,0.5627705627705628,0.6,0.2
2021-10-14,,0.8398268398268398,0.6,0.2
2021-10-15,,0.8441558441558441,0.6,0.2
2021-10-18,,0.7532467532467533,0.6,0.2
2021-10-19,,0.8181818181818182,0.6,0.2
2021-10-20,,0.8744588744588745,0.6,0.2
2021-10-21,,0.8311688311688312,0.6,0.2
2021-10-22,,0.8181818181818182,0.6,0.2
2021-10-25,,0.7748917748917749,0.6,0.2
2021-10-26,,0.7316017316017316,0.6,0.2
2021-10-27,,0.39826839826839827,0.6,0.2
2021-10-28,,0.5800865800865801,0.6,0.2
2021-10-29,,0.5021645021645021,0.6,0.2
2021-11-01,,0.5714285714285714,0.6,0.2
2021-11-02,,0.5887445887445888,0.6,0.2
2021-11-03,,0.6233766233766234,0.6,0.2
2021-11-04,,0.5324675324675324,0.6,0.2
2021-11-05,,0.6536796536796536,0.6,0.2
2021-11-08,,0.6623376623376623,0.6,0.2
2021-11-09,,0.683982683982684,0.6,0.2
2021-11-10,,0.5454545454545454,0.6,0.2
2021-11-11,,0.5497835497835498,0.6,0.2
2021-11-12,,0.5670995670995671,0.6,0.2
2021-11-15,,0.6017316017316018,0.6,0.2
2021-11-16,,0.5930735930735931,0.6,0.2
2021-11-17,,0.4805194805194805,0.6,0.2
2021-11-18,,0.42424242424242425,0.6,0.2
2021-11-19,,0.38961038961038963,0.6,0.2
2021-11-22,,0.36363636363636365,0.6,0.2
2021-11-23,,0.47619047619047616,0.6,0.2
2021-11-24,,0.45454545454545453,0.6,0.2
2021-11-26,,0.09523809523809523,0.6,0.2
2021-11-29,,0.24242424242424243,0.6,0.2
2021-11-30,,0.06060606060606061,0.6,0.2
2021-12-01,,0.06493506493506493,0.6,0.2
2021-12-02,,0.22943722943722944,0.6,0.2
2021-12-03,,0.27705627705627706,0.6,0.2
2021-12-06,,0.5367965367965368,0.6,0.2
2021-12-07,,0.8354978354978355,0.6,0.2
2021-12-08,,0.8614718614718615,0.6,0.2
2021-12-09,,0.7272727272727273,0.6,0.2
2021-12-10,,0.7922077922077922,0.6,0.2
2021-12-13,,0.6666666666666666,0.6,0.2
2021-12-14,,0.5497835497835498,0.6,0.2
2021-12-15,,0.6320346320346321,0.6,0.2
2021-12-16,,0.5757575757575758,0.6,0.2
2021-12-17,,0.33766233766233766,0.6,0.2
2021-12-20,,0.2683982683982684,0.6,0.2
2021-12-21,,0.4805194805194805,0.6,0.2
2021-12-22,,0.6060606060606061,0.6,0.2
2021-12-23,,0.7142857142857143,0.6,0.2
2021-12-27,,0.922077922077922,0.6,0.2
2021-12-28,,0.9567099567099567,0.6,0.2
2021-12-29,,0.9523809523809523,0.6,0.2
2021-12-30,,0.9523809523809523,0.6,0.2
2021-12-31,,0.8917748917748918,0.6,0.2
2022-01-03,,0.7402597402597403,0.6,0.2
2022-01-04,,0.7012987012987013,0.6,0.2
2022-01-05,,0.5108225108225108,0.6,0.2
2022-01-06,,0.4675324675324675,0.6,0.2
2022-01-07,,0.4805194805194805,0.6,0.2
2022-01-10,,0.41125541125541126,0.6,0.2
2022-01-11,,0.4588744588744589,0.6,0.2
2022-01-12,,0.5021645021645021,0.6,0.2
2022-01-13,,0.45454545454545453,0.6,0.2
2022-01-14,,0.45021645021645024,0.6,0.2
2022-01-18,,0.2727272727272727,0.6,0.2
2022-01-19,,0.17316017316017315,0.6,0.2
2022-01-20,,0.11255411255411256,0.6,0.2
2022-01-21,,0.06493506493506493,0.6,0.2
2022-01-24,,0.0735930735930736,0.6,0.2
2022-01-25,,0.05627705627705628,0.6,0.2
2022-01-26,,0.06926406926406926,0.6,0.2
2022-01-27,,0.1341991341991342,0.6,0.2
2022-01-28,,0.35064935064935066,0.6,0.2
2022-01-31,,0.6883116883116883,0.6,0.2
2022-02-01,,0.7272727272727273,0.6,0.2
2022-02-02,,0.8311688311688312,0.6,0.2
2022-02-03,,0.6277056277056277,0.6,0.2
2022-02-04,,0.5714285714285714,0.6,0.2
2022-02-07,,0.5757575757575758,0.6,0.2
2022-02-08,,0.6017316017316018,0.6,0.2
2022-02-09,,0.7965367965367965,0.6,0.2
2022-02-10,,0.47619047619047616,0.6,0.2
2022-02-11,,0.2987012987012987,0.6,0.2
2022-02-14,,0.22077922077922077,0.6,0.2
2022-02-15,,0.4155844155844156,0.6,0.2
2022-02-16,,0.4458874458874459,0.6,0.2
2022-02-17,,0.23376623376623376,0.6,0.2
2022-02-18,,0.22510822510822512,0.6,0.2
2022-02-22,,0.12121212121212122,0.6,0.2
2022-02-23,,0.08225108225108226,0.6,0.2
2022-02-24,,0.21645021645021645,0.6,0.2
2022-02-25,,0.6666666666666666,0.6,0.2
2022-02-28,,0.5584415584415584,0.6,0.2
2022-03-01,,0.38095238095238093,0.6,0.2
2022-03-02,,0.6406926406926406,0.6,0.2
2022-03-03,,0.6320346320346321,0.6,0.2
2022-03-04,,0.5324675324675324,0.6,0.2
2022-03-07,,0.31601731601731603,0.6,0.2
2022-03-08,,0.22077922077922077,0.6,0.2
2022-03-09,,0.38961038961038963,0.6,0.2
2022-03-10,,0.3722943722943723,0.6,0.2
2022-03-11,,0.2554112554112554,0.6,0.2
2022-03-14,,0.30735930735930733,0.6,0.2
2022-03-15,,0.5367965367965368,0.6,0.2
2022-03-16,,0.8181818181818182,0.6,0.2
2022-03-17,,0.8874458874458875,0.6,0.2
2022-03-18,,0.8874458874458875,0.6,0.2
2022-03-21,,0.9393939393939394,0.6,0.2
2022-03-22,,0.9393939393939394,0.6,0.2
2022-03-23,,0.7489177489177489,0.6,0.2
2022-03-24,,0.8354978354978355,0.6,0.2
2022-03-25,,0.8441558441558441,0.6,0.2
2022-03-28,,0.8268398268398268,0.6,0.2
2022-03-29,,0.8961038961038961,0.6,0.2
2022-03-30,,0.8268398268398268,0.6,0.2
2022-03-31,,0.5584415584415584,0.6,0.2
2022-04-01,,0.6017316017316018,0.6,0.2
2022-04-04,,0.5670995670995671,0.6,0.2
2022-04-05,,0.43722943722943725,0.6,0.2
2022-04-06,,0.3852813852813853,0.6,0.2
2022-04-07,,0.45021645021645024,0.6,0.2
2022-04-08,,0.4675324675324675,0.6,0.2
2022-04-11,,0.35064935064935066,0.6,0.2
2022-04-12,,0.354978354978355,0.6,0.2
2022-04-13,,0.5021645021645021,0.6,0.2
2022-04-14,,0.45454545454545453,0.6,0.2
2022-04-18,,0.41125541125541126,0.6,0.2
2022-04-19,,0.6883116883116883,0.6,0.2
2022-04-20,,0.7792207792207793,0.6,0.2
2022-04-21,,0.5800865800865801,0.6,0.2
2022-04-22,,0.1645021645021645,0.6,0.2
2022-04-25,,0.20346320346320346,0.6,0.2
2022-04-26,,0.07792207792207792,0.6,0.2
2022-04-27,,0.10822510822510822,0.6,0.2
2022-04-28,,0.2857142857142857,0.6,0.2
2022-04-29,,0.0735930735930736,0.6,0.2
2022-05-02,,0.09956709956709957,0.6,0.2
2022-05-03,,0.23376623376623376,0.6,0.2
2022-05-04,,0.6883116883116883,0.6,0.2
2022-05-05,,0.33766233766233766,0.6,0.2
2022-05-06,,0.31601731601731603,0.6,0.2
2022-05-09,,0.14285714285714285,0.6,0.2
2022-05-10,,0.11688311688311688,0.6,0.2
2022-05-11,,0.11688311688311688,0.6,0.2
2022-05-12,,0.15151515151515152,0.6,0.2
2022-05-13,,0.4069264069264069,0.6,0.2
2022-05-16,,0.37662337662337664,0.6,0.2
2022-05-17,,0.7489177489177489,0.6,0.2
2022-05-18,,0.27705627705627706,0.6,0.2
2022-05-19,,0.3246753246753247,0.6,0.2
2022-05-20,,0.45021645021645024,0.6,0.2
2022-05-23,,0.6320346320346321,0.6,0.2
2022-05-24,,0.5108225108225108,0.6,0.2
2022-05-25,,0.5930735930735931,0.6,0.2
2022-05-26,,0.8398268398268398,0.6,0.2
2022-05-27,,0.9567099567099567,0.6,0.2
2022-05-31,,0.9177489177489178,0.6,0.2
2022-06-01,,0.7619047619047619,0.6,0.2
2022-06-02,,0.8744588744588745,0.6,0.2
2022-06-03,,0.6666666666666666,0.6,0.2
2022-06-06,,0.6883116883116883,0.6,0.2
2022-06-07,,0.7792207792207793,0.6,0.2
2022-06-08,,0.39826839826839827,0.6,0.2
2022-06-09,,0.15584415584415584,0.6,0.2
2022-06-10,,0.03463203463203463,0.6,0.2
2022-06-13,,0.004329004329004329,0.6,0.2
2022-06-14,,0.004329004329004329,0.6,0.2
2022-06-15,,0.008658008658008658,0.6,0.2
2022-06-16,,0.0,0.6,0.2
2022-06-17,,0.008658008658008658,0.6,0.2
2022-06-21,,0.11688311688311688,0.6,0.2
2022-06-22,,0.22077922077922077,0.6,0.2
2022-06-23,,0.45454545454545453,0.6,0.2
2022-06-24,,0.8658008658008658,0.6,0.2
2022-06-27,,0.9004329004329005,0.6,0.2
2022-06-28,,0.7705627705627706,0.6,0.2
2022-06-29,,0.6536796536796536,0.6,0.2
2022-06-30,,0.5324675324675324,0.6,0.2
2022-07-01,,0.645021645021645,0.6,0.2
2022-07-05,,0.5887445887445888,0.6,0.2
2022-07-06,,0.5541125541125541,0.6,0.2
2022-07-07,,0.696969696969697,0.6,0.2
2022-07-08,,0.5670995670995671,0.6,0.2
2022-07-11,,0.46320346320346323,0.6,0.2
2022-07-12,,0.38961038961038963,0.6,0.2
2022-07-13,,0.2813852813852814,0.6,0.2
2022-07-14,,0.22510822510822512,0.6,0.2
2022-07-15,,0.5454545454545454,0.6,0.2
2022-07-18,,0.4155844155844156,0.6,0.2
2022-07-19,,0.8051948051948052,0.6,0.2
2022-07-20,,0.7705627705627706,0.6,0.2
2022-07-21,,0.7922077922077922,0.6,0.2
2022-07-22,,0.8051948051948052,0.6,0.2
2022-07-25,,0.8701298701298701,0.6,0.2
2022-07-26,,0.7316017316017316,0.6,0.2
2022-07-27,,0.8528138528138528,0.6,0.2
2022-07-28,,0.8441558441558441,0.6,0.2
2022-07-29,,0.8528138528138528,0.6,0.2
2022-08-01,,0.8051948051948052,0.6,0.2
2022-08-02,,0.7272727272727273,0.6,0.2
2022-08-03,,0.7705627705627706,0.6,0.2
2022-08-04,,0.7272727272727273,0.6,0.2
2022-08-05,,0.7142857142857143,0.6,0.2
2022-08-08,,0.7445887445887446,0.6,0.2
2022-08-09,,0.6017316017316018,0.6,0.2
2022-08-10,,0.8268398268398268,0.6,0.2
2022-08-11,,0.8398268398268398,0.6,0.2
2022-08-12,,0.9393939393939394,0.6,0.2
2022-08-15,,0.9437229437229437,0.6,0.2
2022-08-16,,0.9177489177489178,0.6,0.2
2022-08-17,,0.7878787878787878,0.6,0.2
2022-08-18,,0.7878787878787878,0.6,0.2
2022-08-19,,0.4805194805194805,0.6,0.2
2022-08-22,,0.2077922077922078,0.6,0.2
2022-08-23,,0.11688311688311688,0.6,0.2
2022-08-24,,0.15151515151515152,0.6,0.2
2022-08-25,,0.3116883116883117,0.6,0.2
2022-08-26,,0.09090909090909091,0.6,0.2
2022-08-29,,0.09090909090909091,0.6,0.2
2022-08-30,,0.04329004329004329,0.6,0.2
2022-08-31,,0.03463203463203463,0.6,0.2
2022-09-01,,0.0735930735930736,0.6,0.2
2022-09-02,,0.06060606060606061,0.6,0.2
2022-09-06,,0.06493506493506493,0.6,0.2
2022-09-07,,0.45021645021645024,0.6,0.2
2022-09-08,,0.645021645021645,0.6,0.2
2022-09-09,,0.9004329004329005,0.6,0.2
2022-09-12,,0.9307359307359307,0.6,0.2
2022-09-13,,0.3333333333333333,0.6,0.2
2022-09-14,,0.37662337662337664,0.6,0.2
2022-09-15,,0.3116883116883117,0.6,0.2
2022-09-16,,0.1774891774891775,0.6,0.2
2022-09-19,,0.2510822510822511,0.6,0.2
2022-09-20,,0.1038961038961039,0.6,0.2
2022-09-21,,0.04329004329004329,0.6,0.2
2022-09-22,,0.03463203463203463,0.6,0.2
2022-09-23,,0.017316017316017316,0.6,0.2
2022-09-26,,0.012987012987012988,0.6,0.2
2022-09-27,,0.012987012987012988,0.6,0.2
2022-09-28,,0.1471861471861472,0.6,0.2
2022-09-29,,0.07792207792207792,0.6,0.2
2022-09-30,,0.03896103896103896,0.6,0.2
2022-10-03,,0.5541125541125541,0.6,0.2
2022-10-04,,0.8831168831168831,0.6,0.2
2022-10-05,,0.8441558441558441,0.6,0.2
2022-10-06,,0.7619047619047619,0.6,0.2
2022-10-07,,0.36363636363636365,0.6,0.2
2022-10-10,,0.2987012987012987,0.6,0.2
2022-10-11,,0.2683982683982684,0.6,0.2
2022-10-12,,0.19913419913419914,0.6,0.2
2022-10-13,,0.5151515151515151,0.6,0.2
2022-10-14,,0.21645021645021645,0.6,0.2
2022-10-17,,0.5497835497835498,0.6,0.2
2022-10-18,,0.8138528138528138,0.6,0.2
2022-10-19,,0.7186147186147186,0.6,0.2
2022-10-20,,0.49783549783549785,0.6,0.2
2022-10-21,,0.8051948051948052,0.6,0.2
2022-10-24,,0.8701298701298701,0.6,0.2
2022-10-25,,0.9437229437229437,0.6,0.2
2022-10-26,,0.9134199134199135,0.6,0.2
2022-10-27,,0.8831168831168831,0.6,0.2
2022-10-28,,0.9047619047619048,0.6,0.2
2022-10-31,,0.8614718614718615,0.6,0.2
2022-11-01,,0.8744588744588745,0.6,0.2
2022-11-02,,0.5367965367965368,0.6,0.2
2022-11-03,,0.48484848484848486,0.6,0.2
2022-11-04,,0.5930735930735931,0.6,0.2
2022-11-07,,0.6406926406926406,0.6,0.2
2022-11-08,,0.6883116883116883,0.6,0.2
2022-11-09,,0.4155844155844156,0.6,0.2
2022-11-10,,0.8701298701298701,0.6,0.2
2022-11-11,,0.8181818181818182,0.6,0.2
2022-11-14,,0.7922077922077922,0.6,0.2
2022-11-15,,0.8138528138528138,0.6,0.2
2022-11-16,,0.7705627705627706,0.6,0.2
2022-11-17,,0.696969696969697,0.6,0.2
2022-11-18,,0.7445887445887446,0.6,0.2
2022-11-21,,0.670995670995671,0.6,0.2
2022-11-22,,0.7792207792207793,0.6,0.2
2022-11-23,,0.7186147186147186,0.6,0.2
2022-11-25,,0.7619047619047619,0.6,0.2
2022-11-28,,0.45454545454545453,0.6,0.2
2022-11-29,,0.4935064935064935,0.6,0.2
2022-11-30,,0.8917748917748918,0.6,0.2
2022-12-01,,0.8398268398268398,0.6,0.2
2022-12-02,,0.8051948051948052,0.6,0.2
2022-12-05,,0.3939393939393939,0.6,0.2
2022-12-06,,0.2510822510822511,0.6,0.2
2022-12-07,,0.2857142857142857,0.6,0.2
2022-12-08,,0.38961038961038963,0.6,0.2
2022-12-09,,0.2727272727272727,0.6,0.2
2022-12-12,,0.4935064935064935,0.6,0.2
2022-12-13,,0.6147186147186147,0.6,0.2
2022-12-14,,0.5238095238095238,0.6,0.2
2022-12-15,,0.16883116883116883,0.6,0.2
2022-12-16,,0.09090909090909091,0.6,0.2
2022-12-19,,0.06926406926406926,0.6,0.2
2022-12-20,,0.09523809523809523,0.6,0.2
2022-12-21,,0.3203463203463203,0.6,0.2
2022-12-22,,0.21645021645021645,0.6,0.2
2022-12-23,,0.3593073593073593,0.6,0.2
2022-12-27,,0.42857142857142855,0.6,0.2
2022-12-28,,0.2597402597402597,0.6,0.2
2022-12-29,,0.7012987012987013,0.6,0.2
2022-12-30,,0.5800865800865801,0.6,0.2
2023-01-03,,0.5454545454545454,0.6,0.2
2023-01-04,,0.7056277056277056,0.6,0.2
2023-01-05,,0.45454545454545453,0.6,0.2
2023-01-06,,0.7748917748917749,0.6,0.2
2023-01-09,,0.7489177489177489,0.6,0.2
2023-01-10,,0.7662337662337663,0.6,0.2
2023-01-11,,0.8051948051948052,0.6,0.2
2023-01-12,,0.8225108225108225,0.6,0.2
2023-01-13,,0.8354978354978355,0.6,0.2
2023-01-17,,0.7532467532467533,0.6,0.2
2023-01-18,,0.48917748917748916,0.6,0.2
2023-01-19,,0.341991341991342,0.6,0.2
2023-01-20,,0.5238095238095238,0.6,0.2
2023-01-23,,0.6277056277056277,0.6,0.2
2023-01-24,,0.6190476190476191,0.6,0.2
2023-01-25,,0.6320346320346321,0.6,0.2
2023-01-26,,0.7142857142857143,0.6,0.2
2023-01-27,,0.683982683982684,0.6,0.2
2023-01-30,,0.5714285714285714,0.6,0.2
2023-01-31,,0.8311688311688312,0.6,0.2
2023-02-01,,0.8268398268398268,0.6,0.2
2023-02-02,,0.7705627705627706,0.6,0.2
2023-02-03,,0.658008658008658,0.6,0.2
2023-02-06,,0.5930735930735931,0.6,0.2
2023-02-07,,0.6320346320346321,0.6,0.2
2023-02-08,,0.43722943722943725,0.6,0.2
2023-02-09,,0.2857142857142857,0.6,0.2
2023-02-10,,0.33766233766233766,0.6,0.2
2023-02-13,,0.5281385281385281,0.6,0.2
2023-02-14,,0.45021645021645024,0.6,0.2
2023-02-15,,0.5324675324675324,0.6,0.2
2023-02-16,,0.4199134199134199,0.6,0.2
2023-02-17,,0.42857142857142855,0.6,0.2
2023-02-21,,0.18614718614718614,0.6,0.2
2023-02-22,,0.17316017316017315,0.6,0.2
2023-02-23,,0.2077922077922078,0.6,0.2
2023-02-24,,0.11255411255411256,0.6,0.2
2023-02-27,,0.15584415584415584,0.6,0.2
2023-02-28,,0.15151515151515152,0.6,0.2
2023-03-01,,0.2077922077922078,0.6,0.2
2023-03-02,,0.3203463203463203,0.6,0.2
2023-03-03,,0.6277056277056277,0.6,0.2
2023-03-06,,0.6277056277056277,0.6,0.2
2023-03-07,,0.3463203463203463,0.6,0.2
2023-03-08,,0.42857142857142855,0.6,0.2
2023-03-09,,0.16017316017316016,0.6,0.2
2023-03-10,,0.06060606060606061,0.6,0.2
2023-03-13,,0.16017316017316016,0.6,0.2
2023-03-14,,0.2857142857142857,0.6,0.2
2023-03-15,,0.24675324675324675,0.6,0.2
2023-03-16,,0.3852813852813853,0.6,0.2
2023-03-17,,0.2943722943722944,0.6,0.2
2023-03-20,,0.43722943722943725,0.6,0.2
2023-03-21,,0.670995670995671,0.6,0.2
2023-03-22,,0.354978354978355,0.6,0.2
2023-03-23,,0.39826839826839827,0.6,0.2
2023-03-24,,0.5238095238095238,0.6,0.2
2023-03-27,,0.5714285714285714,0.6,0.2
2023-03-28,,0.5800865800865801,0.6,0.2
2023-03-29,,0.8398268398268398,0.6,0.2
2023-03-30,,0.8961038961038961,0.6,0.2
2023-03-31,,0.9653679653679653,0.6,0.2
2023-04-03,,0.948051948051948,0.6,0.2
2023-04-04,,0.7619047619047619,0.6,0.2
2023-04-05,,0.658008658008658,0.6,0.2
2023-04-06,,0.6103896103896104,0.6,0.2
2023-04-10,,0.6796536796536796,0.6,0.2
2023-04-11,,0.7229437229437229,0.6,0.2
2023-04-12,,0.5800865800865801,0.6,0.2
2023-04-13,,0.7186147186147186,0.6,0.2
2023-04-14,,0.5930735930735931,0.6,0.2
2023-04-17,,0.7619047619047619,0.6,0.2
2023-04-18,,0.7142857142857143,0.6,0.2
2023-04-19,,0.6796536796536796,0.6,0.2
2023-04-20,,0.5930735930735931,0.6,0.2
2023-04-21,,0.5194805194805194,0.6,0.2
2023-04-24,,0.5800865800865801,0.6,0.2
2023-04-25,,0.35064935064935066,0.6,0.2
2023-04-26,,0.15584415584415584,0.6,0.2
2023-04-27,,0.45021645021645024,0.6,0.2
2023-04-28,,0.6147186147186147,0.6,0.2
2023-05-01,,0.6103896103896104,0.6,0.2
2023-05-02,,0.42424242424242425,0.6,0.2
2023-05-03,,0.36363636363636365,0.6,0.2
2023-05-04,,0.2943722943722944,0.6,0.2
2023-05-05,,0.5454545454545454,0.6,0.2
2023-05-08,,0.5541125541125541,0.6,0.2
2023-05-09,,0.4458874458874459,0.6,0.2
2023-05-10,,0.4329004329004329,0.6,0.2
2023-05-11,,0.341991341991342,0.6,0.2
2023-05-12,,0.3852813852813853,0.6,0.2
2023-05-15,,0.4805194805194805,0.6,0.2
2023-05-16,,0.27705627705627706,0.6,0.2
2023-05-17,,0.42424242424242425,0.6,0.2
2023-05-18,,0.5800865800865801,0.6,0.2
2023-05-19,,0.5541125541125541,0.6,0.2
2023-05-22,,0.5411255411255411,0.6,0.2
2023-05-23,,0.41125541125541126,0.6,0.2
2023-05-24,,0.2597402597402597,0.6,0.2
2023-05-25,,0.2727272727272727,0.6,0.2
2023-05-26,,0.37662337662337664,0.6,0.2
2023-05-30,,0.329004329004329,0.6,0.2
2023-05-31,,0.22943722943722944,0.6,0.2
2023-06-01,,0.3722943722943723,0.6,0.2
2023-06-02,,0.8225108225108225,0.6,0.2
2023-06-05,,0.7748917748917749,0.6,0.2
2023-06-06,,0.7748917748917749,0.6,0.2
2023-06-07,,0.7835497835497836,0.6,0.2
2023-06-08,,0.8268398268398268,0.6,0.2
2023-06-09,,0.8008658008658008,0.6,0.2
2023-06-12,,0.8701298701298701,0.6,0.2
2023-06-13,,0.9047619047619048,0.6,0.2
2023-06-14,,0.8138528138528138,0.6,0.2
2023-06-15,,0.8874458874458875,0.6,0.2
2023-06-16,,0.8528138528138528,0.6,0.2
2023-06-20,,0.6406926406926406,0.6,0.2
2023-06-21,,0.5844155844155844,0.6,0.2
2023-06-22,,0.4675324675324675,0.6,0.2
2023-06-23,,0.3116883116883117,0.6,0.2
2023-06-26,,0.3852813852813853,0.6,0.2
2023-06-27,,0.5887445887445888,0.6,0.2
2023-06-28,,0.5800865800865801,0.6,0.2
2023-06-29,,0.6926406926406926,0.6,0.2
2023-06-30,,0.8354978354978355,0.6,0.2
2023-07-03,,0.8917748917748918,0.6,0.2
2023-07-05,,0.8268398268398268,0.6,0.2
2023-07-06,,0.5887445887445888,0.6,0.2
2023-07-07,,0.5670995670995671,0.6,0.2
2023-07-10,,0.7012987012987013,0.6,0.2
2023-07-11,,0.8354978354978355,0.6,0.2
2023-07-12,,0.7922077922077922,0.6,0.2
2023-07-13,,0.8225108225108225,0.6,0.2
2023-07-14,,0.6883116883116883,0.6,0.2
2023-07-17,,0.6666666666666666,0.6,0.2
2023-07-18,,0.7012987012987013,0.6,0.2
2023-07-19,,0.7316017316017316,0.6,0.2
2023-07-20,,0.696969696969697,0.6,0.2
2023-07-21,,0.6406926406926406,0.6,0.2
2023-07-24,,0.670995670995671,0.6,0.2
2023-07-25,,0.6666666666666666,0.6,0.2
2023-07-26,,0.6103896103896104,0.6,0.2
2023-07-27,,0.4805194805194805,0.6,0.2
2023-07-28,,0.4805194805194805,0.6,0.2
2023-07-31,,0.5194805194805194,0.6,0.2
2023-08-01,,0.47186147186147187,0.6,0.2
2023-08-02,,0.341991341991342,0.6,0.2
2023-08-03,,0.3246753246753247,0.6,0.2
2023-08-04,,0.2727272727272727,0.6,0.2
2023-08-07,,0.4199134199134199,0.6,0.2
2023-08-08,,0.3722943722943723,0.6,0.2
2023-08-09,,0.38095238095238093,0.6,0.2
2023-08-10,,0.3333333333333333,0.6,0.2
2023-08-11,,0.3852813852813853,0.6,0.2
2023-08-14,,0.4069264069264069,0.6,0.2
2023-08-15,,0.21645021645021645,0.6,0.2
2023-08-16,,0.12121212121212122,0.6,0.2
2023-08-17,,0.09090909090909091,0.6,0.2
2023-08-18,,0.1341991341991342,0.6,0.2
2023-08-21,,0.16017316017316016,0.6,0.2
2023-08-22,,0.16883116883116883,0.6,0.2
2023-08-23,,0.41125541125541126,0.6,0.2
2023-08-24,,0.22510822510822512,0.6,0.2
2023-08-25,,0.4458874458874459,0.6,0.2
2023-08-28,,0.696969696969697,0.6,0.2
2023-08-29,,0.8787878787878788,0.6,0.2
2023-08-30,,0.8701298701298701,0.6,0.2
2023-08-31,,0.7272727272727273,0.6,0.2
2023-09-01,,0.7186147186147186,0.6,0.2
2023-09-05,,0.47619047619047616,0.6,0.2
2023-09-06,,0.43722943722943725,0.6,0.2
2023-09-07,,0.4025974025974026,0.6,0.2
2023-09-08,,0.3852813852813853,0.6,0.2
2023-09-11,,0.45021645021645024,0.6,0.2
2023-09-12,,0.45454545454545453,0.6,0.2
2023-09-13,,0.3852813852813853,0.6,0.2
2023-09-14,,0.5974025974025974,0.6,0.2
2023-09-15,,0.4935064935064935,0.6,0.2
2023-09-18,,0.5151515151515151,0.6,0.2
2023-09-19,,0.4588744588744589,0.6,0.2
2023-09-20,,0.38095238095238093,0.6,0.2
2023-09-21,,0.19047619047619047,0.6,0.2
2023-09-22,,0.15151515151515152,0.6,0.2
2023-09-25,,0.18181818181818182,0.6,0.2
2023-09-26,,0.09090909090909091,0.6,0.2
2023-09-27,,0.14285714285714285,0.6,0.2
2023-09-28,,0.3246753246753247,0.6,0.2
2023-09-29,,0.22510822510822512,0.6,0.2
2023-10-02,,0.21645021645021645,0.6,0.2
2023-10-03,,0.06060606060606061,0.6,0.2
2023-10-04,,0.24675324675324675,0.6,0.2
2023-10-05,,0.24675324675324675,0.6,0.2
2023-10-06,,0.4675324675324675,0.6,0.2
2023-10-09,,0.6320346320346321,0.6,0.2
2023-10-10,,0.7748917748917749,0.6,0.2
2023-10-11,,0.7705627705627706,0.6,0.2
2023-10-12,,0.5930735930735931,0.6,0.2
2023-10-13,,0.5281385281385281,0.6,0.2
2023-10-16,,0.7056277056277056,0.6,0.2
2023-10-17,,0.7402597402597403,0.6,0.2
2023-10-18,,0.45021645021645024,0.6,0.2
2023-10-19,,0.22510822510822512,0.6,0.2
2023-10-20,,0.12554112554112554,0.6,0.2
2023-10-23,,0.09523809523809523,0.6,0.2
2023-10-24,,0.23809523809523808,0.6,0.2
2023-10-25,,0.2077922077922078,0.6,0.2
2023-10-26,,0.22077922077922077,0.6,0.2
2023-10-27,,0.12121212121212122,0.6,0.2
2023-10-30,,0.24242424242424243,0.6,0.2
2023-10-31,,0.4675324675324675,0.6,0.2
2023-11-01,,0.5670995670995671,0.6,0.2
2023-11-02,,0.8354978354978355,0.6,0.2
2023-11-03,,0.922077922077922,0.6,0.2
2023-11-06,,0.8787878787878788,0.6,0.2
2023-11-07,,0.8354978354978355,0.6,0.2
2023-11-08,,0.8008658008658008,0.6,0.2
2023-11-09,,0.6536796536796536,0.6,0.2
2023-11-10,,0.7142857142857143,0.6,0.2
2023-11-13,,0.5930735930735931,0.6,0.2
2023-11-14,,0.8658008658008658,0.6,0.2
2023-11-15,,0.8614718614718615,0.6,0.2
2023-11-16,,0.8181818181818182,0.6,0.2
2023-11-17,,0.8614718614718615,0.6,0.2
2023-11-20,,0.8917748917748918,0.6,0.2
2023-11-21,,0.8614718614718615,0.6,0.2
2023-11-22,,0.8874458874458875,0.6,0.2
2023-11-24,,0.8917748917748918,0.6,0.2
2023-11-27,,0.7748917748917749,0.6,0.2
2023-11-28,,0.658008658008658,0.6,0.2
2023-11-29,,0.6320346320346321,0.6,0.2
2023-11-30,,0.7359307359307359,0.6,0.2
2023-12-01,,0.8571428571428571,0.6,0.2
2023-12-04,,0.8225108225108225,0.6,0.2
2023-12-05,,0.6363636363636364,0.6,0.2
2023-12-06,,0.6017316017316018,0.6,0.2
2023-12-07,,0.6666666666666666,0.6,0.2
2023-12-08,,0.6666666666666666,0.6,0.2
2023-12-11,,0.7922077922077922,0.6,0.2
2023-12-12,,0.7575757575757576,0.6,0.2
2023-12-13,,0.922077922077922,0.6,0.2
2023-12-14,,0.8354978354978355,0.6,0.2
2023-12-15,,0.7705627705627706,0.6,0.2
2023-12-18,,0.7965367965367965,0.6,0.2
2023-12-19,,0.8311688311688312,0.6,0.2
2023-12-20,,0.5887445887445888,0.6,0.2
2023-12-21,,0.7402597402597403,0.6,0.2
2023-12-22,,0.7316017316017316,0.6,0.2
2023-12-26,,0.7965367965367965,0.6,0.2
2023-12-27,,0.8095238095238095,0.6,0.2
2023-12-28,,0.8311688311688312,0.6,0.2
2023-12-29,,0.7662337662337663,0.6,0.2
2024-01-02,,0.5887445887445888,0.6,0.2
2024-01-03,,0.354978354978355,0.6,0.2
2024-01-04,,0.36796536796536794,0.6,0.2
2024-01-05,,0.36796536796536794,0.6,0.2
2024-01-08,,0.5541125541125541,0.6,0.2
2024-01-09,,0.47186147186147187,0.6,0.2
2024-01-10,,0.4805194805194805,0.6,0.2
2024-01-11,,0.47619047619047616,0.6,0.2
2024-01-12,,0.46320346320346323,0.6,0.2
2024-01-16,,0.3939393939393939,0.6,0.2
2024-01-17,,0.3246753246753247,0.6,0.2
2024-01-18,,0.45454545454545453,0.6,0.2
2024-01-19,,0.5281385281385281,0.6,0.2
2024-01-22,,0.6320346320346321,0.6,0.2
2024-01-23,,0.6277056277056277,0.6,0.2
2024-01-24,,0.5281385281385281,0.6,0.2
2024-01-25,,0.6666666666666666,0.6,0.2
2024-01-26,,0.6623376623376623,0.6,0.2
2024-01-29,,0.7922077922077922,0.6,0.2
2024-01-30,,0.7619047619047619,0.6,0.2
2024-01-31,,0.43722943722943725,0.6,0.2
2024-02-01,,0.6320346320346321,0.6,0.2
2024-02-02,,0.5714285714285714,0.6,0.2
2024-02-05,,0.39826839826839827,0.6,0.2
2024-02-06,,0.4805194805194805,0.6,0.2
2024-02-07,,0.5151515151515151,0.6,0.2
2024-02-08,,0.5411255411255411,0.6,0.2
2024-02-09,,0.5411255411255411,0.6,0.2
2024-02-12,,0.6493506493506493,0.6,0.2
2024-02-13,,0.329004329004329,0.6,0.2
2024-02-14,,0.4935064935064935,0.6,0.2
2024-02-15,,0.7142857142857143,0.6,0.2
2024-02-16,,0.6190476190476191,0.6,0.2
2024-02-20,,0.5974025974025974,0.6,0.2
2024-02-21,,0.6406926406926406,0.6,0.2
2024-02-22,,0.7619047619047619,0.6,0.2
2024-02-23,,0.7835497835497836,0.6,0.2
2024-02-26,,0.6406926406926406,0.6,0.2
2024-02-27,,0.7142857142857143,0.6,0.2
2024-02-28,,0.645021645021645,0.6,0.2
2024-02-29,,0.7056277056277056,0.6,0.2
2024-03-01,,0.7056277056277056,0.6,0.2
2024-03-04,,0.6883116883116883,0.6,0.2
2024-03-05,,0.6147186147186147,0.6,0.2
2024-03-06,,0.6753246753246753,0.6,0.2
2024-03-07,,0.7272727272727273,0.6,0.2
2024-03-08,,0.7142857142857143,0.6,0.2
2024-03-11,,0.7272727272727273,0.6,0.2
2024-03-12,,0.7748917748917749,0.6,0.2
2024-03-13,,0.6883116883116883,0.6,0.2
2024-03-14,,0.4805194805194805,0.6,0.2
2024-03-15,,0.42857142857142855,0.6,0.2
2024-03-18,,0.48484848484848486,0.6,0.2
2024-03-19,,0.6103896103896104,0.6,0.2
2024-03-20,,0.7359307359307359,0.6,0.2
2024-03-21,,0.7792207792207793,0.6,0.2
2024-03-22,,0.6536796536796536,0.6,0.2
2024-03-25,,0.6190476190476191,0.6,0.2
2024-03-26,,0.5584415584415584,0.6,0.2
2024-03-27,,0.8701298701298701,0.6,0.2
2024-03-28,,0.8658008658008658,0.6,0.2
2024-04-01,,0.70995670995671,0.6,0.2
2024-04-02,,0.45454545454545453,0.6,0.2
2024-04-03,,0.4458874458874459,0.6,0.2
2024-04-04,,0.23809523809523808,0.6,0.2
2024-04-05,,0.38961038961038963,0.6,0.2
2024-04-08,,0.45454545454545453,0.6,0.2
2024-04-09,,0.5411255411255411,0.6,0.2
2024-04-10,,0.18614718614718614,0.6,0.2
2024-04-11,,0.2510822510822511,0.6,0.2
2024-04-12,,0.07792207792207792,0.6,0.2
2024-04-15,,0.047619047619047616,0.6,0.2
2024-04-16,,0.047619047619047616,0.6,0.2
2024-04-17,,0.08658008658008658,0.6,0.2
2024-04-18,,0.1471861471861472,0.6,0.2
2024-04-19,,0.30303030303030304,0.6,0.2
2024-04-22,,0.42424242424242425,0.6,0.2
2024-04-23,,0.6190476190476191,0.6,0.2
2024-04-24,,0.6883116883116883,0.6,0.2
2024-04-25,,0.6363636363636364,0.6,0.2
2024-04-26,,0.6666666666666666,0.6,0.2
2024-04-29,,0.7662337662337663,0.6,0.2
2024-04-30,,0.47619047619047616,0.6,0.2
2024-05-01,,0.44155844155844154,0.6,0.2
2024-05-02,,0.48917748917748916,0.6,0.2
2024-05-03,,0.5627705627705628,0.6,0.2
2024-05-06,,0.670995670995671,0.6,0.2
2024-05-07,,0.7402597402597403,0.6,0.2
2024-05-08,,0.6883116883116883,0.6,0.2
2024-05-09,,0.8008658008658008,0.6,0.2
2024-05-10,,0.8051948051948052,0.6,0.2
2024-05-13,,0.8095238095238095,0.6,0.2
2024-05-14,,0.7792207792207793,0.6,0.2
2024-05-15,,0.8095238095238095,0.6,0.2
2024-05-16,,0.7532467532467533,0.6,0.2
2024-05-17,,0.7489177489177489,0.6,0.2
2024-05-20,,0.6233766233766234,0.6,0.2
2024-05-21,,0.5757575757575758,0.6,0.2
2024-05-22,,0.49783549783549785,0.6,0.2
2024-05-23,,0.22943722943722944,0.6,0.2
2024-05-24,,0.341991341991342,0.6,0.2
2024-05-28,,0.23809523809523808,0.6,0.2
2024-05-29,,0.13852813852813853,0.6,0.2
2024-05-30,,0.19480519480519481,0.6,0.2
2024-05-31,,0.5194805194805194,0.6,0.2
2024-06-03,,0.45454545454545453,0.6,0.2
2024-06-04,,0.4588744588744589,0.6,0.2
2024-06-05,,0.5454545454545454,0.6,0.2
2024-06-06,,0.5411255411255411,0.6,0.2
2024-06-07,,0.4458874458874459,0.6,0.2
2024-06-10,,0.48917748917748916,0.6,0.2
2024-06-11,,0.4329004329004329,0.6,0.2
2024-06-12,,0.47186147186147187,0.6,0.2
2024-06-13,,0.4329004329004329,0.6,0.2
2024-06-14,,0.3333333333333333,0.6,0.2
2024-06-17,,0.41125541125541126,0.6,0.2
2024-06-18,,0.4935064935064935,0.6,0.2
2024-06-20,,0.6277056277056277,0.6,0.2
2024-06-21,,0.670995670995671,0.6,0.2
2024-06-24,,0.7316017316017316,0.6,0.2
2024-06-25,,0.5454545454545454,0.6,0.2
2024-06-26,,0.49783549783549785,0.6,0.2
2024-06-27,,0.4805194805194805,0.6,0.2
2024-06-28,,0.46320346320346323,0.6,0.2
2024-07-01,,0.3116883116883117,0.6,0.2
2024-07-02,,0.41125541125541126,0.6,0.2
2024-07-03,,0.4069264069264069,0.6,0.2
2024-07-05,,0.4199134199134199,0.6,0.2
2024-07-08,,0.43722943722943725,0.6,0.2
2024-07-09,,0.45454545454545453,0.6,0.2
2024-07-10,,0.6753246753246753,0.6,0.2
2024-07-11,,0.8051948051948052,0.6,0.2
2024-07-12,,0.8571428571428571,0.6,0.2
2024-07-15,,0.7878787878787878,0.6,0.2
2024-07-16,,0.8484848484848485,0.6,0.2
2024-07-17,,0.7575757575757576,0.6,0.2
2024-07-18,,0.683982683982684,0.6,0.2
2024-07-19,,0.6017316017316018,0.6,0.2
2024-07-22,,0.6926406926406926,0.6,0.2
2024-07-23,,0.5411255411255411,0.6,0.2
2024-07-24,,0.354978354978355,0.6,0.2
2024-07-25,,0.38961038961038963,0.6,0.2
2024-07-26,,0.5584415584415584,0.6,0.2
2024-07-29,,0.5670995670995671,0.6,0.2
2024-07-30,,0.6233766233766234,0.6,0.2
2024-07-31,,0.7186147186147186,0.6,0.2
2024-08-01,,0.5281385281385281,0.6,0.2
2024-08-02,,0.4199134199134199,0.6,0.2
2024-08-05,,0.23376623376623376,0.6,0.2
2024-08-06,,0.33766233766233766,0.6,0.2
2024-08-07,,0.2554112554112554,0.6,0.2
2024-08-08,,0.4069264069264069,0.6,0.2
2024-08-09,,0.44155844155844154,0.6,0.2
2024-08-12,,0.43722943722943725,0.6,0.2
2024-08-13,,0.6233766233766234,0.6,0.2
2024-08-14,,0.70995670995671,0.6,0.2
2024-08-15,,0.8484848484848485,0.6,0.2
2024-08-16,,0.8874458874458875,0.6,0.2
2024-08-19,,0.922077922077922,0.6,0.2
2024-08-20,,0.9090909090909091,0.6,0.2
2024-08-21,,0.9134199134199135,0.6,0.2
2024-08-22,,0.8268398268398268,0.6,0.2
2024-08-23,,0.9047619047619048,0.6,0.2
2024-08-26,,0.8528138528138528,0.6,0.2
2024-08-27,,0.8354978354978355,0.6,0.2
2024-08-28,,0.7142857142857143,0.6,0.2
2024-08-29,,0.7748917748917749,0.6,0.2
2024-08-30,,0.8528138528138528,0.6,0.2
2024-09-03,,0.5194805194805194,0.6,0.2
2024-09-04,,0.48917748917748916,0.6,0.2
2024-09-05,,0.341991341991342,0.6,0.2
2024-09-06,,0.24242424242424243,0.6,0.2
2024-09-09,,0.3722943722943723,0.6,0.2
2024-09-10,,0.3722943722943723,0.6,0.2
2024-09-11,,0.4329004329004329,0.6,0.2
2024-09-12,,0.5541125541125541,0.6,0.2
2024-09-13,,0.6926406926406926,0.6,0.2
2024-09-16,,0.8095238095238095,0.6,0.2
2024-09-17,,0.7878787878787878,0.6,0.2
2024-09-18,,0.7575757575757576,0.6,0.2
2024-09-19,,0.7272727272727273,0.6,0.2
2024-09-20,,0.6796536796536796,0.6,0.2
2024-09-23,,0.7619047619047619,0.6,0.2
2024-09-24,,0.7316017316017316,0.6,0.2
2024-09-25,,0.5714285714285714,0.6,0.2
2024-09-26,,0.6233766233766234,0.6,0.2
2024-09-27,,0.696969696969697,0.6,0.2
2024-09-30,,0.7272727272727273,0.6,0.2
2024-10-01,,0.5757575757575758,0.6,0.2
2024-10-02,,0.4935064935064935,0.6,0.2
2024-10-03,,0.36363636363636365,0.6,0.2
2024-10-04,,0.47186147186147187,0.6,0.2
2024-10-07,,0.3463203463203463,0.6,0.2
2024-10-08,,0.41125541125541126,0.6,0.2
2024-10-09,,0.5108225108225108,0.6,0.2
2024-10-10,,0.4675324675324675,0.6,0.2
2024-10-11,,0.645021645021645,0.6,0.2
2024-10-14,,0.8051948051948052,0.6,0.2
2024-10-15,,0.7142857142857143,0.6,0.2
2024-10-16,,0.7878787878787878,0.6,0.2
2024-10-17,,0.6926406926406926,0.6,0.2
2024-10-18,,0.7445887445887446,0.6,0.2
2024-10-21,,0.5454545454545454,0.6,0.2
2024-10-22,,0.45454545454545453,0.6,0.2
2024-10-23,,0.37662337662337664,0.6,0.2
2024-10-24,,0.3333333333333333,0.6,0.2
2024-10-25,,0.22077922077922077,0.6,0.2
2024-10-28,,0.38961038961038963,0.6,0.2
2024-10-29,,0.3116883116883117,0.6,0.2
2024-10-30,,0.3852813852813853,0.6,0.2
2024-10-31,,0.2857142857142857,0.6,0.2
2024-11-01,,0.30303030303030304,0.6,0.2
2024-11-04,,0.3463203463203463,0.6,0.2
2024-11-05,,0.6017316017316018,0.6,0.2
2024-11-06,,0.670995670995671,0.6,0.2
2024-11-07,,0.7316017316017316,0.6,0.2
2024-11-08,,0.7445887445887446,0.6,0.2
2024-11-11,,0.7272727272727273,0.6,0.2
2024-11-12,,0.670995670995671,0.6,0.2
2024-11-13,,0.696969696969697,0.6,0.2
2024-11-14,,0.5714285714285714,0.6,0.2
2024-11-15,,0.4935064935064935,0.6,0.2
2024-11-18,,0.4935064935064935,0.6,0.2
2024-11-19,,0.4329004329004329,0.6,0.2
2024-11-20,,0.3939393939393939,0.6,0.2
2024-11-21,,0.6147186147186147,0.6,0.2
2024-11-22,,0.8008658008658008,0.6,0.2
2024-11-25,,0.8571428571428571,0.6,0.2
2024-11-26,,0.8484848484848485,0.6,0.2
2024-11-27,,0.8658008658008658,0.6,0.2
2024-11-29,,0.8917748917748918,0.6,0.2
2024-12-02,,0.7316017316017316,0.6,0.2
2024-12-03,,0.5627705627705628,0.6,0.2
2024-12-04,,0.4675324675324675,0.6,0.2
2024-12-05,,0.354978354978355,0.6,0.2
2024-12-06,,0.3463203463203463,0.6,0.2
2024-12-09,,0.30735930735930733,0.6,0.2
2024-12-10,,0.2727272727272727,0.6,0.2
2024-12-11,,0.2857142857142857,0.6,0.2
2024-12-12,,0.2510822510822511,0.6,0.2
2024-12-13,,0.22077922077922077,0.6,0.2
2024-12-16,,0.22510822510822512,0.6,0.2
2024-12-17,,0.18614718614718614,0.6,0.2
2024-12-18,,0.03896103896103896,0.6,0.2
2024-12-19,,0.06926406926406926,0.6,0.2
2024-12-20,,0.16017316017316016,0.6,0.2
2024-12-23,,0.20346320346320346,0.6,0.2
2024-12-24,,0.38961038961038963,0.6,0.2
2024-12-26,,0.4588744588744589,0.6,0.2
2024-12-27,,0.33766233766233766,0.6,0.2
2024-12-30,,0.20346320346320346,0.6,0.2
2024-12-31,,0.30303030303030304,0.6,0.2
2025-01-02,,0.2857142857142857,0.6,0.2
2025-01-03,,0.5194805194805194,0.6,0.2
2025-01-06,,0.47186147186147187,0.6,0.2
2025-01-07,,0.4199134199134199,0.6,0.2
2025-01-08,,0.5324675324675324,0.6,0.2
2025-01-10,,0.2727272727272727,0.6,0.2
2025-01-13,,0.45021645021645024,0.6,0.2
2025-01-14,,0.6233766233766234,0.6,0.2
2025-01-15,,0.7359307359307359,0.6,0.2
2025-01-16,,0.8138528138528138,0.6,0.2
2025-01-17,,0.8398268398268398,0.6,0.2
2025-01-21,,0.8917748917748918,0.6,0.2
2025-01-22,,0.8095238095238095,0.6,0.2
2025-01-23,,0.8181818181818182,0.6,0.2
2025-01-24,,0.8051948051948052,0.6,0.2
2025-01-27,,0.7662337662337663,0.6,0.2
2025-01-28,,0.6103896103896104,0.6,0.2
2025-01-29,,0.5151515151515151,0.6,0.2
2025-01-30,,0.6406926406926406,0.6,0.2
2025-01-31,,0.5151515151515151,0.6,0.2
2025-02-03,,0.4329004329004329,0.6,0.2
2025-02-04,,0.41125541125541126,0.6,0.2
2025-02-05,,0.48484848484848486,0.6,0.2
2025-02-06,,0.5108225108225108,0.6,0.2
2025-02-07,,0.44155844155844154,0.6,0.2
2025-02-10,,0.4675324675324675,0.6,0.2
2025-02-11,,0.5238095238095238,0.6,0.2
2025-02-12,,0.4199134199134199,0.6,0.2
2025-02-13,,0.5454545454545454,0.6,0.2
2025-02-14,,0.5324675324675324,0.6,0.2
2025-02-18,,0.5887445887445888,0.6,0.2
2025-02-19,,0.658008658008658,0.6,0.2
2025-02-20,,0.5714285714285714,0.6,0.2
2025-02-21,,0.4155844155844156,0.6,0.2
2025-02-24,,0.4805194805194805,0.6,0.2
2025-02-25,,0.47619047619047616,0.6,0.2
2025-02-26,,0.4199134199134199,0.6,0.2
2025-02-27,,0.36363636363636365,0.6,0.2
2025-02-28,,0.5584415584415584,0.6,0.2
2025-03-03,,0.42424242424242425,0.6,0.2
2025-03-04,,0.2857142857142857,0.6,0.2
2025-03-05,,0.38095238095238093,0.6,0.2
2025-03-06,,0.3203463203463203,0.6,0.2
2025-03-07,,0.46320346320346323,0.6,0.2
2025-03-10,,0.3722943722943723,0.6,0.2
2025-03-11,,0.19913419913419914,0.6,0.2
2025-03-12,,0.12121212121212122,0.6,0.2
2025-03-13,,0.12554112554112554,0.6,0.2
2025-03-14,,0.36796536796536794,0.6,0.2
2025-03-17,,0.6233766233766234,0.6,0.2
2025-03-18,,0.5367965367965368,0.6,0.2
2025-03-19,,0.6666666666666666,0.6,0.2
2025-03-20,,0.6060606060606061,0.6,0.2
2025-03-21,,0.5411255411255411,0.6,0.2
2025-03-24,,0.7748917748917749,0.6,0.2
2025-03-25,,0.7056277056277056,0.6,0.2
2025-03-26,,0.696969696969697,0.6,0.2
2025-03-27,,0.5714285714285714,0.6,0.2
2025-03-28,,0.3203463203463203,0.6,0.2
2025-03-31,,0.4675324675324675,0.6,0.2
2025-04-01,,0.46320346320346323,0.6,0.2
2025-04-02,,0.670995670995671,0.6,0.2
2025-04-03,,0.2597402597402597,0.6,0.2
2025-04-04,,0.03463203463203463,0.6,0.2
2025-04-07,,0.008658008658008658,0.6,0.2
2025-04-08,,0.012987012987012988,0.6,0.2
2025-04-09,,0.329004329004329,0.6,0.2
2025-04-10,,0.16017316017316016,0.6,0.2
2025-04-11,,0.341991341991342,0.6,0.2
2025-04-14,,0.6406926406926406,0.6,0.2
2025-04-15,,0.6753246753246753,0.6,0.2
2025-04-16,,0.5670995670995671,0.6,0.2
2025-04-17,,0.7532467532467533,0.6,0.2
2025-04-21,,0.3246753246753247,0.6,0.2
2025-04-22,,0.7532467532467533,0.6,0.2
2025-04-23,,0.8051948051948052,0.6,0.2
2025-04-24,,0.8614718614718615,0.6,0.2
2025-04-25,,0.7748917748917749,0.6,0.2
2025-04-28,,0.7965367965367965,0.6,0.2
2025-04-29,,0.8571428571428571,0.6,0.2
2025-04-30,,0.8441558441558441,0.6,0.2
2025-05-01,,0.7445887445887446,0.6,0.2
2025-05-02,,0.8484848484848485,0.6,0.2
2025-05-05,,0.7402597402597403,0.6,0.2
2025-05-06,,0.6103896103896104,0.6,0.2
2025-05-07,,0.6796536796536796,0.6,0.2
2025-05-08,,0.683982683982684,0.6,0.2
2025-05-09,,0.6666666666666666,0.6,0.2
2025-05-12,,0.7445887445887446,0.6,0.2
2025-05-13,,0.6926406926406926,0.6,0.2
2025-05-14,,0.645021645021645,0.6,0.2
2025-05-15,,0.8008658008658008,0.6,0.2
2025-05-16,,0.8961038961038961,0.6,0.2
2025-05-19,,0.9437229437229437,0.6,0.2
2025-05-20,,0.8874458874458875,0.6,0.2
2025-05-21,,0.4155844155844156,0.6,0.2
2025-05-22,,0.2727272727272727,0.6,0.2
2025-05-23,,0.2597402597402597,0.6,0.2
2025-05-27,,0.5670995670995671,0.6,0.2
2025-05-28,,0.341991341991342,0.6,0.2
2025-05-29,,0.4155844155844156,0.6,0.2
2025-05-30,,0.47186147186147187,0.6,0.2
2025-06-02,,0.4805194805194805,0.6,0.2
2025-06-03,,0.696969696969697,0.6,0.2
2025-06-04,,0.6320346320346321,0.6,0.2
2025-06-05,,0.5584415584415584,0.6,0.2
2025-06-06,,0.7402597402597403,0.6,0.2
2025-06-09,,0.6363636363636364,0.6,0.2
2025-06-10,,0.6796536796536796,0.6,0.2
2025-06-11,,0.6536796536796536,0.6,0.2
2025-06-12,,0.696969696969697,0.6,0.2
2025-06-13,,0.39826839826839827,0.6,0.2
2025-06-16,,0.5541125541125541,0.6,0.2
2025-06-17,,0.3203463203463203,0.6,0.2
2025-06-18,,0.35064935064935066,0.6,0.2
2025-06-20,,0.41125541125541126,0.6,0.2
2025-06-23,,0.6363636363636364,0.6,0.2
2025-06-24,,0.7445887445887446,0.6,0.2
2025-06-25,,0.5541125541125541,0.6,0.2
2025-06-26,,0.6277056277056277,0.6,0.2
2025-06-27,,0.7272727272727273,0.6,0.2
2025-06-30,,0.8398268398268398,0.6,0.2
2025-07-01,,0.8831168831168831,0.6,0.2
2025-07-02,,0.7835497835497836,0.6,0.2
2025-07-03,,0.8614718614718615,0.6,0.2
2025-07-07,,0.7402597402597403,0.6,0.2
2025-07-08,,0.6623376623376623,0.6,0.2
2025-07-09,,0.6883116883116883,0.6,0.2
2025-07-10,,0.7229437229437229,0.6,0.2
2025-07-11,,0.5844155844155844,0.6,0.2
2025-07-14,,0.5844155844155844,0.6,0.2
2025-07-15,,0.27705627705627706,0.6,0.2
2025-07-16,,0.36363636363636365,0.6,0.2
2025-07-17,,0.48484848484848486,0.6,0.2
2025-07-18,,0.5194805194805194,0.6,0.2
2025-07-21,,0.44155844155844154,0.6,0.2
2025-07-22,,0.645021645021645,0.6,0.2
2025-07-23,,0.7835497835497836,0.6,0.2
2025-07-24,,0.7272727272727273,0.6,0.2
2025-07-25,,0.7662337662337663,0.6,0.2
2025-07-28,,0.6060606060606061,0.6,0.2
2025-07-29,,0.5670995670995671,0.6,0.2
2025-07-30,,0.45454545454545453,0.6,0.2
2025-07-31,,0.3246753246753247,0.6,0.2
2025-08-01,,0.2727272727272727,0.6,0.2
2025-08-04,,0.42857142857142855,0.6,0.2
2025-08-05,,0.38961038961038963,0.6,0.2
2025-08-06,,0.41125541125541126,0.6,0.2
2025-08-07,,0.44155844155844154,0.6,0.2
2025-08-08,,0.4935064935064935,0.6,0.2
2025-08-11,,0.45021645021645024,0.6,0.2
2025-08-12,,0.6666666666666666,0.6,0.2
2025-08-13,,0.7835497835497836,0.6,0.2
2025-08-14,,0.7056277056277056,0.6,0.2
2025-08-15,,0.6320346320346321,0.6,0.2
2025-08-18,,0.645021645021645,0.6,0.2
2025-08-19,,0.7142857142857143,0.6,0.2
2025-08-20,,0.6926406926406926,0.6,0.2
2025-08-21,,0.5670995670995671,0.6,0.2
2025-08-22,,0.7965367965367965,0.6,0.2
2025-08-25,,0.6017316017316018,0.6,0.2
2025-08-26,,0.5800865800865801,0.6,0.2
2025-08-27,,0.6406926406926406,0.6,0.2
2025-08-28,,0.6103896103896104,0.6,0.2
2025-08-29,,0.5627705627705628,0.6,0.2
2025-09-02,,0.39826839826839827,0.6,0.2
2025-09-03,,0.36363636363636365,0.6,0.2
2025-09-04,,0.48917748917748916,0.6,0.2
2025-09-05,,0.4588744588744589,0.6,0.2
2025-09-08,,0.47186147186147187,0.6,0.2
2025-09-09,,0.4025974025974026,0.6,0.2
2025-09-10,,0.4155844155844156,0.6,0.2
2025-09-11,,0.696969696969697,0.6,0.2
2025-09-12,,0.5411255411255411,0.6,0.2
2025-09-15,,0.48484848484848486,0.6,0.2
2025-09-16,,0.4025974025974026,0.6,0.2
2025-09-17,,0.43722943722943725,0.6,0.2
2025-09-18,,0.5541125541125541,0.6,0.2
2025-09-19,,0.49783549783549785,0.6,0.2
2025-09-22,,0.5021645021645021,0.6,0.2
2025-09-23,,0.5541125541125541,0.6,0.2
2025-09-24,,0.45454545454545453,0.6,0.2
2025-09-25,,0.36363636363636365,0.6,0.2
2025-09-26,,0.5108225108225108,0.6,0.2
2025-09-29,,0.5627705627705628,0.6,0.2
2025-09-30,,0.5974025974025974,0.6,0.2
2025-10-01,,0.5714285714285714,0.6,0.2
2025-10-02,,0.5757575757575758,0.6,0.2
2025-10-03,,0.6233766233766234,0.6,0.2
2025-10-06,,0.5714285714285714,0.6,0.2
2025-10-07,,0.5108225108225108,0.6,0.2
2025-10-08,,0.5324675324675324,0.6,0.2
2025-10-09,,0.38095238095238093,0.6,0.2
2025-10-10,,0.18614718614718614,0.6,0.2
2025-10-13,,0.2077922077922078,0.6,0.2
2025-10-14,,0.38961038961038963,0.6,0.2
2025-10-15,,0.42857142857142855,0.6,0.2
2025-10-16,,0.3593073593073593,0.6,0.2
2025-10-17,,0.4069264069264069,0.6,0.2
2025-10-20,,0.6320346320346321,0.6,0.2
2025-10-21,,0.683982683982684,0.6,0.2
2025-10-22,,0.6147186147186147,0.6,0.2
2025-10-23,,0.6363636363636364,0.6,0.2
2025-10-24,,0.6363636363636364,0.6,0.2
2025-10-27,,0.6666666666666666,0.6,0.2
2025-10-28,,0.45021645021645024,0.6,0.2
2025-10-29,,0.33766233766233766,0.6,0.2
2025-10-30,,0.329004329004329,0.6,0.2
2025-10-31,,0.38961038961038963,0.6,0.2
2025-11-03,,0.3246753246753247,0.6,0.2
2025-11-04,,0.2683982683982684,0.6,0.2
2025-11-05,,0.354978354978355,0.6,0.2
2025-11-06,,0.33766233766233766,0.6,0.2
2025-11-07,,0.47186147186147187,0.6,0.2
2025-11-10,,0.5367965367965368,0.6,0.2
2025-11-11,,0.683982683982684,0.6,0.2
2025-11-12,,0.7012987012987013,0.6,0.2
2025-11-13,,0.5497835497835498,0.6,0.2
2025-11-14,,0.5021645021645021,0.6,0.2
2025-11-17,,0.33766233766233766,0.6,0.2
2025-11-18,,0.3203463203463203,0.6,0.2
2025-11-19,,0.24242424242424243,0.6,0.2
2025-11-20,,0.17316017316017315,0.6,0.2
2025-11-21,,0.4935064935064935,0.6,0.2
2025-11-24,,0.49783549783549785,0.6,0.2
2025-11-25,,0.7532467532467533,0.6,0.2
2025-11-26,,0.8787878787878788,0.6,0.2
2025-11-28,,0.9393939393939394,0.6,0.2
2025-12-01,,0.7662337662337663,0.6,0.2
2025-12-02,,0.6883116883116883,0.6,0.2
2025-12-03,,0.7186147186147186,0.6,0.2
2025-12-04,,0.645021645021645,0.6,0.2
2025-12-05,,0.5974025974025974,0.6,0.2
2025-12-08,,0.47186147186147187,0.6,0.2
2025-12-09,,0.4155844155844156,0.6,0.2
2025-12-10,,0.5584415584415584,0.6,0.2
2025-12-11,,0.6796536796536796,0.6,0.2
2025-12-12,,0.645021645021645,0.6,0.2
2025-12-15,,0.658008658008658,0.6,0.2
2025-12-16,,0.5238095238095238,0.6,0.2
2025-12-17,,0.49783549783549785,0.6,0.2
2025-12-18,,0.4935064935064935,0.6,0.2
2025-12-19,,0.4935064935064935,0.6,0.2
2025-12-22,,0.6103896103896104,0.6,0.2
2025-12-23,,0.5541125541125541,0.6,0.2
2025-12-24,,0.6666666666666666,0.6,0.2
2025-12-26,,0.658008658008658,0.6,0.2
2025-12-29,,0.645021645021645,0.6,0.2
2025-12-30,,0.5454545454545454,0.6,0.2
2025-12-31,,0.2987012987012987,0.6,0.2
2026-01-02,,0.5238095238095238,0.6,0.2
2026-01-05,,0.6060606060606061,0.6,0.2
2026-01-06,,0.7445887445887446,0.6,0.2
2026-01-07,,0.5541125541125541,0.6,0.2
2026-01-08,,0.683982683982684,0.6,0.2
2026-01-09,,0.7056277056277056,0.6,0.2
2026-01-12,,0.6753246753246753,0.6,0.2
2026-01-13,,0.683982683982684,0.6,0.2
2026-01-14,,0.670995670995671,0.6,0.2
2026-01-15,,0.7186147186147186,0.6,0.2
2026-01-16,,0.6277056277056277,0.6,0.2
2026-01-20,,0.37662337662337664,0.6,0.2
2026-01-21,,0.5541125541125541,0.6,0.2
2026-01-22,,0.5497835497835498,0.6,0.2
2026-01-23,,0.4675324675324675,0.6,0.2
2026-01-26,,0.5497835497835498,0.6,0.2
2026-01-27,,0.5021645021645021,0.6,0.2
2026-01-28,,0.42424242424242425,0.6,0.2
2026-01-29,,0.48917748917748916,0.6,0.2
2026-01-30,,0.5367965367965368,0.6,0.2
2026-02-02,,0.5454545454545454,0.6,0.2
2026-02-03,,0.5887445887445888,0.6,0.2
2026-02-04,,0.6060606060606061,0.6,0.2
2026-02-05,,0.5714285714285714,0.6,0.2
2026-02-06,,0.6796536796536796,0.6,0.2
2026-02-09,,0.6883116883116883,0.6,0.2
2026-02-10,,0.7186147186147186,0.6,0.2
2026-02-11,,0.7186147186147186,0.6,0.2
2026-02-12,,0.5411255411255411,0.6,0.2
2026-02-13,,0.6017316017316018,0.6,0.2
2026-02-17,,0.5714285714285714,0.6,0.2
2026-02-18,,0.6233766233766234,0.6,0.2
2026-02-19,,0.5367965367965368,0.6,0.2
2026-02-20,,0.6233766233766234,0.6,0.2
2026-02-23,,0.45454545454545453,0.6,0.2
2026-02-24,,0.5584415584415584,0.6,0.2
2026-02-25,,0.5454545454545454,0.6,0.2
2026-02-26,,0.6320346320346321,0.6,0.2
2026-02-27,,0.6536796536796536,0.6,0.2
2026-03-02,,0.6147186147186147,0.6,0.2
2026-03-03,,0.43722943722943725,0.6,0.2
2026-03-04,,0.4329004329004329,0.6,0.2
2026-03-05,,0.341991341991342,0.6,0.2
2026-03-06,,0.2727272727272727,0.6,0.2
2026-03-09,,0.2554112554112554,0.6,0.2
2026-03-10,,0.16017316017316016,0.6,0.2
2026-03-11,,0.16883116883116883,0.6,0.2
2026-03-12,,0.07792207792207792,0.6,0.2
2026-03-13,,0.15151515151515152,0.6,0.2
2026-03-16,,0.24242424242424243,0.6,0.2
2026-03-17,,0.2987012987012987,0.6,0.2
2026-03-18,,0.19913419913419914,0.6,0.2
2026-03-19,,0.24242424242424243,0.6,0.2
2026-03-20,,0.14285714285714285,0.6,0.2
2026-03-23,,0.3203463203463203,0.6,0.2
2026-03-24,,0.35064935064935066,0.6,0.2
2026-03-25,,0.48484848484848486,0.6,0.2
2026-03-26,,0.37662337662337664,0.6,0.2
2026-03-27,,0.17316017316017315,0.6,0.2
2026-03-30,,0.29004329004329005,0.6,0.2
2026-03-31,,0.6406926406926406,0.6,0.2
2026-04-01,,0.696969696969697,0.6,0.2
2026-04-02,,0.7445887445887446,0.6,0.2
2026-04-06,,0.7878787878787878,0.6,0.2
2026-04-07,,0.6796536796536796,0.6,0.2
2026-04-08,,0.8614718614718615,0.6,0.2
2026-04-09,,0.8398268398268398,0.6,0.2
2026-04-10,,0.7186147186147186,0.6,0.2
2026-04-13,,0.7229437229437229,0.6,0.2
2026-04-14,,0.7142857142857143,0.6,0.2
2026-04-15,,0.6883116883116883,0.6,0.2
2026-04-16,,0.683982683982684,0.6,0.2
2026-04-17,,0.8181818181818182,0.6,0.2
2026-04-20,,0.7489177489177489,0.6,0.2
2026-04-21,,0.6060606060606061,0.6,0.2
2026-04-22,,0.5670995670995671,0.6,0.2
2026-04-23,,0.5411255411255411,0.6,0.2
2026-04-24,,0.4458874458874459,0.6,0.2
2026-04-27,,0.4329004329004329,0.6,0.2
2026-04-28,,0.3939393939393939,0.6,0.2
2026-04-29,,0.35064935064935066,0.6,0.2
2026-04-30,,0.5367965367965368,0.6,0.2
2026-05-01,,0.5064935064935064,0.6,0.2
2026-05-04,,0.45021645021645024,0.6,0.2
2026-05-05,,0.47186147186147187,0.6,0.2
2026-05-06,,0.5281385281385281,0.6,0.2
2026-05-07,,0.4329004329004329,0.6,0.2
2026-05-08,,0.43722943722943725,0.6,0.2
2026-05-11,,0.3722943722943723,0.6,0.2
2026-05-12,,0.41125541125541126,0.6,0.2
2026-05-13,,0.36363636363636365,0.6,0.2
2026-05-14,,0.3939393939393939,0.6,0.2
2026-05-15,,0.3333333333333333,0.6,0.2
2026-05-18,,0.43722943722943725,0.6,0.2
2026-05-19,,0.42424242424242425,0.6,0.2
2026-05-20,,0.5670995670995671,0.6,0.2
2026-05-21,,0.6190476190476191,0.6,0.2
2026-05-22,,0.7186147186147186,0.6,0.2
2026-05-26,,0.6623376623376623,0.6,0.2
2026-05-27,,0.6536796536796536,0.6,0.2
2026-05-28,,0.5887445887445888,0.6,0.2
2026-05-29,,0.5108225108225108,0.6,0.2
2026-06-01,,0.4199134199134199,0.6,0.2
2026-06-02,,0.4588744588744589,0.6,0.2
2026-06-03,,0.36796536796536794,0.6,0.2
2026-06-04,,0.5844155844155844,0.6,0.2
2026-06-05,,0.5541125541125541,0.6,0.2
2026-06-08,,0.47186147186147187,0.6,0.2
2026-06-09,,0.658008658008658,0.6,0.2
2026-06-10,,0.5324675324675324,0.6,0.2
2026-06-11,,0.645021645021645,0.6,0.2
2026-06-12,,0.6926406926406926,0.6,0.2
2026-06-15,,0.7489177489177489,0.6,0.2
2026-06-16,,0.6926406926406926,0.6,0.2
2026-06-17,,0.43722943722943725,0.6,0.2
2026-06-18,,0.45021645021645024,0.6,0.2
2026-06-22,,0.4935064935064935,0.6,0.2
2026-06-23,,0.48484848484848486,0.6,0.2
2026-06-24,,0.5627705627705628,0.6,0.2
2026-06-25,,0.5974025974025974,0.6,0.2
2026-06-26,,0.6406926406926406,0.6,0.2
2026-06-29,,0.6320346320346321,0.6,0.2
2026-06-30,,0.6017316017316018,0.6,0.2
2026-07-01,,0.6406926406926406,0.6,0.2
2026-07-02,,0.6926406926406926,0.6,0.2
2026-07-06,,0.6406926406926406,0.6,0.2
2026-07-07,,0.6753246753246753,0.6,0.2
2026-07-08,,0.4935064935064935,0.6,0.2
2026-07-09,,0.5281385281385281,0.6,0.2
2026-07-10,,0.5887445887445888,0.6,0.2
2026-07-13,,0.5714285714285714,0.6,0.2
2026-07-14,,0.48484848484848486,0.6,0.2
2026-07-15,,0.4458874458874459,0.6,0.2
2026-07-16,,0.6190476190476191,0.6,0.2
2026-07-17,,0.5454545454545454,0.6,0.2
2026-07-20,,0.4199134199134199,0.6,0.2
2026-07-21,,0.36363636363636365,0.6,0.2
2026-07-22,,0.37662337662337664,0.6,0.2
2026-07-23,,0.4025974025974026,0.6,0.2
2026-07-24,,0.5497835497835498,0.6,0.2
2026-07-27,,0.670995670995671,0.6,0.2
2026-07-28,,0.7056277056277056,0.6,0.2
2026-07-29,,0.6233766233766234,0.6,0.2
2026-07-30,,0.5584415584415584,0.6,0.2
2026-07-31,,0.5454545454545454,0.6,0.2
2026-08-03,,0.6190476190476191,0.6,0.2
2026-08-04,,0.6753246753246753,0.6,0.2
2026-08-05,,0.6666666666666666,0.6,0.2
2026-08-06,,0.6017316017316018,0.6,0.2
2026-08-07,,0.5930735930735931,0.6,0.2
2026-08-10,,0.5541125541125541,0.6,0.2
2026-08-11,,0.5887445887445888,0.6,0.2
2026-08-12,,0.5584415584415584,0.6,0.2
2026-08-13,,0.670995670995671,0.6,0.2
2026-08-14,,0.6536796536796536,0.6,0.2
2026-08-17,,0.4588744588744589,0.6,0.2
2026-08-18,,0.41125541125541126,0.6,0.2
2026-08-19,,0.5194805194805194,0.6,0.2
2026-08-20,,0.3939393939393939,0.6,0.2
2026-08-21,,0.47619047619047616,0.6,0.2
2026-08-24,,0.5670995670995671,0.6,0.2
2026-08-25,,0.4675324675324675,0.6,0.2
2026-08-26,,0.5281385281385281,0.6,0.2
2026-08-27,,0.4329004329004329,0.6,0.2
2026-08-28,,0.4675324675324675,0.6,0.2
2026-08-31,,0.30735930735930733,0.6,0.2
2026-09-01,,0.2510822510822511,0.6,0.2
2026-09-02,,0.3722943722943723,0.6,0.2
2026-09-03,,0.4805194805194805,0.6,0.2
2026-09-04,,0.3939393939393939,0.6,0.2
2026-09-08,,0.2987012987012987,0.6,0.2
2026-09-09,,0.18614718614718614,0.6,0.2
2026-09-10,,0.16883116883116883,0.6,0.2
2026-09-11,,0.2987012987012987,0.6,0.2
2026-09-14,,0.38961038961038963,0.6,0.2
2026-09-15,,0.33766233766233766,0.6,0.2
2026-09-16,,0.21212121212121213,0.6,0.2
2026-09-17,,0.2597402597402597,0.6,0.2
2026-09-18,,0.24675324675324675,0.6,0.2
2026-09-21,,0.33766233766233766,0.6,0.2
2026-09-22,,0.3852813852813853,0.6,0.2
2026-09-23,,0.3246753246753247,0.6,0.2
2026-09-24,,0.29004329004329005,0.6,0.2
2026-09-25,,0.3463203463203463,0.6,0.2
2026-09-28,,0.3116883116883117,0.6,0.2
2026-09-29,,0.3246753246753247,0.6,0.2
