Date,LT_pct_above_SMA200,MT_pct_RSI_ge_50,ST_pct_RSI_ge_60,RegimeScore,RegimeScore_EMA10
2003-01-02,0.0,0.0,0.0,0.0,
2003-01-03,0.0,0.0,0.0,0.0,
2003-01-06,0.0,0.0,0.0,0.0,
2003-01-07,0.0,0.0,0.0,0.0,
2003-01-08,0.0,0.0,0.0,0.0,0.0
2003-01-09,0.0,0.0,0.0,0.0,0.0
2003-01-10,0.0,0.0,0.0,0.0,0.0
2003-01-13,0.0,0.0,0.0,0.0,0.0
2003-01-14,0.0,0.0,0.0,0.0,0.0
2003-01-15,0.0,0.0,0.0,0.0,0.0
2003-01-16,0.0,0.0,0.0,0.0,0.0
2003-01-17,0.0,0.0,0.0,0.0,0.0
2003-01-21,0.0,0.0,0.0,0.0,0.0
2003-01-22,0.0,0.0,0.0,0.0,0.0
2003-01-23,0.0,30.79019073569482,12.26158038147139,11.689373297002724,2.235526809860265
2003-01-24,0.0,19.07356948228883,9.536784741144414,7.629427792915531,3.257447183225165
2003-01-27,0.0,12.26158038147139,4.35967302452316,4.5504087193460485,3.50055233260276
2003-01-28,0.0,16.076294277929154,5.177111716621254,5.8583106267029965,3.941129406774107
2003-01-29,0.0,20.98092643051771,8.71934604904632,8.038147138964577,4.702866595706975
2003-01-30,0.0,12.806539509536785,5.177111716621254,4.877384196185286,4.735181042109947
2003-01-31,0.0,16.348773841961854,5.449591280653951,5.994550408719347,4.967593709532704
2003-02-03,0.0,16.348773841961854,5.449591280653951,5.994550408719347,5.156599610927292
2003-02-04,0.0,14.168937329700274,4.904632152588556,5.231607629427794,5.170373768617589
2003-02-05,0.0,15.258855585831062,3.2697547683923704,5.231607629427793,5.181598096230319
2003-02-06,0.0,14.986376021798364,4.904632152588556,5.47683923705722,5.235636356362993
2003-02-07,0.0,16.62125340599455,5.994550408719346,6.185286103542234,5.409241092759754
2003-02-10,0.0,23.705722070844686,8.446866485013624,8.80108991825613,6.028688454892861
2003-02-11,0.0,22.615803814713896,9.264305177111716,8.637602179836513,6.504764115725332
2003-02-12,0.0,14.168937329700274,5.722070844686648,5.3950953678474125,6.302405310257283
2003-02-13,0.0,19.07356948228883,7.629427792915531,7.247956403269755,6.474742362295126
2003-02-14,0.0,37.87465940054496,14.441416893732969,14.250681198910081,7.891365203970653
2003-02-18,0.0,43.32425068119891,15.803814713896458,16.158038147138964,9.396844974502045
2003-02-19,0.0,35.967302452316076,12.26158038147139,13.242506811989102,10.09698782063548
2003-02-20,0.0,45.776566757493185,16.62125340599455,17.057220708446867,11.363863912241635
2003-02-21,0.0,45.23160762942779,18.256130790190735,17.220708446866485,12.429694098766456
2003-02-24,0.0,30.79019073569482,15.531335149863759,12.343324250681198,12.413979037274258
2003-02-25,0.0,43.05177111716621,20.16348773841962,16.94822888283379,13.2388799643896
2003-02-26,0.0,37.32970027247956,16.348773841961854,14.46866485013624,13.46258635326777
2003-02-27,0.0,52.31607629427793,22.3433242506812,20.16348773841962,14.681418564392514
2003-02-28,0.0,63.48773841961853,27.79291553133515,24.60490463215259,16.48627819418489
2003-03-03,0.0,53.13351498637602,23.160762942779293,20.572207084468666,17.229372913863156
2003-03-04,0.0,49.31880108991826,22.615803814713896,19.318801089918257,17.609352017426954
2003-03-05,0.0,60.49046321525886,36.23978201634878,25.39509536784741,19.02519497221173
2003-03-06,0.0,59.12806539509536,31.062670299727518,23.95095367847411,19.920918553267157
2003-03-07,0.0,52.86103542234333,27.247956403269757,21.30790190735695,20.173127544621877
2003-03-10,0.0,28.882833787465938,11.444141689373296,10.95367847411444,18.49669983808493
2003-03-11,0.0,26.430517711171664,10.354223433242508,10.0,16.951721481157627
2003-03-12,0.0,26.158038147138964,10.354223433242508,9.91825613079019,15.672825725396953
2003-03-13,0.0,34.60490463215259,14.713896457765669,13.32425068119891,15.24578916670513
2003-03-14,0.0,49.59128065395095,21.25340599455041,19.12806539509537,15.951688562755267
2003-03-17,0.0,65.9400544959128,32.9700272479564,26.376021798365123,17.847089961877384
2003-03-18,0.0,76.83923705722071,46.86648501362398,32.42506811989101,20.497709345291508
2003-03-19,0.0,74.65940054495913,44.141689373297005,31.22615803814714,22.448383286028903
2003-03-20,0.0,74.11444141689373,43.32425068119891,30.899182561307903,23.98492247489248
2003-03-21,0.0,85.01362397820164,59.945504087193456,37.49318801089918,26.44101028939244
2003-03-24,0.0,79.01907356948229,46.049046321525886,32.915531335149865,27.61821143797127
2003-03-25,0.0,84.19618528610354,50.13623978201635,35.28610354223433,29.012388661791352
2003-03-26,0.0,83.37874659400545,50.95367847411444,35.20435967302452,30.138211498595343
2003-03-27,0.0,82.01634877384197,44.4141689373297,33.48773841961853,30.74722078635055
2003-03-28,0.0,88.5558583106267,62.94277929155313,39.155313351498634,32.275973911603174
2003-03-31,0.0,86.92098092643052,58.58310626702997,37.79291553133515,33.27905904979812
2003-04-01,0.0,90.73569482288828,69.48228882833789,41.11716621253406,34.70417507342387
2003-04-02,0.0,90.46321525885558,65.66757493188011,40.2724795640327,35.716597344374364
2003-04-03,0.0,88.8283378746594,55.858310626703,37.82016348773842,36.09906492743586
2003-04-04,0.0,72.20708446866485,34.60490463215259,28.58310626702997,34.73252403211293
2003-04-07,0.0,68.93732970027247,34.87738419618528,27.656675749318797,33.44600388476955
2003-04-08,0.0,66.21253405994551,28.337874659400548,25.531335149863764,32.00697112116213
2003-04-09,0.0,53.67847411444142,19.346049046321525,19.97275204359673,29.818928695631076
2003-04-10,0.0,35.14986376021799,11.444141689373296,12.833787465940055,26.730718204682596
2003-04-11,0.0,62.67029972752044,32.15258855585831,25.231607629427792,26.45815242929391
2003-04-14,0.0,66.21253405994551,34.87738419618528,26.83923705722071,26.527440588440044
2003-04-15,0.0,74.11444141689373,44.6866485013624,31.171662125340596,27.37184495271471
2003-04-16,0.0,67.57493188010899,37.60217983651226,27.79291553133515,27.448403273004832
2003-04-17,0.0,77.9291553133515,49.863760217983646,33.35149863760218,28.52169372089165
2003-04-21,0.0,81.74386920980926,60.217983651226156,36.56675749318801,29.984433014086
2003-04-22,0.0,84.74114441416893,65.12261580381471,38.44686648501362,31.523057647728223
2003-04-23,0.0,77.9291553133515,57.22070844686649,34.822888283378745,32.12302697104313
2003-04-24,0.0,78.4741144414169,55.5858310626703,34.659400544959134,32.58418587613877
2003-04-25,0.0,73.02452316076294,43.596730245231605,30.626702997275203,32.22827985176855
2003-04-28,0.0,78.7465940054496,51.22615803814714,33.869209809264305,32.52663078495238
2003-04-29,0.0,83.10626702997274,56.675749318801095,36.26702997275204,33.20670342389827
2003-04-30,0.0,84.46866485013625,63.21525885558583,37.98365122615804,34.07523944995717
2003-05-01,0.0,81.47138964577657,57.22070844686649,35.88555858310627,34.40438840248473
2003-05-02,0.0,88.8283378746594,70.29972752043598,40.70844686648502,35.5505809052674
2003-05-05,0.0,83.10626702997274,58.855585831062676,36.70299727520436,35.76011116254058
2003-05-06,0.0,83.65122615803816,61.58038147138964,37.41144414168937,36.060353531992135
2003-05-07,0.0,89.3732970027248,65.66757493188011,39.94550408719346,36.76674456052057
2003-05-08,0.0,79.83651226158038,49.04632152588556,33.76021798365123,36.22010335301803
2003-05-09,0.0,85.55858310626702,56.403269754768395,36.94822888283379,36.35248981530448
2003-05-12,0.0,81.74386920980926,53.40599455040872,35.20435967302452,36.14373887735145
2003-05-13,0.0,77.11171662125341,47.956403269754766,32.724795640326974,35.52211282696381
2003-05-14,0.0,82.01634877384197,52.58855585831063,35.12261580381472,35.449477003875906
2003-05-15,0.0,89.64577656675749,71.38964577656675,41.1716621253406,36.48987430685788
2003-05-16,0.0,81.19891008174388,57.22070844686649,35.80381471389646,36.36513619824525
2003-05-19,0.0,63.21525885558583,36.23978201634878,26.212534059945504,34.51920852703227
2003-05-20,0.0,61.85286103542234,38.96457765667575,26.348773841961854,33.03367494153907
2003-05-21,0.0,67.30245231607628,40.59945504087194,28.310626702997272,32.17493889514584
2003-05-22,0.0,64.30517711171662,40.05449591280654,27.30245231607629,31.289032241855157
2003-05-23,0.0,65.9400544959128,43.32425068119891,28.446866485013622,30.772274830302973
2003-05-27,0.0,72.20708446866485,48.50136239782017,31.362397820163487,30.879569919575328
2003-05-28,0.0,77.11171662125341,51.49863760217984,33.43324250681199,31.343874027077838
2003-05-29,0.0,80.10899182561307,58.31062670299727,35.694822888283376,32.13495563922683
2003-05-30,0.0,82.01634877384197,64.03269754768392,37.41144414168937,33.09431718614189
2003-06-02,0.0,79.83651226158038,58.31062670299727,35.61307901907357,33.55227388343411
2003-06-03,0.0,81.74386920980926,60.49046321525886,36.62125340599455,34.11027016065761
2003-06-04,0.0,86.92098092643052,69.75476839237056,40.02724795640327,35.186084305960684
2003-06-05,0.0,87.19346049046321,67.0299727520436,39.56403269754769,35.98207492298943
2003-06-06,0.0,84.46866485013625,64.85013623978202,38.310626702997276,36.40544797406382
2003-06-09,0.0,88.5558583106267,70.84468664850137,40.735694822888284,37.19276558319033
2003-06-10,0.0,91.28065395095368,76.83923705722071,42.752043596730246,38.20354340409585
2003-06-11,0.0,93.46049046321527,80.65395095367847,44.16893732970027,39.28816048170842
2003-06-12,0.0,91.82561307901908,75.47683923705722,42.64305177111717,39.89814071625217
2003-06-13,0.0,83.37874659400545,62.39782016348774,37.49318801089918,39.46087658794412
2003-06-16,0.0,85.55858310626702,63.48773841961853,38.36512261580381,39.26164859298638
2003-06-17,0.0,82.83378746594006,61.58038147138964,37.166212534059945,38.88066021859993
2003-06-18,0.0,85.83106267029973,63.76021798365122,38.50136239782016,38.81169697845279
2003-06-19,0.0,71.38964577656675,40.87193460490463,29.591280653950953,37.13525764661856
2003-06-20,0.0,65.12261580381471,33.787465940054496,26.294277929155314,35.16417042515904
2003-06-23,0.0,52.31607629427793,21.525885558583106,20.0,32.4070485295582
2003-06-24,0.0,44.141689373297005,14.986376021798364,16.239782016348773,29.4675455270541
2003-06-25,0.0,37.87465940054496,12.534059945504087,13.869209809264305,26.63148448737513
2003-06-26,0.0,44.6866485013624,20.98092643051771,17.60217983651226,24.98979273263451
2003-06-27,0.0,53.40599455040872,25.885558583106267,21.198910081743872,24.300541341550336
2003-06-30,0.0,45.23160762942779,19.07356948228883,17.384196185286104,23.043024040391757
2003-07-01,0.0,36.23978201634878,13.35149863760218,13.54223433242507,21.315607729830298
2003-07-02,0.0,44.29347826086957,19.565217391304348,17.201086956521742,20.56751304376638
2003-07-03,0.0,51.358695652173914,23.097826086956523,20.027173913043477,20.469269565452283
2003-07-07,0.0,45.108695652173914,21.467391304347828,17.82608695652174,19.988690909279732
2003-07-08,0.0,50.54347826086957,27.173913043478258,20.597826086956523,20.099442759767054
2003-07-09,0.0,51.358695652173914,26.902173913043477,20.788043478260867,20.224642890402883
2003-07-10,0.0,49.45652173913043,25.271739130434785,19.891304347826086,20.164035882661413
2003-07-11,0.0,59.78260869565217,29.6195652173913,23.858695652173914,20.835792204393066
2003-07-14,0.0,71.19565217391305,48.91304347826087,31.141304347826086,22.709521685022057
2003-07-15,0.0,66.84782608695652,45.108695652173914,29.076086956521735,23.867079007115333
2003-07-16,0.0,67.66304347826086,43.75,29.048913043478258,24.80923065009203
2003-07-17,0.0,51.08695652173913,25.271739130434785,20.380434782608695,24.0039950378212
2003-07-18,0.0,63.58695652173913,35.869565217391305,26.25,24.412359576399634
2003-07-21,0.0,56.52173913043478,29.347826086956523,22.82608695652174,24.1239463727852
2003-07-22,0.0,59.2391304347826,34.51086956521739,24.673913043478258,24.223940312911285
2003-07-23,0.0,50.0,25.543478260869566,20.108695652173914,23.475714010958566
2003-07-24,0.0,54.61956521739131,25.815217391304344,21.548913043478265,23.125386562325602
2003-07-25,0.0,48.641304347826086,25.0,19.592391304347824,22.483023788147555
2003-07-28,0.0,45.108695652173914,20.92391304347826,17.717391304347828,21.616545154729124
2003-07-29,0.0,45.92391304347826,23.097826086956523,18.39673913043478,21.031125877584532
2003-07-30,0.0,54.61956521739131,31.25,22.635869565217394,21.322897457154212
2003-07-31,0.0,50.27173913043478,30.978260869565215,21.277173913043477,21.314584085497714
2003-08-01,0.0,41.84782608695652,21.73913043478261,16.90217391304348,20.51232769050591
2003-08-04,0.0,43.75,22.82608695652174,17.690217391304348,19.99921672701465
2003-08-05,0.0,38.04347826086957,18.206521739130434,15.054347826086957,19.100149654118614
2003-08-06,0.0,47.82608695652174,24.184782608695652,19.184782608695652,19.11553746404171
2003-08-07,0.0,43.47826086956522,21.73913043478261,17.391304347826086,18.80204053382067
2003-08-08,0.0,56.79347826086957,32.065217391304344,23.451086956521742,19.64732170158455
2003-08-11,0.0,50.815217391304344,26.358695652173914,20.516304347826086,19.805318546355743
2003-08-12,0.0,59.5108695652174,32.33695652173913,24.320652173913047,20.626288296820736
2003-08-13,0.0,60.597826086956516,32.065217391304344,24.59239130434782,21.34739793455296
2003-08-14,0.0,56.25,28.804347826086957,22.63586956521739,21.58166550376468
2003-08-15,0.0,54.61956521739131,30.978260869565215,22.581521739130437,21.763457546558456
2003-08-18,0.0,69.83695652173914,39.40217391304348,28.831521739130437,23.04856012702611
2003-08-19,0.0,67.66304347826086,45.380434782608695,29.375,24.198821922112288
2003-08-20,0.0,68.20652173913044,43.75,29.21195652173913,25.11030094022627
2003-08-21,0.0,81.79347826086956,59.2391304347826,36.38586956521739,27.160404326588317
2003-08-22,0.0,72.01086956521739,50.0,31.603260869565215,27.968196425311397
2003-08-25,0.0,80.16304347826086,61.684782608695656,36.38586956521739,29.49868245074886
2003-08-26,0.0,80.43478260869566,61.95652173913043,36.52173913043478,30.7756018470554
2003-08-27,0.0,77.44565217391305,58.69565217391305,34.97282608695652,31.538733527037426
2003-08-28,0.0,78.53260869565217,58.152173913043484,35.19021739130435,32.20263968417687
2003-08-29,0.0,81.79347826086956,60.86956521739131,36.71195652173913,33.02251547282456
2003-09-02,0.0,83.15217391304348,66.84782608695652,38.315217391304344,33.984824912548156
2003-09-03,0.0,85.32608695652173,69.83695652173914,39.565217391304344,34.99944172686747
2003-09-04,0.0,82.88043478260869,63.858695652173914,37.63586956521739,35.478792242931085
2003-09-05,0.0,77.98913043478261,53.2608695652174,34.048913043478265,35.218814206666934
2003-09-08,0.0,76.3586956521739,55.70652173913043,34.04891304347826,35.00610490426899
2003-09-09,0.0,69.02173913043478,44.02173913043478,29.51086956521739,34.00697120625961
2003-09-10,0.0,56.52173913043478,32.608695652173914,23.47826086956522,32.092660235951534
2003-09-11,0.0,56.25,31.25,23.125,30.46217655668762
2003-09-12,0.0,69.29347826086956,42.66304347826087,29.32065217391304,30.254626668910422
2003-09-15,0.0,69.29347826086956,41.84782608695652,29.157608695652172,30.05516885559074
2003-09-16,0.0,79.34782608695652,50.815217391304344,33.96739130434782,30.766482028092028
2003-09-17,0.0,73.36956521739131,45.108695652173914,31.03260869565218,30.814868694921145
2003-09-18,0.0,72.01086956521739,50.54347826086957,31.71195652173913,30.97797557252441
2003-09-19,0.0,68.75,44.565217391304344,29.538043478260867,30.716169737203767
2003-09-22,0.0,50.815217391304344,28.26086956521739,20.89673913043478,28.930818717791222
2003-09-23,0.0,52.71739130434783,28.532608695652172,21.52173913043478,27.58371333827187
2003-09-24,0.0,38.04347826086957,17.934782608695652,15.000000000000002,25.29576545858608
2003-09-25,0.0,36.141304347826086,17.119565217391305,14.266304347826088,23.290408892993348
2003-09-26,0.0,26.902173913043477,10.054347826086957,10.081521739130434,20.888793046836454
2003-09-29,0.0,38.58695652173913,17.66304347826087,15.108695652173914,19.8378662478069
2003-09-30,0.0,41.03260869565217,19.565217391304348,16.22282608695652,19.180586218561377
2003-10-01,0.0,55.70652173913043,28.804347826086957,22.47282608695652,19.779175285542312
2003-10-02,0.0,56.25,27.98913043478261,22.472826086956523,20.26892997670853
2003-10-03,0.0,68.20652173913044,36.141304347826086,27.690217391304348,21.618254961180497
2003-10-06,0.0,63.143631436314365,31.43631436314363,25.230352303523034,22.274999932515506
2003-10-07,0.0,68.83468834688347,39.83739837398374,28.617886178861788,23.42825197730574
2003-10-08,0.0,57.994579945799465,27.100271002710024,22.818428184281842,23.31737492402867
2003-10-09,0.0,61.24661246612466,31.70731707317073,24.71544715447154,23.571569875018284
2003-10-10,0.0,69.91869918699187,42.81842818428184,29.53929539295393,24.65661087827931
2003-10-13,0.0,71.54471544715447,44.986449864498645,30.460704607046072,25.711900647145995
2003-10-14,0.0,81.30081300813008,65.85365853658537,37.5609756097561,27.86627791307511
2003-10-15,0.0,84.28184281842819,65.85365853658537,38.45528455284553,29.791551847578823
2003-10-16,90.5149051490515,91.05691056910568,78.04878048780488,88.18428184281844,40.4084118467133
2003-10-17,90.2439024390244,82.65582655826557,62.33062330623306,82.38482384823848,48.04048675608151
2003-10-20,90.5149051490515,86.44986449864498,69.91869918699187,85.17615176151762,54.79242584797899
2003-10-21,90.78590785907859,76.69376693766937,55.013550135501355,79.40379403794037,59.26722006433561
2003-10-22,88.34688346883469,62.33062330623306,38.21138211382114,70.51490514905149,61.312253716102134
2003-10-23,88.88888888888889,56.09756097560976,35.230352303523034,68.31978319783198,62.58634998550757
2003-10-24,88.88888888888889,53.387533875338754,27.371273712737125,65.9349593495935,63.19518805170501
2003-10-27,89.70189701897019,52.574525745257446,28.455284552845526,66.31436314363143,63.762310795691626
2003-10-28,90.2439024390244,65.58265582655827,43.08943089430895,73.41463414634147,65.51727867762796
2003-10-29,90.2439024390244,66.39566395663957,42.81842818428184,73.60433604336043,66.98765274412477
2003-10-30,91.32791327913279,66.93766937669376,43.90243902439025,74.52574525745257,68.35821501927528
2003-10-31,91.869918699187,61.24661246612466,37.669376693766935,71.84281842818429,68.99177927544055
2003-11-03,92.41192411924119,63.41463414634146,41.734417344173444,73.57723577235772,69.8254986385164
2003-11-04,91.05691056910568,63.143631436314365,43.08943089430895,73.08943089430895,70.41894086684232
2003-11-05,91.59891598915989,59.891598915989164,41.46341463414634,72.05962059620596,70.71724627218116
2003-11-06,91.05691056910568,69.37669376693766,52.03252032520326,76.74796747967478,71.81374103718001
2003-11-07,91.05691056910568,67.75067750677508,49.59349593495935,75.77235772357723,72.53348952561586
2003-11-10,88.6178861788618,63.68563685636857,41.734417344173444,71.76151761517616,72.39313099644501
2003-11-11,89.15989159891599,73.17073170731707,50.40650406504065,76.61246612466124,73.16028283793887
2003-11-12,91.59891598915989,79.13279132791328,57.45257452574526,81.02981029810299,74.59110601251416
2003-11-13,91.59891598915989,79.40379403794037,59.078590785907856,81.43631436314362,75.83568934899225
2003-11-14,90.5149051490515,70.73170731707317,44.44444444444444,75.3658536585366,75.75026467800032
2003-11-17,88.88888888888889,54.47154471544715,28.997289972899733,66.58536585365854,74.0839194372109
2003-11-18,86.44986449864498,42.54742547425474,21.951219512195124,60.37940379403794,71.59218932027036
2003-11-19,88.07588075880759,46.070460704607044,24.390243902439025,62.737127371273715,69.98217805681642
2003-11-20,86.72086720867209,38.21138211382114,18.69918699186992,58.56368563685637,67.90608852591458
2003-11-21,87.53387533875339,31.43631436314363,13.821138211382115,55.96205962059621,65.7344469067658
2003-11-24,89.43089430894308,48.78048780487805,25.203252032520325,64.39024390243902,65.49004636052456
2003-11-25,91.32791327913279,57.72357723577236,28.997289972899733,68.78048780487805,66.08830844131609
2003-11-26,91.59891598915989,54.74254742547425,25.474254742547426,67.3170731707317,66.31172021030073
2003-11-28,91.59891598915989,59.078590785907856,29.539295392953928,69.4308943089431,66.87884277369025
2003-12-01,93.4959349593496,79.13279132791328,52.30352303523035,80.94850948509485,69.43696399394564
2003-12-02,92.43243243243244,77.56756756756756,50.810810810810814,79.64864864864865,71.29363393116436
2003-12-03,91.8918918918919,63.78378378378379,36.21621621621622,72.32432432432434,71.48103218446617
2003-12-04,92.43243243243244,68.64864864864865,39.189189189189186,74.64864864864865,72.05696245068117
2003-12-05,91.62162162162161,70.54054054054055,38.108108108108105,74.59459459459458,72.51835011321089
2003-12-08,92.16216216216216,78.91891891891892,52.702702702702695,80.29729729729729,73.93270414668113
2003-12-09,91.62162162162161,78.37837837837837,53.783783783783775,80.08108108108108,75.05059086202658
2003-12-10,90.81081081081082,70.27027027027027,46.21621621621622,75.72972972972973,75.17407065615443
2003-12-11,92.7027027027027,82.70270270270271,61.35135135135135,83.43243243243244,76.67559097911406
2003-12-12,93.51351351351352,82.97297297297297,61.08108108108108,83.86486486486487,77.98273168561421
2003-12-15,91.35135135135135,64.05405405405405,45.13513513513514,73.91891891891892,77.24385663712415
2003-12-16,91.8918918918919,64.32432432432432,42.972972972972975,73.83783783783784,76.62458049179938
2003-12-17,91.8918918918919,59.72972972972973,39.189189189189186,71.70270270270271,75.72969362105452
2003-12-18,92.43243243243244,65.13513513513513,43.513513513513516,74.45945945945947,75.49874195530997
2003-12-19,92.43243243243244,56.486486486486484,34.86486486486486,70.13513513513513,74.52354071527819
2003-12-22,93.24324324324324,60.0,38.648648648648646,72.35135135135134,74.12859719456422
2003-12-23,93.51351351351352,65.94594594594595,41.351351351351354,74.81081081081082,74.25263603388179
2003-12-24,92.97297297297298,65.67567567567568,39.729729729729726,74.13513513513514,74.23127223410967
2003-12-26,92.97297297297298,78.37837837837837,45.94594594594595,79.1891891891892,75.13271168048776
2003-12-29,94.05405405405406,80.27027027027027,51.891891891891895,81.48648648648648,76.28794346339662
2003-12-30,93.78378378378378,87.56756756756758,64.5945945945946,86.08108108108108,78.06851393933925
2003-12-31,94.05405405405406,88.64864864864866,68.10810810810811,87.24324324324326,79.73664654004908
2004-01-02,93.51351351351352,74.05405405405405,52.43243243243243,79.45945945945945,79.68624888903277
2004-01-05,94.32432432432432,81.08108108108108,57.2972972972973,82.94594594594594,80.2789210811988
2004-01-06,94.86486486486486,86.48648648648648,68.91891891891892,87.16216216216216,81.53041945955577
2004-01-07,94.05405405405406,82.43243243243244,62.16216216216216,84.1891891891892,82.01383213767093
2004-01-08,93.51351351351352,81.89189189189189,62.972972972972975,83.91891891891892,82.36021155244329
2004-01-09,92.7027027027027,71.35135135135135,48.91891891891892,77.54054054054055,81.48390773209734
2004-01-12,92.7027027027027,74.32432432432432,51.35135135135135,78.91891891891892,81.01754612970126
2004-01-13,93.51351351351352,69.72972972972973,45.94594594594595,76.86486486486487,80.26251317245827
2004-01-14,93.78378378378378,73.24324324324324,50.810810810810814,79.02702702702702,80.0378793278344
2004-01-15,93.24324324324324,73.78378378378379,52.16216216216216,79.1891891891892,79.8835720298989
2004-01-16,93.78378378378378,74.05405405405405,52.972972972972975,79.7027027027027,79.85068669768141
2004-01-20,93.51351351351352,67.83783783783784,47.02702702702703,76.51351351351352,79.24392793692361
2004-01-21,94.05405405405406,72.16216216216216,50.27027027027027,78.72972972972973,79.15043735379744
2004-01-22,94.05405405405406,72.97297297297297,49.45945945945946,78.8108108108108,79.0886870732544
2004-01-23,93.51351351351352,75.67567567567568,52.16216216216216,79.89189189189189,79.23472431300667
2004-01-26,94.5945945945946,72.97297297297297,51.621621621621614,79.51351351351352,79.28541325855338
2004-01-27,94.05405405405406,68.37837837837839,46.21621621621622,76.78378378378379,78.830571535868
2004-01-28,93.24324324324324,58.108108108108105,33.78378378378378,70.8108108108108,77.37243322222123
2004-01-29,94.05405405405406,55.945945945945944,32.7027027027027,70.35135135135135,76.09587288206308
2004-01-30,93.24324324324324,58.91891891891892,38.37837837837838,71.97297297297297,75.34625471677397
2004-02-02,93.24324324324324,57.567567567567565,38.37837837837838,71.56756756756756,74.65922068964552
2004-02-03,92.7027027027027,60.54054054054055,38.37837837837838,72.1891891891892,74.21012405319891
2004-02-04,92.43243243243244,50.0,29.18918918918919,67.05405405405406,72.90902041699076
2004-02-05,92.72237196765498,52.56064690026954,30.45822102425876,68.2210242587601,72.05665747913064
2004-02-06,93.26145552560648,57.95148247978437,34.77088948787062,70.97035040431267,71.859147101891
2004-02-09,93.53099730458221,55.525606469002696,33.9622641509434,70.21563342318059,71.56032643303456
2004-02-10,94.07008086253369,53.09973045822103,31.536388140161726,69.2722371967655,71.14431020825837
2004-02-11,93.80053908355795,62.8032345013477,38.81401617250674,73.50404312668464,71.57335255706315
2004-02-12,94.33962264150944,59.56873315363881,36.65768194070081,72.37196765498652,71.71855530214013
2004-02-13,92.99191374663073,50.673854447439346,26.954177897574123,67.088948787062,70.87680866303502
2004-02-17,93.53099730458221,65.49865229110512,37.735849056603776,73.9622641509434,71.43780056992745
2004-02-18,93.26145552560648,72.50673854447439,47.43935309973046,77.87061994609165,72.60740409286639
2004-02-19,90.83557951482479,68.46361185983828,38.274932614555254,73.61185983827492,72.7900324102134
2004-02-20,90.29649595687331,61.725067385444746,34.23180592991914,70.5121293800539,72.37586822291168
2004-02-23,88.67924528301887,53.09973045822103,29.110512129380055,66.09164420485175,71.23328203780987
2004-02-24,88.14016172506739,51.21293800539084,28.30188679245283,65.09433962264151,70.11711068959744
2004-02-25,88.40970350404312,69.54177897574124,40.700808625336926,73.20754716981132,70.67900823145452
2004-02-26,89.4878706199461,67.65498652291106,40.97035040431267,73.2345013477089,71.14364334350076
2004-02-27,89.21832884097036,55.79514824797843,34.23180592991914,68.19407008086253,70.60735729574834
2004-03-01,89.75741239892183,66.0377358490566,42.857142857142854,73.26145552560646,71.08992061026801
2004-03-02,90.29649595687331,60.91644204851752,35.57951482479784,70.53908355795149,70.98976841893773
2004-03-03,89.4878706199461,52.56064690026954,27.22371967654987,65.95687331536388,70.0746965819243
2004-03-04,89.4878706199461,56.60377358490566,35.84905660377358,68.89487870619946,69.86018424088343
2004-03-05,89.4878706199461,66.0377358490566,42.857142857142854,73.1266846361186,70.45409340365347
2004-03-08,88.14016172506739,54.98652291105122,32.88409703504043,67.14285714285714,69.85205044714506
2004-03-09,86.52291105121293,49.59568733153639,30.727762803234505,64.28571428571428,68.83998932688492
2004-03-10,83.55795148247978,43.66576819407008,21.293800539083556,59.13746630727763,67.07589423241086
2004-03-11,80.05390835579514,34.77088948787062,14.555256064690028,53.36927223719676,64.58378114237193
2004-03-12,85.17520215633422,52.02156334231805,23.98921832884097,62.99191374663072,64.29435070678261
2004-03-15,80.59299191374663,40.16172506738545,15.363881401617252,55.4177897574124,62.68043053416984
2004-03-16,81.13207547169812,37.735849056603776,13.20754716981132,54.528301886792455,61.19822532555577
2004-03-17,84.36657681940702,46.900269541778975,19.137466307277627,60.080862533692724,60.99506845430794
2004-03-18,83.55795148247978,41.509433962264154,15.363881401617252,57.304582210242586,60.32407095538697
2004-03-19,80.86253369272237,23.450134770889488,7.816711590296496,49.029649595687324,58.270539799077945
2004-03-22,77.62803234501348,19.40700808625337,5.660377358490567,45.76819407008087,55.99738603016939
2004-03-23,77.35849056603774,17.52021563342318,5.660377358490567,45.06738544474394,54.01011319645567
2004-03-24,76.01078167115904,16.9811320754717,4.0431266846361185,43.90835579514825,52.1734300325816
2004-03-25,82.74932614555256,22.371967654986523,4.8517520215633425,49.056603773584904,51.606734349127656
2004-03-26,80.86253369272237,28.03234501347709,8.086253369272237,50.45822102425876,51.397913744606036
2004-03-29,84.09703504043127,40.43126684636118,14.824797843665769,57.142857142857146,52.44244890792442
2004-03-30,84.63611859838275,61.99460916442049,29.380053908355798,66.79245283018868,55.05154053015429
2004-03-31,84.90566037735849,78.16711590296495,44.474393530997304,74.79784366576818,58.64177746390227
2004-04-01,85.44474393530997,73.04582210242587,39.35309973045822,72.50673854447439,61.162679478551745
2004-04-02,85.71428571428571,84.90566037735849,63.61185983827493,81.05121293800539,64.77877647117968
2004-04-05,87.06199460916442,84.90566037735849,62.264150943396224,81.455525606469,67.81091267759592
2004-04-06,86.25336927223721,76.01078167115904,51.482479784366575,76.22641509433963,69.34100402609478
2004-04-07,85.17520215633422,72.23719676549865,48.24797843665768,73.90835579514824,70.17143162046814
2004-04-08,84.09703504043127,75.2021563342318,51.75202156334232,74.95956873315363,71.04200200459277
2004-04-12,83.01886792452831,83.55795148247978,67.65498652291106,80.1078167115903,72.6903319513196
2004-04-13,79.51482479784366,75.47169811320755,57.68194070080862,73.93530997304582,72.91669159163347
2004-04-14,77.35849056603774,74.93261455525607,54.98652291105122,72.15633423180594,72.77844479893754
2004-04-15,77.89757412398922,64.15094339622641,39.35309973045822,66.06469002695417,71.55776211312238
2004-04-16,80.05390835579514,66.30727762803235,47.7088948787062,69.46091644204851,71.1765174456544
2004-04-19,79.51482479784366,59.02964959568733,39.35309973045822,65.33692722371967,70.11477376893899
2004-04-20,75.2021563342318,45.82210242587601,24.797843665768195,56.307277628032345,67.60431992513777
2004-04-21,76.01078167115904,48.24797843665768,28.57142857142857,58.19407008086254,65.89336540799682
2004-04-22,79.78436657681941,55.25606469002695,36.65768194070081,63.80053908355795,65.51285153082613
2004-04-23,79.78436657681941,48.517520215633425,26.68463611859838,59.78436657681941,64.47130881191582
2004-04-26,79.51482479784366,40.97035040431267,18.328840970350406,55.71428571428571,62.87912279416489
2004-04-27,80.59299191374663,41.509433962264154,22.10242587601078,57.16981132075472,61.84106616263576
2004-04-28,76.81940700808624,37.19676549865229,16.711590296495956,52.911051212938,60.217427080872525
2004-04-29,71.96765498652292,31.536388140161726,15.09433962264151,48.463611859838274,58.08036976795721
2004-04-30,71.69811320754717,30.997304582210244,13.20754716981132,47.78975741239892,56.20934933967388
2004-05-03,73.58490566037736,48.517520215633425,25.336927223719673,56.41509433962264,56.24675752148274
2004-05-04,74.12398921832884,49.59568733153639,27.49326145552561,57.43935309973046,56.46359308116415
2004-05-05,73.58490566037736,48.24797843665768,26.954177897574123,56.65768194070081,56.498881964716276
2004-05-06,71.96765498652292,37.735849056603776,18.598382749326145,51.02425876010782,55.503495927514734
2004-05-07,64.15094339622641,28.30188679245283,10.781671159029651,42.72237196765498,53.17965520754023
2004-05-10,57.68194070080862,24.258760107816713,9.164420485175203,37.95148247978437,50.41089652976643
2004-05-11,59.56873315363881,22.10242587601078,8.62533692722372,38.14016172506739,48.17985383800297
2004-05-12,61.18598382749326,13.746630727762804,5.929919137466308,35.902964959568735,45.9476922237422
2004-05-13,61.18598382749326,15.363881401617252,4.5822102425876015,36.11859838274932,44.16058425265258
2004-05-14,60.37735849056604,18.867924528301888,5.121293800539084,36.8733153638814,42.835626272876006
2004-05-17,56.60377358490566,10.781671159029651,3.234501347708895,32.18328840970351,40.898837570481
2004-05-18,58.22102425876011,18.598382749326145,6.46900269541779,35.98382749326145,40.005199374622904
2004-05-19,58.490566037735846,23.450134770889488,7.547169811320755,37.78975741239892,39.60239174512764
2004-05-20,57.14285714285714,28.84097035040431,11.320754716981133,39.48787061994609,39.581569722367355
2004-05-21,58.760107816711596,23.98921832884097,8.086253369272237,38.19407008086254,39.32929706027557
2004-05-24,60.91644204851752,27.762803234501348,9.973045822102426,40.78167115902965,39.59336507823086
2004-05-25,67.65498652291106,45.01347708894879,17.78975741239892,50.88948787061995,41.64720558593797
2004-05-26,70.35040431266847,54.98652291105122,24.528301886792452,56.57681940700809,44.361680826132535
2004-05-27,72.77628032345014,76.54986522911051,50.40431266846361,69.43396226415095,48.920277451226795
2004-05-28,72.77628032345014,88.67924528301887,69.54177897574124,76.90026954177898,54.0075487404181
2004-06-01,73.04582210242587,84.90566037735849,65.49865229110512,75.09433962264151,57.84151071900418
2004-06-02,74.66307277628033,85.44474393530997,67.65498652291106,76.49595687331536,61.23322820160621
2004-06-03,70.35040431266847,80.3234501347709,54.71698113207547,70.21563342318059,62.86639278734701
2004-06-04,72.50673854447439,84.09703504043127,61.45552560646901,73.77358490566039,64.84951862704034
2004-06-07,77.89757412398922,92.99191374663073,82.21024258760107,83.28840970350404,68.20204427730647
2004-06-08,77.35849056603774,93.53099730458221,78.4366576819407,82.42587601078168,70.78819550157469
2004-06-09,74.93261455525607,92.45283018867924,69.2722371967655,79.0566037735849,72.29154246012199
2004-06-10,74.19354838709677,93.81720430107528,71.7741935483871,79.5967741935484,73.61976641165407
2004-06-14,69.89247311827957,84.94623655913979,56.451612903225815,71.72043010752688,73.2744325381764
2004-06-15,71.7741935483871,86.82795698924731,60.215053763440864,73.97849462365592,73.4024438264454
2004-06-16,72.58064516129032,72.04301075268818,40.59139784946236,66.0215053763441,72.06045501733608
2004-06-17,70.6989247311828,67.47311827956989,38.97849462365591,63.38709677419355,70.48348079131017
2004-06-18,70.96774193548387,62.365591397849464,38.17204301075269,61.82795698924731,68.9097491909351
2004-06-21,72.31182795698925,59.13978494623656,33.60215053763441,60.61827956989247,67.40220925983644
2004-06-22,73.11827956989248,62.903225806451616,35.215053763440864,62.4731182795699,66.50601089978798
2004-06-23,75.60321715817693,66.75603217158177,37.801608579088466,65.3887399463807,66.3028707264412
2004-06-24,76.13941018766755,75.06702412868633,49.32975871313673,70.45576407506702,67.05794224437317
2004-06-25,75.87131367292224,71.31367292225201,48.793565683646115,69.08847184986595,67.42712944537185
2004-06-28,75.87131367292224,56.03217158176944,29.49061662198391,60.64343163538874,66.19372984355674
2004-06-29,75.33512064343164,57.9088471849866,31.099195710455763,61.26005361930295,65.29669780278333
2004-06-30,76.13941018766755,69.70509383378017,49.597855227882036,68.90080428954423,65.95198989128531
2004-07-01,72.38605898123325,63.00268096514745,34.048257372654156,61.90348525469169,65.21589813917738
2004-07-02,71.58176943699732,68.09651474530831,46.38069705093834,65.49597855227881,65.26682185065037
2004-07-06,67.29222520107238,57.64075067024129,28.9544235924933,56.72922252010724,63.7145310632789
2004-07-07,68.63270777479893,56.03217158176944,29.2225201072386,56.970509383378015,62.48834530329691
2004-07-08,65.14745308310992,46.38069705093834,18.230563002680967,50.134048257372655,60.24210947676523
2004-07-09,64.07506702412869,45.30831099195711,19.571045576407506,49.54423592493298,58.29704155825028
2004-07-12,66.48793565683646,47.98927613941019,19.839142091152816,51.60857908847184,57.08095747283602
2004-07-13,64.43850267379679,42.24598930481284,18.71657754010695,48.63636363636363,55.54557677529559
2004-07-14,64.70588235294117,32.0855614973262,13.636363636363635,44.705882352941174,53.57472324395842
2004-07-15,64.43850267379679,36.36363636363637,16.0427807486631,46.336898395721924,52.2587550897336
2004-07-16,62.834224598930476,35.02673796791444,17.647058823529413,45.45454545454545,51.02162606515393
2004-07-19,61.49732620320856,35.82887700534759,18.71657754010695,45.24064171122995,49.97053800080411
2004-07-20,65.77540106951871,39.037433155080215,23.796791443850267,49.35828877005347,49.859219958849444
2004-07-21,59.893048128342244,25.13368983957219,11.229946524064172,39.73262032085562,48.01802002466875
2004-07-22,57.48663101604278,27.540106951871657,10.16042780748663,39.03743315508021,46.38518604837993
2004-07-23,53.20855614973262,20.32085561497326,8.02139037433155,34.3048128342246,44.18875455489714
2004-07-26,51.33689839572193,22.459893048128343,6.684491978609626,33.74331550802139,42.289583819101544
2004-07-27,55.3475935828877,27.00534759358289,10.16042780748663,37.80748663101604,41.474657057631454
2004-07-28,54.54545454545454,37.4331550802139,17.379679144385026,41.97860962566845,41.56628479727454
2004-07-29,58.82352941176471,42.780748663101605,20.855614973262032,46.417112299465245,42.44825343403649
2004-07-30,59.893048128342244,45.72192513368984,20.588235294117645,47.7807486631016,43.417798021139234
2004-08-02,61.76470588235294,49.465240641711226,22.459893048128343,50.213903743315505,44.653453606989466
2004-08-03,59.09090909090909,44.6524064171123,16.844919786096256,46.31016042780749,44.95467302895638
2004-08-04,60.42780748663101,44.919786096256686,16.31016042780749,46.95187165775401,45.31780005237413
2004-08-05,52.406417112299465,35.02673796791444,9.62566844919786,38.63636363636363,44.10299343128131
2004-08-06,47.05882352941176,20.855614973262032,6.684491978609626,31.122994652406415,41.742993653304055
2004-08-09,46.524064171122994,15.775401069518717,4.81283422459893,28.957219251336895,39.41830739840093
2004-08-10,52.94117647058824,38.50267379679144,15.240641711229946,41.06951871657754,39.7185276380694
2004-08-11,51.06951871657755,39.037433155080215,17.379679144385026,40.721925133689844,39.90096354636403
2004-08-12,47.32620320855615,36.096256684491976,16.31016042780749,37.75401069518717,39.510608482513696
2004-08-13,47.05882352941176,41.44385026737968,17.914438502673796,39.54545454545455,39.51694413032113
2004-08-16,51.2,44.53333333333334,20.0,42.96,40.142954288444564
2004-08-17,53.333333333333336,45.86666666666667,20.0,44.42666666666667,40.92181108448495
2004-08-18,57.06666666666666,49.6,22.400000000000002,47.89333333333333,42.18936058427556
2004-08-19,55.172413793103445,42.97082228116711,17.24137931034483,43.92572944297082,42.50506401312924
2004-08-20,58.09018567639257,47.48010610079575,19.893899204244033,47.26790450928382,43.37103501243008
2004-08-23,57.294429708222815,51.724137931034484,22.546419098143236,48.6737400530504,44.335163201633776
2004-08-24,58.620689655172406,53.315649867374006,22.811671087533156,49.86737400530504,45.341019711392185
2004-08-25,59.15119363395226,74.53580901856765,46.41909814323608,61.220159151193634,48.22813597317427
2004-08-26,59.15119363395226,85.14588859416446,64.19098143236074,67.95755968169762,51.81530392017852
2004-08-27,59.15119363395226,86.20689655172413,65.78249336870027,68.59416445623343,54.86600583582487
2004-08-30,57.55968169761273,72.14854111405835,45.35809018567639,59.49602122015915,55.70782681479474
2004-08-31,60.212201591511935,78.24933687002653,51.724137931034484,63.92572944297082,57.20199092900858
2004-09-01,59.94694960212201,89.12466843501326,71.08753315649867,70.92838196286472,59.6976983897097
2004-09-02,63.12997347480106,94.42970822281167,81.6976127320955,76.23342175066314,62.70419354624669
2004-09-03,63.395225464190986,87.53315649867373,68.16976127320955,71.59151193633953,64.32006961717266
2004-09-07,66.57824933687002,88.85941644562334,72.14854111405835,74.37665782493367,66.14854020040194
2004-09-08,63.92572944297083,76.92307692307693,53.84615384615385,65.80901856763927,66.0868089944451
2004-09-09,64.9867374005305,84.61538461538461,59.94694960212201,69.86737400530504,66.77418445096508
2004-09-10,66.3129973474801,79.84084880636605,54.907161803713535,68.09018567639257,67.0134574010428
2004-09-13,66.57824933687002,82.75862068965517,60.212201591511935,70.15915119363395,67.58540172696846
2004-09-14,66.57824933687002,81.16710875331566,59.6816976127321,69.57559681697613,67.94725537969713
2004-09-15,65.51724137931035,72.41379310344827,44.03183023872679,63.28912466843501,67.10032252310403
2004-09-16,66.84350132625994,79.57559681697613,50.397877984084886,67.37400530503979,67.15008302891052
2004-09-17,67.10875331564988,77.9840848806366,50.132625994694955,66.9761273209549,67.11845471837313
2004-09-20,65.51724137931035,76.92307692307693,52.51989389920424,66.3395225464191,66.97683068710876
2004-09-21,67.63925729442971,75.06631299734748,55.96816976127321,67.53315649867375,67.07798083466604
2004-09-22,63.12997347480106,62.06896551724138,38.196286472148536,57.824933687002655,65.39560862599997
2004-09-23,62.864721485411145,46.94960212201592,26.25994694960212,50.769230769230774,62.73626719749648
2004-09-24,62.59946949602122,51.19363395225464,30.50397877984085,52.758620689655174,60.92214965061624
2004-09-27,60.742705570291776,38.9920424403183,21.485411140583555,46.36604774535809,58.27558566784203
2004-09-28,62.3342175066313,50.132625994694955,28.116710875331563,51.83023872679045,57.10370440583266
2004-09-29,64.19098143236074,56.49867374005305,28.912466843501328,54.82758620689655,56.68986473329882
2004-09-30,65.51724137931035,57.294429708222815,31.29973474801061,56.20689655172414,56.60205233664888
2004-10-01,67.63925729442971,70.82228116710876,40.318302387267906,63.12997347480106,57.788947089040185
2004-10-04,70.026525198939,75.06631299734748,44.827586206896555,66.49867374005306,59.37253375286071
2004-10-05,69.23076923076923,74.53580901856765,47.745358090185675,66.52519893899203,60.67301833215732
2004-10-06,70.82228116710876,75.06631299734748,49.3368700265252,67.79840848806366,61.96854381504939
2004-10-07,67.63925729442971,63.395225464190986,38.726790450928384,60.58355437665783,61.716727553523654
2004-10-08,65.51724137931035,59.94694960212201,33.15649867374005,57.37400530503979,60.927141690162955
2004-10-11,65.78249336870027,57.02917771883289,29.177718832891248,55.83554376657825,60.00139661314756
2004-10-12,63.92572944297083,65.25198938992042,41.37931034482759,59.814323607427056,59.9673833393802
2004-10-13,61.273209549071616,60.742705570291776,32.09549071618037,55.278514588859416,59.11486174837642
2004-10-14,58.09018567639257,56.233421750663126,25.198938992042443,50.95490716180371,57.63123364172683
2004-10-15,60.212201591511935,64.45623342175067,38.196286472148536,57.08222811671088,57.53141445536029
2004-10-18,59.41644562334217,61.0079575596817,36.339522546419104,55.27851458885942,57.12179629781468
2004-10-19,55.96816976127321,53.58090185676393,27.320954907161806,49.52254641909814,55.7401145016844
2004-10-20,57.02917771883289,48.54111405835544,25.46419098143236,48.16976127320955,54.3636866419617
2004-10-21,59.15119363395226,42.44031830238727,23.872679045092838,47.08222811671087,53.03978509191609
2004-10-22,58.620689655172406,34.217506631299734,15.119363395225463,42.599469496021214,51.14154589266247
2004-10-25,58.620689655172406,34.48275862068966,18.037135278514587,43.26259946949601,49.70901017935948
2004-10-26,62.06896551724138,36.60477453580902,19.893899204244033,45.99469496021221,49.03368013951453
2004-10-27,65.78249336870027,58.355437665782496,36.339522546419104,57.66578249336871,50.603153294760745
2004-10-28,64.72148541114059,63.660477453580896,40.318302387267906,59.52254641909815,52.22486113554937
2004-10-29,64.81481481481481,65.34391534391534,37.301587301587304,59.47089947089947,53.54232265106758
2004-11-01,65.60846560846561,68.25396825396825,45.767195767195766,62.43386243386243,55.158966247939375
2004-11-02,66.13756613756614,72.4867724867725,51.85185185185185,65.18518518518519,56.981915145620434
2004-11-03,69.84126984126983,83.86243386243386,65.07936507936508,73.09523809523809,59.9116102273691
2004-11-04,74.07407407407408,87.56613756613757,71.6931216931217,77.64550264550265,63.13595430339339
2004-11-05,74.86772486772487,86.77248677248677,70.37037037037037,77.53968253968254,65.75481398271869
2004-11-08,73.54497354497354,88.88888888888889,77.77777777777779,78.99470899470899,68.16206762126238
2004-11-09,75.13227513227513,88.88888888888889,76.19047619047619,79.47089947089947,70.21821886665096
2004-11-10,74.86772486772487,87.3015873015873,74.33862433862434,78.4920634920635,71.7225542530896
2004-11-11,77.5132275132275,93.12169312169311,85.44973544973546,83.78306878306877,73.91537507672217
2004-11-12,79.8941798941799,92.32804232804233,87.56613756613757,85.15873015873017,75.95962145526907
2004-11-15,80.42328042328042,91.53439153439153,83.86243386243386,84.44444444444444,77.50231654421006
2004-11-16,78.04232804232805,87.83068783068782,72.22222222222221,79.81481481481481,77.92277077522911
2004-11-17,79.1005291005291,88.88888888888889,73.54497354497354,80.92592592592592,78.4687989844467
2004-11-18,79.1005291005291,88.62433862433863,70.1058201058201,80.15873015873017,78.77605919795279
2004-11-19,76.2532981530343,82.58575197889182,58.04749340369393,74.51187335092348,78.00075268031111
2004-11-22,77.30870712401055,86.01583113456465,64.64379947229551,77.38786279683377,77.8893181560425
2004-11-23,77.04485488126649,79.94722955145119,61.477572559366756,74.80211081794195,77.32800773093331
2004-11-24,78.10026385224275,75.98944591029023,48.284960422163586,71.50395778364116,76.26908955869837
2004-11-26,78.10026385224275,73.87862796833772,50.131926121372025,71.2401055408971,75.35472882818905
2004-11-29,77.83641160949868,72.29551451187335,44.854881266490764,69.5778364116095,74.30438475244732
2004-11-30,76.51715039577837,68.07387862796834,41.16094986807388,66.91292875989447,72.96048366289226
2004-12-01,81.26649076517151,79.41952506596306,52.242744063324544,74.90765171503958,73.31451421782815
2004-12-02,81.26649076517151,69.92084432717678,41.68865435356201,69.94722955145119,72.70228064212324
2004-12-03,80.73878627968337,63.58839050131926,35.88390501319261,66.62269129287598,71.59690076044191
2004-12-06,81.00263852242745,60.68601583113457,34.300791556728235,65.56728232189974,70.50060649888879
2004-12-07,77.83641160949868,58.31134564643799,27.96833773087071,62.00527704485488,68.9560011436099
2004-12-08,78.62796833773086,59.10290237467019,29.287598944591032,62.9023746701847,67.85534178480532
2004-12-09,79.94722955145119,59.10290237467019,33.24538258575198,64.35356200527704,67.21865455216383
2004-12-10,80.73878627968337,70.71240105540898,43.27176781002638,70.23746701846966,67.76752954603761
2004-12-13,82.58575197889182,71.50395778364116,47.4934036939314,72.24274406332454,68.58120491281706
2004-12-14,83.90501319261213,73.87862796833772,50.65963060686016,74.24802110817942,69.61153513015566
2004-12-15,84.73684210526315,72.10526315789474,47.10526315789474,73.42105263157895,70.30417467586899
2004-12-16,83.6842105263158,66.05263157894737,41.31578947368421,69.92105263157896,70.23451612236171
2004-12-17,83.94736842105263,66.84210526315789,39.73684210526316,69.97368421052632,70.18709213839163
2004-12-20,82.36842105263158,69.21052631578948,43.15789473684211,70.57894736842105,70.25833854385152
2004-12-21,84.73684210526315,64.73684210526316,37.89473684210527,69.36842105263158,70.09653536362971
2004-12-22,85.26315789473684,68.6842105263158,42.63157894736842,71.76315789473684,70.39955764201282
2004-12-23,86.05263157894737,68.94736842105263,41.578947368421055,72.02631578947368,70.69533185064206
2004-12-27,85.26315789473684,65.26315789473685,38.421052631578945,69.89473684210526,70.54976912181719
2004-12-28,86.57894736842105,83.94736842105263,63.94736842105263,81.26315789473685,72.49765798962078
2004-12-29,86.8421052631579,82.10526315789474,60.26315789473684,80.10526315789474,73.88085892930695
2004-12-30,87.10526315789474,81.3157894736842,57.36842105263158,79.42105263157895,74.88816687517459
2004-12-31,87.36842105263159,80.78947368421052,52.89473684210526,78.5,75.54486380696103
2005-01-03,84.73684210526315,57.36842105263158,27.89473684210526,65.1578947368421,73.65632397603031
2005-01-04,80.26315789473685,35.26315789473684,15.263157894736842,53.76315789473685,70.03938468852239
2005-01-05,78.15789473684211,23.94736842105263,9.210526315789473,48.10526315789474,66.05136259204463
2005-01-06,79.47368421052632,29.47368421052631,11.842105263157894,50.94736842105263,63.30518183368244
2005-01-07,79.21052631578948,29.736842105263158,12.894736842105264,51.10526315789474,61.08701480172104
2005-01-10,80.52631578947368,35.0,16.315789473684212,54.026315789473685,59.80325134494879
2005-01-11,77.89473684210526,23.684210526315788,11.052631578947368,48.26315789473684,57.70505253581935
2005-01-12,79.47368421052632,24.736842105263158,10.263157894736842,49.21052631578947,56.16059322308664
2005-01-13,76.05263157894737,19.736842105263158,8.157894736842106,45.578947368421055,54.23665761314745
2005-01-14,78.42105263157895,30.0,13.94736842105263,51.0,53.64817441075701
2005-01-18,80.78947368421052,30.0,15.0,52.39473684210526,53.42027667100214
2005-01-19,77.89473684210526,23.94736842105263,9.736842105263158,48.07894736842105,52.449125888714676
2005-01-20,77.10526315789473,18.684210526315788,7.368421052631578,45.63157894736841,51.209571899379
2005-01-21,73.68421052631578,16.05263157894737,5.0,42.6578947368421,49.65472150619048
2005-01-24,70.78947368421052,24.47368421052632,8.421052631578947,44.421052631578945,48.7031453471702
2005-01-25,72.36842105263158,35.26315789473684,13.157894736842104,49.39473684210526,48.82888925534021
2005-01-26,73.94736842105263,46.05263157894737,25.526315789473685,55.89473684210527,50.11358881657022
2005-01-27,74.47368421052632,45.78947368421053,25.263157894736842,56.026315789473685,51.18863008437085
2005-01-28,72.36842105263158,43.94736842105263,22.36842105263158,53.84210526315789,51.671080116877576
2005-01-31,75.78947368421053,48.94736842105264,25.526315789473685,57.684210526315795,52.76437655495725
2005-02-01,76.84210526315789,58.684210526315795,37.631578947368425,63.55263157894737,54.725877468410005
2005-02-02,76.84210526315789,62.63157894736842,39.21052631578947,65.05263157894736,56.60346912487134
2005-02-03,76.31578947368422,63.1578947368421,39.73684210526316,65.05263157894737,58.139680480157885
2005-02-04,79.47368421052632,68.6842105263158,45.0,69.34210526315789,60.17648498615788
2005-02-07,79.47368421052632,59.473684210526315,35.26315789473684,64.63157894736842,60.98650207001435
2005-02-08,79.73684210526316,66.05263157894737,44.73684210526316,68.63157894736842,62.37651604771509
2005-02-09,77.36842105263158,65.26315789473685,38.94736842105263,66.05263157894737,63.04490068975733
2005-02-10,77.10526315789473,70.0,50.26315789473684,69.60526315789474,64.23769386578232
2005-02-11,81.05263157894737,79.21052631578948,63.421052631578945,76.97368421052632,66.55332847391759
2005-02-14,81.05263157894737,81.05263157894737,59.473684210526315,76.73684210526315,68.40487640688951
2005-02-15,81.84210526315789,78.15789473684211,56.84210526315789,75.73684210526315,69.73796107932108
2005-02-16,80.78947368421052,79.73684210526316,59.473684210526315,76.21052631578947,70.91479112231534
2005-02-17,79.21052631578948,81.05263157894737,54.473684210526315,74.8157894736842,71.62406354983695
2005-02-18,78.15789473684211,67.10526315789474,41.8421052631579,67.57894736842105,70.8885878804886
2005-02-22,72.10526315789474,44.473684210526315,23.157894736842106,54.026315789473685,67.8227202275768
2005-02-23,73.42105263157895,43.15789473684211,23.42105263157895,54.34210526315789,65.37169932495517
2005-02-24,74.73684210526315,53.421052631578945,30.0,59.39473684210526,64.28497887352792
2005-02-25,78.42105263157895,52.89473684210526,27.105263157894736,60.49999999999999,63.59680089652284
2005-02-28,77.36842105263158,50.26315789473684,24.736842105263158,58.710526315789465,62.70838733638951
2005-03-01,79.47368421052632,53.94736842105263,29.47368421052631,61.815789473684205,62.546096815897634
2005-03-02,78.94736842105263,62.89473684210526,37.368421052631575,65.8157894736842,63.14058639004065
2005-03-03,78.6842105263158,60.78947368421053,35.526315789473685,64.6842105263158,63.421245323908856
2005-03-04,82.36842105263158,65.52631578947368,37.368421052631575,68.3157894736842,64.31116244204983
2005-03-07,83.42105263157895,67.63157894736842,38.15789473684211,69.63157894736842,65.27851089756231
2005-03-08,82.36842105263158,58.15789473684211,31.842105263157894,65.0,65.22787255255099
2005-03-09,77.63157894736842,46.578947368421055,22.36842105263158,57.26315789473684,63.77974261476659
2005-03-10,79.73684210526316,56.05263157894736,28.157894736842103,62.31578947368422,63.51356931638798
2005-03-11,76.84210526315789,52.368421052631575,23.94736842105263,58.921052631578945,62.67856628278634
2005-03-14,78.42105263157895,76.84210526315789,48.68421052631579,72.0,64.37337241318882
2005-03-15,77.36842105263158,67.10526315789474,37.89473684210527,66.39473684210526,64.74089321844635
2005-03-16,73.15789473684211,50.526315789473685,18.684210526315788,55.473684210526315,63.05594612609725
2005-03-17,73.42105263157895,41.8421052631579,16.315789473684212,52.526315789473685,61.14146788307478
2005-03-18,74.21052631578947,41.578947368421055,18.684210526315788,53.315789473684205,59.71861726318559
2005-03-21,72.10526315789474,30.789473684210527,13.421052631578947,47.973684210526315,57.583174889974806
2005-03-22,67.63157894736842,24.210526315789473,9.210526315789473,42.92105263157895,54.91733447935738
2005-03-23,68.15789473684211,21.578947368421055,7.894736842105263,42.131578947368425,52.59265165535939
2005-03-24,69.47368421052632,14.473684210526317,6.842105263157896,40.44736842105264,50.384418340030884
2005-03-28,68.94736842105263,13.421052631578947,5.7894736842105265,39.6578947368421,48.43414132126929
2005-03-29,63.68421052631579,13.94736842105263,5.7894736842105265,37.18421052631579,46.38869935855047
2005-03-30,67.89473684210526,27.368421052631582,10.526315789473683,44.26315789473684,46.00223727422072
2005-03-31,70.78947368421052,27.631578947368425,11.842105263157894,46.05263157894737,46.01139987508011
2005-04-01,66.3157894736842,29.210526315789476,11.842105263157894,44.28947368421052,45.6983223858311
2005-04-04,67.10526315789474,23.94736842105263,10.263157894736842,42.78947368421053,45.16944080371826
2005-04-05,68.15789473684211,34.21052631578947,14.473684210526317,47.236842105263165,45.54533194945369
2005-04-06,68.94736842105263,43.42105263157895,20.789473684210527,51.6578947368421,46.65670700170613
2005-04-07,69.47368421052632,46.31578947368421,22.105263157894736,53.05263157894737,47.81960237938635
2005-04-08,66.05263157894737,40.0,19.210526315789473,48.86842105263158,48.01029668361276
2005-04-11,66.3157894736842,42.63157894736842,21.578947368421055,50.26315789473684,48.41990781290804
2005-04-12,69.73684210526315,58.684210526315795,36.578947368421055,59.78947368421053,50.48710160769032
2005-04-13,63.421052631578945,50.0,27.89473684210526,52.28947368421053,50.814805621603085
2005-04-14,59.84251968503938,39.107611548556434,18.635170603674542,45.38057742782153,49.82676413182462
2005-04-15,52.493438320209975,29.133858267716533,9.186351706036746,36.8241469816273,47.46265192269784
2005-04-18,53.54330708661418,33.07086614173229,13.910761154855644,39.475065616797906,46.0103635034433
2005-04-19,56.95538057742782,27.559055118110237,12.335958005249344,39.21259842519685,44.7744062164894
2005-04-20,51.44356955380578,19.42257217847769,6.824146981627297,32.91338582677166,42.617857054722535
2005-04-21,57.48031496062992,38.320209973753286,14.435695538057743,43.123359580052494,42.70976660478252
2005-04-22,55.38057742782152,30.183727034120732,12.598425196850393,39.265091863517064,42.08346210637062
2005-04-25,57.74278215223097,36.22047244094488,13.385826771653544,42.414698162729664,42.14368684389044
2005-04-26,56.16797900262467,27.821522309711288,11.023622047244094,38.635170603674545,41.50577480021482
2005-04-27,58.00524934383202,27.559055118110237,12.073490813648293,39.685039370078734,41.17473199473553
2005-04-28,53.805774278215225,25.196850393700785,12.598425196850393,36.98162729658793,40.41234932234506
2005-04-29,57.21784776902887,36.22047244094488,15.485564304461944,42.57217847769029,40.80504553240783
2005-05-02,58.79265091863517,33.59580052493438,14.960629921259844,42.46719160104987,41.10725390852456
2005-05-03,59.580052493438316,43.044619422572175,20.99737532808399,46.902887139107605,42.16100540499421
2005-05-04,64.04199475065617,62.99212598425197,35.43307086614173,58.00524934383203,45.04177703023745
2005-05-05,63.51706036745407,75.32808398950131,49.343832020997375,64.22572178477691,48.52976698560826
2005-05-06,62.20472440944882,76.37795275590551,47.24409448818898,63.46456692913385,51.245185157158375
2005-05-09,64.04199475065617,72.44094488188976,44.881889763779526,62.729658792650916,53.33327127270247
2005-05-10,61.417322834645674,76.64041994750657,49.60629921259843,63.622047244094496,55.203957812955565
2005-05-11,62.46719160104986,64.82939632545933,41.20734908136483,58.9238845144357,55.8803081223156
2005-05-12,58.79265091863517,62.72965879265092,40.15748031496063,56.24671916010499,55.94692831100458
2005-05-13,55.643044619422575,49.343832020997375,27.296587926509186,48.08398950131234,54.51730307287872
2005-05-16,61.417322834645674,67.19160104986877,42.51968503937008,59.37007874015748,55.399625921474865
2005-05-17,64.30446194225722,68.76640419947506,44.61942257217848,61.70603674540683,56.54624607128068
2005-05-18,69.29133858267717,83.46456692913385,66.40419947506561,72.96587926509187,59.5316339247009
2005-05-19,71.39107611548556,82.67716535433071,60.367454068241464,72.57217847769029,61.902642025244425
2005-05-20,70.34120734908137,77.42782152230971,55.90551181102362,69.58005249343833,63.29853483764332
2005-05-23,69.81627296587926,83.46456692913385,60.629921259842526,72.07349081364829,64.89398137873512
2005-05-24,70.07874015748031,72.44094488188976,48.031496062992126,66.37795275590551,65.16379435640246
2005-05-25,67.97900262467192,69.02887139107612,38.84514435695538,62.467191601049876,64.67350294633836
2005-05-26,70.34120734908137,76.11548556430446,44.881889763779526,66.98162729658793,65.09316191911101
2005-05-27,70.86614173228347,70.34120734908137,44.09448818897638,65.35433070866142,65.14064715357472
2005-05-31,69.5538057742782,77.16535433070865,50.65616797900262,68.05774278215222,65.67102817695245
2005-06-01,72.96587926509186,81.88976377952756,53.54330708661418,71.75853018372703,66.77784672363873
2005-06-02,71.91601049868767,90.28871391076116,64.30446194225722,75.90551181102363,68.43742219407235
2005-06-03,71.12860892388451,88.71391076115486,67.19160104986877,75.61679790026247,69.74276323156145
2005-06-06,71.39107611548556,82.1522309711286,60.10498687664042,72.36220472440944,70.21902532117018
2005-06-07,70.86614173228347,76.9028871391076,54.59317585301837,69.4225721784777,70.07421565886246
2005-06-08,69.02887139107612,61.679790026246714,39.37007874015748,60.89238845144357,68.40479253024084
2005-06-09,69.29133858267717,58.79265091863517,40.15748031496063,60.31496062992126,66.93391400291
2005-06-10,69.81627296587926,59.580052493438316,39.37007874015748,60.65616797900262,65.79250563492684
2005-06-13,70.60367454068242,60.10498687664042,39.63254593175853,61.259842519685044,64.96838506851924
2005-06-14,70.60367454068242,63.25459317585301,45.40682414698163,63.35958005249344,64.67587506560545
2005-06-15,70.86614173228347,71.39107611548556,53.28083989501312,67.50656167979002,65.19054535909355
2005-06-16,73.49081364829397,71.91601049868767,49.343832020997375,68.18897637795276,65.73571463524978
2005-06-17,75.06561679790026,72.96587926509186,52.23097112860893,69.86876640419948,66.48717859324064
2005-06-20,73.22834645669292,72.44094488188976,54.59317585301837,69.26509186351707,66.9922537332909
2005-06-21,71.12860892388451,64.82939632545933,44.35695538057743,63.884514435695536,66.4272102246372
2005-06-22,70.86614173228347,64.82939632545933,44.09448818897638,63.7007874015748,65.9314969840804
2005-06-23,67.97900262467192,58.79265091863517,37.00787401574803,59.028871391076116,64.6764741489887
2005-06-24,66.14173228346458,50.39370078740157,25.72178477690289,53.333333333333336,62.61408490977863
2005-06-27,62.99212598425197,49.86876640419948,25.72178477690289,51.60104986876641,60.611714902321864
2005-06-28,67.5392670157068,63.87434554973822,39.00523560209424,60.73298429319372,60.63376388248039
2005-06-29,67.01570680628272,58.37696335078534,34.29319371727749,57.87958115183246,60.13300338599894
2005-06-30,65.96858638743456,57.32984293193717,32.19895287958115,56.623036649214654,59.494827615674524
2005-07-01,66.49214659685863,55.497382198952884,32.19895287958115,56.33507853403141,58.920327782648506
2005-07-05,68.84816753926701,58.37696335078534,36.64921465968586,59.267015706806276,58.98336195067719
2005-07-06,67.01570680628272,52.879581151832454,29.581151832460733,55.287958115183244,58.31147034422375
2005-07-07,65.96858638743456,47.90575916230366,28.01047120418848,52.95811518324607,57.33813304222782
2005-07-08,69.3717277486911,56.282722513089,33.246073298429316,58.21989528795811,57.498453450542414
2005-07-11,71.46596858638743,66.2303664921466,40.05235602094241,63.612565445026185,58.61011017681219
2005-07-12,72.25130890052355,68.84816753926701,43.97905759162304,65.57591623036649,59.876620368367526
2005-07-13,71.98952879581152,69.63350785340315,40.575916230366495,65.0,60.80814393775525
2005-07-14,74.08376963350786,80.89005235602095,50.26178010471204,71.36125654450262,62.726891684436595
2005-07-15,75.6544502617801,84.55497382198953,65.70680628272252,76.33507853403142,65.20110747527202
2005-07-18,74.3455497382199,81.67539267015707,59.16230366492147,73.50785340314135,66.71142491670281
2005-07-19,76.17801047120419,80.89005235602095,55.235602094240846,73.40314136125654,67.92810063389439
2005-07-20,78.79581151832461,85.07853403141361,63.35078534031413,77.59162303664922,69.68510470712253
2005-07-21,77.28459530026109,79.89556135770235,55.61357702349869,73.73368146214099,70.42120957167134
2005-07-22,78.3289817232376,78.85117493472585,57.44125326370757,74.30809399477808,71.12791583041802
2005-07-25,75.19582245430809,71.80156657963447,44.38642297650131,68.01566579634465,70.56205218785922
2005-07-26,74.41253263707573,80.15665796344648,56.6579634464752,72.58485639686684,70.92983477131516
2005-07-27,76.2402088772846,81.72323759791122,57.702349869451695,74.177545691906,71.52032766596804
2005-07-28,78.3289817232376,76.50130548302873,54.83028720626631,73.08093994778068,71.80407535357034
2005-07-29,74.93472584856397,68.1462140992167,39.425587467362924,65.79634464751959,70.71176067974292
2005-08-01,74.93472584856397,65.0130548302872,38.1201044386423,64.59530026109661,69.59967696726177
2005-08-02,77.02349869451697,72.0626631853786,45.69190600522193,69.26892950391645,69.53954106483536
2005-08-03,76.50130548302873,71.54046997389034,49.869451697127936,69.68668407310705,69.56629433906659
2005-08-04,74.41253263707573,61.096605744125334,35.50913838120104,62.637075718015666,68.30643640796642
2005-08-05,72.32375979112271,50.13054830287206,31.33159268929504,57.46736292428198,66.33569577456925
2005-08-08,70.49608355091384,40.992167101827675,24.02088772845953,52.349869451697124,63.79281826131977
2005-08-09,72.58485639686684,39.1644908616188,20.626631853785902,52.16710182767624,61.67905163702094
2005-08-10,71.27937336814621,41.77545691906005,23.759791122715406,52.9242819843342,60.087275336532436
2005-08-11,72.39583333333334,44.53125,22.65625,54.08854166666667,58.996596487465936
2005-08-12,71.61458333333334,44.27083333333333,23.177083333333336,53.723958333333336,58.03793500489636
2005-08-15,72.65625,45.83333333333333,23.958333333333336,54.869791666666664,57.461908943400054
2005-08-16,67.96875,30.208333333333332,12.239583333333332,45.494791666666664,55.28606943853944
2005-08-17,67.96875,25.0,7.8125,43.046875,53.060761358804996
2005-08-18,66.40625,24.479166666666664,10.677083333333332,42.682291666666664,51.1737668693253
2005-08-19,66.92708333333334,28.385416666666668,12.5,44.47916666666667,49.95656683247827
2005-08-22,68.48958333333334,25.260416666666668,11.458333333333332,44.114583333333336,48.89438801445192
2005-08-23,67.1875,22.65625,7.03125,41.796875,47.60393110273339
2005-08-24,64.84375,26.302083333333332,9.635416666666668,42.239583333333336,46.62859514466065
2005-08-25,65.36458333333334,38.80208333333333,16.145833333333336,47.552083333333336,46.79650208805569
2005-08-26,64.32291666666666,40.10416666666667,19.791666666666664,48.151041666666664,47.042782011439506
2005-08-29,65.625,40.88541666666667,19.53125,48.984375,47.395798918450495
2005-08-30,63.28125,37.5,19.791666666666664,46.848958333333336,47.296373357520096
2005-08-31,65.88541666666666,45.3125,21.354166666666664,50.807291666666664,47.934722141001295
2005-09-01,67.96875,49.73958333333333,27.604166666666668,54.427083333333336,49.115151448698036
2005-09-02,67.44791666666666,44.27083333333333,22.135416666666664,51.432291666666664,49.53644967014688
2005-09-06,71.35416666666666,66.66666666666666,41.40625,63.95833333333333,52.15861033618078
2005-09-07,71.35416666666666,67.96875,46.09375,65.28645833333333,54.545491790208516
2005-09-08,67.1875,63.541666666666664,43.75,61.40625,55.79290237380696
2005-09-09,70.83333333333334,69.53125,49.73958333333333,66.22395833333334,57.689458002811755
2005-09-12,71.61458333333334,69.01041666666666,46.35416666666667,65.78125,59.160692911391436
2005-09-13,69.53125,67.44791666666666,40.88541666666667,63.177083333333336,59.89094571538087
2005-09-14,67.1875,67.70833333333334,41.92708333333333,62.291666666666664,60.32744043379648
2005-09-15,67.27272727272727,66.23376623376623,39.48051948051948,61.402597402597394,60.52292351903301
2005-09-16,69.0909090909091,76.62337662337663,52.2077922077922,67.97402597402598,61.87766941994081
2005-09-19,64.41558441558442,64.67532467532467,35.58441558441559,58.72727272727273,61.304870021273885
2005-09-20,62.077922077922075,61.298701298701296,35.324675324675326,56.493506493506494,60.43007665258891
2005-09-21,58.44155844155844,36.103896103896105,17.92207792207792,43.63636363636364,57.37667428600249
2005-09-22,58.18181818181818,38.701298701298704,14.285714285714285,43.55844155844155,54.86426833553686
2005-09-23,61.038961038961034,44.675324675324674,17.92207792207792,47.5064935064935,53.526491093892616
2005-09-26,61.55844155844156,34.80519480519481,12.467532467532468,43.714285714285715,51.742453752145906
2005-09-27,61.298701298701296,31.68831168831169,14.545454545454545,43.06493506493506,50.16472308174393
2005-09-28,60.51948051948052,37.142857142857146,20.0,45.4025974025974,49.29888204917183
2005-09-29,64.41558441558442,40.77922077922078,20.0,48.44155844155844,49.14300502960577
2005-09-30,65.45454545454545,42.59740259740259,22.597402597402596,50.02597402597402,49.30354484712727
2005-10-03,65.97402597402598,49.87012987012987,28.05194805194805,53.55844155844156,50.0771624310026
2005-10-04,63.896103896103895,45.19480519480519,23.636363636363637,50.23376623376623,50.1056358496869
2005-10-05,56.88311688311688,32.72727272727273,13.766233766233766,41.01298701298701,48.452426970286915
2005-10-06,54.8051948051948,23.896103896103895,10.909090909090908,36.75324675324675,46.32530329446143
2005-10-07,55.32467532467532,33.506493506493506,15.064935064935064,40.72727272727272,45.30747955497257
2005-10-10,54.02597402597402,34.54545454545455,16.623376623376622,40.7012987012987,44.469992127031865
2005-10-11,52.2077922077922,38.44155844155844,19.480519480519483,41.53246753246753,43.93589674620199
2005-10-12,47.27272727272727,30.129870129870127,10.909090909090908,34.857142857142854,42.28521422091851
2005-10-13,46.75324675324675,25.19480519480519,8.051948051948052,32.54545454545455,40.51434882537961
2005-10-14,51.94805194805194,32.72727272727273,12.987012987012985,38.38961038961039,40.12803274614884
2005-10-17,52.72727272727272,34.02597402597402,13.506493506493506,39.27272727272727,39.972522660072194
2005-10-18,49.35064935064935,26.75324675324675,12.727272727272727,35.246753246753244,39.113291857650566
2005-10-19,54.02597402597402,32.98701298701299,14.545454545454545,39.81818181818181,39.24145366865625
2005-10-20,50.90909090909091,23.896103896103895,10.38961038961039,34.7012987012987,38.41597094731851
2005-10-21,51.688311688311686,25.19480519480519,11.428571428571429,35.688311688311686,37.92003290022636
2005-10-24,59.22077922077922,41.55844155844156,20.0,46.077922077922075,39.403285477989215
2005-10-25,58.44155844155844,52.72727272727272,25.97402597402597,50.23376623376623,41.3724637972214
2005-10-26,54.8051948051948,49.09090909090909,26.75324675324675,47.480519480519476,42.483019376002865
2005-10-27,48.311688311688314,37.4025974025974,19.74025974025974,39.324675324675326,41.90877500303422
2005-10-28,55.84415584415584,56.88311688311688,27.79220779220779,50.54545454545455,43.47908037438338
2005-10-31,59.480519480519476,67.53246753246754,39.740259740259745,57.94805194805195,46.10980247868675
2005-11-01,56.88311688311688,71.68831168831169,45.714285714285715,59.090909090909086,48.470003680909
2005-11-02,61.55844155844156,77.92207792207793,52.72727272727272,64.7012987012987,51.421148230070756
2005-11-03,61.55844155844156,73.76623376623377,48.311688311688314,62.57142857142857,53.44847192849945
2005-11-04,62.077922077922075,69.35064935064935,45.97402597402597,61.038961038961034,54.82856085767429
2005-11-07,63.37662337662338,77.40259740259741,52.2077922077922,65.35064935064935,56.74166785639703
2005-11-08,62.33766233766234,68.31168831168831,45.97402597402597,60.85714285714286,57.48993603835082
2005-11-09,63.63636363636363,81.81818181818183,57.66233766233766,67.8961038961039,59.38196655794229
2005-11-10,68.05194805194805,84.93506493506493,63.896103896103895,72.28571428571428,61.72810250844629
2005-11-11,69.35064935064935,75.32467532467533,55.32467532467532,68.33766233766232,62.92984065921284
2005-11-14,66.49350649350649,75.32467532467533,58.44155844155844,67.53246753246752,63.766681908895514
2005-11-15,66.49350649350649,79.48051948051949,59.480519480519476,68.98701298701299,64.71583301400777
2005-11-16,65.80310880829016,85.49222797927462,69.17098445595855,72.38341968911918,66.10993968220986
2005-11-17,70.46632124352331,82.90155440414507,66.83937823834198,73.47150259067358,67.44840566556691
2005-11-18,72.279792746114,81.86528497409327,64.24870466321244,73.54922279792747,68.55764514417793
2005-11-21,73.83419689119171,85.49222797927462,70.20725388601036,76.60621761658031,70.02102195734199
2005-11-22,76.42487046632125,83.93782383419689,63.730569948186535,76.139896373057,71.13354457838109
2005-11-23,76.68393782383419,85.49222797927462,67.61658031088082,77.51295336787564,72.29343708556192
2005-11-25,77.46113989637306,88.60103626943005,72.53886010362694,79.81865284974094,73.66165813359447
2005-11-28,75.12953367875647,80.82901554404145,55.95854922279793,73.00518134715026,73.54229871787734
2005-11-29,75.12953367875647,85.23316062176166,63.98963730569949,75.93264248704662,73.97690667590813
2005-11-30,74.35233160621762,79.79274611398964,52.07253886010362,71.52849740932642,73.53174135471144
2005-12-01,77.2020725388601,79.01554404145078,56.73575129533679,73.65284974093264,73.55376106129711
2005-12-02,75.90673575129534,80.05181347150258,54.66321243523316,72.90155440414507,73.43517803272401
2005-12-05,74.87046632124353,77.97927461139896,50.77720207253886,70.98445595854923,72.98959220105587
2005-12-06,75.64766839378238,80.56994818652849,56.73575129533679,73.34196891191709,73.05366069393972
2005-12-07,74.61139896373057,76.68393782383419,45.59585492227979,69.4300518134715,72.39482271567276
2005-12-08,74.87046632124353,59.84455958549223,33.93782383419689,62.176165803108816,70.53688509520659
2005-12-09,76.68393782383419,62.17616580310881,35.751295336787564,64.14507772020724,69.37473829975215
2005-12-12,75.90673575129534,55.69948186528497,31.34715025906736,60.932642487046635,67.83981178835116
2005-12-13,77.46113989637306,55.95854922279793,30.569948186528496,61.63212435233161,66.7111413454385
2005-12-14,78.23834196891191,59.067357512953365,31.606217616580313,63.16062176165803,66.06559233020569
2005-12-15,78.49740932642487,54.145077720207254,25.38860103626943,60.56994818652851,65.06638430408256
2005-12-16,77.46113989637306,62.69430051813472,35.49222797927461,64.63730569948187,64.98837001233699
2005-12-19,76.68393782383419,48.18652849740933,23.83419689119171,57.56476683937824,63.638623980889946
2005-12-20,75.38860103626943,54.40414507772021,28.238341968911918,59.66321243523316,62.915821881679626
2005-12-21,75.71059431524549,44.18604651162791,21.705426356589147,55.452196382428944,61.55879906363405
2005-12-22,78.0361757105943,48.06201550387597,25.32299741602067,58.501291989664075,61.002888686548594
2005-12-23,77.2609819121447,52.71317829457365,29.198966408268735,60.28423772609819,60.872224875557606
2005-12-27,75.96899224806202,43.15245478036176,21.963824289405682,55.32299741602067,59.863274428369074
2005-12-28,75.71059431524549,52.19638242894057,28.940568475452196,59.30232558139535,59.76128372891931
2005-12-29,75.45219638242894,49.09560723514212,27.648578811369507,57.984496124031004,59.43823143712144
2005-12-30,73.1266149870801,38.759689922480625,17.571059431524546,51.70542635658914,58.03226687702466
2006-01-03,78.29457364341084,54.78036175710594,29.97416020671835,61.576227390180875,58.676623333962155
2006-01-04,77.77777777777779,59.43152454780362,29.457364341085274,62.60981912144704,59.39174984077759
2006-01-05,79.06976744186046,52.71317829457365,25.32299741602067,60.41343669250646,59.57751108654648
2006-01-06,81.3953488372093,68.47545219638242,36.434108527131784,68.52713178294573,61.204714849528166
2006-01-09,80.87855297157623,73.1266149870801,48.320413436692505,72.04134366925065,63.17501099856862
2006-01-10,80.62015503875969,81.91214470284238,61.240310077519375,77.13178294573643,65.71260589805368
2006-01-11,80.36175710594316,80.10335917312662,59.9483204134367,76.20155038759691,67.61968671433426
2006-01-12,81.3953488372093,74.93540051679587,50.3875968992248,73.25581395348837,68.6444371214532
2006-01-13,81.13695090439276,69.25064599483204,44.70284237726098,70.28423772609818,68.9425826859341
2006-01-17,80.36175710594316,64.59948320413437,37.98449612403101,67.1576227390181,68.61804451376756
2006-01-18,79.84496124031007,70.80103359173127,44.96124031007752,70.15503875968992,68.89749801302615
2006-01-19,80.36175710594316,71.57622739018088,50.3875968992248,71.7312661498708,69.41272858336154
2006-01-20,76.22739018087856,58.91472868217055,36.434108527131784,63.0749354005168,68.26040255011704
2006-01-23,74.16020671834626,65.37467700258398,42.377260981912144,65.16795865633075,67.69814002397408
2006-01-24,77.51937984496125,59.9483204134367,38.50129198966408,64.44444444444444,67.10655900951414
2006-01-25,76.48578811369508,54.78036175710594,34.10852713178294,61.49870801033591,66.08694973693629
2006-01-26,76.28865979381443,59.5360824742268,39.948453608247426,63.99484536082475,65.70656712309783
2006-01-27,78.09278350515464,59.27835051546392,36.340206185567006,64.0979381443299,65.4140891269582
2006-01-30,76.03092783505154,55.927835051546396,31.443298969072163,61.08247422680412,64.62652278147563
2006-01-31,75.77319587628865,53.350515463917525,30.927835051546392,60.07731958762886,63.79939492804894
2006-02-01,76.28865979381443,54.123711340206185,30.927835051546392,60.56701030927835,63.21168863372702
2006-02-02,74.48453608247422,51.80412371134021,27.835051546391753,58.350515463917525,62.32783896648893
2006-02-03,70.36082474226805,47.42268041237113,27.835051546391753,54.97422680412372,60.99081857333162
2006-02-06,70.4370179948586,52.185089974293064,30.848329048843187,57.04370179948586,60.27316097808694
2006-02-07,68.12339331619538,46.01542416452442,25.19280205655527,52.904884318766065,58.93347431275587
2006-02-08,71.46529562982005,46.52956298200514,24.42159383033419,54.57583547557841,58.14117634235996
2006-02-09,69.9228791773779,55.52699228791774,36.246786632390744,58.868894601542415,58.27348875312041
2006-02-10,71.72236503856041,59.12596401028277,36.50385604113111,60.89974293059126,58.750989512660574
2006-02-13,70.95115681233933,49.87146529562982,27.249357326478147,55.886889460154244,58.230244048568515
2006-02-14,72.75064267352185,61.95372750642674,35.2185089974293,62.005141388174806,58.916589019406025
2006-02-15,73.52185089974293,59.12596401028277,33.67609254498715,61.23393316195373,59.33792431805107
2006-02-16,76.60668380462725,61.696658097686374,34.96143958868895,63.80462724935733,60.150052123743116
2006-02-17,76.34961439588689,60.9254498714653,37.789203084832906,64.01028277634961,60.85191224239884
2006-02-21,75.06426735218508,60.15424164524421,32.904884318766065,62.15938303341902,61.08963420440251
2006-02-22,79.17737789203085,67.09511568123393,40.87403598971722,67.89203084832906,62.32643359420734
2006-02-23,75.83547557840618,71.97943444730078,45.501285347043705,68.61182519280206,63.46923206667911
2006-02-24,76.34961439588689,75.83547557840618,52.95629820051414,71.51670951156812,64.93240978393166
2006-02-27,78.1491002570694,78.40616966580977,57.58354755784062,74.11311053984576,66.60162810318877
2006-02-28,74.55012853470437,77.37789203084833,49.3573264781491,70.3598971722365,67.28494975210654
2006-03-01,77.6349614395887,76.86375321336762,55.26992287917738,72.93059125964011,68.31143002620355
2006-03-02,75.83547557840618,78.40616966580977,50.899742930591266,71.61953727506427,68.91290407145095
2006-03-03,76.09254498714652,74.03598971722364,46.01542416452442,69.46015424164523,69.01240410239537
2006-03-06,74.03598971722364,71.2082262210797,40.616966580976865,66.5038560411311,68.55630445489277
2006-03-07,73.7789203084833,57.84061696658098,28.020565552699228,59.84575835475579,66.9725688003224
2006-03-08,72.23650385604114,52.185089974293064,25.19280205655527,56.81233933161954,65.12525435146735
2006-03-09,70.69408740359897,39.33161953727507,20.565552699228792,51.25964010282776,62.60423357898742
2006-03-10,73.52185089974293,48.58611825192802,25.449871465295633,56.426735218508995,61.48105205890043
2006-03-13,73.26478149100257,52.44215938303341,30.334190231362467,58.4318766066838,60.92665652213377
2006-03-14,76.86375321336762,53.98457583547558,30.848329048843187,60.796915167095115,60.90306718485402
2006-03-15,77.17948717948718,63.589743589743584,38.46153846153847,65.35897435897436,61.71323212560317
2006-03-16,77.17948717948718,63.33333333333333,38.205128205128204,65.23076923076923,62.352784326542455
2006-03-17,76.66666666666667,60.76923076923077,36.41025641025641,63.846153846153854,62.62430605738089
2006-03-20,78.2051282051282,70.0,45.12820512820513,69.12820512820512,63.80683316116711
2006-03-21,74.61538461538461,55.12820512820513,30.512820512820515,59.94871794871795,63.10535766799454
2006-03-22,77.43589743589745,59.48717948717949,40.256410256410255,64.61538461538461,63.379908022065464
2006-03-23,76.41025641025641,61.02564102564103,38.97435897435898,64.3076923076923,63.54859607399762
2006-03-24,77.6923076923077,71.02564102564102,47.43589743589743,69.64102564102564,64.65631054072999
2006-03-27,76.92307692307693,73.33333333333333,51.02564102564102,70.66666666666667,65.74910256362757
2006-03-28,75.8974358974359,67.17948717948717,45.64102564102564,67.23076923076923,66.01849650310788
2006-03-29,77.17948717948718,77.43589743589745,55.38461538461539,72.8974358974359,67.26921275662207
2006-03-30,76.66666666666667,69.23076923076923,45.12820512820513,68.12820512820512,67.425393187819
2006-03-31,75.38461538461539,67.6923076923077,43.58974358974359,66.71794871794872,67.29676692056985
2006-04-03,74.61538461538461,58.20512820512821,31.794871794871792,61.12820512820513,66.175210231049
2006-04-04,75.64102564102564,52.820512820512825,31.794871794871792,60.02564102564102,65.05710673915664
2006-04-05,77.43589743589745,56.15384615384615,34.87179487179487,62.53846153846155,64.59917124812117
2006-04-06,76.15384615384615,48.97435897435897,30.0,58.76923076923076,63.539182070141095
2006-04-07,73.84615384615385,43.58974358974359,26.153846153846157,55.23076923076923,62.02856155389166
2006-04-10,72.82051282051282,48.205128205128204,29.743589743589745,56.82051282051282,61.08164360236824
2006-04-11,71.7948717948718,36.15384615384615,21.28205128205128,51.0,59.24861749284674
2006-04-12,70.0,40.76923076923077,22.564102564102566,51.74358974358974,57.88406699298183
2006-04-13,69.48717948717949,38.97435897435898,21.794871794871796,50.794871794871796,56.59512241150727
2006-04-17,68.71794871794872,37.17948717948718,20.0,49.51282051282051,55.30743115720058
2006-04-18,74.61538461538461,58.71794871794872,36.15384615384615,62.15384615384615,56.55223388386341
2006-04-19,74.1025641025641,52.307692307692314,33.589743589743584,59.46153846153846,57.081198352531594
2006-04-20,75.64102564102564,58.97435897435898,36.92307692307693,62.8974358974359,58.138696087968746
2006-04-21,75.64102564102564,57.179487179487175,36.92307692307693,62.35897435897436,58.906019409969765
2006-04-24,76.41025641025641,58.71794871794872,32.05128205128205,62.230769230769226,59.51051937738785
2006-04-25,74.61538461538461,46.15384615384615,24.615384615384617,56.07692307692308,58.88622914093972
2006-04-26,73.33333333333333,46.15384615384615,22.30769230769231,54.97435897435897,58.17498001974322
2006-04-27,73.58974358974359,48.46153846153846,25.384615384615383,56.41025641025641,57.8541211816547
2006-04-28,74.35897435897436,59.23076923076923,33.33333333333333,61.61538461538462,58.53798726051469
2006-05-01,71.53846153846153,57.43589743589743,31.794871794871792,59.35897435897436,58.68725764205281
2006-05-02,72.3076923076923,68.46153846153847,41.53846153846154,65.0,59.83502897986139
2006-05-03,73.33333333333333,65.8974358974359,38.205128205128204,64.07692307692307,60.60628245205442
2006-05-04,73.07692307692307,69.48717948717949,43.333333333333336,66.05128205128204,61.59628237918672
2006-05-05,77.43589743589745,76.66666666666667,55.38461538461539,72.7948717948718,63.63238954567491
2006-05-08,77.43589743589745,65.64102564102564,39.48717948717949,66.3076923076923,64.11880822967807
2006-05-09,76.92307692307693,61.53846153846154,38.71794871794872,64.66666666666667,64.21841885458508
2006-05-10,75.12820512820512,55.12820512820513,34.87179487179487,61.07692307692308,63.64723780410108
2006-05-11,70.76923076923077,45.64102564102564,24.615384615384617,54.0,61.893194566991795
2006-05-12,68.46153846153847,35.8974358974359,17.435897435897434,48.48717948717949,59.455737279753194
2006-05-15,68.71794871794872,42.56410256410256,23.589743589743588,51.84615384615384,58.07217665546239
2006-05-16,68.2051282051282,37.17948717948718,18.974358974358974,49.05128205128205,56.432014000156876
2006-05-17,62.05128205128205,23.333333333333332,10.512820512820513,40.128205128205124,53.46768511434747
2006-05-18,60.51282051282051,20.76923076923077,8.461538461538462,38.17948717948718,50.68801276255469
2006-05-19,62.82051282051282,24.358974358974358,9.230769230769232,40.56410256410256,48.84730181738157
2006-05-22,61.02564102564103,19.230769230769234,8.974358974358974,38.07692307692308,46.8890511372982
2006-05-23,57.692307692307686,15.897435897435896,8.461538461538462,35.30769230769231,44.78334953191531
2006-05-24,57.179487179487175,16.153846153846153,6.923076923076923,34.82051282051282,42.97192467529668
2006-05-25,62.14833759590793,15.089514066496163,7.41687979539642,37.0843989769821,41.901465457421295
2006-05-26,64.45012787723785,16.36828644501279,6.905370843989769,38.51662404092071,41.28603974533028
2006-05-30,57.54475703324808,12.531969309462914,4.092071611253197,33.350383631713555,39.84319317921814
2006-05-31,62.14833759590793,17.647058823529413,6.138107416879795,37.595907928388755,39.43459586088552
2006-06-01,67.51918158567774,35.294117647058826,12.020460358056265,46.75191815856777,40.76501809682775
2006-06-02,68.03069053708441,47.05882352941176,20.971867007672635,52.32736572890026,42.86726312084094
2006-06-05,60.86956521739131,26.854219948849106,8.951406649616368,40.28132992327366,42.39709344855598
2006-06-06,60.61381074168798,26.854219948849106,9.207161125319693,40.20460358056266,41.99845892710265
2006-06-07,58.567774936061376,41.17647058823529,17.135549872122763,45.06393861892583,42.55581887107051
2006-06-08,56.26598465473146,45.52429667519181,19.948849104859335,45.78005115089514,43.14204292194771
2006-06-09,55.24296675191815,35.80562659846547,16.879795396419436,41.73913043478261,42.88696792428133
2006-06-12,50.89514066496164,30.179028132992325,11.508951406649617,36.803069053708434,41.78080449326807
2006-06-13,45.52429667519181,28.9002557544757,12.020460358056265,33.83631713554987,40.33635224641022
2006-06-14,46.03580562659847,29.15601023017903,8.184143222506394,33.40153452685422,39.07547629740004
2006-06-15,54.21994884910486,36.0613810741688,10.741687979539643,40.07672634271099,39.25752176018385
2006-06-16,54.21994884910486,29.923273657289002,8.951406649616368,37.87723785166241,39.00656104954359
2006-06-19,49.36061381074169,34.52685421994885,11.508951406649617,37.34015345268542,38.70357785011484
2006-06-20,49.36061381074169,26.08695652173913,7.672634271099745,34.04092071611253,37.85582200756897
2006-06-21,52.685421994884905,20.460358056265985,7.41687979539642,33.96419437340153,37.14825334681125
2006-06-22,50.63938618925832,17.902813299232736,6.3938618925831205,31.969309462915604,36.206627186102956
2006-06-23,51.91815856777494,29.66751918158568,11.508951406649617,37.16112531969309,36.380172301301165
2006-06-26,54.21994884910486,41.17647058823529,14.83375959079284,42.42966751918158,37.480080522733964
2006-06-27,49.10485933503836,38.107416879795394,13.043478260869565,38.593350383631716,37.68249322471537
2006-06-28,51.406649616368284,40.153452685421996,17.902813299232736,41.329923273657286,38.345662324523
2006-06-29,61.125319693094625,61.63682864450127,29.411764705882355,54.93606138107416,41.362098516623206
2006-06-30,60.86956521739131,74.93606138107417,48.08184143222506,62.53196930946292,45.21116593350316
2006-07-03,62.9156010230179,85.42199488491049,63.171355498721226,69.71867007672634,49.66707577772556
2006-07-05,60.35805626598465,79.28388746803068,54.73145780051151,64.91048593350382,52.438604896957976
2006-07-06,60.86956521739131,65.98465473145781,36.31713554987212,57.49360613810742,53.35769603171242
2006-07-07,56.77749360613811,63.42710997442455,33.248081841432224,54.066496163682864,53.48656878297978
2006-07-10,57.54475703324808,69.82097186700767,48.33759590792839,59.386189258312015,54.55922705122201
2006-07-11,58.82352941176471,71.61125319693095,51.91815856777494,61.27877237851663,55.78096256527557
2006-07-12,55.49872122762148,54.21994884910486,32.992327365728904,50.61381074168798,54.84148041553237
2006-07-13,48.84910485933504,45.26854219948849,23.52941176470588,42.710997442455245,52.635938056791076
2006-07-14,46.29156010230179,38.36317135549872,21.73913043478261,39.00255754475703,50.157141600057614
2006-07-17,46.547314578005114,37.851662404092075,16.879795396419436,38.005115089514064,47.947682234504235
2006-07-18,46.03580562659847,43.22250639386189,23.52941176470588,40.690537084398976,46.62820129812146
2006-07-19,54.987212276214834,57.289002557544755,30.946291560102303,50.869565217391305,47.399358374352346
2006-07-20,49.87212276214834,32.22506393861892,19.69309462915601,38.54219948849104,45.78896584965029
2006-07-21,46.29156010230179,29.15601023017903,17.902813299232736,35.47314578005115,43.913362200632264
2006-07-24,51.150895140664964,35.294117647058826,18.67007672634271,39.89769820971867,43.18324147501161
2006-07-25,54.73145780051151,46.03580562659847,27.365728900255753,46.649616368286445,43.813491455607036
2006-07-26,56.01023017902813,44.75703324808184,25.831202046035806,46.59846547314578,44.31985036788681
2006-07-27,52.685421994884905,49.10485933503836,27.877237851662407,46.649616368286445,44.74344418614129
2006-07-28,59.07928388746802,56.52173913043478,31.9693094629156,52.89002557544757,46.224640802378794
2006-07-31,58.567774936061376,53.452685421994886,30.69053708439898,51.45780051150895,47.176124385857
2006-08-01,56.01023017902813,53.196930946291566,32.992327365728904,50.56265984654731,47.79185810598251
2006-08-02,57.54475703324808,66.75191815856778,42.19948849104859,57.2378516624041,49.50931147987735
2006-08-03,58.31202046035806,73.65728900255755,50.89514066496164,61.432225063938624,51.67711394970667
2006-08-04,56.77749360613811,73.40153452685422,52.17391304347826,60.84398976982098,53.34381864427291
2006-08-07,54.987212276214834,71.61125319693095,48.08184143222506,58.593350383631716,54.298278960519966
2006-08-08,53.452685421994886,55.24296675191815,28.13299232736573,48.925831202046034,53.32147027716107
2006-08-09,52.685421994884905,59.33503836317136,36.0613810741688,51.35549872122762,52.96402090335499
2006-08-10,53.96419437340153,70.58823529411765,46.03580562659847,57.36572890025575,53.76433144824604
2006-08-11,50.89514066496164,54.21994884910486,29.66751918158568,47.64705882352941,52.65210006193392
2006-08-14,51.66240409207161,50.38363171355499,26.854219948849106,46.31713554987213,51.500288332468145
2006-08-15,57.54475703324808,64.45012787723785,34.52685421994885,55.012787723785166,52.13892458543487
2006-08-16,58.31202046035806,77.74936061381074,49.61636828644501,62.40409207161125,54.00531867383058
2006-08-17,58.567774936061376,68.28644501278772,38.36317135549872,57.44245524296675,54.630252595491704
2006-08-18,59.846547314578004,72.1227621483376,40.66496163682864,59.69309462915601,55.55076932888522
2006-08-21,58.05626598465473,73.91304347826086,43.22250639386189,59.846547314578004,56.331819871738446
2006-08-22,57.8005115089514,68.79795396419436,38.36317135549872,57.21227621483376,56.49190284321032
2006-08-23,56.26598465473146,55.24296675191815,29.66751918158568,50.63938618925831,55.427808906128135
2006-08-24,55.49872122762148,57.8005115089514,29.411764705882355,50.971867007672635,54.61763765186349
2006-08-25,54.987212276214834,59.07928388746802,34.271099744245525,52.071611253196934,54.15472376119684
2006-08-28,57.8005115089514,72.63427109974424,47.05882352941176,60.102301790281324,55.23610158466674
2006-08-29,58.82352941176471,82.09718670076727,58.31202046035806,65.70332480818415,57.13923307985173
2006-08-30,58.82352941176471,75.95907928388746,53.452685421994886,62.890025575447574,58.1848317154146
2006-08-31,59.846547314578004,85.16624040920716,64.19437340153452,68.31202046035806,60.02613875994977
2006-09-01,61.892583120204606,88.7468030690537,64.45012787723785,70.46035805626597,61.92326954109817
2006-09-05,63.42710997442455,76.21483375959079,51.150895140664964,64.8081841432225,62.44779946875713
2006-09-06,58.567774936061376,52.685421994884905,29.66751918158568,51.023017902813294,60.37056645676735
2006-09-07,57.54475703324808,44.24552429667519,21.483375959079286,46.34271099744246,57.82004728234464
2006-09-08,59.07928388746802,49.87212276214834,25.575447570332482,49.61636828644501,56.328469283090165
2006-09-11,58.567774936061376,58.31202046035806,34.52685421994885,53.68286445012788,55.84745022255157
2006-09-12,64.70588235294117,70.076726342711,45.78005115089514,62.531969309462916,57.06281732926273
2006-09-13,65.72890025575447,78.51662404092072,56.52173913043478,67.7237851662404,59.001175117804124
2006-09-14,65.47314578005115,79.02813299232737,53.196930946291566,67.0843989769821,60.47085218310921
2006-09-15,66.24040920716112,80.05115089514067,59.07928388746802,68.95140664961636,62.012771177019594
2006-09-18,64.70588235294117,70.076726342711,48.08184143222506,62.9923273657289,62.19087230223947
2006-09-19,63.9386189258312,68.03069053708441,43.22250639386189,61.02301790281331,61.978535138707436
2006-09-20,68.28644501278772,70.58823529411765,48.33759590792839,64.98721227621483,62.52556734552696
2006-09-21,63.9386189258312,60.61381074168798,35.80562659846547,57.314578005115095,61.57811473817935
2006-09-22,63.42710997442455,54.47570332480819,32.22506393861892,54.50127877237851,60.29141728985192
2006-09-25,67.0076726342711,64.45012787723785,39.64194373401534,60.76726342710997,60.37793476935338
2006-09-26,69.30946291560103,76.47058823529412,56.01023017902813,68.79795396419438,61.908847350233565
2006-09-27,69.82097186700767,82.6086956521739,63.171355498721226,72.32736572890025,63.80312341908205
2006-09-28,71.0997442455243,81.07416879795396,58.31202046035806,71.53452685421995,65.20883313456167
2006-09-29,70.58823529411765,78.51662404092072,49.36061381074169,68.72122762148338,65.84745031400199
2006-10-02,69.56521739130434,64.45012787723785,30.946291560102303,60.306905370843985,64.84007850615508
2006-10-03,68.54219948849105,63.9386189258312,33.248081841432224,60.10230179028133,63.978664557814405
2006-10-04,72.1227621483376,77.49360613810742,50.63938618925832,69.4373401534527,64.97115102974864
2006-10-05,74.16879795396419,78.00511508951406,52.685421994884905,71.0230179028133,66.07149046121495
2006-10-06,72.63427109974424,78.00511508951406,50.127877237851656,69.74424552429667,66.739264109048
2006-10-09,74.16879795396419,80.30690537084399,53.196930946291566,71.81585677749361,67.66228095785628
2006-10-10,73.40153452685422,74.93606138107417,51.406649616368284,69.46291560102301,67.9896690747957
2006-10-11,74.68030690537084,79.53964194373401,53.96419437340153,71.99488491048592,68.71789013583029
2006-10-12,77.49360613810742,88.49104859335038,68.79795396419436,79.0537084398977,70.59712982747891
2006-10-13,77.74936061381074,81.58567774936061,61.38107416879796,75.62659846547315,71.51157867075058
2006-10-16,79.28388746803068,80.05115089514067,62.14833759590793,76.08695652173913,72.3434655527485
2006-10-17,76.53061224489795,78.31632653061224,55.86734693877551,72.93367346938776,72.45077608304655
2006-10-18,76.53061224489795,77.8061224489796,54.59183673469388,72.52551020408163,72.46436410505292
2006-10-19,77.04081632653062,79.8469387755102,57.6530612244898,74.00510204081633,72.74449827519172
2006-10-20,74.23469387755102,81.63265306122449,60.204081632653065,73.64795918367348,72.90876389491568
2006-10-23,75.51020408163265,82.14285714285714,64.03061224489795,75.20408163265306,73.32609439268612
2006-10-24,76.53061224489795,73.72448979591837,48.724489795918366,70.12755102040816,72.74454105227194
2006-10-25,77.29591836734694,68.87755102040816,46.1734693877551,68.54591836734694,71.9811551095583
2006-10-26,79.08163265306123,78.8265306122449,58.16326530612245,74.82142857142857,72.49756846626198
2006-10-27,76.0204081632653,67.09183673469387,44.13265306122449,66.96428571428571,71.49151705681174
2006-10-30,77.04081632653062,69.89795918367348,44.642857142857146,68.41836734693878,70.93276256410758
2006-10-31,76.78571428571429,68.62244897959184,46.93877551020408,68.36734693877551,70.46632335950174
2006-11-01,73.9795918367347,51.53061224489795,32.6530612244898,58.97959183673469,68.37782671899863
2006-11-02,73.72448979591837,48.214285714285715,30.86734693877551,57.5,66.40004004281705
2006-11-03,73.21428571428571,44.642857142857146,26.02040816326531,55.204081632653065,64.36441124096906
2006-11-06,74.74489795918367,57.39795918367348,33.92857142857143,61.37755102040817,63.82134574632163
2006-11-07,76.27551020408163,57.6530612244898,35.204081632653065,62.47448979591837,63.57646284624831
2006-11-08,76.27551020408163,59.693877551020414,36.98979591836735,63.44387755102041,63.55235642893415
2006-11-09,75.51020408163265,56.88775510204081,33.16326530612245,61.45408163265306,63.170851920519404
2006-11-10,76.0204081632653,57.39795918367348,30.86734693877551,61.403061224489804,62.84943543033221
2006-11-13,75.51020408163265,61.47959183673469,35.45918367346938,63.29081632653061,62.92968650236828
2006-11-14,78.57142857142857,64.79591836734694,39.795918367346935,66.68367346938776,63.612229587280915
2006-11-15,80.35714285714286,63.52040816326531,37.244897959183675,66.68367346938776,64.17067392948216
2006-11-16,80.61224489795919,75.25510204081633,49.48979591836735,72.78061224489795,65.73611725955776
2006-11-17,79.89821882951654,72.7735368956743,45.5470737913486,70.89058524173028,66.6732932563164
2006-11-20,79.64376590330788,72.01017811704835,47.837150127226465,70.99236641221374,67.45857928466137
2006-11-21,80.40712468193384,77.35368956743002,59.28753180661578,75.26717557251908,68.87832406427187
2006-11-22,81.42493638676844,83.96946564885496,62.34096692111959,78.37150127226462,70.60435628390691
2006-11-24,80.91603053435115,83.7150127226463,64.63104325699746,78.49872773536896,72.0396965478091
2006-11-27,77.09923664122137,59.541984732824424,34.35114503816794,63.282442748091604,70.44746858422411
2006-11-28,76.59033078880407,61.57760814249363,33.33333333333333,63.435114503816784,69.17249511505915
2006-11-29,80.40712468193384,65.39440203562341,39.94910941475827,67.8117048346056,68.92507870043123
2006-11-30,80.6615776081425,74.55470737913485,47.58269720101781,72.21374045801527,69.52301720181015
2006-12-01,79.89821882951654,65.64885496183206,41.221374045801525,67.88804071246818,69.22574874920252
2006-12-04,82.1882951653944,75.06361323155217,50.63613231552163,73.74045801526717,70.0466049793961
2006-12-05,83.7150127226463,70.48346055979644,47.32824427480916,72.46819338422391,70.48689378027389
2006-12-06,83.96946564885496,66.92111959287533,42.23918575063613,70.5089058524173,70.49089597520904
2006-12-07,82.69720101781171,57.76081424936387,34.86005089058524,65.64885496183206,69.61052488186778
2006-12-08,83.96946564885496,60.81424936386769,36.1323155216285,67.45547073791349,69.21869685569426
2006-12-11,83.20610687022901,62.086513994910945,35.6234096692112,67.35368956743002,68.8796046214644
2006-12-12,82.1882951653944,57.25190839694656,31.043256997455472,64.47837150127225,68.0793804177931
2006-12-13,82.1882951653944,52.926208651399484,30.025445292620866,62.97709923664122,67.15169293031094
2006-12-14,83.96946564885496,63.104325699745544,37.913486005089055,68.49872773536896,67.3966083494124
2006-12-15,83.46055979643766,75.31806615776081,55.97964376590331,75.52162849872774,68.87388474019701
2006-12-18,82.69720101781171,69.97455470737913,44.783715012722645,71.29770992366412,69.31458022810013
2006-12-19,82.44274809160305,60.05089058524173,38.16793893129771,66.87022900763358,68.87015273346984
2006-12-20,81.42493638676844,56.48854961832062,37.404580152671755,65.13994910941474,68.19193389273255
2006-12-21,79.13486005089058,56.74300254452926,38.67684478371501,64.32569974554707,67.48898222960791
2006-12-22,77.09923664122137,43.00254452926209,21.62849872773537,55.776081424936386,65.35936390148582
2006-12-26,77.86259541984732,41.221374045801525,24.93638676844784,56.284987277353686,63.70947724255271
2006-12-27,80.6615776081425,48.60050890585242,28.75318066157761,60.661577608142494,63.15531367265994
2006-12-28,79.89821882951654,50.89058524173028,31.297709923664126,61.475826972010175,62.849952454359986
2006-12-29,78.37150127226464,44.02035623409669,24.173027989821882,57.2264631043257,61.82749984526284
2007-01-03,79.89821882951654,47.58269720101781,24.173027989821882,59.05852417302798,61.32404972303832
2007-01-04,79.13486005089058,48.60050890585242,26.208651399491096,59.38931297709924,60.97227940559485
2007-01-05,76.33587786259542,41.73027989821883,18.06615776081425,54.30025445292621,59.7591839596551
2007-01-08,76.84478371501272,36.38676844783715,16.28498727735369,52.595419847328245,58.45668139377748
2007-01-09,77.60814249363868,38.42239185750636,19.84732824427481,54.30025445292621,57.70096740453179
2007-01-10,78.11704834605598,46.0559796437659,27.989821882951656,58.47328244274809,57.84138832057111
2007-01-11,80.91603053435115,55.72519083969466,35.87786259541985,64.35114503816794,59.02498045104326
2007-01-12,82.44274809160305,59.03307888040712,39.69465648854962,66.87022900763358,60.45138927951424
2007-01-16,82.44274809160305,64.63104325699746,45.80152671755725,69.77099236641222,62.14586256804114
2007-01-17,82.69720101781171,68.44783715012723,51.14503816793893,72.1119592875318,63.95788015340308
2007-01-18,81.1704834605598,59.28753180661578,38.42239185750636,66.05597964376591,64.3393527880145
2007-01-19,82.44274809160305,54.961832061068705,35.87786259541985,64.8854961832061,64.43865158714024
2007-01-22,81.1704834605598,54.4529262086514,32.06106870229007,63.33333333333333,64.23768463190262
2007-01-23,82.69720101781171,62.59541984732825,40.71246819338422,68.26972010178118,64.97078199006236
2007-01-24,84.7328244274809,69.72010178117048,47.837150127226465,72.84987277353689,66.40334395069411
2007-01-25,81.67938931297711,57.76081424936387,34.096692111959285,64.98727735368956,66.14587729669329
2007-01-26,81.1704834605598,65.39440203562341,42.74809160305343,68.75318066157762,66.61993245394498
2007-01-29,81.67938931297711,66.66666666666666,45.5470737913486,69.94910941475827,67.22523735591103
2007-01-30,82.44274809160305,68.95674300254453,47.32824427480916,71.3740458015267,67.97956616420478
2007-01-31,84.47837150127226,74.55470737913485,50.89058524173028,74.78371501272264,69.2166841366626
2007-02-01,86.25954198473282,73.53689567430025,50.63613231552163,75.31806615776081,70.32602632231682
2007-02-02,86.51399491094148,72.51908396946564,50.38167938931297,75.08905852417303,71.19203217719978
2007-02-05,86.51399491094148,69.46564885496184,49.10941475826972,73.91857506361323,71.68776724745676
2007-02-06,87.53180661577609,72.51908396946564,51.14503816793893,75.75063613231552,72.42647068106744
2007-02-07,87.27735368956743,79.13486005089058,61.06870229007634,79.59287531806616,73.72945334233994
2007-02-08,86.76844783715013,76.08142493638677,55.72519083969466,77.35368956743002,74.38840538326541
2007-02-09,85.49618320610686,75.31806615776081,55.216284987277355,76.38676844783714,74.75174412227845
2007-02-12,84.98727735368958,68.19338422391857,47.32824427480916,72.41730279898219,74.3273002453155
2007-02-13,86.25954198473282,67.93893129770993,45.5470737913486,72.6208651399491,74.01703931706706
2007-02-14,87.27735368956743,79.13486005089058,62.086513994910945,79.79643765903309,75.06783901560634
2007-02-15,87.27735368956743,80.6615776081425,62.849872773536894,80.40712468193385,76.03861822766589
2007-02-16,87.78625954198473,81.1704834605598,61.06870229007634,80.45801526717557,76.84214496212219
2007-02-20,88.54961832061069,80.40712468193384,62.086513994910945,80.81424936386769,77.56434576243956
2007-02-21,89.82188295165395,73.53689567430025,52.926208651399484,77.55725190839695,77.56305597079545
2007-02-22,89.56743002544529,66.41221374045801,47.32824427480916,74.17302798982188,76.94668724698208
2007-02-23,88.80407124681933,63.104325699745544,41.98473282442748,71.73027989821882,75.99824954720695
2007-02-26,88.54961832061069,60.05089058524173,37.913486005089055,69.87277353689568,74.88452663624128
2007-02-27,79.89821882951654,27.480916030534353,10.941475826972011,50.38167938931297,70.42946350043613
2007-02-28,80.6615776081425,24.173027989821882,9.669211195928753,49.51653944020356,66.62711367130292
2007-03-01,80.1526717557252,21.882951653944023,9.16030534351145,48.47328244274809,63.326417084292956
2007-03-02,75.82697201017811,18.06615776081425,5.597964376590331,44.4529262086514,59.89487328872176
2007-03-05,68.70229007633588,13.231552162849871,3.5623409669211195,39.03307888040713,56.101819759937285
2007-03-06,74.55470737913485,16.539440203562343,4.8346055979643765,43.20610687022901,53.75714468908122
2007-03-07,73.79134860050891,13.740458015267176,3.307888040712468,41.6793893129771,51.561189166153206
2007-03-08,76.84478371501272,14.249363867684478,4.325699745547073,43.56234096692112,50.106853129929185
2007-03-09,76.84478371501272,14.50381679389313,4.325699745547073,43.63867684478371,48.93082107808455
2007-03-12,77.60814249363868,15.521628498727736,4.8346055979643765,44.42748091603054,48.11203195771109
2007-03-13,69.72010178117048,9.414758269720101,1.7811704834605597,38.040712468193384,46.28088295961696
2007-03-14,70.99236641221374,10.432569974554708,1.2722646310432568,38.88040712468193,44.935341898719685
2007-03-15,73.53689567430025,12.46819338422392,2.7989821882951653,41.06870229007633,44.23231651532998
2007-03-16,71.7557251908397,10.432569974554708,1.5267175572519083,39.31297709923664,43.33789116694937
2007-03-19,75.57251908396947,49.36386768447837,17.8117048346056,56.157760814249365,45.66877655736756
2007-03-20,76.59033078880407,54.4529262086514,19.59287531806616,58.54961832061068,48.010747787048125
2007-03-21,80.6615776081425,75.57251908396947,33.587786259541986,69.72010178117048,51.957903058706734
2007-03-22,80.71065989847716,84.77157360406092,56.09137055837563,77.00507614213198,56.511934528420426
2007-03-23,80.96446700507614,90.60913705583756,72.33502538071066,82.13197969543147,61.17012455878607
2007-03-26,80.96446700507614,79.44162436548223,55.58375634517766,75.43147208121827,63.76309683559193
2007-03-27,78.1725888324873,78.93401015228426,49.23857868020304,72.61421319796955,65.37239071966059
2007-03-28,76.39593908629442,62.944162436548226,32.99492385786802,63.68020304568528,65.06472023348326
2007-03-29,76.45569620253164,63.037974683544306,30.886075949367086,63.31645569620253,64.74685395397768
2007-03-30,76.70886075949367,59.49367088607595,28.354430379746837,61.87341772151899,64.22441100262155
2007-04-02,76.20253164556962,80.25316455696202,58.48101265822785,73.87341772151899,65.97877586060291
2007-04-03,78.9873417721519,85.0632911392405,63.037974683544306,77.62025316455696,68.09540809768546
2007-04-04,78.9873417721519,80.25316455696202,57.46835443037974,75.0632911392405,69.36229592342275
2007-04-05,78.9873417721519,85.0632911392405,63.037974683544306,77.62025316455696,70.86374269453806
2007-04-09,78.73417721518987,77.21518987341773,55.44303797468354,73.62025316455696,71.36492641635968
2007-04-10,78.73417721518987,73.9240506329114,50.37974683544304,71.62025316455697,71.41134946148645
2007-04-11,76.9620253164557,49.11392405063291,29.620253164556964,59.139240506329116,69.18005692418512
2007-04-12,79.49367088607595,56.708860759493675,33.164556962025316,63.392405063291136,68.12775658584077
2007-04-13,81.0126582278481,57.72151898734177,33.92405063291139,64.60759493670885,67.4877271950895
2007-04-16,83.54430379746836,71.64556962025317,45.822784810126585,72.43037974683544,68.38639129540695
2007-04-17,83.29113924050633,81.77215189873418,56.9620253164557,77.56962025316454,70.05606928772652
2007-04-18,83.54430379746836,87.34177215189874,66.32911392405063,81.24050632911393,72.08960329525151
2007-04-19,83.08080808080808,81.56565656565657,58.838383838383834,77.77777777777777,73.123816837529
2007-04-20,84.84848484848484,87.87878787878788,64.8989898989899,81.76767676767676,74.69542773391952
2007-04-23,84.59595959595958,85.1010101010101,63.38383838383839,80.5050505050505,75.75172278321607
2007-04-24,82.57575757575758,72.97979797979798,53.28282828282829,73.83838383838385,75.40384297506475
2007-04-25,83.33333333333334,78.53535353535354,57.82828282828283,76.7929292929293,75.6564041237674
2007-04-26,83.33333333333334,76.76767676767676,55.55555555555556,75.80808080808082,75.68398170273348
2007-04-27,82.82828282828282,73.73737373737373,53.03030303030303,74.14141414141413,75.40351487340268
2007-04-30,80.8080808080808,62.121212121212125,39.39393939393939,66.91919191919192,73.86091069990982
2007-05-01,80.55555555555556,68.93939393939394,48.484848484848484,70.65656565656566,73.27830251021088
2007-05-02,82.57575757575758,70.95959595959596,51.010101010101,72.77777777777777,73.18729801340486
2007-05-03,82.36775818639799,72.79596977329975,50.88161209068011,73.19899244332494,73.18942427339032
2007-05-04,81.4070351758794,66.83417085427136,45.47738693467337,69.84924623115579,72.58211917480223
2007-05-07,81.90954773869346,66.33165829145729,44.9748743718593,69.84924623115577,72.08523318504834
2007-05-08,80.90452261306532,65.32663316582915,40.7035175879397,68.19095477386935,71.37718256483397
2007-05-09,81.4070351758794,70.60301507537689,48.24120603015075,71.53266331658291,71.40545179242469
2007-05-10,79.39698492462311,48.49246231155779,28.643216080402013,59.9748743718593,69.32716498868552
2007-05-11,81.15577889447236,58.79396984924623,33.91959798994975,65.0,68.54040771801543
2007-05-14,80.40201005025126,57.537688442211056,30.402010050251256,63.5427135678392,67.63173605434703
2007-05-15,78.19548872180451,46.11528822055138,21.553884711779446,57.24310776942355,65.74289454799731
2007-05-16,79.4486215538847,53.63408521303258,28.07017543859649,61.42857142857143,64.95847216264714
2007-05-17,77.44360902255639,54.88721804511278,28.82205513784461,60.95238095238095,64.23009194259875
2007-05-18,78.44611528822055,69.42355889724311,48.1203007518797,69.67418546365914,65.21992712824608
2007-05-21,79.69924812030075,74.43609022556392,48.62155388471178,71.90476190476191,66.43535163306716
2007-05-22,79.9498746867168,67.41854636591479,40.852130325814535,68.37092731829574,66.7872744849269
2007-05-23,78.69674185463658,58.1453634085213,35.338345864661655,63.859649122807014,66.25497896454146
2007-05-24,73.93483709273183,45.11278195488722,19.799498746867165,54.46115288220551,64.11064694957129
2007-05-25,74.43609022556392,47.368421052631575,25.81453634085213,56.59147869674186,62.743525449056854
2007-05-29,76.94235588972431,53.383458646616546,28.82205513784461,60.250626566416045,62.290271106758524
2007-05-30,79.4486215538847,54.385964912280706,33.33333333333333,62.70676691729323,62.36599761776483
2007-05-31,80.95238095238095,71.42857142857143,47.11779448621554,71.32832080200501,63.99551092399032
2007-06-01,82.20551378446115,69.42355889724311,43.10776942355889,70.55137844611528,65.18748683710395
2007-06-04,82.20551378446115,70.92731829573935,49.373433583959894,72.25563909774436,66.47260542994766
2007-06-05,79.19799498746866,69.17293233082707,47.86967418546366,69.92481203007519,67.10027935724358
2007-06-06,76.44110275689223,54.88721804511278,29.82456140350877,60.6516290726817,65.92779748732325
2007-06-07,69.67418546365914,39.59899749373433,17.293233082706767,50.17543859649122,63.0637322344447
2007-06-08,72.18045112781954,44.11027568922306,19.548872180451127,53.23308270676691,61.276341411230554
2007-06-11,72.18045112781954,39.59899749373433,17.293233082706767,51.428571428571416,59.48583777801981
2007-06-12,68.92230576441104,29.07268170426065,10.776942355889723,45.338345864661655,56.9135665210456
2007-06-13,72.18045112781954,46.365914786967416,17.293233082706767,53.458646616541344,56.285399265681185
2007-06-14,74.0,59.5,32.75,61.39999999999999,57.21532667192097
2007-06-15,74.5,57.75,32.5,61.075,57.917085458844426
2007-06-18,74.75,52.5,27.750000000000004,58.675,58.054888102690896
2007-06-19,74.0,48.25,21.25,55.725,57.63127208401983
2007-06-20,71.75,33.75,15.5,49.1,56.080131705107135
2007-06-21,71.25,35.0,16.75,49.475,54.87919866781493
2007-06-22,67.08229426433915,26.433915211970078,11.970074812967582,43.86533665835412,52.87667830245842
2007-06-25,66.83291770573567,26.433915211970078,10.972568578553615,43.54114713216958,51.179308998769535
2007-06-26,65.83541147132169,29.925187032418954,13.96508728179551,44.68827930174563,49.99912178112883
2007-06-27,69.32668329177058,57.107231920199496,32.16957605985037,58.22942643391521,51.495540808908174
2007-06-28,69.57605985037407,46.88279301745636,22.693266832917704,53.39152119700748,51.84026451583533
2007-06-29,68.07980049875312,44.63840399002494,21.197007481296758,51.67082294264339,51.80945695707316
2007-07-02,70.07481296758104,67.33167082294264,38.403990024937656,62.91770573566084,53.82913855318001
2007-07-03,69.57605985037407,55.11221945137157,29.42643391521197,57.2069825436409,54.44329200599108
2007-07-05,71.07231920199501,53.86533665835411,25.187032418952622,56.733167082294266,54.8596329289553
2007-07-06,71.3216957605985,52.36907730673317,24.93765586034913,56.35910224438902,55.13226371357961
2007-07-09,70.32418952618454,54.11471321695761,28.6783042394015,57.13216957605985,55.495882961303295
2007-07-10,65.83541147132169,37.905236907730675,18.453865336658353,47.980049875311714,54.12936785475937
2007-07-11,69.57605985037407,57.605985037406484,27.18204488778055,57.50623441396509,54.743343592796776
2007-07-12,71.82044887780549,68.5785536159601,40.89775561097257,64.66334164588528,56.54697960244923
2007-07-13,72.56857855361596,80.0498753117207,57.605985037406484,71.82044887780549,59.32397401615036
2007-07-16,71.3216957605985,82.29426433915212,55.11221945137157,71.3715710723192,61.51444620818105
2007-07-17,70.07481296758104,82.54364089775561,58.85286783042394,71.57107231920199,63.34292368291213
2007-07-18,68.82793017456359,68.5785536159601,46.38403990024938,64.2643391521197,63.5104537682226
2007-07-19,69.57605985037407,74.81296758104739,50.12468827930174,67.2568578553616,64.19161814770241
2007-07-20,66.58354114713218,63.591022443890274,38.15461346633416,60.00000000000001,63.42950575721107
2007-07-23,67.83042394014963,54.11471321695761,32.66832917705736,56.68329177057356,62.20292139600424
2007-07-24,61.84538653366584,37.905236907730675,18.204488778054863,45.93516209476309,59.24514697759676
2007-07-25,61.59600997506235,39.15211970074813,19.70074812967581,46.48379052369078,56.924900349613864
2007-07-26,55.36159600997507,25.935162094763093,9.72568578553616,37.406483790523694,53.376097338870196
2007-07-27,49.75124378109453,17.16417910447761,6.467661691542288,31.318407960199004,49.36560836092998
2007-07-30,53.73134328358209,29.35323383084577,11.691542288557214,38.00995024875622,47.30094324962566
2007-07-31,49.25373134328358,19.900497512437813,5.721393034825871,31.741293532338307,44.47191602830069
2007-08-01,50.74626865671642,17.412935323383085,6.467661691542288,31.89054726368159,42.184394434733576
2007-08-02,54.47761194029851,19.900497512437813,6.7164179104477615,34.552238805970156,40.79672977495841
2007-08-03,46.01990049751244,10.696517412935323,3.482587064676617,26.91542288557214,38.272855795069994
2007-08-06,53.482587064676615,20.398009950248756,5.223880597014925,33.905472636815915,37.47878612993289
2007-08-07,54.975124378109456,23.6318407960199,8.208955223880597,36.21890547263682,37.24971691951543
2007-08-08,58.2089552238806,30.34825870646766,11.940298507462686,40.59701492537314,37.858316556944104
2007-08-09,48.756218905472636,24.62686567164179,12.437810945273633,34.25373134328358,37.20293742718765
2007-08-10,50.99502487562189,24.62686567164179,7.462686567164178,34.37810945273631,36.68933234092377
2007-08-13,52.23880597014925,31.343283582089555,6.965174129353234,36.91542288557214,36.73043971267802
2007-08-14,43.53233830845771,17.412935323383085,2.736318407960199,27.53731343283582,35.058962207252165
2007-08-15,38.80597014925373,21.641791044776117,3.9800995024875623,26.691542288557212,33.53761313112581
2007-08-16,37.06467661691542,31.343283582089555,7.960199004975125,29.5273631840796,32.808476777117406
2007-08-17,47.2636815920398,37.81094527363184,12.437810945273633,37.462686567164184,33.65469673894409
2007-08-20,47.01492537313433,44.527363184079604,14.17910447761194,39.701492537313435,34.75411415682943
2007-08-21,46.517412935323385,40.298507462686565,12.189054726368159,37.78606965174129,35.30537879226795
2007-08-22,54.47761194029851,46.01990049751244,12.935323383084576,43.6318407960199,36.819280974768304
2007-08-23,51.49253731343284,63.93034825870647,24.62686567164179,49.85074626865672,39.18863830092984
2007-08-24,54.72636815920397,59.70149253731343,18.407960199004975,48.95522388059701,40.964381133596596
2007-08-27,50.24875621890548,43.28358208955223,10.696517412935323,40.24875621890548,40.834267512743665
2007-08-28,42.78606965174129,19.65174129353234,3.9800995024875623,28.08457711442786,38.51614198577716
2007-08-29,50.49751243781094,52.23880597014925,22.63681592039801,45.44776119402985,39.77643638727765
2007-08-30,48.756218905472636,49.50248756218906,14.676616915422885,42.16417910447761,40.21057142676855
2007-08-31,50.74626865671642,60.19900497512438,21.393034825870647,47.71144278606965,41.57436621936875
2007-09-04,54.72636815920397,84.82587064676616,49.50248756218906,62.71144278606964,45.417471049678
2007-09-05,49.50248756218906,86.81592039800995,53.98009950248757,61.592039800995025,48.358301731735644
2007-09-06,50.99502487562189,86.31840796019901,58.457711442786064,63.08457711442786,51.03580634677059
2007-09-07,46.517412935323385,58.457711442786064,25.37313432835821,45.87064676616915,50.09668642302488
2007-09-10,44.776119402985074,53.233830845771145,22.388059701492537,42.83582089552239,48.77652905438806
2007-09-11,48.756218905472636,60.447761194029844,26.865671641791046,47.885572139303484,48.61453688800904
2007-09-12,47.2636815920398,47.51243781094527,20.8955223880597,42.06467661691542,47.42365320235565
2007-09-13,48.756218905472636,57.711442786069654,26.865671641791046,47.06467661691543,47.35838473227561
2007-09-14,50.0,48.507462686567166,19.65174129353234,43.482587064676615,46.65369424725761
2007-09-17,48.00995024875622,54.22885572139303,23.134328358208954,44.9004975124378,46.3349312045631
2007-09-18,59.70149253731343,91.04477611940298,69.40298507462687,71.04477611940298,50.82763027998853
2007-09-19,63.43283582089553,82.83582089552239,56.46766169154229,67.86069651741295,53.924551414065704
2007-09-20,59.950248756218905,81.59203980099502,50.0,64.45273631840796,55.83876685121884
2007-09-21,61.69154228855721,74.37810945273633,44.776119402985074,62.11442786069652,56.97979612566933
2007-09-24,58.457711442786064,61.442786069651746,32.58706467661692,54.179104477611936,56.47057946238616
2007-09-25,57.46268656716418,70.39800995024875,45.77114427860697,59.004975124378106,56.93137867365743
2007-09-26,61.19402985074627,72.636815920398,47.51243781094527,61.89054726368159,57.83304569002545
2007-09-27,62.43781094527363,84.5771144278607,65.92039800995025,69.77611940298507,60.00451363783628
2007-09-28,59.950248756218905,83.5820895522388,63.93034825870647,67.83582089552239,61.4283876846883
2007-10-01,64.42786069651741,85.3233830845771,66.66666666666666,71.14427860696517,63.19491330692046
2007-10-02,65.17412935323384,86.81592039800995,67.66169154228857,72.16417910447761,64.82568890647632
2007-10-03,64.42786069651741,83.5820895522388,62.68656716417911,69.82587064676616,65.73481285925628
2007-10-04,64.92537313432835,83.08457711442786,62.68656716417911,69.92537313432837,66.49673290926938
2007-10-05,67.91044776119402,89.05472636815921,74.12935323383084,75.49751243781094,68.13323827809512
2007-10-08,66.91542288557214,72.13930348258707,49.50248756218906,65.0,67.56355859116873
2007-10-09,69.40298507462687,74.6268656716418,50.99502487562189,67.28855721393035,67.51355834076175
2007-10-10,68.1592039800995,77.61194029850746,56.96517412935324,68.75621890547264,67.73949662525463
2007-10-11,65.4228855721393,71.39303482587064,46.01990049751244,63.33333333333333,66.93837602672347
2007-10-12,68.40796019900498,79.60199004975125,55.72139303482587,69.22885572139303,67.35482688029975
2007-10-15,63.93034825870647,69.15422885572139,44.27860696517413,61.56716417910448,66.30252457099151
2007-10-16,60.447761194029844,59.452736318407965,29.1044776119403,53.88059701492537,64.04399228807038
2007-10-17,61.442786069651746,56.96517412935324,29.35323383084577,53.681592039801,62.15991951565777
2007-10-18,60.19900497512438,59.452736318407965,37.06467661691542,55.34825870646766,60.92143573216866
2007-10-19,52.98507462686567,30.597014925373134,11.940298507462686,38.059701492537314,56.76475677950842
2007-10-22,55.72139303482587,34.07960199004975,14.17910447761194,40.92039800995025,53.88396427595239
2007-10-23,56.46766169154229,45.52238805970149,22.388059701492537,46.3681592039801,52.517454262866515
2007-10-24,54.975124378109456,41.04477611940299,20.398009950248756,43.88059701492538,50.94711658142268
2007-10-25,54.59057071960298,36.22828784119106,17.121588089330025,41.58808933002481,49.2454752629867
2007-10-26,58.06451612903226,42.18362282878412,22.8287841191067,46.2531017369727,48.701407349165976
2007-10-29,59.553349875930515,38.70967741935484,19.602977667493796,45.31017369727047,48.084819412457705
2007-10-30,57.07196029776674,36.972704714640194,17.866004962779154,43.20099255583126,47.19685089307107
2007-10-31,62.531017369727046,51.36476426799007,26.054590570719604,51.88585607940446,48.049397290586235
2007-11-01,51.61290322580645,30.024813895781637,12.903225806451612,37.39454094292803,46.1121506819211
2007-11-02,51.36476426799007,38.46153846153847,19.851116625310176,41.19106699751861,45.217408193847916
2007-11-05,49.62779156327544,39.950372208436725,20.099255583126553,40.81885856079405,44.41767189692903
2007-11-06,53.59801488833747,43.67245657568238,24.317617866004962,44.764267990074444,44.48068936841001
2007-11-07,45.40942928039702,29.280397022332505,14.1439205955335,34.317617866004966,42.63285818615455
2007-11-08,47.146401985111666,44.41687344913151,22.8287841191067,41.464019851116625,42.42034212523856
2007-11-09,44.91315136476427,32.50620347394541,15.384615384615385,35.28535980148884,41.12307261182953
2007-11-12,44.168734491315135,25.31017369727047,10.669975186104217,31.81141439205955,39.43004384459862
2007-11-13,51.1166253101737,40.44665012406948,14.640198511166252,40.62034739454094,39.64646267186086
2007-11-14,47.39454094292804,35.235732009925556,11.910669975186105,36.650124069478906,39.10167383506415
2007-11-15,45.2970297029703,22.772277227722775,7.1782178217821775,30.915841584158418,37.61334069853583
2007-11-16,46.53465346534654,24.00990099009901,7.920792079207921,32.054455445544555,36.60263428890106
2007-11-19,42.32673267326732,18.81188118811881,7.673267326732673,28.341584158415838,35.10062517426738
2007-11-20,44.306930693069305,15.346534653465346,5.9405940594059405,27.945544554455445,33.799701425210664
2007-11-21,39.10891089108911,20.2970297029703,5.9405940594059405,26.831683168316832,32.532789014866324
2007-11-23,42.57425742574257,23.01980198019802,7.425742574257425,29.678217821782177,32.0137760706692
2007-11-26,37.87128712871287,18.316831683168317,6.188118811881188,25.668316831683168,30.86005620903538
2007-11-27,41.089108910891085,18.81188118811881,6.9306930693069315,27.574257425742573,30.26263824843669
2007-11-28,50.24752475247525,52.722772277227726,22.772277227722775,45.495049504950494,33.03216756780284
2007-11-29,49.00990099009901,48.01980198019802,16.831683168316832,42.27722772277228,34.7130875959791
2007-11-30,50.742574257425744,65.0990099009901,27.970297029702973,50.4950495049505,37.58253521579208
2007-12-03,49.257425742574256,64.10891089108911,30.445544554455445,49.95049504950495,39.83125518555806
2007-12-04,48.51485148514851,41.089108910891085,19.801980198019802,40.544554455445535,39.96094596190124
2007-12-05,52.475247524752476,58.168316831683164,30.445544554455445,49.777227722772274,41.74572446387779
2007-12-06,55.940594059405946,77.97029702970298,44.554455445544555,60.27227722772278,45.1141886027587
2007-12-07,57.42574257425742,78.46534653465346,46.28712871287129,61.509900990099005,48.095227218638755
2007-12-10,58.66336633663366,91.0891089108911,67.82178217821783,70.22277227722773,52.118417229291296
2007-12-11,51.23762376237624,75.99009900990099,35.148514851485146,55.445544554455445,52.72334947023023
2007-12-12,52.97029702970298,85.39603960396039,54.207920792079214,62.945544554455445,54.58193039463482
2007-12-13,53.21782178217822,75.24752475247524,46.53465346534654,58.49009900990099,55.29250650650139
2007-12-14,47.02970297029702,79.70297029702971,47.524752475247524,56.93069306930693,55.590358608829675
2007-12-17,42.32673267326732,56.930693069306926,23.01980198019802,42.84653465346534,53.273299707854335
2007-12-18,44.05940594059406,40.84158415841584,13.613861386138614,37.004950495049506,50.3154180327989
2007-12-19,44.306930693069305,41.83168316831683,14.356435643564355,37.57425742574257,47.998843376970484
2007-12-20,45.79207920792079,38.86138613861386,18.316831683168317,38.21782178217822,46.22047581428098
2007-12-21,49.00990099009901,55.693069306930695,27.722772277227726,46.757425742574256,46.31810307397066
2007-12-24,51.98019801980198,66.58415841584159,33.663366336633665,52.698019801980195,47.47808793360876
2007-12-26,52.22772277227723,52.475247524752476,23.26732673267327,46.50990099009901,47.30205394387972
2007-12-27,46.78217821782179,27.22772277227723,10.14851485148515,33.58910891089109,44.80879121060906
2007-12-28,47.277227722772274,28.960396039603957,9.900990099009901,34.306930693069305,42.899362025601825
2007-12-31,45.2970297029703,16.584158415841586,6.683168316831684,28.960396039603964,40.365004573602214
2008-01-02,40.5940594059406,24.504950495049506,9.158415841584159,29.480198019801982,38.38594883654763
2008-01-03,39.10891089108911,21.534653465346533,7.425742574257425,27.5,36.40668541172079
2008-01-04,36.13861386138614,10.396039603960396,1.9801980198019802,21.584158415841586,33.71168050337911
2008-01-07,37.12871287128713,21.287128712871286,6.683168316831684,26.287128712871286,32.36176199601405
2008-01-08,33.16831683168317,22.524752475247524,9.158415841584159,25.173267326732674,31.054762965235618
2008-01-09,34.900990099009896,24.752475247524753,10.643564356435643,27.0049504950495,30.318433425201782
2008-01-10,36.13861386138614,29.207920792079207,13.366336633663368,29.504950495049506,30.17052743790137
2008-01-11,32.92079207920792,20.544554455445542,7.673267326732673,24.158415841584155,29.077416238570965
2008-01-14,34.65346534653465,17.326732673267326,5.198019801980198,23.564356435643564,28.0750417289478
2008-01-15,30.693069306930692,10.396039603960396,2.722772277227723,19.00990099009901,26.42683432188438
2008-01-16,28.465346534653463,10.396039603960396,2.722772277227723,17.896039603960396,24.875780736807293
2008-01-17,23.51485148514851,7.673267326732673,2.4752475247524752,14.554455445544553,22.999176138395885
2008-01-18,21.287128712871286,6.435643564356436,1.2376237623762376,12.82178217821782,21.148740872908963
2008-01-22,18.06930693069307,7.1782178217821775,1.4851485148514851,11.485148514851486,19.391724080534875
2008-01-23,20.544554455445542,19.554455445544555,6.9306930693069315,17.524752475247524,19.052274697755358
2008-01-24,21.03960396039604,24.00990099009901,6.683168316831684,19.05940594059406,19.053571287362395
2008-01-25,20.049504950495052,27.475247524752476,11.138613861386139,20.495049504950497,19.315658236014777
2008-01-28,21.782178217821784,34.65346534653465,15.346534653465346,24.356435643564357,20.232163219205606
2008-01-29,23.762376237623762,44.554455445544555,23.51485148514851,29.95049504950495,21.9991326428964
2008-01-30,21.782178217821784,38.613861386138616,19.554455445544555,26.386138613861387,22.796770092162763
2008-01-31,25.495049504950494,41.089108910891085,20.2970297029703,29.133663366336634,23.948932505648926
2008-02-01,31.435643564356436,54.95049504950495,34.65346534653465,39.133663366336634,26.709792662137602
2008-02-04,28.465346534653463,50.0,25.495049504950494,34.33168316831683,28.09559093598837
2008-02-05,21.03960396039604,45.54455445544555,23.01980198019802,28.787128712871286,28.221325077239808
2008-02-06,19.05940594059406,44.306930693069305,16.33663366336634,26.089108910891092,27.83364941063095
2008-02-07,21.534653465346533,59.65346534653465,36.13861386138614,35.89108910891089,29.29863844668185
2008-02-08,20.2970297029703,60.89108910891089,32.42574257425743,34.9009900990099,30.317247838014225
2008-02-11,22.772277227722775,69.05940594059405,36.88118811881188,39.480198019801975,31.983238780157453
2008-02-12,23.26732673267327,60.396039603960396,29.455445544554454,35.64356435643565,32.64875252129894
2008-02-13,25.99009900990099,63.86138613861386,32.92079207920792,38.73762376237624,33.755820019676634
2008-02-14,22.524752475247524,61.386138613861384,29.7029702970297,35.618811881188115,34.094545812678724
2008-02-15,22.277227722772277,50.495049504950494,22.277227722772277,30.742574257425744,33.48509643899636
2008-02-19,23.01980198019802,46.28712871287129,19.801980198019802,29.356435643564357,32.7344308398269
2008-02-20,24.504950495049506,55.940594059405946,26.732673267326735,34.381188118811885,33.033841254187806
2008-02-21,21.287128712871286,34.4059405940594,14.603960396039604,23.886138613861384,31.370622592310273
2008-02-22,22.02970297029703,27.970297029702973,10.396039603960396,21.48514851485149,29.573263669135947
2008-02-25,27.22772277227723,41.336633663366335,18.06930693069307,29.628712871287128,29.58334534225434
2008-02-26,30.445544554455445,66.33663366336634,39.851485148514854,43.09405940594059,32.03983880837911
2008-02-27,28.217821782178216,70.79207920792079,47.02970297029702,44.75247524752476,34.35122725186014
2008-02-28,25.742574257425744,54.207920792079214,29.455445544554454,35.024752475247524,34.473686383385115
2008-02-29,19.306930693069308,40.099009900990104,18.316831683168317,25.346534653465348,32.814204250672425
2008-03-03,21.534653465346533,40.5940594059406,17.07920792079208,26.36138613861386,31.640964593934505
2008-03-04,20.792079207920793,32.92079207920792,12.871287128712872,22.846534653465348,30.041977332031017
2008-03-05,22.772277227722775,28.71287128712871,12.128712871287128,22.425742574257427,28.657207376072183
2008-03-06,19.801980198019802,25.0,8.91089108910891,19.183168316831683,26.934654819846635
2008-03-07,17.07920792079208,18.81188118811881,6.9306930693069315,15.56930693069307,24.868227930909622
2008-03-10,13.613861386138614,13.366336633663368,4.9504950495049505,11.806930693069308,22.493446614938655
2008-03-11,20.049504950495052,27.475247524752476,6.435643564356436,19.554455445544555,21.959084584139728
2008-03-12,20.049504950495052,27.475247524752476,6.9306930693069315,19.653465346534656,21.53988108639335
2008-03-13,20.792079207920793,28.465346534653463,10.396039603960396,21.01485148514851,21.44442115889429
2008-03-14,17.82178217821782,13.861386138613863,3.217821782178218,13.712871287128712,20.038684818573273
2008-03-17,14.814814814814813,9.135802469135802,1.728395061728395,10.493827160493826,18.303256153467917
2008-03-18,22.71604938271605,22.71604938271605,6.419753086419753,19.45679012345679,18.512989602556804
2008-03-19,18.7192118226601,19.704433497536947,4.926108374384237,16.256157635467982,18.102656517631562
2008-03-20,21.67487684729064,47.04433497536946,21.67487684729064,29.285714285714285,20.135939748192058
2008-03-24,26.354679802955665,60.3448275862069,27.832512315270936,36.847290640394085,23.174367183137882
2008-03-25,27.586206896551722,64.77832512315271,28.57142857142857,38.94088669950739,26.04100709520507
2008-03-26,25.12315270935961,57.88177339901478,15.270935960591133,32.98029556650246,27.302695908168236
2008-03-27,24.137931034482758,65.02463054187191,24.63054187192118,36.50246305418719,28.975380843808047
2008-03-28,22.413793103448278,64.28571428571429,24.38423645320197,35.36945812807882,30.137940350039095
2008-03-31,23.645320197044335,76.10837438423646,39.40886699507389,42.536945812807886,32.39230497963342
2008-04-01,32.26600985221675,77.0935960591133,42.610837438423644,47.78325123152709,35.19065884361409
2008-04-02,31.527093596059114,83.00492610837439,51.47783251231527,50.960591133004925,38.05791925986697
2008-04-03,34.48275862068966,82.51231527093597,44.827586206896555,50.96059113300493,40.40385960043751
2008-04-04,35.467980295566505,90.39408866995073,64.03940886699507,57.66009852216749,43.541357586206594
2008-04-07,33.497536945812804,93.10344827586206,74.38423645320196,59.556650246305416,46.453228978951834
2008-04-08,32.51231527093596,80.78817733990148,46.79802955665024,49.85221674876847,47.07122675528214
2008-04-09,29.310344827586203,82.75862068965517,53.20197044334976,50.1231527093596,47.62612238329623
2008-04-10,30.295566502463057,72.41379310344827,41.6256157635468,45.19704433497537,47.184471829056065
2008-04-11,25.615763546798032,47.53694581280788,22.660098522167488,31.60098522167488,44.35111062771403
2008-04-14,25.12315270935961,42.364532019704434,19.21182266009852,29.113300492610836,41.580599694058904
2008-04-15,27.093596059113302,54.679802955665025,24.876847290640395,34.926108374384235,40.37069218139078
2008-04-16,36.45320197044335,76.60098522167488,50.0,51.20689655172414,42.34091115781503
2008-04-17,35.960591133004925,78.57142857142857,53.94088669950739,52.33990147783251,44.158909397818206
2008-04-18,40.88669950738916,81.5270935960591,61.822660098522164,57.26600985221675,46.54201857134521
2008-04-21,39.90147783251231,60.83743842364532,34.72906403940887,45.14778325123152,46.28852124041545
2008-04-22,35.221674876847295,49.26108374384236,26.108374384236456,37.610837438423644,44.710760549144204
2008-04-23,39.55773955773956,56.01965601965602,30.22113022113022,42.62899262899263,44.33225729093483
2008-04-24,41.76904176904177,61.67076167076168,33.90663390663391,46.167076167076175,44.66586072296053
2008-04-25,43.73464373464373,67.32186732186733,39.80343980343981,50.024570024570025,45.64017150507134
2008-04-28,44.47174447174447,68.3046683046683,42.50614250614251,51.22850122850122,46.65623145478587
2008-04-29,43.73464373464373,73.95577395577395,47.91154791154791,53.63636363636363,47.92534639689092
2008-04-30,42.26044226044226,69.53316953316954,40.78624078624078,50.14742014742014,48.32935980607805
2008-05-01,48.894348894348894,84.76658476658476,64.86486486486487,62.85012285012285,50.96949854135893
2008-05-02,50.122850122850124,86.24078624078624,67.32186732186733,64.3980343980344,53.41105051529993
2008-05-05,49.385749385749385,85.01228501228502,60.1965601965602,62.235872235872236,55.015563555403986
2008-05-06,50.368550368550366,72.72727272727273,48.157248157248155,56.63390663390664,55.309807751495384
2008-05-07,46.07843137254902,65.19607843137256,32.59803921568628,49.11764705882353,54.183960352827775
2008-05-08,46.32352941176471,54.65686274509803,28.186274509803923,45.196078431372555,52.549800003472285
2008-05-09,45.83333333333333,54.65686274509803,27.941176470588236,44.90196078431372,51.15928378180708
2008-05-12,50.0,74.01960784313727,45.09803921568628,56.22549019607843,52.08041222076551
2008-05-13,50.245098039215684,70.34313725490196,41.911764705882355,54.607843137254896,52.53994511467267
2008-05-14,52.94117647058824,69.11764705882352,40.68627450980392,55.34313725490196,53.04961641289617
2008-05-15,55.14705882352941,68.38235294117648,39.950980392156865,56.078431372549026,53.60031004192396
2008-05-16,54.41176470588235,69.36274509803921,39.46078431372549,55.90686274509804,54.01968326068289
2008-05-19,55.14705882352941,69.85294117647058,39.950980392156865,56.51960784313726,54.47421500294731
2008-05-20,52.20588235294118,68.13725490196079,39.46078431372549,54.43627450980392,54.46731673146669
2008-05-21,47.549019607843135,39.46078431372549,20.588235294117645,39.73039215686274,51.78787589972052
2008-05-22,48.77450980392157,43.13725490196079,21.813725490196077,41.69117647058823,49.95211236715102
2008-05-23,42.40196078431372,35.78431372549019,17.401960784313726,35.416666666666664,47.30930405797205
2008-05-27,46.32352941176471,40.44117647058824,20.833333333333336,39.46078431372549,45.88230046810904
2008-05-28,48.03921568627451,59.31372549019608,30.88235294117647,47.990196078431374,46.265554215440375
2008-05-29,51.470588235294116,63.725490196078425,34.31372549019608,51.71568627450979,47.25648731708936
2008-05-30,50.98039215686274,67.40196078431373,37.99019607843137,53.30882352941177,48.35691208296616
2008-06-02,47.05882352941176,47.05882352941176,19.607843137254903,41.56862745098039,47.12267851351421
2008-06-03,45.34313725490196,45.34313725490196,19.852941176470587,40.245098039215684,45.87220933636902
2008-06-04,47.549019607843135,42.40196078431372,18.872549019607842,40.26960784313725,44.853554519417784
2008-06-05,53.18627450980392,50.49019607843137,26.47058823529412,47.03431372549019,45.25005619324913
2008-06-06,42.8921568627451,27.205882352941174,7.598039215686274,31.127450980392155,42.682309790911496
2008-06-09,42.8921568627451,27.696078431372552,8.333333333333332,31.42156862745098,40.63490230664594
2008-06-10,41.911764705882355,31.372549019607842,9.313725490196079,32.23039215686274,39.1068095521399
2008-06-11,37.00980392156863,25.0,7.8431372549019605,27.57352941176471,37.00984952661713
2008-06-12,39.950980392156865,27.450980392156865,8.333333333333332,29.877450980392158,35.71304979093986
2008-06-13,43.38235294117647,48.28431372549019,18.38235294117647,39.85294117647059,36.46575731558181
2008-06-16,43.627450980392155,39.21568627450981,15.686274509803921,36.71568627450981,36.51119894447781
2008-06-17,41.80929095354523,33.251833740831295,9.7799511002445,32.836185819070906,35.843014739858376
2008-06-18,38.386308068459655,23.227383863080682,7.579462102689487,27.67726161369193,34.358332353282655
2008-06-19,41.80929095354523,27.383863080684595,7.090464547677261,30.537897310513443,33.66370780005189
2008-06-20,37.163814180929094,24.205378973105134,5.623471882640587,26.968215158924206,32.446345501665036
2008-06-23,35.69682151589242,21.515892420537895,8.06845965770171,25.916870415647917,31.25916821329828
2008-06-24,34.71882640586797,16.87041564792176,5.134474327628362,23.447432762836186,29.83885267685062
2008-06-25,35.94132029339853,12.224938875305623,3.6674816625916873,22.371638141809292,28.481177306843104
2008-06-26,29.584352078239608,12.95843520782396,4.156479217603912,19.511002444987774,26.850236422869408
2008-06-27,28.117359413202937,11.00244498777506,3.1784841075794623,17.99511002444988,25.240213441338582
2008-06-30,27.87286063569682,15.158924205378973,4.156479217603912,19.315403422982882,24.162975256183003
2008-07-01,27.87286063569682,22.73838630806846,8.80195599022005,22.51833740831296,23.8639501929339
2008-07-02,23.71638141809291,14.180929095354522,5.8679706601467,17.286063569682153,22.66797080688813
2008-07-03,22.982885085574573,9.535452322738386,2.444987775061125,14.841075794621027,21.244898986475928
2008-07-07,22.249388753056234,6.601466992665037,1.9559902200488997,13.496332518337407,19.836068719541654
2008-07-08,27.87286063569682,14.425427872860636,3.9119804400977993,19.04645476772616,19.69250254648429
2008-07-09,24.449877750611247,13.691931540342297,5.134474327628362,17.359413202933986,19.268304484020597
2008-07-10,25.4278728606357,11.246943765281173,4.88997555012225,17.066014669926652,18.867888154185334
2008-07-11,23.4718826405868,13.691931540342297,5.134474327628362,16.87041564792176,18.504711334864684
2008-07-14,22.249388753056234,14.425427872860636,3.4229828850855744,16.13691931540342,18.074203694962634
2008-07-15,21.026894865525673,16.381418092909534,4.88997555012225,16.405867970660147,17.770869926907636
2008-07-16,27.139364303178482,21.515892420537895,7.334963325183375,21.491442542787283,18.447337675249393
2008-07-17,28.606356968215156,46.21026894865526,20.78239608801956,32.32273838630807,20.97013780453279
2008-07-18,30.073349633251834,47.92176039119804,23.227383863080682,34.05867970660147,23.349872695818007
2008-07-21,29.82885085574572,44.987775061124694,21.026894865525673,32.6161369193154,25.034648009181172
2008-07-22,32.76283618581907,58.679706601467,31.295843520782395,40.24449877750611,27.800075421603886
2008-07-23,34.71882640586797,69.19315403422983,42.053789731051346,46.5281173594132,31.205173955751036
2008-07-24,27.628361858190708,57.457212713936435,26.405867970660147,36.33251833740832,32.13741838877963
2008-07-25,29.095354523227385,61.12469437652812,32.76283618581907,39.437652811735944,33.46473373840805
2008-07-28,26.405867970660147,41.56479217603912,13.691931540342297,28.41075794621027,32.54582904891755
2008-07-29,30.80684596577017,65.03667481662592,36.91931540342298,42.298288508557455,34.3190034961248
2008-07-30,33.251833740831295,66.74816625916871,40.831295843520785,44.81662591687042,36.22766211807855
2008-07-31,32.27383863080684,67.97066014669927,41.56479217603912,44.84107579462103,37.79373733199536
2008-08-01,30.317848410757946,67.23716381418093,42.298288508557455,43.789731051344745,38.883918008240705
2008-08-04,28.850855745721272,65.77017114914425,46.69926650366748,43.496332518337404,39.72253882825829
2008-08-05,37.40831295843521,67.97066014669927,45.965770171149146,48.28850855745721,41.27998786993082
2008-08-06,37.65281173594132,63.56968215158925,37.163814180929094,45.33007334963325,42.01636704805854
2008-08-07,35.2078239608802,58.19070904645477,27.87286063569682,40.63569682151589,41.765336097778054
2008-08-08,41.075794621026894,72.37163814180929,46.21026894865526,51.49144254278728,43.53371908777973
2008-08-11,44.743276283618584,69.92665036674816,44.987775061124694,52.34718826405867,45.13616802892136
2008-08-12,42.053789731051346,63.81418092909536,33.98533007334964,46.96821515892421,45.469267507103694
2008-08-13,41.075794621026894,76.5281173594132,44.25427872860636,52.34718826405869,46.719798553822784
2008-08-14,42.54278728606357,75.79462102689487,47.43276283618582,53.49633251833741,47.951895638279986
2008-08-15,45.2322738386308,82.15158924205379,65.03667481662592,60.26894865525672,50.19135982318485
2008-08-18,41.56479217603912,66.25916870415648,39.60880195599022,48.58190709046455,49.89873205359934
2008-08-19,38.386308068459655,55.256723716381416,24.938875305623473,40.75794621026894,48.236770991175625
2008-08-20,39.119804400978,61.858190709046454,26.65036674816626,43.447432762836186,47.365982222386634
2008-08-21,37.65281173594132,63.81418092909536,31.295843520782395,44.229828850855746,46.79577251847193
2008-08-22,43.76528117359413,79.70660146699267,44.49877750611247,54.69437652811736,48.231882338407466
2008-08-25,37.40831295843521,42.78728606356968,14.425427872860636,34.42542787286064,45.72161789012622
2008-08-26,39.119804400978,43.03178484107579,14.91442542787286,35.45232273838631,43.8544733170826
2008-08-27,42.54278728606357,62.8361858190709,26.405867970660147,45.40342298288508,44.136100529046686
2008-08-28,46.9437652811736,55.99022004889975,18.581907090464547,43.98533007334963,44.108687718919946
2008-08-29,42.54278728606357,32.27383863080684,9.04645476772616,32.76283618581907,42.045805621992514
2008-09-02,44.25427872860636,45.72127139364303,14.425427872860636,38.728606356968214,41.442678482897186
2008-09-03,43.27628361858191,43.76528117359413,20.537897310513447,38.87530562347189,40.97588341754713
2008-09-04,33.007334963325185,22.493887530562347,5.378973105134474,24.32762836185819,37.94892795287642
2008-09-05,33.496332518337404,18.82640586797066,4.645476772616137,23.325183374083128,35.290065302186726
2008-09-08,42.053789731051346,44.25427872860636,18.82640586797066,38.06845965770171,35.79522791228036
2008-09-09,34.229828850855746,41.32029339853301,13.93643031784841,32.298288508557455,35.159420747967104
2008-09-10,34.96332518337408,42.053789731051346,14.425427872860636,32.98288508557457,34.76368699116846
2008-09-11,37.65281173594132,49.1442542787286,21.026894865525673,37.775061124694375,35.311209560900444
2008-09-12,38.141809290953546,40.34229828850856,16.13691931540342,34.400977995110026,35.145712912574915
2008-09-15,29.82885085574572,32.02933985330073,14.91442542787286,27.506112469437653,33.75669465018632
2008-09-16,34.474327628361856,40.34229828850856,17.6039119804401,32.86063569682152,33.59377484048363
2008-09-17,23.96088019559902,20.048899755501225,5.8679706601467,19.16870415647922,30.97103471611919
2008-09-18,36.674816625916876,30.073349633251834,11.491442542787286,29.657701711491445,30.732246897095962
2008-09-19,44.743276283618584,44.743276283618584,19.559902200489,39.706601466992666,32.36394772798628
2008-09-22,31.05134474327628,26.894865525672373,3.6674816625916873,24.327628361858192,30.902798752326625
2008-09-23,26.65036674816626,19.80440097799511,2.444987775061125,19.755501222493887,28.876017383266124
2008-09-24,26.894865525672373,29.095354523227385,4.88997555012225,23.154034229828852,27.835656809913896
2008-09-25,31.05134474327628,36.43031784841076,7.579462102689487,27.970660146699267,27.860202871147603
2008-09-26,31.295843520782395,26.894865525672373,3.6674816625916873,24.449877750611247,27.24014375832281
2008-09-29,18.581907090464547,12.71393643031785,1.7114914425427872,13.447432762836184,24.732378122779785
2008-09-30,25.67237163814181,20.78239608801956,2.93398533007335,19.65770171149144,23.80970968436372
2008-10-01,23.4718826405868,16.87041564792176,1.7114914425427872,17.139364303178485,22.596919615057313
2008-10-02,17.84841075794621,10.513447432762836,0.7334963325183375,12.224938875305622,20.71110493510246
2008-10-03,14.66992665036675,13.202933985330073,0.4889975550122249,11.39364303178484,19.01702095268107
2008-10-06,8.557457212713937,5.378973105134474,0.0,5.89242053789731,16.63072996817493
2008-10-07,4.645476772616137,4.88997555012225,0.24449877750611246,3.838630806845966,14.304893757024209
2008-10-08,3.9119804400977993,1.466992665036675,0.0,2.396088019559902,12.139656350212515
2008-10-09,0.7334963325183375,0.0,0.0,0.36674816625916873,9.999127589493725
2008-10-10,2.2004889975550124,0.4889975550122249,0.0,1.2469437652811737,8.407821439636896
2008-10-13,6.601466992665037,2.689486552567237,0.0,4.10757946210269,7.625959261903404
2008-10-14,4.156479217603912,1.9559902200488997,0.0,2.665036674816626,6.723973336978534
2008-10-15,1.466992665036675,0.0,0.0,0.7334963325183375,5.634795699803952
2008-10-16,3.1784841075794623,0.9779951100244498,0.0,1.8826405867970661,4.952585679257245
2008-10-17,2.93398533007335,4.156479217603912,0.9779951100244498,2.9095354523227384,4.58112200163279
2008-10-20,3.9119804400977993,3.9119804400977993,0.4889975550122249,3.2273838630806844,4.334987794623316
2008-10-21,3.9119804400977993,2.2004889975550124,0.24449877750611246,2.665036674816626,4.031360318294827
2008-10-22,2.444987775061125,1.7114914425427872,0.4889975550122249,1.8337408312958434,3.6317931388404667
2008-10-23,2.2004889975550124,2.2004889975550124,0.24449877750611246,1.8092909535452324,3.3004291051504238
2008-10-24,1.9559902200488997,3.1784841075794623,0.24449877750611246,1.980440097799511,3.0604311038138943
2008-10-27,1.466992665036675,4.645476772616137,0.4889975550122249,2.2249388753056234,2.9085234259032995
2008-10-28,2.444987775061125,25.4278728606357,2.2004889975550124,9.290953545232275,4.068965265781296
2008-10-29,3.4229828850855744,47.67726161369193,9.290953545232274,17.87286063569682,6.5787644239477565
2008-10-30,4.88997555012225,56.234718826405874,16.625916870415647,22.640586797066014,9.499095764514713
2008-10-31,7.090464547677261,29.584352078239608,6.845965770171149,13.789731051344742,10.279211271211082
2008-11-03,6.356968215158925,34.96332518337408,5.134474327628362,14.69437652811736,11.081968590648588
2008-11-04,8.557457212713937,78.72860635696821,42.298288508557455,36.35696821515892,15.677423067832287
2008-11-05,4.645476772616137,50.12224938875306,10.024449877750612,19.364303178484107,16.347764906132618
2008-11-06,3.9119804400977993,29.82885085574572,3.6674816625916873,11.638141809290953,15.491469797615952
2008-11-07,4.400977995110025,22.493887530562347,3.4229828850855744,9.633251833740832,14.426339258729566
2008-11-10,3.9119804400977993,26.894865525672373,3.4229828850855744,10.709046454767726,13.750467839827413
2008-11-11,2.444987775061125,42.54278728606357,7.823960880195599,15.550122249388753,14.07767773247493
2008-11-12,1.9559902200488997,25.183374083129586,3.1784841075794623,9.168704156479217,13.18513708229389
2008-11-13,4.400977995110025,63.08068459657702,20.537897310513447,25.23227383863081,15.375525583446057
2008-11-14,2.2004889975550124,57.701711491442545,16.381418092909534,21.687041564792175,16.523073943690804
2008-11-17,2.689486552567237,23.4718826405868,3.1784841075794623,9.022004889975552,15.159243206651666
2008-11-18,2.689486552567237,22.493887530562347,3.6674816625916873,8.826405867970658,14.007818235982391
2008-11-19,1.466992665036675,3.9119804400977993,0.4889975550122249,2.004889975550122,11.825467643176523
2008-11-20,0.7334963325183375,0.7334963325183375,0.24449877750611246,0.6356968215158925,9.790963857420044
2008-11-21,1.466992665036675,5.623471882640587,0.24449877750611246,2.469437652811736,8.459777274763987
2008-11-24,2.2004889975550124,6.845965770171149,0.24449877750611246,3.202933985330073,7.503987585776001
2008-11-25,1.9559902200488997,16.381418092909534,1.466992665036675,6.185819070904645,7.264320583072117
2008-11-26,3.4229828850855744,37.163814180929094,7.579462102689487,14.376528117359411,8.557449225669808
2008-11-28,3.4229828850855744,33.007334963325185,5.8679706601467,12.787286063569683,9.326510468924331
2008-12-01,0.9779951100244498,12.469437652811736,0.9779951100244498,4.425427872860635,8.435404542367296
2008-12-02,1.7114914425427872,26.65036674816626,1.466992665036675,9.144254278728607,8.564286312614808
2008-12-03,3.1784841075794623,57.701711491442545,10.757946210268948,21.05134474327628,10.834660572735077
2008-12-04,2.2004889975550124,20.293398533007334,3.4229828850855744,7.872860635696822,10.296151493273577
2008-12-05,4.156479217603912,54.76772616136919,13.447432762836186,21.19804400977995,12.27831376900201
2008-12-08,4.88997555012225,74.81662591687042,28.361858190709043,30.56234718826406,15.602683481595113
2008-12-09,3.1784841075794623,67.97066014669927,17.84841075794621,25.550122249388753,17.41130871210305
2008-12-10,3.4229828850855744,88.01955990220048,52.32273838630807,38.58190709046454,21.26050841725969
2008-12-11,2.444987775061125,94.37652811735941,60.880195599022,41.71149144254278,24.978868967311165
2008-12-12,3.1784841075794623,84.84107579462102,46.9437652811736,36.43031784841075,27.060950582056545
2008-12-15,2.444987775061125,63.81418092909536,19.80440097799511,24.32762836185819,26.563982905656847
2008-12-16,5.623471882640587,79.21760391198043,34.474327628361856,33.47188264058679,27.819964675644112
2008-12-17,4.645476772616137,64.79217603911981,22.493887530562347,26.25916870415648,27.536183589919084
2008-12-18,4.645476772616137,53.54523227383863,18.337408312958438,22.053789731051342,26.539384706488587
2008-12-19,5.134474327628362,86.79706601466992,57.94621026894865,40.195599022004885,29.02233276385519
2008-12-22,4.88997555012225,72.86063569682152,35.94132029339853,31.491442542787286,29.47126181457012
2008-12-23,4.156479217603912,57.701711491442545,22.73838630806846,23.93643031784841,28.464928815166175
2008-12-24,4.645476772616137,70.17114914425427,37.40831295843521,30.85574572127139,28.899622798094395
2008-12-26,4.88997555012225,55.74572127139364,25.4278728606357,24.25427872860636,28.055014785460205
2008-12-29,4.645476772616137,36.674816625916876,13.93643031784841,16.112469437652813,25.88364290404068
2008-12-30,5.623471882640587,61.61369193154034,28.606356968215156,27.017114914425427,26.089728724110635
2008-12-31,6.601466992665037,62.10268948655256,29.3398533007335,27.799511002444987,26.40059822926234
2009-01-02,9.290953545232274,89.73105134474328,66.50366748166259,44.86552567237164,29.757857764373124
2009-01-05,7.823960880195599,84.3520782396088,59.41320293398533,41.100244498777506,31.820109897901194
2009-01-06,6.845965770171149,89.48655256723717,73.83863080684596,45.03667481662592,34.223121701305686
2009-01-07,5.134474327628362,63.56968215158925,28.117359413202937,27.26161369193154,32.95739297232856
2009-01-08,5.8679706601467,66.50366748166259,32.76283618581907,29.437652811735937,32.317440215857175
2009-01-09,5.378973105134474,60.880195599022,24.69437652811736,25.892420537897312,31.149254819864474
2009-01-12,4.400977995110025,43.52078239608802,14.91442542787286,18.239608801955992,28.802046452972025
2009-01-13,3.6674816625916873,54.278728606356964,21.76039119804401,22.469437652811735,27.650663034761063
2009-01-14,2.93398533007335,43.52078239608802,13.93643031784841,17.31051344743276,25.770635837065004
2009-01-15,3.4229828850855744,47.67726161369193,16.13691931540342,19.242053789731052,24.58362091936792
2009-01-16,4.400977995110025,50.36674816625917,17.6039119804401,20.83129584352078,23.901379996486625
2009-01-20,2.93398533007335,29.584352078239608,8.312958435207824,12.004889975550121,21.738381810861807
2009-01-21,3.9119804400977993,32.02933985330073,8.80195599022005,13.32518337408313,20.208709367811135
2009-01-22,4.156479217603912,20.293398533007334,5.8679706601467,9.339853300733497,18.232553719251563
2009-01-23,3.9119804400977993,13.447432762836186,2.444987775061125,6.47921760391198,16.095583516462543
2009-01-26,5.623471882640587,16.87041564792176,4.400977995110025,8.753056234718827,14.760578556145504
2009-01-27,5.378973105134474,19.070904645476773,7.090464547677261,9.82885085574572,13.86390079243645
2009-01-28,7.090464547677261,39.119804400978,14.180929095354522,18.117359413202934,14.637256905303083
2009-01-29,5.623471882640587,25.91687041564792,8.312958435207824,12.249388753056234,14.20309905944002
2009-01-30,5.134474327628362,27.383863080684595,6.601466992665037,12.102689486552565,13.82120640982412
2009-02-02,6.356968215158925,35.2078239608802,10.513447432762836,15.843520782396089,14.188899932109932
2009-02-03,6.601466992665037,38.386308068459655,15.403422982885084,17.89731051344743,14.863156401444025
2009-02-04,6.601466992665037,54.76772616136919,24.205378973105134,24.5721271393643,16.62842380833862
2009-02-05,7.334963325183375,58.19070904645477,25.91687041564792,26.308068459657704,18.388359199487546
2009-02-06,9.04645476772616,62.59168704156479,30.317848410757946,29.364303178484107,20.383985377486923
2009-02-09,8.06845965770171,78.239608801956,52.81173594132029,38.06845965770171,23.599344337525977
2009-02-10,5.623471882640587,44.987775061124694,18.581907090464547,20.024449877750612,22.94936352665773
2009-02-11,6.112469437652812,56.47921760391198,24.69437652811736,24.938875305623473,23.31109294101514
2009-02-12,7.090464547677261,54.76772616136919,27.139364303178482,25.403422982885083,23.691516584991493
2009-02-13,6.845965770171149,47.92176039119804,22.249388753056234,22.249388753056234,23.429311524639626
2009-02-17,4.645476772616137,25.183374083129586,7.090464547677261,11.295843520782396,21.22322643302922
2009-02-18,4.156479217603912,14.180929095354522,4.400977995110025,7.212713936430316,18.675860524556693
2009-02-19,4.156479217603912,19.070904645476773,6.356968215158925,9.070904645476773,16.929504910178526
2009-02-20,4.400977995110025,23.4718826405868,8.80195599022005,11.002444987775062,15.851857651559714
2009-02-23,3.1784841075794623,15.158924205378973,4.400977995110025,7.017114914425428,14.24554079026257
2009-02-24,4.400977995110025,20.78239608801956,5.623471882640587,9.559902200488997,13.39360650121283
2009-02-25,3.1784841075794623,16.87041564792176,4.88997555012225,7.6283618581907096,12.345380202481534
2009-02-26,2.444987775061125,10.513447432762836,2.2004889975550124,4.816625916870416,10.976515786915876
2009-02-27,2.444987775061125,5.623471882640587,1.2224938875305624,3.154034229828851,9.554246412900053
2009-03-02,1.466992665036675,2.444987775061125,0.4889975550122249,1.56479217603912,8.101618369834428
2009-03-03,1.466992665036675,6.112469437652812,1.2224938875305624,2.8117359413202934,7.139821564650039
2009-03-04,1.7114914425427872,8.312958435207824,1.9559902200488997,3.7408312958435204,6.521823333957944
2009-03-05,1.7114914425427872,4.156479217603912,1.2224938875305624,2.3471882640586794,5.762798775794441
2009-03-06,1.466992665036675,4.400977995110025,1.2224938875305624,2.2982885085574574,5.132887818114989
2009-03-09,1.466992665036675,8.312958435207824,1.9559902200488997,3.6185819070904643,4.857559470655985
2009-03-10,2.444987775061125,19.559902200489,5.378973105134474,8.166259168704157,5.459141233937471
2009-03-11,2.689486552567237,25.4278728606357,8.312958435207824,10.635696821515893,6.40033315895173
2009-03-12,3.4229828850855744,39.119804400978,14.425427872860636,16.332518337408313,8.206185009580201
2009-03-13,3.1784841075794623,55.99022004889975,22.00488997555012,22.78728606356968,10.857294292123743
2009-03-16,2.93398533007335,33.74083129584352,10.268948655256724,13.643031784841078,11.36379201807235
2009-03-17,3.9119804400977993,55.99022004889975,19.315403422982886,22.6161369193154,13.409672909207453
2009-03-18,5.623471882640587,75.79462102689487,35.69682151589242,32.68948655256724,16.915093571636508
2009-03-19,5.623471882640587,79.21760391198043,34.229828850855746,33.422982885085574,19.916527992263614
2009-03-20,4.400977995110025,87.28606356968214,52.32273838630807,38.85085574572127,23.359133038346826
2009-03-23,8.557457212713937,96.08801955990221,80.1955990220049,49.14425427872861,28.047336900234423
2009-03-24,6.845965770171149,89.48655256723717,64.30317848410758,43.12958435207824,30.789563709660573
2009-03-25,7.579462102689487,96.08801955990221,84.3520782396088,49.48655256723716,34.18901622921996
2009-03-26,11.7359413202934,96.57701711491443,89.48655256723717,52.738386308068456,37.56162897082878
2009-03-27,9.04645476772616,97.06601466992664,87.28606356968214,51.1002444987775,40.02319543045582
2009-03-30,7.334963325183375,89.97555012224939,58.924205378973106,42.44498777506112,40.46352131129315
2009-03-31,8.06845965770171,92.66503667481662,63.81418092909536,44.59657701711491,41.214985985078926
2009-04-01,9.7799511002445,87.28606356968214,53.0562347188264,41.687041564792175,41.30081427229951
2009-04-02,11.98044009779951,90.2200488997555,66.25916870415648,46.3080684596577,42.211224124546455
2009-04-03,14.91442542787286,92.90953545232273,73.10513447432763,49.951100244498775,43.61847432817415
2009-04-06,12.95843520782396,89.24205378973105,54.278728606356964,44.10757946210269,43.707402534342975
2009-04-07,11.00244498777506,71.39364303178483,26.894865525672373,32.298288508557455,41.63301816601834
2009-04-08,12.95843520782396,82.88508557457213,43.03178484107579,39.951100244498775,41.32721490756023
2009-04-09,19.559902200489,91.93154034229829,73.59413202933986,52.07823960880196,43.28194667142237
2009-04-13,18.82640586797066,76.77261613691931,44.49877750611247,41.344743276283616,42.92972787230623
2009-04-14,14.66992665036675,79.21760391198043,40.58679706601467,39.21760391198043,42.254796243156086
2009-04-15,18.337408312958438,79.46210268948656,43.52078239608802,41.711491442542794,42.15601355213549
2009-04-16,24.205378973105134,75.30562347188264,39.60880195599022,42.6161369193154,42.2396723461682
2009-04-17,24.938875305623473,85.81907090464547,58.679706601467,49.951100244498775,43.64175014586467
2009-04-20,15.647921760391197,81.90709046454768,51.83374083129584,42.76283618581907,43.48194760767456
2009-04-21,20.537897310513447,82.88508557457213,55.012224938875306,46.136919315403425,43.96466973635254
2009-04-22,21.515892420537895,77.99511002444987,48.16625916870416,43.789731051344745,43.93286270271476
2009-04-23,21.76039119804401,66.50366748166259,31.784841075794624,37.18826405867971,42.70657204016293
2009-04-24,26.894865525672373,69.19315403422983,35.69682151589242,41.34474327628362,42.4589668103667
2009-04-27,24.938875305623473,68.45965770171149,33.74083129584352,39.75550122249389,41.96742761257165
2009-04-28,24.938875305623473,77.01711491442543,49.877750611246945,45.55012224938876,42.618826637447484
2009-04-29,31.54034229828851,79.70660146699267,52.32273838630807,50.14669926650367,43.98753075182134
2009-04-30,33.74083129584352,65.52567237163814,35.2078239608802,43.56968215158924,43.91155827905187
2009-05-01,32.02933985330073,64.05867970660147,39.60880195599022,43.154034229828845,43.773826633738594
2009-05-04,42.54278728606357,85.81907090464547,62.59168704156479,59.53545232273839,46.639576759011284
2009-05-05,39.36430317848411,79.46210268948656,54.52322738386308,54.42542787286064,48.055186052438444
2009-05-06,43.03178484107579,77.75061124694376,47.18826405867971,54.278728606356964,49.186739244059986
2009-05-07,36.43031784841076,65.77017114914425,34.474327628361856,44.84107579462103,48.39661861688926
2009-05-08,46.69926650366748,84.84107579462102,64.30317848410758,61.66259168704156,50.808613720553325
2009-05-11,38.87530562347188,74.57212713936431,46.454767726161364,51.1002444987775,50.86163749841226
2009-05-12,39.119804400978,72.37163814180929,44.987775061124694,50.26894865525672,50.753875890565794
2009-05-13,26.894865525672373,55.74572127139364,27.383863080684595,35.6479217603912,48.00733877598859
2009-05-14,31.784841075794624,50.12224938875306,26.894865525672373,36.308068459657704,45.880198718473885
2009-05-15,30.073349633251834,52.32273838630807,23.4718826405868,35.427872860635695,43.979775835230576
2009-05-18,41.32029339853301,70.17114914425427,33.496332518337404,48.41075794621027,44.785408946317794
2009-05-19,40.58679706601467,55.74572127139364,25.67237163814181,42.15158924205379,44.306532636451614
2009-05-20,40.09779951100245,53.0562347188264,25.183374083129586,41.002444987775064,43.70578942760133
2009-05-21,34.229828850855746,44.00977995110024,15.647921760391197,33.447432762836186,41.840633670371304
2009-05-22,33.496332518337404,29.3398533007335,9.535452322738386,27.45721271393643,39.22546622374678
2009-05-26,44.987775061124694,45.47677261613692,14.66992665036675,39.07090464547677,39.19736411860678
2009-05-27,40.09779951100245,30.80684596577017,10.757946210268948,31.442542787286065,37.78739660382119
2009-05-28,42.053789731051346,45.2322738386308,16.625916870415647,37.92176039119804,37.811826383344254
2009-05-29,48.41075794621027,39.119804400978,14.180929095354522,38.77750611246944,37.98740451591247
2009-06-01,58.924205378973106,72.37163814180929,36.674816625916876,58.50855745721271,41.71852323251252
2009-06-02,60.63569682151589,76.77261613691931,42.78728606356968,61.90709046454767,45.389171820155276
2009-06-03,57.21271393643031,85.33007334963325,56.723716381418086,65.55012224938875,49.054799170925
2009-06-04,59.90220048899756,86.55256723716381,54.76772616136919,66.87041564792176,52.294002166742594
2009-06-05,60.391198044009776,87.77506112469437,62.34718826405869,68.99755501222494,55.331011775012115
2009-06-08,59.168704156479215,73.10513447432763,39.36430317848411,59.38875305623472,56.068782917052594
2009-06-09,61.36919315403423,74.32762836185819,41.32029339853301,61.246943765281166,57.0102667076396
2009-06-10,61.12469437652812,75.30562347188264,44.743276283618584,62.10268948655257,57.93616175835105
2009-06-11,60.880195599022,85.81907090464547,58.43520782396088,67.87286063569682,59.74283428150483
2009-06-12,63.08068459657702,86.55256723716381,61.36919315403423,69.7799511002445,61.56776461218477
2009-06-15,57.457212713936435,57.457212713936435,22.493887530562347,50.46454767726161,59.5489978967442
2009-06-16,54.76772616136919,60.63569682151589,30.073349633251834,51.58924205378973,58.10176956166157
2009-06-17,55.501222493887525,56.47921760391198,26.405867970660147,49.97555012224939,56.62427511813208
2009-06-18,58.43520782396088,50.36674816625917,23.71638141809291,49.07090464547677,55.25093503219475
2009-06-19,59.65770171149144,33.98533007334964,12.469437652811736,42.51833740831296,52.93591728239805
2009-06-22,51.83374083129584,18.581907090464547,7.579462102689487,33.00733496332518,49.312538678930245
2009-06-23,52.81173594132029,20.78239608801956,7.579462102689487,34.15647921760391,46.55689150414364
2009-06-24,55.501222493887525,23.227383863080682,7.090464547677261,36.13691931540342,44.662351106190876
2009-06-25,63.325183374083124,35.94132029339853,14.91442542787286,45.427872860635695,44.8015368797263
2009-06-26,64.05867970660147,38.63080684596577,15.892420537897312,46.79706601466993,45.16436035880696
2009-06-29,66.74816625916871,36.43031784841076,17.6039119804401,47.8239608801956,45.64792408996853
2009-06-30,66.01466992665037,36.18581907090464,16.381418092909534,47.13936430317848,45.91909503782488
2009-07-01,69.68215158924205,40.34229828850856,17.84841075794621,50.51344743276284,46.754431836904516
2009-07-02,58.679706601467,21.76039119804401,5.623471882640587,36.99266503667482,44.979565145953664
2009-07-06,60.63569682151589,38.87530562347188,14.91442542787286,44.96332518337408,44.97661242548465
2009-07-07,53.54523227383863,34.229828850855746,10.268948655256724,39.095354523227385,43.90729280689243
2009-07-08,53.0562347188264,28.606356968215156,7.579462102689487,36.625916870415644,42.58340627298756
2009-07-09,54.034229828850854,21.271393643031786,5.623471882640587,34.52322738386308,41.11791920223765
2009-07-10,54.278728606356964,21.76039119804401,5.134474327628362,34.69437652811735,39.9500023523976
2009-07-13,62.59168704156479,57.701711491442545,20.78239608801956,52.76283618581906,42.27960850392877
2009-07-14,66.01466992665037,64.05867970660147,26.894865525672373,57.6039119804401,45.0658454996581
2009-07-15,74.08312958435208,79.21760391198043,39.85330073349633,68.77750611246944,49.377056520169255
2009-07-16,77.26161369193154,71.39364303178483,31.05134474327628,66.25916870415648,52.446531462712386
2009-07-17,75.55012224938875,66.25916870415648,28.117359413202937,63.2762836185819,54.415577309234116
2009-07-20,80.1955990220049,71.88264058679707,36.18581907090464,68.8997555012225,57.04906425323201
2009-07-21,81.41809290953546,78.4841075794621,44.987775061124694,73.2518337408313,59.99502234188643
2009-07-22,81.17359413202934,71.88264058679707,41.075794621026894,70.36674816625917,61.88079067359057
2009-07-23,87.53056234718827,91.44254278728606,78.239608801956,86.84596577017115,66.4199134184234
2009-07-24,88.01955990220048,91.44254278728606,79.95110024449878,87.43276283618582,70.2404314943802
2009-07-27,88.75305623471883,94.13202933985329,85.81907090464547,89.77995110024449,73.79307142271917
2009-07-28,88.75305623471883,95.84352078239608,87.28606356968214,90.58679706601467,76.84647608513653
2009-07-29,88.75305623471883,96.33251833740832,85.81907090464547,90.44009779951101,79.31804366956827
2009-07-30,88.26405867970661,95.84352078239608,88.50855745721272,90.58679706601467,81.36690792346761
2009-07-31,88.75305623471883,92.42053789731052,80.92909535452323,88.28850855745722,82.62538076601116
2009-08-03,90.2200488997555,93.64303178484109,83.61858190709046,89.92665036674816,83.95288432978153
2009-08-04,90.95354523227384,88.75305623471883,76.77261613691931,87.45721271393643,84.59003494508241
2009-08-05,90.70904645476773,85.08557457212714,68.45965770171149,84.5721271393643,84.58677898040638
2009-08-06,89.26829268292683,82.68292682926828,64.39024390243902,82.3170731707317,84.17410519682917
2009-08-07,91.21951219512195,83.41463414634146,67.07317073170732,84.04878048780488,84.15131888609749
2009-08-10,91.21951219512195,81.46341463414633,62.68292682926829,82.58536585365853,83.86660015292676
2009-08-11,89.75609756097562,77.07317073170732,56.58536585365853,79.3170731707317,83.0394134288913
2009-08-12,90.0,73.65853658536585,49.51219512195122,77.0,81.94133826000197
2009-08-13,90.97560975609757,70.97560975609755,51.707317073170735,77.1219512195122,81.06508607082202
2009-08-14,90.2439024390244,64.63414634146342,40.243902439024396,72.5609756097561,79.51888416881003
2009-08-17,88.29268292682927,53.90243902439025,20.975609756097562,64.51219512195122,76.79039525119933
2009-08-18,89.51219512195122,61.70731707317073,31.463414634146343,69.5609756097561,75.47595531639146
2009-08-19,90.48780487804878,61.951219512195124,28.292682926829265,69.48780487804878,74.38720069123825
2009-08-20,91.95121951219512,70.97560975609755,35.36585365853659,74.34146341463415,74.37888482276477
2009-08-21,94.14634146341463,71.46341463414633,38.78048780487805,76.26829268292681,74.72241352461242
2009-08-24,93.90243902439023,68.29268292682927,32.926829268292686,74.02439024390245,74.59550020084697
2009-08-25,94.39024390243902,76.09756097560975,41.46341463414634,78.31707317073172,75.2721498317351
2009-08-26,94.8780487804878,80.2439024390244,48.292682926829265,81.17073170731707,76.34461926365911
2009-08-27,94.8780487804878,66.09756097560975,36.09756097560975,74.48780487804878,76.0070166480936
2009-08-28,95.1219512195122,71.95121951219512,37.5609756097561,76.65853658536587,76.12547481850675
2009-08-31,94.14634146341463,72.6829268292683,40.731707317073166,77.02439024390243,76.2889139867605
2009-09-01,91.21951219512195,40.731707317073166,12.926829268292684,60.41463414634146,73.4026812885025
2009-09-02,90.48780487804878,30.975609756097562,11.219512195121952,56.78048780487804,70.38046429147987
2009-09-03,91.21951219512195,49.51219512195122,19.75609756097561,64.41463414634146,69.2957679014547
2009-09-04,93.41463414634147,84.39024390243902,51.951219512195124,82.41463414634147,71.68101630961593
2009-09-08,93.65853658536587,81.70731707317073,51.951219512195124,81.73170731707317,73.50841467460816
2009-09-09,94.14634146341463,79.75609756097562,51.951219512195124,81.39024390243902,74.94147453421377
2009-09-10,94.6341463414634,75.85365853658537,50.97560975609756,80.26829268292681,75.90998692488887
2009-09-11,94.39024390243902,61.70731707317073,37.073170731707314,73.1219512195122,75.40307134209311
2009-09-14,94.8780487804878,71.46341463414633,41.951219512195124,77.26829268292683,75.74220249497198
2009-09-15,95.36585365853658,70.97560975609755,44.146341463414636,77.80487804878048,76.11723441384626
2009-09-16,95.85365853658536,80.73170731707317,60.0,84.14634146341463,77.57707205922233
2009-09-17,95.85365853658536,77.3170731707317,51.463414634146346,81.41463414634146,78.27481062051672
2009-09-18,96.34146341463415,80.2439024390244,55.60975609756098,83.3658536585366,79.2004548092476
2009-09-21,96.34146341463415,81.46341463414633,59.02439024390244,84.41463414634146,80.14848741599195
2009-09-22,96.34146341463415,88.29268292682927,74.8780487804878,89.6341463414634,81.87315267516857
2009-09-23,95.36585365853658,87.5609756097561,72.1951219512195,88.39024390243902,83.0580783528541
2009-09-24,95.1219512195122,80.2439024390244,56.82926829268292,83.0,83.04751865233517
2009-09-25,94.39024390243902,68.78048780487805,44.390243902439025,76.70731707317073,81.89475472885073
2009-09-28,96.09756097560975,76.09756097560975,50.24390243902439,80.92682926829268,81.71876828147654
2009-09-29,96.09756097560975,72.1951219512195,42.926829268292686,78.29268292682926,81.09584367154068
2009-09-30,94.6341463414634,62.4390243902439,31.463414634146343,72.34146341463415,79.50413817028495
2009-10-01,93.65853658536587,36.829268292682926,14.390243902439023,60.75609756097561,76.09540351404688
2009-10-02,92.19512195121952,26.097560975609756,8.048780487804878,55.53658536585366,72.35743657801174
2009-10-05,92.6829268292683,32.19512195121951,11.707317073170733,58.34146341463415,69.809077821034
2009-10-06,93.41463414634147,33.170731707317074,10.487804878048781,58.75609756097562,67.79944504647793
2009-10-07,92.45742092457421,37.22627737226277,13.138686131386862,60.024330900243314,66.38578792898073
2009-10-08,93.18734793187348,43.552311435523116,13.86861313868613,62.4330900243309,65.66711558268076
2009-10-09,93.67396593673966,52.55474452554745,19.951338199513383,66.59367396593674,65.83558074327276
2009-10-12,94.16058394160584,50.60827250608273,18.97810218978102,66.05839416058394,65.87609227369298
2009-10-13,93.67396593673966,55.23114355231144,25.060827250608277,68.41849148418491,66.3383466756006
2009-10-14,94.8905109489051,74.20924574209245,47.44525547445255,79.1970802919708,68.67629824221338
2009-10-15,96.35036496350365,82.9683698296837,57.420924574209245,84.54987834549878,71.562403715538
2009-10-16,95.62043795620438,63.503649635036496,37.469586374695865,74.35523114355232,72.07019052063151
2009-10-19,96.59367396593674,72.01946472019465,45.742092457420924,79.05109489051095,73.33944586060959
2009-10-20,95.37712895377129,67.63990267639902,40.87591240875913,76.15571776155718,73.85149529714552
2009-10-21,93.43065693430657,79.80535279805353,53.771289537712896,81.41119221411192,75.22598564568486
2009-10-22,94.8905109489051,87.8345498783455,67.15328467153284,87.22627737226277,77.40785686869903
2009-10-23,93.67396593673966,71.28953771289538,45.49878345498784,77.32360097323601,77.39253761497848
2009-10-26,91.72749391727494,55.47445255474452,31.386861313868614,68.78345498783455,75.82724986458868
2009-10-27,91.24087591240875,49.39172749391727,23.114355231143552,65.06082725060827,73.8697184802286
2009-10-28,89.78102189781022,26.520681265206814,11.922141119221411,55.23114355231144,70.48088667515276
2009-10-29,91.72749391727494,36.982968369829685,14.5985401459854,59.87834549878346,68.55315191581289
2009-10-30,87.59124087591242,21.41119221411192,6.082725060827251,51.435523114355234,65.44085577009331
2009-11-02,88.07785888077859,26.520681265206814,8.75912408759124,53.74695863746959,63.31469265507082
2009-11-03,89.29440389294405,20.92457420924574,6.569343065693431,52.238442822384435,61.30082904912784
2009-11-04,87.8345498783455,19.708029197080293,5.109489051094891,50.85158150851582,59.400965859925655
2009-11-05,90.02433090024331,34.79318734793188,13.381995133819952,58.126520681265205,59.16924855471466
2009-11-06,90.2676399026764,28.953771289537713,9.732360097323602,55.76642335766423,58.550553064341855
2009-11-09,92.7007299270073,50.60827250608273,19.464720194647203,65.4257907542579,59.80059628069023
2009-11-10,92.21411192214111,59.12408759124088,26.277372262773724,69.09975669099757,61.49135271892793
2009-11-11,93.18734793187348,55.47445255474452,22.14111922141119,67.66423357664233,62.61369469305782
2009-11-12,92.21411192214111,57.17761557177615,24.574209245742093,68.17518248175182,63.62487429100218
2009-11-13,92.47572815533981,70.63106796116504,39.56310679611651,75.3398058252427,65.75486184268227
2009-11-16,93.20388349514563,82.52427184466019,56.79611650485437,82.71844660194174,68.83914998072946
2009-11-17,92.47572815533981,92.47572815533981,74.02912621359224,88.7864077669903,72.46592412368598
2009-11-18,92.00968523002422,83.05084745762711,57.14285714285714,82.34866828087168,74.26278669771975
2009-11-19,90.79903147699758,88.13559322033898,66.10169491525424,85.06053268765133,76.22601324134368
2009-11-20,90.79903147699758,85.23002421307507,60.290556900726386,83.02663438256658,77.46248981247511
2009-11-23,92.00968523002422,88.13559322033898,64.64891041162227,85.37530266343825,78.90118305810478
2009-11-24,91.52542372881356,88.37772397094432,64.89104116222761,85.2542372881356,80.0562838272013
2009-11-25,92.00968523002422,79.1767554479419,55.44794188861986,80.84745762711864,80.20013360900445
2009-11-27,90.07263922518159,64.89104116222761,31.961259079903147,70.8958837772397,78.50845182141086
2009-11-30,90.79903147699758,47.94188861985472,20.09685230024213,63.80145278450364,75.83445199651864
2009-12-01,92.00968523002422,60.53268765133172,29.539951573849876,70.0726392251816,74.78684967445736
2009-12-02,92.00968523002422,59.07990314769975,29.055690072639223,69.53995157384988,73.83286820161963
2009-12-03,91.52542372881356,59.32203389830508,34.14043583535109,70.38740920096852,73.20642111059216
2009-12-04,91.76755447941889,64.89104116222761,35.83535108958838,72.51815980629542,73.08128269162911
2009-12-07,92.00968523002422,47.94188861985472,24.455205811138015,65.27845036319613,71.6625859046413
2009-12-08,91.0411622276029,41.162227602905574,19.612590799031477,61.791767554479414,69.86789165915732
2009-12-09,91.28329297820824,45.76271186440678,21.307506053268767,63.63196125907991,68.73408613187051
2009-12-10,91.28329297820824,62.469733656174334,37.28813559322034,71.8401937046005,69.29883296327597
2009-12-11,92.00968523002422,69.24939467312349,42.3728813559322,75.25423728813558,70.38163374961408
2009-12-14,92.25181598062953,68.76513317191282,42.3728813559322,75.23002421307504,71.26315928842517
2009-12-15,90.79903147699758,67.07021791767555,41.88861985472155,73.89830508474577,71.742276705938
2009-12-16,90.55690072639226,65.61743341404357,39.95157384987893,72.95399515738498,71.96258915165562
2009-12-17,89.83050847457628,72.15496368038741,47.21549636803874,76.00484261501211,72.69754432681134
2009-12-18,91.28329297820824,70.2179176755448,46.246973365617436,75.95641646489105,73.29006653373492
2009-12-21,91.76755447941889,69.24939467312349,45.76271186440678,75.81113801452784,73.74844316660635
2009-12-22,92.25181598062953,69.73365617433413,46.48910411622276,76.34382566585955,74.2203308937433
2009-12-23,92.49394673123487,77.96610169491525,58.83777239709443,81.4043583535109,75.52651770461014
2009-12-24,92.97820823244552,79.66101694915254,55.690072639225185,81.52542372881356,76.61722789082896
2009-12-28,92.7360774818402,78.20823244552058,57.14285714285714,81.25907990314771,77.46120098397782
2009-12-29,93.22033898305084,83.53510895883777,66.58595641646488,84.98789346246971,78.82969052552181
2009-12-30,92.49394673123487,83.05084745762711,64.89104116222761,84.1404358353511,79.79528058185441
2009-12-31,91.76755447941889,71.91283292978208,43.82566585956417,76.2227602905569,79.14573143798214
2010-01-04,92.97820823244552,77.23970944309927,51.08958837772397,79.87893462469734,79.27904110829398
2010-01-05,93.47826086956522,67.14975845410628,42.028985507246375,75.28985507246378,78.55373455632486
2010-01-06,92.27053140096618,70.28985507246377,48.55072463768116,76.93236714975845,78.25894048240369
2010-01-07,92.7536231884058,71.01449275362319,47.10144927536232,77.10144927536233,78.04848753566888
2010-01-08,92.9951690821256,79.22705314009661,60.38647342995169,82.34299516908213,78.82930710538038
2010-01-11,92.512077294686,80.19323671497585,57.729468599033815,81.85990338164251,79.38032461015531
2010-01-12,92.02898550724638,64.97584541062803,43.71980676328502,74.2512077294686,78.44775790457591
2010-01-13,92.7536231884058,69.32367149758454,45.65217391304348,76.30434782608697,78.05804698121428
2010-01-14,92.7536231884058,64.97584541062803,43.23671497584541,74.5169082125604,77.41420356873175
2010-01-15,91.06280193236715,50.0,28.502415458937197,66.23188405797102,75.38105456677525
2010-01-19,93.96135265700482,62.31884057971014,35.990338164251206,72.8743961352657,74.92529848831896
2010-01-20,92.27053140096618,52.17391304347826,29.71014492753623,67.72946859903381,73.61696578117619
2010-01-21,90.09661835748793,40.82125603864734,18.59903381642512,61.01449275362319,71.32560704889381
2010-01-22,86.95652173913044,35.02415458937198,14.492753623188406,56.88405797101449,68.69987085291575
2010-01-25,87.19806763285024,28.019323671497588,11.352657004830919,54.27536231884058,66.07723293762936
2010-01-26,85.26570048309179,25.36231884057971,9.66183574879227,52.173913043478265,63.54935659323825
2010-01-27,86.23188405797102,27.053140096618357,11.352657004830919,53.5024154589372,61.72264002336533
2010-01-28,83.33333333333334,19.565217391304348,7.004830917874397,48.937198067632856,59.398014213232145
2010-01-29,81.88405797101449,16.425120772946862,6.521739130434782,47.17391304347825,57.17545036418598
2010-02-01,84.78260869565217,20.28985507246377,7.246376811594203,49.92753623188406,55.857647794676545
2010-02-02,86.47342995169082,28.985507246376812,11.594202898550725,54.2512077294686,55.56556778282055
2010-02-03,85.5072463768116,18.84057971014493,7.729468599033816,49.95169082125604,54.54486288071791
2010-02-04,77.29468599033817,7.729468599033816,3.140096618357488,41.59420289855072,52.19019742941477
2010-02-05,78.26086956521739,12.318840579710146,3.140096618357488,43.45410628019324,50.601817220465406
2010-02-08,75.1207729468599,6.280193236714976,2.657004830917874,39.97584541062802,48.66982234594952
2010-02-09,77.29468599033817,14.251207729468598,3.864734299516908,43.69565217391305,47.76542776921562
2010-02-10,77.29468599033817,18.115942028985508,6.038647342995169,45.28985507246377,47.315323642533464
2010-02-11,78.55421686746989,34.69879518072289,12.289156626506024,52.14457831325302,48.193369946300656
2010-02-12,78.3132530120482,32.7710843373494,12.771084337349398,51.5421686746988,48.80224244237304
2010-02-16,82.40963855421687,55.42168674698795,19.518072289156628,61.734939759036145,51.15364195449361
2010-02-17,82.40963855421687,57.10843373493976,22.40963855421687,62.81927710843373,53.27466652793727
2010-02-18,84.09638554216868,72.77108433734941,41.445783132530124,72.16867469879519,56.709940740820535
2010-02-19,84.81927710843374,81.92771084337349,51.566265060240966,77.3012048192771,60.45380693690355
2010-02-22,83.61445783132531,72.53012048192771,37.83132530120482,71.13253012048193,62.395392970281435
2010-02-23,81.92771084337349,49.1566265060241,20.481927710843372,59.80722891566265,61.92481768762348
2010-02-24,83.37349397590361,64.57831325301204,30.602409638554217,67.18072289156626,62.88043681561308
2010-02-25,81.92771084337349,86.26506024096385,63.85542168674698,79.6144578313253,65.92298609119712
2010-02-26,82.16867469879519,84.57831325301206,63.614457831325296,79.18072289156628,68.33348369126425
2010-03-01,83.855421686747,91.80722891566265,79.75903614457832,85.42168674698796,71.44042970139583
2010-03-02,84.57831325301206,91.56626506024097,75.66265060240964,84.89156626506025,73.88609089478936
2010-03-03,84.81927710843374,92.7710843373494,77.10843373493977,85.66265060240964,76.02728356890215
2010-03-04,85.3012048192771,91.56626506024097,71.32530120481928,84.3855421686747,77.54696695067898
2010-03-05,87.95180722891565,93.97590361445783,83.855421686747,88.93975903614458,79.61838369349091
2010-03-08,88.43373493975903,90.12048192771084,71.80722891566265,85.6144578313253,80.70857899127898
2010-03-09,88.19277108433735,88.67469879518072,70.36144578313252,84.77108433734941,81.44721632692816
2010-03-10,88.91566265060241,86.74698795180723,64.81927710843374,83.44578313253012,81.81059210976488
2010-03-11,89.1566265060241,83.855421686747,63.373493975903614,82.40963855421685,81.9195096451198
2010-03-12,88.67469879518072,84.33734939759037,66.74698795180723,82.98795180722892,82.11377185641237
2010-03-15,88.19277108433735,90.36144578313254,76.3855421686747,86.48192771084338,82.90798201176345
2010-03-16,89.1566265060241,92.28915662650601,75.90361445783132,87.44578313253011,83.73303676099376
2010-03-17,90.8433734939759,94.21686746987952,82.16867469879519,90.12048192771084,84.89439042766959
2010-03-18,90.60240963855422,93.97590361445783,82.16867469879519,89.92771084337349,85.80953959416121
2010-03-19,89.1566265060241,85.3012048192771,66.26506024096386,83.42168674698794,85.3753845310388
2010-03-22,90.8433734939759,88.19277108433735,69.1566265060241,85.71084337349399,85.43637704784884
2010-03-23,91.32530120481928,91.08433734939759,74.93975903614458,87.97590361445782,85.89810915086866
2010-03-24,90.60240963855422,86.50602409638554,64.09638554216868,84.07228915662651,85.56614187918828
2010-03-25,88.91566265060241,71.08433734939759,46.98795180722892,75.18072289156626,83.67788388143882
2010-03-26,89.39759036144578,72.77108433734941,46.50602409638554,75.83132530120481,82.25123686685082
2010-03-29,90.36144578313254,77.59036144578313,53.25301204819277,79.10843373493977,81.67981811559426
2010-03-30,90.60240963855422,75.66265060240964,50.84337349397591,78.16867469879519,81.04142840344898
2010-03-31,89.39759036144578,68.9156626506024,40.24096385542168,73.42168674698794,79.65602082954696
2010-04-01,89.87951807228916,74.4578313253012,47.71084337349398,76.81927710843374,79.14024924389001
2010-04-05,90.60240963855422,81.92771084337349,59.036144578313255,81.6867469879518,79.60324883371943
2010-04-06,90.12048192771084,78.07228915662651,51.08433734939759,78.69879518072288,79.43880271499279
2010-04-07,89.1566265060241,65.78313253012048,35.903614457831324,71.49397590361446,77.99428874928763
2010-04-08,89.63855421686748,65.3012048192771,37.34939759036144,71.87951807228916,76.88251226256064
2010-04-09,90.8433734939759,75.66265060240964,53.01204819277109,78.72289156626506,77.21712668141599
2010-04-12,91.08433734939759,73.97590361445782,46.50602409638554,77.03614457831324,77.18422084448822
2010-04-13,91.08433734939759,67.2289156626506,43.6144578313253,74.43373493975903,76.68413249817381
2010-04-14,91.80722891566265,79.03614457831326,61.44578313253012,81.90361445783132,77.63312921811155
2010-04-15,91.80722891566265,82.65060240963855,66.74698795180723,84.04819277108435,78.79950440956115
2010-04-16,89.39759036144578,75.18072289156626,53.01204819277109,77.855421686747,78.62785300541312
2010-04-19,89.39759036144578,70.12048192771084,48.433734939759034,75.42168674698794,78.04491368569946
2010-04-20,91.08433734939759,75.66265060240964,55.18072289156627,79.27710843373494,78.26894909443318
2010-04-21,90.8433734939759,78.79518072289157,59.27710843373494,80.91566265060241,78.75016974100942
2010-04-22,90.60240963855422,74.93975903614458,59.518072289156635,79.6867469879518,78.92045651318075
2010-04-23,91.56626506024097,75.66265060240964,61.204819277108435,80.72289156626506,79.2481719773779
2010-04-26,89.87951807228916,73.97590361445782,53.975903614457835,77.9277108433735,79.00808813483164
2010-04-27,84.81927710843374,62.409638554216876,34.93975903614458,68.12048192771084,77.02852336990058
2010-04-28,87.5,66.58653846153845,35.57692307692308,70.84134615384615,75.90358205789069
2010-04-29,88.9423076923077,68.02884615384616,42.54807692307692,73.38942307692308,75.44646224316931
2010-04-30,86.77884615384616,57.45192307692307,28.125,66.25,73.7743781989567
2010-05-03,87.74038461538461,65.625,36.53846153846153,70.86538461538461,73.24547027467086
2010-05-04,83.41346153846155,37.74038461538461,12.980769230769232,55.62500000000001,70.04174840654889
2010-05-05,82.21153846153845,31.971153846153843,11.538461538461538,53.004807692307686,66.9441228221414
2010-05-06,73.3173076923077,19.71153846153846,5.528846153846153,43.67788461538462,62.71389769364016
2010-05-07,68.02884615384616,11.057692307692307,1.9230769230769231,37.71634615384616,58.16888832276853
2010-05-10,79.08653846153845,26.442307692307693,5.528846153846153,48.58173076923077,56.425768767579854
2010-05-11,79.08653846153845,25.48076923076923,4.807692307692308,48.14903846153845,54.920908711935965
2010-05-12,82.45192307692307,31.490384615384613,5.769230769230769,51.82692307692307,54.35836586920635
2010-05-13,78.60576923076923,19.230769230769234,4.567307692307692,45.98557692307693,52.83604060627373
2010-05-14,74.27884615384616,12.5,3.125,41.51442307692308,50.77756469184633
2010-05-17,74.75961538461539,26.923076923076923,6.25,46.706730769230774,50.03741306955259
2010-05-18,72.35576923076923,17.067307692307693,3.3653846153846154,41.97115384615384,48.57082048348009
2010-05-19,69.23076923076923,7.9326923076923075,2.1634615384615383,37.42788461538461,46.54483214382637
2010-05-20,52.644230769230774,4.326923076923077,0.9615384615384616,27.812500000000004,43.138953572221574
2010-05-21,59.13461538461539,3.125,0.4807692307692308,30.60096153846154,40.85931865699248
2010-05-24,54.08653846153846,6.009615384615385,0.9615384615384616,29.03846153846154,38.71007190816867
2010-05-25,52.40384615384615,6.009615384615385,1.4423076923076923,28.293269230769234,36.81610778500514
2010-05-26,50.96153846153846,12.740384615384615,2.644230769230769,29.831730769230766,35.54622105486434
2010-05-27,64.1826923076923,58.41346153846154,14.663461538461538,52.54807692307692,38.63746757635754
2010-05-28,60.09615384615385,14.423076923076922,4.807692307692308,35.33653846153846,38.03729864639043
2010-06-01,50.480769230769226,7.9326923076923075,2.1634615384615383,28.052884615384613,36.221950640753015
2010-06-02,60.33653846153846,10.336538461538462,1.4423076923076923,33.55769230769231,35.737540034741976
2010-06-03,62.5,17.307692307692307,4.567307692307692,37.35576923076923,36.03176352492875
2010-06-04,48.07692307692308,10.576923076923077,1.4423076923076923,27.500000000000004,34.48053379312352
2010-06-07,40.38461538461539,7.6923076923076925,0.2403846153846154,22.548076923076923,32.310996180387775
2010-06-08,44.230769230769226,10.336538461538462,2.403846153846154,25.697115384615383,31.108472399338247
2010-06-09,43.269230769230774,12.980769230769232,2.1634615384615383,25.961538461538463,30.172666228829193
2010-06-10,54.807692307692314,67.54807692307693,21.394230769230766,51.947115384615394,34.131656984426684
2010-06-11,57.21153846153846,60.09615384615385,17.307692307692307,50.09615384615385,37.03429277746799
2010-06-14,57.932692307692314,73.07692307692307,27.884615384615387,56.46634615384616,40.56739339135493
2010-06-15,64.5083932853717,85.13189448441247,46.043165467625904,67.00239808153476,45.373757880478536
2010-06-16,63.78896882494005,87.29016786570743,47.721822541966425,67.62589928057554,49.41960177140526
2010-06-17,64.5083932853717,64.5083932853717,26.378896882494008,56.88249400479616,50.77649126838543
2010-06-18,64.02877697841727,74.34052757793765,36.930455635491604,61.70263788968825,52.76306338134958
2010-06-21,62.829736211031175,83.45323741007195,50.35971223021583,66.52278177458034,55.26483036193699
2010-06-22,56.83453237410072,49.40047961630695,13.42925659472422,45.92326139088728,53.56636327629159
2010-06-23,56.83453237410072,40.28776978417266,8.872901678657074,42.27817745803357,51.513965854790136
2010-06-24,48.6810551558753,63.30935251798561,23.26139088729017,47.985611510791365,50.872446883154
2010-06-25,52.27817745803357,78.65707434052757,47.00239808153477,59.13669064748201,52.375036658486366
2010-06-28,50.83932853717026,70.9832134292566,36.21103117505996,53.9568345323741,52.662636271920505
2010-06-29,38.516746411483254,40.66985645933015,12.679425837320574,33.995215311004785,49.26855973357219
2010-06-30,35.406698564593306,15.07177033492823,3.588516746411483,22.942583732057418,44.482018642387686
2010-07-01,33.49282296650718,10.526315789473683,2.631578947368421,20.43062200956938,40.10903743642072
2010-07-02,30.14354066985646,10.047846889952153,3.588516746411483,18.80382775119617,36.235362948198066
2010-07-06,31.33971291866029,5.741626794258373,1.1961722488038278,17.63157894736842,32.85285676622904
2010-07-07,42.10526315789473,12.200956937799043,3.110047846889952,25.33492822966507,31.485960668671954
2010-07-08,46.65071770334928,16.267942583732058,2.8708133971291865,28.779904306220093,30.993950420953432
2010-07-09,50.0,19.617224880382775,3.349282296650718,31.555023923444978,31.09596378504281
2010-07-12,48.803827751196174,20.334928229665074,4.30622009569378,31.363636363636363,31.144631526605274
2010-07-13,57.17703349282297,56.45933014354066,17.22488038277512,48.97129186602871,34.385842497409534
2010-07-14,55.980861244019145,56.2200956937799,19.37799043062201,48.73205741626795,36.99424520992925
2010-07-15,56.324582338902154,69.4510739856802,32.93556085918855,55.58472553699284,40.37433254212263
2010-07-16,45.82338902147971,35.32219570405728,11.694510739856803,35.8472553699284,39.551227601723674
2010-07-19,47.97136038186158,41.766109785202865,14.558472553699284,39.427207637231504,39.52867851727055
2010-07-20,51.78997613365155,80.1909307875895,50.59665871121718,60.07159904534606,43.263754976920644
2010-07-21,47.7326968973747,77.56563245823389,47.49403341288782,56.63484486873509,45.694862229977815
2010-07-22,55.60859188544153,87.58949880668257,68.4964200477327,67.78042959427208,49.710419932576784
2010-07-23,61.336515513126486,91.16945107398568,77.80429594272077,73.5799522673031,54.05033490252703
2010-07-26,64.9164677804296,93.07875894988067,83.7708830548926,77.13603818615752,58.24773549955076
2010-07-27,63.24582338902148,86.15751789976133,67.78042959427208,71.02625298329356,60.571102314776724
2010-07-28,59.665871121718375,78.99761336515513,50.83532219570406,63.699284009546545,61.139862622916695
2010-07-29,58.94988066825776,71.36038186157518,36.9928400954654,58.28162291169451,60.620182675421745
2010-07-30,58.94988066825776,74.94033412887828,39.618138424821005,59.88066825775657,60.48572550857353
2010-08-02,65.8711217183771,77.32696897374701,42.004773269689736,64.5346062052506,61.221885635242096
2010-08-03,63.24582338902148,70.88305489260142,36.9928400954654,60.28639618138425,61.051796643631576
2010-08-04,65.63245823389022,73.0310262529833,42.482100238663485,63.221957040572796,61.44637126125726
2010-08-05,65.39379474940334,85.91885441527445,65.39379474940334,71.55131264916467,63.283633331785886
2010-08-06,65.23809523809524,83.33333333333334,57.38095238095238,69.0952380952381,64.34028874332266
2010-08-09,65.71428571428571,80.23809523809524,57.85714285714286,68.5,65.09659988090036
2010-08-10,63.8095238095238,82.38095238095238,63.095238095238095,69.23809523809524,65.84959903675397
2010-08-11,52.85714285714286,45.95238095238095,19.761904761904763,44.16666666666667,61.9072476967381
2010-08-12,49.523809523809526,29.28571428571429,14.285714285714285,36.404761904761905,57.27043209819697
2010-08-13,48.095238095238095,20.238095238095237,9.523809523809524,32.023809523809526,52.68013708467197
2010-08-16,48.80952380952381,21.904761904761905,9.047619047619047,32.785714285714285,49.062969303043296
2010-08-17,54.761904761904766,42.61904761904762,15.95238095238095,43.35714285714286,48.02554631287958
2010-08-18,55.952380952380956,48.095238095238095,19.047619047619047,46.214285714285715,47.69622620404432
2010-08-19,47.38095238095238,28.57142857142857,11.428571428571429,34.547619047619044,45.30557035742154
2010-08-20,48.333333333333336,20.0,8.095238095238095,31.78571428571429,42.84741470802022
2010-08-23,44.761904761904766,21.666666666666668,8.095238095238095,30.500000000000004,40.6024302156529
2010-08-24,38.57142857142858,12.619047619047619,5.476190476190476,24.166666666666668,37.614109570382674
2010-08-25,40.0,14.285714285714285,4.761904761904762,25.238095238095237,35.363925146330416
2010-08-26,38.333333333333336,11.428571428571429,3.8095238095238098,23.357142857142858,33.18087382102359
2010-08-27,45.714285714285715,15.714285714285714,5.714285714285714,28.71428571428571,32.36876689252579
2010-08-30,38.095238095238095,9.761904761904763,4.0476190476190474,22.785714285714285,30.626393691287333
2010-08-31,39.523809523809526,25.238095238095237,8.333333333333332,29.000000000000004,30.330685747416908
2010-09-01,50.23809523809524,56.904761904761905,23.57142857142857,46.904761904761905,33.344154139661455
2010-09-02,53.57142857142857,72.61904761904762,33.33333333333333,55.238095238095234,37.324870703013055
2010-09-03,57.61904761904761,82.14285714285714,45.0,62.45238095238095,41.89350893017086
2010-09-07,53.57142857142857,55.00000000000001,21.19047619047619,47.523809523809526,42.917199947196075
2010-09-08,55.714285714285715,60.238095238095234,21.904761904761905,50.30952380952381,44.26125883125567
2010-09-09,56.666666666666664,80.0,45.95238095238095,61.52380952380952,47.39990441172001
2010-09-10,58.333333333333336,82.14285714285714,52.38095238095239,64.28571428571429,50.47005166153715
2010-09-13,61.66666666666667,88.80952380952381,67.85714285714286,71.04761904761905,54.21142754991568
2010-09-14,62.61904761904762,93.0952380952381,80.23809523809524,75.28571428571429,58.04311604733362
2010-09-15,63.8095238095238,94.28571428571428,79.28571428571428,76.04761904761904,61.31666204738551
2010-09-16,63.095238095238095,94.52380952380952,80.95238095238095,76.09523809523809,64.0036758742678
2010-09-17,64.04761904761904,89.28571428571429,68.80952380952381,72.57142857142857,65.56144909193338
2010-09-20,68.33333333333333,96.9047619047619,88.09523809523809,80.85714285714285,68.34248432197147
2010-09-21,67.14285714285714,95.71428571428572,86.42857142857143,79.57142857142857,70.38411054914549
2010-09-22,66.19047619047619,86.66666666666667,64.52380952380953,72.0,70.67790863111904
2010-09-23,62.38095238095238,70.23809523809523,45.95238095238095,61.45238095238095,69.00053996225756
2010-09-24,70.0,80.0,54.047619047619044,69.80952380952381,69.14762793448779
2010-09-27,69.04761904761905,84.76190476190476,61.1904761904762,72.19047619047619,69.70087307194024
2010-09-28,70.71428571428572,86.90476190476191,64.52380952380953,74.33333333333334,70.5431385740117
2010-09-29,70.0,83.57142857142857,59.285714285714285,71.92857142857143,70.79503545665894
2010-09-30,69.04761904761905,82.38095238095238,54.285714285714285,70.0952380952381,70.66779957276424
2010-10-01,70.71428571428572,75.23809523809524,47.85714285714286,67.5,70.09183601407983
2010-10-04,67.61904761904762,70.0,36.904761904761905,62.19047619047619,68.655225137061
2010-10-05,74.52380952380952,82.61904761904762,52.38095238095239,72.52380952380952,69.35860411646982
2010-10-06,73.09523809523809,81.66666666666667,50.95238095238095,71.23809523809524,69.70032977494716
2010-10-07,72.38095238095238,79.04761904761905,48.333333333333336,69.57142857142857,69.67689319248923
2010-10-08,74.28571428571429,69.04761904761905,39.04761904761905,65.66666666666667,68.94776109688513
2010-10-11,74.28571428571429,75.71428571428571,45.476190476190474,68.95238095238096,68.94860107061164
2010-10-12,75.23809523809524,83.57142857142857,53.80952380952381,73.45238095238095,69.76747014002424
2010-10-13,77.14285714285715,90.95238095238095,74.04761904761905,80.66666666666667,71.74914223577741
2010-10-14,75.23809523809524,77.14285714285715,50.0,70.76190476190476,71.56964451325511
2010-10-15,75.95238095238095,82.38095238095238,58.0952380952381,74.30952380952381,72.06780438530397
2010-10-18,77.61904761904762,78.0952380952381,56.904761904761905,73.61904761904762,72.34984860962099
2010-10-19,73.80952380952381,68.0952380952381,39.523809523809526,65.23809523809524,71.05680254207086
2010-10-20,76.42857142857142,79.04761904761905,54.52380952380952,72.83333333333333,71.37980814048221
2010-10-21,76.90476190476191,76.90476190476191,53.333333333333336,72.1904761904762,71.52720233139021
2010-10-22,76.66666666666667,82.14285714285714,62.61904761904762,75.5,72.24952918022836
2010-10-25,76.90476190476191,73.33333333333333,47.14285714285714,69.88095238095238,71.81887885308727
2010-10-26,76.19047619047619,73.80952380952381,53.80952380952381,71.0,71.66999178888959
2010-10-27,76.42857142857142,70.95238095238095,50.95238095238095,69.69047619047618,71.31007986190534
2010-10-28,76.90476190476191,66.42857142857143,44.761904761904766,67.33333333333333,70.5870350385286
2010-10-29,76.42857142857142,66.66666666666666,45.476190476190474,67.3095238095238,69.99112390598228
2010-11-01,75.95238095238095,65.95238095238095,40.95238095238095,65.95238095238095,69.25680700532749
2010-11-02,78.33333333333333,67.14285714285714,44.52380952380952,68.21428571428571,69.06725767968354
2010-11-03,78.80952380952381,70.47619047619048,48.57142857142857,70.26190476190476,69.2844662400874
2010-11-04,82.85714285714286,81.19047619047619,63.57142857142857,78.5,70.96001783279878
2010-11-05,83.33333333333334,79.28571428571428,61.42857142857143,77.73809523809524,72.19239554285268
2010-11-08,82.61904761904762,82.61904761904762,71.19047619047619,80.33333333333334,73.6725660502128
2010-11-09,81.42857142857143,73.57142857142858,53.095238095238095,73.40476190476191,73.62387438740355
2010-11-10,80.95238095238095,74.76190476190476,53.333333333333336,73.57142857142857,73.614338784499
2010-11-11,79.28571428571428,70.23809523809523,49.28571428571429,70.57142857142857,73.06108238212255
2010-11-12,76.19047619047619,58.57142857142858,33.095238095238095,62.28571428571429,71.10192454641195
2010-11-15,76.42857142857142,60.0,35.476190476190474,63.3095238095238,69.68512441243229
2010-11-16,71.9047619047619,45.476190476190474,20.0,53.59523809523809,66.7596905365788
2010-11-17,71.42857142857143,48.80952380952381,20.238095238095237,54.40476190476191,64.51333987624845
2010-11-18,74.82185273159145,59.38242280285036,28.26603325415677,60.87885985748218,63.85252532738185
2010-11-19,74.82185273159145,63.895486935866984,34.204275534441805,63.42042755344418,63.77396209575682
2010-11-22,74.10926365795724,52.49406175771971,25.890736342042754,57.980997624703086,62.72069582829251
2010-11-23,70.54631828978623,37.76722090261283,14.726840855106888,49.54869358669834,60.32578632982084
2010-11-24,75.29691211401425,36.104513064133016,15.676959619952493,51.61520190023752,58.74204370626024
2010-11-26,74.10926365795724,27.790973871733964,11.87648456057007,47.76722090261283,56.74662137832435
2010-11-29,71.97149643705463,25.890736342042754,9.97624703087886,45.74821852731591,54.74691176905009
2010-11-30,71.02137767220903,31.116389548693586,12.826603325415679,47.410926365795724,53.413096241185656
2010-12-01,75.53444180522565,47.03087885985748,17.577197149643705,55.39192399049881,53.77288310469714
2010-12-02,79.57244655581948,61.75771971496437,30.641330166270787,64.44180522565321,55.712687126689154
2010-12-03,80.04750593824228,75.29691211401425,44.418052256532064,71.49643705463183,58.58245984086055
2010-12-06,79.57244655581948,72.92161520190024,43.942992874109265,70.45130641330167,60.74043194494075
2010-12-07,80.33175355450237,82.22748815165876,65.16587677725119,77.86729857819905,63.85440769644226
2010-12-08,81.51658767772511,83.88625592417061,61.137440758293835,78.15165876777252,66.45390789122958
2010-12-09,82.46445497630332,76.54028436018957,54.976303317535546,75.18957345971563,68.0422107218634
2010-12-10,85.30805687203792,82.70142180094787,60.90047393364929,79.64454976303318,70.151726911167
2010-12-13,86.01895734597157,81.04265402843602,56.39810426540285,78.60189573459716,71.68812124269976
2010-12-14,85.54502369668246,87.44075829383885,73.45971563981043,83.69668246445498,73.87149601029162
2010-12-15,83.92434988179669,77.06855791962175,53.664302600472816,75.81560283687944,74.22496997876213
2010-12-16,85.34278959810875,84.16075650118204,67.84869976359337,81.48936170212767,75.5457684739195
2010-12-17,84.63356973995272,86.52482269503547,70.2127659574468,82.31678486997636,76.77686236411165
2010-12-20,86.05200945626478,87.2340425531915,75.65011820330969,84.32624113475177,78.14947668604621
2010-12-21,87.47044917257683,81.32387706855792,65.95744680851064,81.32387706855792,78.72664039195743
2010-12-22,87.94326241134752,76.8321513002364,59.810874704491724,78.98345153664303,78.7733333273548
2010-12-23,87.47044917257683,74.46808510638297,54.60992907801418,76.99763593380615,78.4504792558005
2010-12-27,87.70685579196218,75.88652482269504,59.33806146572104,78.4869976359338,78.45711896127928
2010-12-28,87.2340425531915,78.01418439716312,58.392434988179666,78.69976359338061,78.50123616711589
2010-12-29,88.17966903073287,76.8321513002364,59.57446808510638,79.05437352245863,78.60180659536002
2010-12-30,86.28841607565012,75.41371158392435,54.84633569739953,76.73758865248227,78.26285787847316
2010-12-31,86.7612293144208,68.08510638297872,44.680851063829785,72.74231678486997,77.25912313418166
2011-01-03,87.2340425531915,77.54137115839244,56.26477541371159,78.1323877068558,77.41789851103151
2011-01-04,87.47044917257683,67.84869976359337,44.91725768321513,73.07328605200946,76.6279689730275
2011-01-05,88.88888888888889,76.59574468085107,57.21040189125296,78.86524822695036,77.03474701919531
2011-01-06,88.17966903073287,66.43026004728132,46.09929078014184,73.2387706855792,76.34456950399239
2011-01-07,86.99763593380615,63.593380614657214,42.78959810874704,71.13475177304964,75.39732991654824
2011-01-10,86.7612293144208,59.810874704491724,40.8983451536643,69.50354609929079,74.32573285886508
2011-01-11,87.70685579196218,58.86524822695035,39.2434988179669,69.36170212765958,73.42318181682771
2011-01-12,89.36170212765957,64.53900709219859,42.08037825059102,72.45862884160756,73.24780854860586
2011-01-13,88.88888888888889,67.37588652482269,42.31678486997636,73.12056737588652,73.22467378992962
2011-01-14,89.83451536643025,69.73995271867612,49.645390070921984,75.76832151300236,73.68715519412467
2011-01-18,91.01654846335697,71.8676122931442,54.60992907801418,77.99054373522459,74.46958947432465
2011-01-19,89.59810874704492,61.938534278959814,39.479905437352244,71.27659574468085,73.88904515984396
2011-01-20,90.54373522458629,61.46572104018912,36.64302600472813,71.04018912529551,73.3710713353806
2011-01-21,90.0709219858156,62.64775413711584,39.71631205673759,71.77304964539007,73.0805219372005
2011-01-24,90.78014184397163,59.10165484633569,35.9338061465721,70.30732860520095,72.57630496774603
2011-01-25,89.36170212765957,69.03073286052009,43.02600472813239,73.99527186761229,72.8342989495399
2011-01-26,89.59810874704492,67.61229314420804,45.39007092198582,74.16075650118204,73.07547304983848
2011-01-27,89.83451536643025,73.28605200945626,51.536643026004725,77.21040189125296,73.82727829373202
2011-01-28,86.99763593380615,56.02836879432624,29.550827423167846,66.21749408983452,72.44368116575066
2011-01-31,87.70685579196218,62.4113475177305,34.2789598108747,69.43262411347519,71.89621624715512
2011-02-01,89.59810874704492,71.63120567375887,46.09929078014184,75.50827423167848,72.55295406252301
2011-02-02,88.65248226950354,63.829787234042556,36.40661938534279,70.75650118203309,72.2263262660703
2011-02-03,89.83451536643025,68.32151300236407,39.952718676122934,73.40425531914893,72.44049518481188
2011-02-04,89.59810874704492,64.77541371158392,39.00709219858156,72.03309692671395,72.36642277424862
2011-02-07,90.30732860520094,66.19385342789597,39.952718676122934,73.00236406619385,72.4820484636932
2011-02-08,91.01654846335697,79.19621749408984,54.1371158392435,80.09456264775415,73.8661419517043
2011-02-09,91.25295508274232,80.1418439716312,55.08274231678487,80.6855791962175,75.10603963252487
2011-02-10,90.78014184397163,78.72340425531915,56.02836879432624,80.2127659574468,76.03453532796523
2011-02-11,90.09433962264151,78.30188679245283,56.367924528301884,79.81132075471697,76.72122358737464
2011-02-14,90.09433962264151,77.12264150943396,52.358490566037744,78.6556603773585,77.0729393673717
2011-02-15,89.15094339622641,72.16981132075472,47.64150943396226,75.75471698113206,76.83326256987358
2011-02-16,90.56603773584906,73.82075471698113,49.528301886792455,77.33490566037736,76.92447040451063
2011-02-17,90.56603773584906,87.26415094339622,74.05660377358491,86.27358490566039,78.62430940471967
2011-02-18,90.33018867924528,85.84905660377359,70.99056603773585,85.11792452830188,79.80496669991645
2011-02-22,88.44339622641509,61.32075471698113,32.54716981132076,69.12735849056604,77.86358338912547
2011-02-23,86.55660377358491,50.0,24.29245283018868,63.13679245283019,75.18598503707177
2011-02-24,86.55660377358491,51.41509433962265,21.22641509433962,62.94811320754717,72.96091743170366
2011-02-25,88.67924528301887,59.43396226415094,29.009433962264154,67.97169811320755,72.05378664652255
2011-02-28,89.15094339622641,57.311320754716974,30.660377358490564,67.90094339622641,71.2987242373778
2011-03-01,87.5,38.91509433962264,15.80188679245283,58.58490566037736,68.98712085974135
2011-03-02,87.5,41.9811320754717,17.92452830188679,59.92924528301887,67.34023439124636
2011-03-03,89.15094339622641,57.311320754716974,25.471698113207548,66.86320754716981,67.2535022377779
2011-03-04,87.26415094339622,45.5188679245283,18.867924528301888,61.06132075471698,66.12765105903955
2011-03-07,87.5,38.20754716981132,14.858490566037736,58.18396226415094,64.68334400542344
2011-03-08,88.91509433962264,51.886792452830186,21.462264150943398,64.31603773584905,64.61656104731901
2011-03-09,89.15094339622641,45.28301886792453,20.5188679245283,62.264150943396224,64.18885011933304
2011-03-10,87.05882352941177,29.88235294117647,10.117647058823529,54.517647058823535,62.43044956287675
2011-03-11,88.23529411764706,30.352941176470587,10.352941176470589,55.29411764705882,61.132934669091675
2011-03-14,85.88235294117646,40.0,12.941176470588237,57.52941176470588,60.47774868647607
2011-03-15,83.52941176470588,38.11764705882353,14.823529411764705,56.16470588235295,59.69355908572641
2011-03-16,79.52941176470588,26.588235294117645,8.235294117647058,49.38823529411765,57.81986385088845
2011-03-17,80.70588235294117,21.41176470588235,6.11764705882353,48.0,56.034434059817826
2011-03-18,82.58823529411765,24.0,8.0,50.09411764705883,54.95437653022528
2011-03-21,84.47058823529412,53.64705882352941,19.52941176470588,62.23529411764706,56.27817972793834
2011-03-22,83.33333333333334,47.652582159624416,15.258215962441316,59.01408450704226,56.77561696050269
2011-03-23,84.50704225352112,29.107981220657276,10.093896713615024,53.00469483568075,56.08999475598961
2011-03-24,85.44600938967136,42.48826291079813,16.431924882629108,58.75586854460094,56.574699081191675
2011-03-25,85.68075117370893,58.68544600938967,26.525821596244132,65.75117370892019,58.243149013505956
2011-03-28,85.44600938967136,41.31455399061033,15.258215962441316,58.16901408450704,58.22966993550616
2011-03-29,86.85446009389672,48.12206572769953,20.657276995305164,61.99530516431925,58.91433088619945
2011-03-30,88.2903981264637,76.34660421545667,44.02810304449648,75.85480093676816,61.99441634993923
2011-03-31,87.58782201405153,70.02341920374707,40.98360655737705,72.9976580796253,63.9950057553367
2011-04-01,87.82201405152225,82.66978922716628,57.14285714285714,80.14051522248243,66.93055293118137
2011-04-04,88.52459016393442,87.11943793911007,72.59953161592506,84.91803278688525,70.20100381403661
2011-04-05,87.82201405152225,92.7400468384075,82.90398126463701,88.31381733021077,73.49424263515918
2011-04-06,88.75878220140515,92.27166276346604,82.20140515222482,88.50117096018735,76.22277505789158
2011-04-07,88.75878220140515,88.99297423887587,73.30210772833723,85.73770491803279,77.95276230518999
2011-04-08,88.52459016393442,78.4543325526932,50.585480093676814,77.91569086651054,77.94602204361192
2011-04-11,87.58782201405153,80.09367681498829,54.56674473067916,78.73536299765809,78.08953858071123
2011-04-12,87.82201405152225,69.3208430913349,45.19906323185012,73.7470725995316,77.29999931140586
2011-04-13,87.58782201405153,61.82669789227167,34.42622950819672,69.2271662763466,75.83221148684963
2011-04-14,87.82201405152225,59.01639344262295,33.25526932084309,68.26697892271663,74.45671465700727
2011-04-15,87.82201405152225,67.21311475409836,43.09133489461358,72.69320843091334,74.13607716135382
2011-04-18,86.65105386416862,46.604215456674474,25.526932084309134,62.412177985948475,72.00445912946195
2011-04-19,86.88524590163934,44.26229508196721,21.07728337236534,60.9367681498829,69.9921516786294
2011-04-20,87.58782201405153,59.01639344262295,30.210772833723652,67.54098360655738,69.54648475643448
2011-04-21,87.58782201405153,56.674473067915685,29.039812646370024,66.60421545667447,69.01152670193267
2011-04-25,87.82201405152225,55.503512880562056,29.039812646370024,66.37002341920375,68.53125337780014
2011-04-26,89.92974238875878,63.46604215456675,36.768149882903984,71.3583138173302,69.04526436680561
2011-04-27,91.80327868852459,66.51053864168618,40.98360655737705,74.05152224824356,69.95549307252159
2011-04-28,92.50585480093677,73.53629976580797,50.11709601873536,78.33723653395785,71.47944642914638
2011-04-29,91.56908665105387,78.22014051522248,57.377049180327866,80.72599531615924,73.160637135876
2011-05-02,91.56908665105387,77.75175644028103,58.548009367681495,80.81967213114754,74.5531889531981
2011-05-03,90.86651053864169,78.68852459016394,58.07962529274005,80.65573770491804,75.66274327169265
2011-05-04,89.92974238875878,71.66276346604215,49.88290398126464,76.44028103044496,75.80411377328397
2011-05-05,88.99297423887587,68.38407494145198,45.433255269320846,74.09836065573771,75.49397684282101
2011-05-06,89.92974238875878,66.04215456674473,43.09133489461358,73.39578454332553,75.11248733382185
2011-05-09,89.69555035128806,75.64402810304449,58.78220140515222,79.29742388758783,75.87338488905202
2011-05-10,90.86651053864169,79.39110070257611,60.65573770491803,81.38173302107728,76.87490273123844
2011-05-11,88.75878220140515,65.807962529274,45.66744730679157,73.25526932084308,76.216787565712
2011-05-12,89.92974238875878,64.87119437939111,46.8384074941452,73.79391100702577,75.77626455504178
2011-05-13,88.2903981264637,61.124121779859486,39.578454332552695,70.39812646370024,74.79842126570695
2011-05-16,87.11943793911007,49.88290398126464,30.44496487119438,64.6135831381733,72.94663251524628
2011-05-17,86.65105386416862,39.578454332552695,24.59016393442623,60.11709601873537,70.61398951588065
2011-05-18,87.35362997658079,42.62295081967213,25.526932084309134,61.56908665105386,68.96946172227577
2011-05-19,87.82201405152225,43.559718969555036,26.46370023419204,62.27166276346605,67.75168009340128
2011-05-20,86.18266978922716,38.875878220140514,22.24824355971897,59.203747072599526,66.1975104532555
2011-05-23,84.07494145199064,32.55269320843091,14.519906323185012,54.707259953161596,64.10837399869298
2011-05-24,83.37236533957847,34.19203747072599,14.519906323185012,54.84777517564403,62.424628758138624
2011-05-25,83.8407494145199,39.812646370023415,15.92505854800937,57.04918032786885,61.44727449808957
2011-05-26,84.5433255269321,40.28103044496487,14.988290398126464,57.353629976580805,60.70297549417888
2011-05-27,85.48009367681499,39.812646370023415,14.285714285714285,57.54098360655737,60.12806787824769
2011-05-31,86.18266978922716,40.04683840749414,14.519906323185012,58.00936768149883,59.74284966065699
2011-06-01,81.0304449648712,27.166276346604217,7.02576112412178,50.07025761124122,57.984196560763216
2011-06-02,81.49882903981265,19.906323185011708,4.449648711943794,47.61124121779859,56.098204680224185
2011-06-03,78.4543325526932,17.330210772833723,5.620608899297424,45.550351288056206,54.18041315437546
2011-06-06,73.06791569086651,13.348946135831383,3.51288056206089,41.24121779859485,51.82783218059716
2011-06-07,71.42857142857143,15.92505854800937,4.215456674473068,41.33489461358314,49.92002535023097
2011-06-08,69.78922716627635,8.19672131147541,1.873536299765808,37.72833723653396,47.70335478410424
2011-06-09,69.78922716627635,10.304449648711945,3.51288056206089,38.68852459016394,46.06429474884237
2011-06-10,63.23185011709602,6.791569086651054,2.576112412177986,34.168618266978925,43.901444479412646
2011-06-13,63.46604215456675,10.070257611241217,2.576112412177986,35.269320843091336,42.331967454626955
2011-06-14,68.14988290398126,21.779859484777518,3.9812646370023423,41.405152224824356,42.16345559466284
2011-06-15,62.06088992974239,7.259953161592506,1.405152224824356,33.48946135831382,40.58636573350847
2011-06-16,61.82669789227167,7.259953161592506,1.405152224824356,33.37236533957846,39.27472929824847
2011-06-17,63.46604215456675,8.430913348946136,1.1709601873536302,34.496487119437944,38.40595799301019
2011-06-20,64.63700234192038,8.665105386416862,1.639344262295082,35.24590163934427,37.831402292343654
2011-06-21,70.96018735362998,37.00234192037471,9.601873536299765,48.50117096018735,39.771360231951604
2011-06-22,67.44730679156909,31.61592505854801,7.728337236533958,44.75409836065574,40.67731261898872
2011-06-23,67.44730679156909,39.812646370023415,14.988290398126464,48.66510538641687,42.12963857670293
2011-06-24,63.78504672897196,41.1214953271028,16.822429906542055,47.59345794392524,43.12306027983426
2011-06-27,65.88785046728972,46.728971962616825,19.859813084112147,50.93457943925234,44.54333649063755
2011-06-28,69.39252336448598,65.18691588785047,35.74766355140187,61.401869158878505,47.60852424849954
2011-06-29,71.49532710280374,68.22429906542055,35.74766355140187,63.36448598130841,50.4732445635557
2011-06-30,75.70093457943925,87.61682242990653,61.6822429906542,76.47196261682242,55.2002842096042
2011-07-01,79.43925233644859,92.99065420560748,75.70093457943925,82.75700934579439,60.210597870729686
2011-07-05,78.73831775700934,87.38317757009347,60.51401869158879,77.68691588785047,63.38811023747892
2011-07-06,79.67289719626169,94.1588785046729,80.8411214953271,84.25233644859813,67.18160591222787
2011-07-07,82.4766355140187,96.02803738317756,83.17757009345794,86.6822429906542,70.72717629012357
2011-07-08,78.27102803738318,89.7196261682243,76.16822429906543,81.28504672897196,72.64678909718691
2011-07-11,71.72897196261682,77.57009345794393,48.598130841121495,68.85514018691589,71.95739838622853
2011-07-12,70.7943925233645,64.01869158878505,31.775700934579437,60.95794392523365,69.95749757513855
2011-07-13,70.09345794392523,71.72897196261682,37.850467289719624,64.13551401869158,68.89895511033001
2011-07-14,66.58878504672897,63.78504672897196,31.542056074766357,58.73831775700935,67.05156650063535
2011-07-15,67.28971962616822,75.70093457943925,43.22429906542056,65.0,66.67855440961074
2011-07-18,60.981308411214954,52.570093457943926,26.401869158878505,51.54205607476635,63.92646380327539
2011-07-19,67.5233644859813,58.41121495327103,28.037383177570092,56.89252336448598,62.64756554167732
2011-07-20,67.28971962616822,53.50467289719626,21.49532710280374,53.99532710280374,61.07443128006394
2011-07-21,70.7943925233645,55.373831775700936,25.0,57.00934579439253,60.33532482812368
2011-07-22,70.09345794392523,35.74766355140187,16.822429906542055,49.13551401869159,58.29899559004512
2011-07-25,67.99065420560748,35.51401869158878,13.551401869158877,47.35981308411215,56.31005331623913
2011-07-26,65.18691588785047,28.738317757009348,13.785046728971961,43.97196261682244,54.06676409816336
2011-07-27,55.84112149532711,14.252336448598129,4.672897196261682,33.13084112149533,50.26023264786008
2011-07-28,54.67289719626168,15.654205607476634,3.7383177570093453,32.7803738317757,47.08207649948109
2011-07-29,51.86915887850467,22.897196261682243,8.411214953271028,34.48598130841121,44.79187737383202
2011-08-01,48.13084112149533,21.962616822429908,7.242990654205607,32.10280373831776,42.48477307646579
2011-08-02,35.981308411214954,8.644859813084112,2.570093457943925,21.098130841121495,38.59629267003956
2011-08-03,37.61682242990654,15.42056074766355,3.9719626168224296,24.22897196261682,35.98405254141724
2011-08-04,21.962616822429908,2.336448598130841,0.0,11.682242990654206,31.56554171400578
2011-08-05,20.794392523364486,3.2710280373831773,0.23364485981308408,11.425233644859814,27.9036675196156
2011-08-08,7.242990654205607,0.0,0.0,3.6214953271028034,23.488727120976908
2011-08-09,17.289719626168225,0.23364485981308408,0.0,8.714953271028037,20.802586420986202
2011-08-10,10.74766355140187,0.0,0.0,5.373831775700935,17.997358303661606
2011-08-11,18.457943925233643,1.4018691588785046,0.0,9.649532710280372,16.479571832137744
2011-08-12,19.859813084112147,0.9345794392523363,0.0,10.210280373831775,15.339700657900295
2011-08-15,26.635514018691588,3.9719626168224296,0.0,14.509345794392523,15.188727046353428
2011-08-16,25.0,7.009345794392523,0.23364485981308408,14.649532710280374,15.090691712521961
2011-08-17,24.53271028037383,7.943925233644859,0.0,14.649532710280372,15.010480984841672
2011-08-18,16.588785046728972,3.7383177570093453,0.23364485981308408,9.462616822429906,14.001778409857716
2011-08-19,13.551401869158877,3.5046728971962615,0.23364485981308408,7.873831775700934,12.887606294556482
2011-08-22,14.018691588785046,7.476635514018691,1.1682242990654206,9.485981308411215,12.269129024348251
2011-08-23,21.49532710280374,14.953271028037381,1.8691588785046727,15.607476635514017,12.87610131728748
2011-08-24,25.233644859813083,41.1214953271028,9.813084112149532,26.91588785046729,15.428789777865628
2011-08-25,21.261682242990652,31.074766355140188,3.9719626168224296,20.747663551401867,16.3958577366904
2011-08-26,25.46728971962617,84.57943925233646,42.05607476635514,46.518691588785046,21.87273661888943
2011-08-29,32.242990654205606,78.97196261682244,31.074766355140188,46.02803738317757,26.26460948512364
2011-08-30,33.64485981308411,95.7943925233645,70.56074766355141,59.67289719626169,32.33884361442147
2011-08-31,35.280373831775705,84.81308411214953,44.85981308411215,52.056074766355145,35.92379473295487
2011-09-01,30.8411214953271,71.96261682242991,28.27102803738318,42.66355140186916,37.14920503639382
2011-09-02,26.401869158878505,30.373831775700932,6.308411214953271,23.574766355140188,34.681125276165886
2011-09-06,25.46728971962617,33.64485981308411,7.476635514018691,24.322429906542055,32.79772611805246
2011-09-07,32.00934579439252,61.6822429906542,14.018691588785046,37.31308411214953,33.618700298797386
2011-09-08,28.971962616822427,86.91588785046729,47.19626168224299,49.99999999999999,36.59711842628877
2011-09-09,22.66355140186916,79.67289719626169,29.906542056074763,41.21495327102804,37.43672476169591
2011-09-12,22.897196261682243,83.17757009345794,32.476635514018696,42.89719626168225,38.429537761693425
2011-09-13,26.401869158878505,67.05607476635514,19.39252336448598,37.19626168224299,38.20530574724789
2011-09-14,29.439252336448597,65.18691588785047,21.49532710280374,38.574766355140184,38.27248040322831
2011-09-15,31.775700934579437,87.14953271028037,50.23364485981309,52.07943925233644,40.7828365576116
2011-09-16,35.046728971962615,80.60747663551402,41.822429906542055,50.070093457943926,42.471428721308385
2011-09-19,33.177570093457945,45.794392523364486,18.22429906542056,33.97196261682243,40.926071247765485
2011-09-20,33.177570093457945,41.822429906542055,15.42056074766355,32.219626168224295,39.34308123330345
2011-09-21,23.364485981308412,23.83177570093458,6.5420560747663545,20.14018691588785,35.85164590286425
2011-09-22,19.158878504672895,17.056074766355138,4.672897196261682,15.630841121495326,32.175135942615356
2011-09-23,19.859813084112147,30.60747663551402,10.981308411214954,21.308411214953267,30.199367810313156
2011-09-26,23.130841121495326,47.19626168224299,17.289719626168225,29.182242990654206,30.014436024920617
2011-09-27,27.570093457943923,36.44859813084112,12.149532710280374,27.14953271028037,29.493544513167844
2011-09-28,21.02803738317757,28.27102803738318,7.476635514018691,20.490654205607477,27.856655366338686
2011-09-29,22.66355140186916,55.140186915887845,19.39252336448598,31.752336448598133,28.564961017658586
2011-09-30,19.39252336448598,34.57943925233645,8.411214953271028,21.752336448598133,27.326302005102136
2011-10-03,13.084112149532709,8.878504672897195,1.6355140186915886,9.532710280373832,24.091103509696985
2011-10-04,15.42056074766355,11.682242990654206,1.6355140186915886,11.542056074766355,21.809458521527777
2011-10-05,17.056074766355138,10.514018691588785,0.9345794392523363,11.869158878504672,20.002131313705394
2011-10-06,21.261682242990652,18.457943925233643,1.8691588785046727,16.542056074766354,19.37302672480739
2011-10-07,21.49532710280374,19.859813084112147,2.102803738317757,17.126168224299064,18.96450699744224
2011-10-10,29.906542056074763,46.26168224299065,6.775700934579438,30.186915887850468,21.004944977516463
2011-10-11,28.27102803738318,67.28971962616822,21.261682242990652,38.574766355140184,24.199457955266233
2011-10-12,30.140186915887853,87.38317757009347,55.140186915887845,52.31308411214953,29.311026347426836
2011-10-13,30.536130536130536,83.68298368298368,46.620046620046615,49.696969696969695,33.017561501889176
2011-10-14,34.96503496503497,81.58508158508158,42.89044289044289,50.53613053613054,36.20275587175124
2011-10-17,29.603729603729604,61.3053613053613,15.61771561771562,36.31701631701632,36.22353049816307
2011-10-18,35.8974358974359,87.87878787878788,54.07925407925408,55.12820512820513,39.66074406726163
2011-10-19,31.23543123543124,79.02097902097903,34.032634032634036,46.13053613053613,40.83706989694791
2011-10-20,33.33333333333333,93.7062937062937,62.47086247086248,57.27272727272727,43.82537123799871
2011-10-21,40.79254079254079,98.13519813519814,94.63869463869464,68.76456876456876,48.35977078828418
2011-10-24,44.05594405594406,98.6013986013986,91.84149184149184,69.97668997668998,52.29011973163069
2011-10-25,39.16083916083916,95.1048951048951,72.72727272727273,62.65734265734265,54.17506935448741
2011-10-26,42.42424242424242,92.3076923076923,64.80186480186481,61.86480186480186,55.57320253818096
2011-10-27,53.613053613053616,96.03729603729604,86.24708624708624,72.86713286713287,58.71755350708131
2011-10-28,52.680652680652685,90.9090909090909,73.42657342657343,68.2983682983683,60.459519832769864
2011-10-31,44.28904428904429,86.94638694638695,53.613053613053616,58.95104895104895,60.1852523997297
2011-11-01,36.36363636363637,65.03496503496503,18.64801864801865,41.421911421911425,56.773735858308186
2011-11-02,41.72494172494173,77.62237762237763,33.56643356643357,50.862470862470865,55.698960404519575
2011-11-03,47.086247086247084,80.1864801864802,37.995337995338,55.1981351981352,55.607901276086054
2011-11-04,46.15384615384615,86.48018648018649,51.981351981351985,59.41724941724942,56.300510029024856
2011-11-07,47.785547785547784,81.35198135198135,38.46153846153847,55.99067599067599,56.24417656750688
2011-11-08,52.21445221445221,89.74358974358975,58.04195804195804,64.63869463869464,57.770452580450105
2011-11-09,38.6946386946387,65.96736596736596,19.114219114219114,42.960372960372965,55.07771083134517
2011-11-10,41.72494172494173,54.07925407925408,15.384615384615385,40.163170163170165,52.36597616440426
2011-11-11,48.95104895104895,61.53846153846154,18.181818181818183,46.57342657342657,51.31278532968105
2011-11-14,45.45454545454545,69.23076923076923,24.941724941724942,48.484848484848484,50.798614994256944
2011-11-15,48.95104895104895,68.29836829836829,24.708624708624708,49.9067599067599,50.636459523802934
2011-11-16,42.89044289044289,24.00932400932401,4.895104895104895,29.62703962703963,46.81656499711869
2011-11-17,37.2093023255814,13.488372093023257,3.0232558139534884,23.255813953488374,42.53279208009499
2011-11-18,37.67441860465116,28.37209302325581,4.186046511627907,28.186046511627907,39.924292885828244
2011-11-21,32.79069767441861,38.139534883720934,7.674418604651163,29.372093023255815,38.005711092633256
2011-11-22,31.627906976744185,18.372093023255815,3.488372093023256,22.02325581395349,35.099810132873294
2011-11-23,23.488372093023255,3.255813953488372,0.46511627906976744,12.813953488372093,31.047836197509437
2011-11-25,23.72093023255814,2.7906976744186047,0.23255813953488372,12.744186046511627,27.719899806418923
2011-11-28,33.25581395348837,8.837209302325581,0.9302325581395349,19.46511627906977,26.21903007417362
2011-11-29,33.72093023255814,6.279069767441861,0.6976744186046512,18.88372093023256,24.885337502547973
2011-11-30,46.51162790697674,71.3953488372093,23.72093023255814,49.41860465116279,29.34593152956885
2011-12-01,45.11627906976744,62.093023255813954,16.046511627906977,44.395348837209305,32.08218922186712
2011-12-02,45.348837209302324,36.51162790697675,8.13953488372093,35.25581395348837,32.659211900343706
2011-12-05,49.30232558139535,62.32558139534884,16.511627906976745,46.65116279069768,35.203202971317154
2011-12-06,49.53488372093023,55.81395348837209,12.093023255813954,43.93023255813953,36.789935623466675
2011-12-07,49.30232558139535,70.69767441860465,30.930232558139537,52.04651162790698,39.563858533364915
2011-12-08,40.93023255813954,65.11627906976744,20.46511627906977,44.093023255813954,40.38734302835565
2011-12-09,49.30232558139535,81.16279069767441,34.883720930232556,55.97674418604651,43.22177960248126
2011-12-12,41.86046511627907,84.41860465116278,40.46511627906977,54.348837209302324,45.244880985539645
2011-12-13,40.69767441860465,77.90697674418605,33.02325581395349,50.325581395348834,46.16864469641405
2011-12-14,37.906976744186046,83.02325581395348,48.372093023255815,53.53488372093023,47.507960882689716
2011-12-15,40.23255813953489,87.90697674418605,51.627906976744185,56.81395348837209,49.19995953826833
2011-12-16,42.32558139534884,69.06976744186046,37.906976744186046,49.46511627906977,49.248169854777686
2011-12-19,38.372093023255815,57.906976744186046,22.790697674418606,41.116279069767444,47.769644257503096
2011-12-20,45.81395348837209,49.76744186046512,20.0,41.83720930232558,46.69101972019809
2011-12-21,47.44186046511628,54.88372093023256,24.651162790697676,45.116279069767444,46.40470323830161
2011-12-22,50.0,59.76744186046512,29.069767441860467,48.74418604651163,46.83006374888525
2011-12-23,53.02325581395348,57.20930232558139,29.069767441860467,49.48837209302325,47.31339253872852
2011-12-27,53.25581395348837,60.23255813953489,31.627906976744185,51.02325581395348,47.987913134223966
2011-12-28,50.46511627906977,48.604651162790695,22.093023255813954,44.23255813953488,47.30512131700776
2011-12-29,54.88372093023256,73.0232558139535,46.74418604651163,58.697674418604656,49.376494608207196
2011-12-30,53.72093023255814,57.44186046511628,29.767441860465116,50.04651162790698,49.498315884516245
2012-01-03,56.97674418604651,78.37209302325581,47.44186046511628,61.48837209302326,51.678326104244796
2012-01-04,55.58139534883721,84.41860465116278,56.97674418604651,64.51162790697674,54.01165370474152
2012-01-05,56.51162790697675,91.62790697674419,71.62790697674419,70.06976744186046,56.93131074785406
2012-01-06,56.04651162790698,87.20930232558139,64.65116279069767,67.11627906976744,58.783123170020126
2012-01-09,56.74418604651162,84.18604651162791,61.627906976744185,65.95348837209302,60.08682593403338
2012-01-10,65.11627906976744,92.32558139534883,77.67441860465117,75.79069767441861,62.94207534137614
2012-01-11,65.58139534883722,81.62790697674419,61.627906976744185,69.6046511627907,64.15345276345151
2012-01-12,66.04651162790698,79.76744186046511,62.093023255813954,69.37209302325581,65.10229644705228
2012-01-13,62.7906976744186,77.20930232558139,52.79069767441861,65.11627906976744,65.1048387420914
2012-01-17,65.11627906976744,71.3953488372093,48.837209302325576,63.74418604651163,64.85744734289507
2012-01-18,69.06976744186046,74.18604651162791,56.74418604651162,68.13953488372093,65.45419053213614
2012-01-19,72.79069767441861,83.02325581395348,70.69767441860465,75.44186046511628,67.27013051995071
2012-01-20,73.72093023255813,79.53488372093022,63.25581395348837,73.37209302325581,68.37957824782437
2012-01-23,73.72093023255813,80.69767441860465,68.37209302325581,74.74418604651163,69.53677966576751
2012-01-24,75.11627906976744,78.13953488372093,62.32558139534884,73.46511627906978,70.25102268636792
2012-01-25,77.90697674418605,84.18604651162791,71.3953488372093,78.48837209302326,71.74872257848706
2012-01-26,77.67441860465117,82.7906976744186,64.88372093023256,76.65116279069768,72.64007534434354
2012-01-27,77.20930232558139,81.16279069767441,64.4186046511628,75.83720930232558,73.221372427613
2012-01-30,75.5813953488372,76.04651162790698,57.20930232558139,72.04651162790697,73.007761373121
2012-01-31,77.20930232558139,70.46511627906978,51.162790697674424,69.97674418604652,72.45666733910745
2012-02-01,81.62790697674419,77.44186046511628,58.6046511627907,75.76744186046513,73.05862634299066
2012-02-02,82.32558139534883,73.95348837209302,55.11627906976744,74.3720930232558,73.29743846667523
2012-02-03,86.04651162790698,84.18604651162791,66.51162790697674,81.5813953488372,74.80361244525014
2012-02-06,84.88372093023256,80.93023255813954,63.25581395348837,79.37209302325581,75.63424527761482
2012-02-07,85.11627906976744,78.37209302325581,56.27906976744186,77.32558139534883,75.94176093538464
2012-02-08,85.84686774941996,76.10208816705337,52.90023201856149,76.33410672853829,76.01309653413985
2012-02-09,84.91879350348029,77.03016241299304,57.076566125290014,76.98375870069606,76.1895805644228
2012-02-10,83.9907192575406,70.76566125290023,48.95591647331787,73.01624129930394,75.61260978894664
2012-02-13,85.1508120649652,76.79814385150812,49.651972157772626,75.54524361948955,75.6003613944999
2012-02-14,83.9907192575406,65.66125290023201,42.69141531322506,70.23201856148492,74.62429906122445
2012-02-15,82.830626450116,66.12529002320186,42.22737819025522,69.69837587006961,73.72867666283267
2012-02-16,87.70301624129931,77.7262180974478,53.36426914153132,77.84222737819026,74.47659497471588
2012-02-17,85.61484918793504,80.51044083526682,59.86078886310905,78.93271461716938,75.28679854607107
2012-02-21,84.91879350348029,77.26218097447796,55.4524361948956,76.72853828306265,75.54893304370589
2012-02-22,84.91879350348029,67.05336426914154,40.13921113689095,70.60324825986079,74.64971762846132
2012-02-23,85.61484918793504,69.83758700696056,47.09976798143852,73.17865429234338,74.38225156734896
2012-02-24,86.07888631090486,58.70069605568445,35.730858468677496,67.79582366589327,73.18471922162975
2012-02-27,85.84686774941996,61.48491879350348,38.05104408352668,68.97911832946636,72.42006451396368
2012-02-28,85.84686774941996,58.23665893271461,35.730858468677496,67.54060324825986,71.53288973838117
2012-02-29,85.61484918793504,53.596287703016245,27.842227378190255,64.45475638051045,70.2459564005865
2012-03-01,85.61484918793504,59.39675174013921,33.874709976798144,67.4013921113689,69.72876289345602
2012-03-02,85.38283062645012,60.556844547563806,34.80278422273782,67.81902552204177,69.38153791683524
2012-03-05,85.38283062645012,51.508120649651964,26.450116009280745,63.4338747099768,68.30014460649734
2012-03-06,80.2784222737819,34.5707656612529,15.31322505800464,53.57308584686775,65.62249755929196
2012-03-07,82.13457076566125,46.403712296983755,19.721577726218097,58.932714617169374,64.40617338799694
2012-03-08,84.45475638051045,46.17169373549884,20.417633410672853,60.162412993039446,63.63458058891376
2012-03-09,85.84686774941996,52.90023201856149,25.986078886310903,63.990719257540604,63.699333074118634
2012-03-12,85.84686774941996,56.148491879350345,32.25058004640371,66.21809744779583,64.15729023296903
2012-03-13,88.63109048723898,77.26218097447796,51.972157772621806,77.88863109048724,66.65389766160871
2012-03-14,87.00696055684455,67.98143851508121,39.21113689095127,71.74013921113689,67.57866885243202
2012-03-15,88.39907192575406,74.47795823665894,44.31554524361949,75.4060324825986,69.00182587609868
2012-03-16,89.32714617169374,72.38979118329466,44.31554524361949,75.24361948955917,70.13669744218241
2012-03-19,88.39907192575406,74.94199535962876,43.851508120649655,75.45243619489558,71.10319539722117
2012-03-20,88.16705336426914,75.4060324825986,43.619489559164734,75.4292343387471,71.88974793204407
2012-03-21,88.39907192575406,67.74941995359629,37.35498839907193,71.9953596287703,71.90895005872157
2012-03-22,87.23897911832947,66.8213457076566,38.97911832946635,71.46171693735498,71.82763494574583
2012-03-23,87.93503480278422,73.78190255220419,42.92343387470998,74.68677494199537,72.34747858142755
2012-03-26,90.95127610208816,93.50348027842227,76.10208816705337,88.74709976798144,75.32922788807372
2012-03-27,90.71925754060325,91.415313225058,70.99767981438515,86.98375870069606,77.4482334903687
2012-03-28,89.32714617169374,80.04640371229699,53.1322505800464,79.30394431554525,77.78563545858262
2012-03-29,88.8631090487239,75.4060324825986,43.38747099767982,75.7308584686775,77.41203964223622
2012-03-30,89.79118329466357,77.03016241299304,49.419953596287705,77.88863109048724,77.49869263282731
2012-04-02,89.55916473317865,67.51740139211137,38.74709976798144,72.78422273781902,76.64151628828034
2012-04-03,89.55916473317865,69.37354988399072,40.835266821345705,73.75870069605567,76.11736799878494
2012-04-04,88.16705336426914,46.8677494199536,23.4338747099768,62.83062645011601,73.70159680811787
2012-04-05,87.70301624129931,45.93967517401392,23.665893271461716,62.36658932714617,71.64068635703211
2012-04-09,85.38283062645012,28.306264501160094,13.68909512761021,53.92111368909513,68.41894587195266
2012-04-10,80.51044083526682,16.70533642691415,5.800464037122969,46.42691415313225,64.42039465034894
2012-04-11,83.52668213457076,24.129930394431554,7.65661252900232,50.53364269141531,61.89553065781555
2012-04-12,85.87962962962963,44.44444444444444,15.277777777777779,59.32870370370371,61.42883484797703
2012-04-13,83.79629629629629,28.935185185185187,10.87962962962963,52.754629629629626,59.851706626459325
2012-04-16,83.56481481481481,22.453703703703702,7.4074074074074066,50.0,58.06048723983036
2012-04-17,86.3425925925926,32.63888888888889,11.805555555555555,55.324074074074076,57.562957573329214
2012-04-18,85.41666666666666,38.425925925925924,13.657407407407407,56.96759259259259,57.454709395013474
2012-04-19,83.79629629629629,34.72222222222222,11.11111111111111,54.53703703703703,56.92422351174502
2012-04-20,82.63888888888889,36.80555555555556,12.268518518518519,54.81481481481481,56.54069465775771
2012-04-23,80.32407407407408,19.675925925925927,7.175925925925926,47.5,54.896931992710854
2012-04-24,81.01851851851852,27.314814814814813,9.027777777777777,50.50925925925926,54.09917331390147
2012-04-25,85.18518518518519,48.148148148148145,18.98148148148148,60.833333333333336,55.323566044707256
2012-04-26,87.5,57.407407407407405,29.166666666666668,66.80555555555556,57.411200501225125
2012-04-27,87.73148148148148,71.75925925925925,45.13888888888889,74.4212962962963,60.50394519123807
2012-04-30,86.57407407407408,81.71296296296296,60.879629629629626,79.97685185185185,64.04447367498602
2012-05-01,87.96296296296296,76.85185185185185,56.94444444444444,78.42592592592592,66.65928317515692
2012-05-02,87.03703703703704,66.20370370370371,46.06481481481482,72.5925925925926,67.73806670559978
2012-05-03,85.18518518518519,66.43518518518519,47.91666666666667,72.10648148148148,68.53232393757827
2012-05-04,79.39814814814815,53.24074074074075,34.02777777777778,62.476851851851855,67.43132901290073
2012-05-07,79.86111111111111,47.22222222222222,26.38888888888889,59.375,65.96654191964606
2012-05-08,80.0925925925926,44.44444444444444,27.083333333333332,58.7962962962963,64.66286089721883
2012-05-09,75.92592592592592,40.97222222222222,24.074074074074073,55.06944444444444,62.918603360350765
2012-05-10,78.47222222222221,43.75,23.84259259259259,57.129629629629626,61.86606268203783
2012-05-11,77.54629629629629,48.61111111111111,32.407407407407405,59.83796296296296,61.497317278569675
2012-05-14,74.76851851851852,36.80555555555556,20.13888888888889,52.4537037037037,59.853023901321315
2012-05-15,71.59353348729792,27.9445727482679,13.625866050808314,46.905311778290994,57.49889442440671
2012-05-16,68.82217090069284,21.016166281755197,10.854503464203233,42.88683602771363,54.84215653409887
2012-05-17,63.972286374133944,10.854503464203233,4.387990762124711,36.12009237875289,51.4381448694905
2012-05-18,59.21658986175116,8.064516129032258,2.5345622119815667,32.53456221198157,48.001129840852514
2012-05-21,66.12903225806451,9.67741935483871,2.995391705069124,36.566820276497694,45.92216446551527
2012-05-22,66.12903225806451,10.829493087557603,4.147465437788019,37.14285714285714,44.32592677048652
2012-05-23,67.2811059907834,14.055299539170507,4.838709677419355,38.824884792626726,43.32573731996656
2012-05-24,67.05069124423963,25.115207373271893,9.67741935483871,42.995391705069125,43.2656744808943
2012-05-25,65.89861751152074,22.811059907834103,9.67741935483871,41.72811059907834,42.98611741147322
2012-05-29,70.73732718894009,31.336405529953915,11.29032258064516,47.027649769585246,43.72094147658449
2012-05-30,62.44239631336406,22.350230414746544,7.373271889400922,39.40092165898618,42.93548332793026
2012-05-31,61.75115207373272,20.506912442396313,4.6082949308755765,37.94930875576037,42.02890613299028
2012-06-01,53.2258064516129,8.064516129032258,1.8433179723502304,29.40092165898617,39.732908955898615
2012-06-04,51.61290322580645,12.442396313364055,4.147465437788019,30.368663594470046,38.030318890184326
2012-06-05,55.06912442396313,16.589861751152075,6.221198156682028,33.755760368663594,37.25312643172601
2012-06-06,61.52073732718893,39.1705069124424,11.52073732718894,44.815668202764975,38.628134026460366
2012-06-07,60.82949308755761,61.75115207373272,23.04147465437788,53.54838709677419,41.34090731197197
2012-06-08,63.36405529953917,77.41935483870968,41.013824884792626,63.11059907834102,45.29903308767543
2012-06-11,59.21658986175116,47.004608294930875,17.28110599078341,47.16589861751152,45.63846318400927
2012-06-12,62.67281105990783,54.60829493087558,21.428571428571427,52.00460829493087,46.79594411326774
2012-06-13,59.67741935483871,47.235023041474655,16.589861751152075,47.327188940092164,46.89253408178127
2012-06-14,60.59907834101382,51.1520737327189,20.506912442396313,49.746543778801836,47.41144493578501
2012-06-15,64.51612903225806,61.05990783410138,27.880184331797235,56.15207373271889,49.000650171591175
2012-06-18,65.66820276497695,55.29953917050692,24.65437788018433,54.35483870967742,49.97413899669777
2012-06-19,69.81566820276498,77.88018433179722,47.004608294930875,67.67281105990783,53.19207937182688
2012-06-20,69.12442396313364,77.18894009216591,46.54377880184332,67.02764976958525,55.707637625964765
2012-06-21,61.9815668202765,81.5668202764977,51.382488479262676,65.7373271889401,57.531217546505744
2012-06-22,63.36405529953917,84.7926267281106,57.6036866359447,68.6405529953917,59.55109671903047
2012-06-25,57.14285714285714,65.89861751152074,32.02764976958525,54.74654377880184,58.6775416389889
2012-06-26,59.21658986175116,49.30875576036866,18.433179723502306,48.08755760368664,56.75208999620667
2012-06-27,61.75115207373272,58.75576036866359,27.880184331797235,54.07834101382488,56.26595381759181
2012-06-28,60.59907834101382,50.0,21.658986175115206,49.63133640552995,55.05965974267147
2012-06-29,68.73563218390805,84.13793103448276,54.48275862068965,70.50574712643679,57.86803926699245
2012-07-02,68.96551724137932,76.55172413793103,50.114942528735625,67.47126436781609,59.61408019441493
2012-07-03,71.49425287356321,87.35632183908046,64.13793103448275,74.7816091954023,62.371812740049
2012-07-05,71.03448275862068,81.83908045977012,50.57471264367817,70.18390804597702,63.79219370476319
2012-07-06,67.35632183908045,62.52873563218391,30.114942528735632,58.45977011494252,62.82266214297761
2012-07-09,64.59770114942529,57.47126436781609,23.908045977011493,54.32183908045977,61.27705794979255
2012-07-10,61.839080459770116,39.54022988505747,15.862068965517242,45.95402298850574,58.49105159319495
2012-07-11,61.839080459770116,44.827586206896555,18.850574712643677,48.13793103448276,56.60866603706546
2012-07-12,58.160919540229884,59.310344827586206,33.5632183908046,53.58620689655172,56.059128011517515
2012-07-13,65.05747126436782,63.678160919540225,40.0,59.632183908045974,56.70877453815905
2012-07-16,63.2183908045977,73.10344827586206,52.41379310344828,64.02298850574712,58.03863162317506
2012-07-17,64.13793103448275,72.183908045977,54.94252873563218,64.71264367816092,59.25208836044522
2012-07-18,68.50574712643677,77.24137931034483,52.18390804597701,67.86206896551724,60.81753937954923
2012-07-19,68.50574712643677,79.54022988505747,54.48275862068965,69.01149425287356,62.307349356517285
2012-07-20,63.76146788990825,48.39449541284404,26.605504587155966,51.72018348623853,60.382410107375684
2012-07-23,59.174311926605505,35.321100917431195,17.201834862385322,43.62385321100918,57.33539976258177
2012-07-24,56.42201834862385,25.458715596330272,11.238532110091743,38.096330275229356,53.8373871285177
2012-07-25,58.256880733944946,27.981651376146786,11.46788990825688,39.81651376146788,51.28813742541772
2012-07-26,61.69724770642202,49.77064220183486,26.376146788990823,51.055045871559635,51.24575714289807
2012-07-27,68.57798165137615,68.11926605504587,41.74311926605505,63.07339449541284,53.396236661537124
2012-07-30,66.74311926605505,71.78899082568807,46.788990825688074,64.26605504587155,55.37256727687066
2012-07-31,64.90825688073394,69.4954128440367,42.201834862385326,61.74311926605505,56.530849456722365
2012-08-01,63.30275229357798,66.74311926605505,40.825688073394495,59.8394495412844,57.132413108460916
2012-08-02,60.550458715596335,47.935779816513765,22.706422018348622,49.19724770642202,55.68965576263566
2012-08-03,67.20183486238533,66.05504587155964,38.53211009174312,61.123853211009184,56.67769166233994
2012-08-06,68.11926605504587,60.09174311926605,33.25688073394495,58.73853211009174,57.052389925567546
2012-08-07,72.70642201834863,61.23853211009175,32.798165137614674,61.284403669724774,57.82184696995977
2012-08-08,72.93577981651376,62.38532110091744,32.56880733944954,61.69724770642202,58.526465285680175
2012-08-09,73.1651376146789,69.72477064220183,42.201834862385326,65.94036697247707,59.874447410552335
2012-08-10,73.39449541284404,76.60550458715596,56.19266055045872,70.91743119266054,61.882262643662926
2012-08-13,72.01834862385321,80.96330275229357,62.61467889908256,72.82110091743118,63.87114232980261
2012-08-14,70.87155963302753,82.33944954128441,61.23853211009175,72.38532110091744,65.41917483364168
2012-08-15,72.70642201834863,75.22935779816514,53.899082568807344,69.70183486238533,66.19784029341325
2012-08-16,75.0,68.11926605504587,45.18348623853211,66.97247706422019,66.33868334265088
2012-08-17,75.91743119266054,70.18348623853211,50.45871559633027,69.10550458715596,66.84174175074271
2012-08-20,75.45871559633028,75.0,56.42201834862385,71.5137614678899,67.69119988113312
2012-08-21,75.91743119266054,77.52293577981652,58.256880733944946,72.86697247706422,68.63224944402968
2012-08-22,75.68807339449542,79.12844036697247,66.28440366972477,74.83944954128441,69.76083127989418
2012-08-23,71.55963302752293,61.23853211009175,41.284403669724774,62.408256880733944,68.42399957095594
2012-08-24,73.39449541284404,66.97247706422019,44.4954128440367,65.68807339449542,67.92655844796312
2012-08-27,72.93577981651376,58.48623853211009,34.174311926605505,60.84862385321101,66.63966124891728
2012-08-28,73.39449541284404,56.88073394495413,33.715596330275226,60.50458715596331,65.52419323201656
2012-08-29,73.1651376146789,56.88073394495413,34.63302752293578,60.57339449541284,64.62404800717951
2012-08-30,70.41284403669725,48.1651376146789,25.458715596330272,54.747706422018354,62.82834953715021
2012-08-31,72.01834862385321,55.5045871559633,33.715596330275226,59.403669724770644,62.20568048035393
2012-09-04,71.55963302752293,57.11009174311926,36.46788990825688,60.20642201834862,61.84217894180751
2012-09-05,69.4954128440367,52.522935779816514,28.6697247706422,56.23853211009174,60.82333406331373
2012-09-06,77.06422018348624,67.20183486238533,41.97247706422018,67.08715596330275,61.96221077240264
2012-09-07,79.58715596330275,64.22018348623854,40.825688073394495,67.22477064220183,62.91903983963886
2012-09-10,77.75229357798165,62.61467889908256,35.77981651376147,64.81651376146789,63.26403509815323
2012-09-11,77.98165137614679,66.05504587155964,40.825688073394495,66.97247706422019,63.93829727380177
2012-09-12,78.89908256880734,69.26605504587155,45.87155963302752,69.40366972477065,64.9320013557961
2012-09-13,81.65137614678899,83.71559633027523,63.99082568807339,78.73853211009174,67.44227967475895
2012-09-14,81.42201834862385,80.04587155963303,64.90825688073394,77.70642201834862,69.30848737359344
2012-09-17,79.81651376146789,78.89908256880734,60.321100917431195,75.64220183486239,70.46007182109688
2012-09-18,79.58715596330275,75.91743119266054,56.19266055045872,73.80733944954127,71.06866593535949
2012-09-19,79.12844036697247,75.91743119266054,58.944954128440365,74.12844036697247,71.62498855928914
2012-09-20,77.75229357798165,80.04587155963303,61.92660550458715,75.27522935779817,72.28866870447261
2012-09-21,77.98165137614679,77.06422018348624,55.27522935779816,73.1651376146789,72.44802668814648
2012-09-24,77.52293577981652,75.45871559633028,54.81651376146789,72.36238532110093,72.43245553050184
2012-09-25,74.08256880733946,67.88990825688074,43.80733944954128,66.1697247706422,71.29377721052737
2012-09-26,72.70642201834863,47.018348623853214,20.871559633027523,54.633027522935784,68.26454999460162
2012-09-27,74.31192660550458,50.22935779816514,25.458715596330272,57.31651376146789,66.27399795221366
2012-09-28,72.93577981651376,50.68807339449541,28.440366972477065,57.36238532110091,64.6537047465568
2012-10-01,72.01834862385321,51.60550458715596,27.522935779816514,56.99541284403669,63.26128803700769
2012-10-02,70.87155963302753,52.981651376146786,28.440366972477065,57.018348623853214,62.126208143706876
2012-10-03,71.55963302752293,43.34862385321101,22.93577981651376,53.371559633027516,60.534453869037904
2012-10-04,75.0,48.62385321100918,26.146788990825687,57.31651376146789,59.94937384947972
2012-10-05,73.62385321100918,53.899082568807344,34.63302752293578,59.908256880733944,59.94189803698048
2012-10-08,73.85321100917432,53.899082568807344,34.403669724770644,59.97706422018349,59.948291888471935
2012-10-09,69.26605504587155,40.137614678899084,21.3302752293578,50.94036697247706,58.31048735829105
2012-10-10,67.88990825688074,36.69724770642202,16.972477064220186,48.348623853211016,56.4992394482765
2012-10-11,68.57798165137615,38.53211009174312,19.724770642201836,49.793577981651374,55.28002827252648
2012-10-12,65.98173515981736,33.56164383561644,14.383561643835616,45.93607305936074,53.58112732467816
2012-10-15,70.09132420091323,53.65296803652968,28.31050228310502,56.80365296803652,54.16704107801605
2012-10-16,72.8310502283105,68.2648401826484,43.15068493150685,65.52511415525113,56.23214527387697
2012-10-17,75.11415525114155,64.61187214611871,43.37899543378995,65.61643835616438,57.93838037974741
2012-10-18,73.28767123287672,65.98173515981736,44.29223744292237,65.29680365296804,59.27627552033298
2012-10-19,68.0365296803653,52.51141552511416,31.506849315068493,56.073059360730596,58.69387258222346
2012-10-22,68.0365296803653,47.71689497716895,28.538812785388128,54.04109589041096,57.847913183712095
2012-10-23,62.78538812785388,34.93150684931507,14.840182648401825,44.84018264840182,55.48287126820114
2012-10-24,60.95890410958904,25.34246575342466,10.273972602739725,40.13698630136986,52.6927103651409
2012-10-25,63.013698630136986,30.82191780821918,13.698630136986301,43.49315068493151,51.02006315055737
2012-10-26,62.328767123287676,32.19178082191781,13.926940639269406,43.60730593607306,49.672289111560225
2012-10-31,64.38356164383562,49.08675799086758,21.689497716894977,51.25570776255708,49.96018341174147
2012-11-01,70.09132420091323,62.10045662100456,38.81278538812785,61.438356164383556,52.04712391222185
2012-11-02,64.38356164383562,52.51141552511416,28.767123287671232,53.6986301369863,52.347397771269925
2012-11-05,66.21004566210046,55.47945205479452,33.56164383561644,56.461187214611876,53.09535948824119
2012-11-06,70.54794520547945,57.534246575342465,34.01826484018265,59.337899543378995,54.23036677099352
2012-11-07,62.328767123287676,35.61643835616438,15.068493150684931,44.86301369863014,52.52721166692745
2012-11-08,56.62100456621004,21.689497716894977,8.447488584474886,36.50684931506849,49.614418512044
2012-11-09,57.534246575342465,23.28767123287671,7.9908675799086755,37.35159817351598,47.38481481412982
2012-11-12,57.077625570776256,32.87671232876712,15.52511415525114,41.50684931506849,46.31609381430049
2012-11-13,56.62100456621004,31.506849315068493,14.840182648401825,40.730593607305934,45.30054832211965
2012-11-14,47.03196347031963,28.538812785388128,12.785388127853881,34.63470319634703,43.36130375379736
2012-11-15,47.03196347031963,28.31050228310502,12.32876712328767,34.474885844748854,41.745591406697635
2012-11-16,50.456621004566216,29.22374429223744,12.557077625570775,36.50684931506849,40.79309284458324
2012-11-19,57.077625570776256,43.15068493150685,19.406392694063925,45.36529680365297,41.62440265532319
2012-11-20,58.21917808219178,44.97716894977169,17.35159817351598,46.07305936073059,42.43324932903362
2012-11-21,59.817351598173516,32.87671232876712,13.24200913242009,42.42009132420091,42.43085696451858
2012-11-23,66.21004566210046,52.96803652968036,24.429223744292237,53.88127853881278,44.51275179620844
2012-11-26,64.84018264840182,45.89041095890411,20.091324200913242,50.20547945205479,45.547793188180506
2012-11-27,63.013698630136986,34.70319634703196,12.557077625570775,44.42922374429224,45.344416925655366
2012-11-28,65.75342465753424,61.18721461187214,33.56164383561644,57.94520547945205,47.635469389982035
2012-11-29,69.40639269406392,79.45205479452055,52.28310502283106,68.99543378995435,51.519099280886095
2012-11-30,68.72146118721462,81.9634703196347,52.28310502283106,69.40639269406392,54.77133444691843
2012-12-03,66.21004566210046,79.22374429223744,48.63013698630137,66.59817351598173,56.92166882311175
2012-12-04,65.06849315068493,79.90867579908677,49.54337899543379,66.41552511415526,58.64782451239239
2012-12-05,66.43835616438356,91.0958904109589,72.8310502283105,75.11415525114155,61.6417028285286
2012-12-06,67.57990867579909,92.46575342465754,77.3972602739726,77.00913242009133,64.43578093608545
2012-12-07,68.72146118721462,91.32420091324201,75.34246575342466,76.82648401826484,66.68863604193625
2012-12-10,68.94977168949772,82.42009132420091,61.41552511415526,71.48401826484019,67.56052371882787
2012-12-11,71.46118721461188,84.01826484018264,65.52511415525115,74.04109589041097,68.73880956820662
2012-12-12,70.09132420091323,82.1917808219178,62.55707762557078,72.21461187214612,69.37077362346834
2012-12-13,68.2648401826484,66.43835616438356,42.465753424657535,62.55707762557077,68.13191980566879
2012-12-14,67.35159817351598,62.10045662100456,39.726027397260275,60.25114155251141,66.69905103236744
2012-12-17,71.23287671232876,76.71232876712328,57.99086757990868,70.22831050228311,67.34073457235209
2012-12-18,76.02739726027397,80.82191780821918,61.64383561643836,74.58904109589041,68.6586084857227
2012-12-19,73.51598173515981,71.23287671232876,50.0,68.12785388127853,68.56210764855103
2012-12-20,75.57077625570776,74.65753424657534,55.93607305936074,71.36986301369863,69.07260862403241
2012-12-21,71.23287671232876,71.23287671232876,51.369863013698634,67.26027397260273,68.74309323286337
2012-12-24,70.77625570776256,71.91780821917808,49.08675799086758,66.78082191780823,68.38631663012607
2012-12-26,68.2648401826484,61.18721461187214,40.182648401826484,60.52511415525114,66.95700708923972
2012-12-27,68.2648401826484,59.589041095890416,36.757990867579906,59.3607305936073,65.57586590821565
2012-12-28,64.38356164383562,46.118721461187214,23.059360730593607,50.63926940639269,62.86012108970238
2012-12-31,69.86301369863014,59.3607305936073,34.01826484018265,59.54337899543379,62.25707707256264
2013-01-02,78.13211845102505,79.27107061503416,50.11389521640092,72.87015945330296,64.18672841451543
2013-01-03,77.90432801822324,79.95444191343964,50.56947608200456,73.05239179954442,65.79866721179343
2013-01-04,79.95444191343964,87.92710706150342,64.46469248291572,79.24829157175398,68.24405345905897
2013-01-07,78.5876993166287,86.56036446469248,65.37585421412301,78.3371298405467,70.0791582556931
2013-01-08,77.44874715261959,76.30979498861048,48.9749430523918,71.4123006833713,70.32154778799823
2013-01-09,77.67653758542141,71.75398633257403,43.28018223234624,69.02050113895216,70.08499385180804
2013-01-10,79.27107061503416,82.6879271070615,56.947608200455576,75.83143507972665,71.12980134779325
2013-01-11,79.49886104783599,80.6378132118451,49.88610478359909,73.91799544419135,71.63674572895654
2013-01-14,81.09339407744875,86.33257403189066,60.36446469248291,78.51936218678816,72.88813053947138
2013-01-15,81.09339407744875,89.06605922551253,66.05922551252847,80.47835990888382,74.2681722430009
2013-01-16,79.95444191343964,91.34396355353076,71.75398633257403,81.73120728929385,75.62508770596325
2013-01-17,82.00455580865604,91.57175398633257,78.13211845102505,84.10022779043281,77.16602226677591
2013-01-18,83.4090909090909,94.0909090909091,86.13636363636363,87.1590909090909,78.98294383810591
2013-01-22,83.63636363636363,91.13636363636364,81.13636363636364,85.38636363636364,80.14720198324368
2013-01-23,83.18181818181817,82.27272727272728,61.59090909090909,78.5909090909091,79.86423963918284
2013-01-24,84.77272727272728,86.36363636363636,70.0,82.29545454545455,80.30627871305043
2013-01-25,85.68181818181819,84.77272727272728,68.63636363636364,82.00000000000001,80.61422803795035
2013-01-28,85.0,85.22727272727273,72.95454545454545,82.6590909090909,80.98602128724863
2013-01-29,86.5909090909091,87.95454545454545,77.5,85.18181818181819,81.74889344989764
2013-01-30,85.9090909090909,84.0909090909091,67.27272727272727,81.63636363636364,81.72843348380054
2013-01-31,85.9090909090909,77.5,58.86363636363636,77.97727272727272,81.04640425534095
2013-02-01,86.84807256235828,85.03401360544217,67.57369614512471,82.44897959183673,81.30141795288563
2013-02-04,85.26077097505669,76.64399092970523,54.421768707483,76.5079365079365,80.42987587198579
2013-02-05,86.39455782312925,80.72562358276643,59.183673469387756,79.25170068027211,80.21566220076512
2013-02-06,87.07482993197279,83.21995464852607,62.81179138321995,81.06575963718821,80.37022537102386
2013-02-07,87.07482993197279,74.14965986394559,54.421768707483,76.66666666666666,79.69685106114073
2013-02-08,87.52834467120182,75.73696145124717,56.916099773242635,77.86848072562358,79.3644200910467
2013-02-11,87.3015873015873,70.74829931972789,47.84580498866213,74.44444444444444,78.46987906439173
2013-02-12,87.07482993197279,75.73696145124717,50.56689342403629,76.3718820861678,78.08842506835101
2013-02-13,86.62131519274377,71.65532879818595,48.07256235827664,74.421768707483,77.42176027546593
2013-02-14,86.62131519274377,65.98639455782312,42.17687074829932,71.54195011337868,76.35270388235917
2013-02-15,86.16780045351474,68.02721088435374,43.53741496598639,72.19954648526077,75.597584355614
2013-02-19,87.52834467120182,71.65532879818595,48.75283446712018,75.01133786848072,75.49099408522613
2013-02-20,86.84807256235828,63.26530612244898,36.281179138321995,69.65986394557824,74.43078860529015
2013-02-21,84.80725623582767,55.32879818594104,29.47845804988662,64.89795918367346,72.69754689226893
2013-02-22,85.94104308390023,56.4625850340136,29.931972789115648,65.89569160997732,71.46084593185228
2013-02-25,82.76643990929705,47.84580498866213,22.67573696145125,60.27210884353741,69.42653009761321
2013-02-26,83.21995464852607,45.12471655328798,21.541950113378686,59.455782312925166,67.61366686403356
2013-02-27,85.03401360544217,55.55555555555556,28.117913832199548,64.80725623582767,67.10341038617794
2013-02-28,84.58049886621315,56.916099773242635,29.705215419501137,65.3061224489796,66.77663076123278
2013-03-01,85.4875283446712,56.4625850340136,26.303854875283445,64.94331065759637,66.4432998332989
2013-03-04,87.07482993197279,62.358276643990926,32.19954648526077,68.68480725623583,66.85084663746925
2013-03-05,88.88888888888889,70.06802721088435,40.816326530612244,73.6281179138322,68.08307777862615
2013-03-06,87.98185941043084,67.3469387755102,37.188208616780045,71.63265306122449,68.72845510273494
2013-03-07,87.52834467120182,69.1609977324263,37.641723356009074,72.0408163265306,69.33070259797051
2013-03-08,88.43537414965986,73.46938775510205,43.99092970521542,75.05668934240363,70.37179109695835
2013-03-11,88.43537414965986,71.42857142857143,38.32199546485261,73.31065759637188,70.90613046048807
2013-03-12,87.98185941043084,81.63265306122449,54.421768707483,79.36507936507937,72.44412117041377
2013-03-13,87.75510204081633,88.43537414965986,68.70748299319727,84.14965986394557,74.57240093287409
2013-03-14,87.98185941043084,87.3015873015873,62.81179138321995,82.7437641723356,76.0581033400489
2013-03-15,87.98185941043084,91.38321995464852,77.77777777777779,86.96145124716553,78.04053023225192
2013-03-18,87.75510204081633,86.39455782312925,70.29478458049887,83.8548752834467,79.0976838779237
2013-03-19,87.98185941043084,74.60317460317461,55.32879818594104,77.43764172335601,78.79585803163867
2013-03-20,87.98185941043084,81.85941043083899,60.770975056689345,80.702947845805,79.14260163421437
2013-03-21,87.98185941043084,71.42857142857143,49.88662131519274,75.3968253968254,78.46155140923457
2013-03-22,87.52834467120182,72.10884353741497,49.43310657596372,75.28344671201815,77.88371419155887
2013-03-25,87.75510204081633,57.82312925170068,36.054421768707485,68.43537414965986,76.16583418394086
2013-03-26,88.20861678004536,66.66666666666666,42.857142857142854,72.67573696145125,75.53127105257911
2013-03-27,88.66213151927438,67.80045351473923,43.99092970521542,73.46938775510205,75.15638318031056
2013-03-28,88.66213151927438,66.89342403628117,46.48526077097506,73.69614512471655,74.89088535202075
2013-04-01,88.88888888888889,56.68934240362812,38.775510204081634,69.2063492063492,73.85733332553501
2013-04-02,88.66213151927438,61.224489795918366,42.17687074829932,71.13378684807256,73.36214305690548
2013-04-03,87.3015873015873,45.3514739229025,27.2108843537415,62.698412698412696,71.42328299172497
2013-04-04,87.98185941043084,46.93877551020408,29.705215419501137,64.01360544217687,70.07606889180714
2013-04-05,87.07482993197279,44.67120181405896,26.984126984126984,62.33560090702948,68.66871107639301
2013-04-08,88.66213151927438,56.235827664399096,36.281179138321995,68.45804988662132,68.63040904188907
2013-04-09,89.34240362811792,62.131519274376416,38.095238095238095,70.9297052154195,69.04846289162188
2013-04-10,89.56916099773242,68.25396825396825,43.99092970521542,74.05895691609977,69.95946180516331
2013-04-11,91.15646258503402,78.91156462585033,56.235827664399096,80.49886621315193,71.87571715207034
2013-04-12,90.9297052154195,70.29478458049887,48.75283446712018,76.30385487528345,72.68083310174545
2013-04-15,85.71428571428571,49.43310657596372,25.170068027210885,62.72108843537415,70.86997043513249
2013-04-16,87.75510204081633,53.74149659863946,29.931972789115648,65.98639455782313,69.98204754834897
2013-04-17,85.4875283446712,42.857142857142854,21.541950113378686,59.909297052154194,68.15063836722265
2013-04-18,84.12698412698413,32.426303854875286,13.83219954648526,54.5578231292517,65.6792174148643
2013-04-19,84.58049886621315,43.76417233560091,22.22222222222222,59.86394557823129,64.6218952627492
2013-04-22,85.03401360544217,44.67120181405896,20.634920634920633,60.0453514739229,63.78979639205351
2013-04-23,87.52834467120182,68.48072562358276,35.147392290249435,71.33786848072563,65.16217313544844
2013-04-24,89.1156462585034,68.48072562358276,31.746031746031743,71.45124716553289,66.30564114091834
2013-04-25,89.79591836734694,75.51020408163265,43.76417233560091,76.30385487528345,68.12349818353017
2013-04-26,88.66213151927438,65.5328798185941,31.065759637188208,70.20408163265306,68.5017860833707
2013-04-29,89.34240362811792,68.02721088435374,38.32199546485261,72.7437641723356,69.27305482681886
2013-04-30,91.38321995464852,63.26530612244898,33.560090702947846,71.38321995464852,69.65672121369698
2013-05-01,89.1156462585034,48.29931972789115,19.727891156462583,62.993197278911566,68.44517140737237
2013-05-02,90.02267573696146,58.95691609977324,28.57142857142857,68.4126984126984,68.43926722652255
2013-05-03,91.38321995464852,85.94104308390023,66.21315192743764,84.71655328798187,71.39877378315151
2013-05-06,91.83673469387756,77.55102040816327,54.421768707483,80.06802721088435,72.97500167910293
2013-05-07,92.97052154195012,89.34240362811792,73.69614512471655,88.02721088435375,75.71176698914853
2013-05-08,93.42403628117914,90.24943310657596,78.91156462585033,89.56916099773244,78.23129317252742
2013-05-09,92.76018099547511,81.67420814479638,70.58823529411765,85.0,79.4619671411588
2013-05-10,93.21266968325791,83.0316742081448,70.36199095022624,85.58823529411765,80.5758340780604
2013-05-13,93.21266968325791,78.73303167420815,65.83710407239819,83.39366515837105,81.08816700175325
2013-05-14,93.66515837104072,86.42533936651584,70.81447963800905,86.92307692307692,82.14905971472119
2013-05-15,93.89140271493213,88.68778280542986,73.30316742081448,88.21266968325793,83.25153425445515
2013-05-16,93.66515837104072,86.87782805429865,71.26696832579185,87.14932126696831,83.96022280218482
2013-05-17,94.11764705882352,87.10407239819004,71.26696832579185,87.44343891402714,84.59353482251979
2013-05-20,93.89140271493213,82.35294117647058,66.9683257918552,85.04524886877827,84.67566464911224
2013-05-21,94.34389140271493,87.33031674208145,72.39819004524887,87.85067873303169,85.25293993709758
2013-05-22,93.66515837104072,76.47058823529412,56.10859728506787,80.99547511312217,84.4788554236475
2013-05-23,92.98642533936652,67.19457013574662,43.43891402714932,75.3393665158371,82.81713016768197
2013-05-24,91.6289592760181,66.7420814479638,38.23529411764706,73.4841628959276,81.120227027363
2013-05-28,92.0814479638009,66.289592760181,42.081447963800905,74.34389140271493,79.88816600469971
2013-05-29,90.72398190045249,53.84615384615385,28.733031674208142,67.26244343891402,77.59258008364777
2013-05-30,90.49773755656109,60.18099547511312,37.782805429864254,70.85972850678733,76.36842525149133
2013-05-31,89.36651583710407,41.8552036199095,23.52941176470588,61.94570135746606,73.74611181621401
2013-06-03,89.59276018099548,45.47511312217195,24.660633484162897,63.371040723981906,71.85973525398998
2013-06-04,88.23529411764706,31.674208144796378,14.479638009049776,56.5158371040724,69.0699355903686
2013-06-05,84.38914027149322,18.778280542986426,6.334841628959276,49.09502262443439,65.43813323292602
2013-06-06,87.78280542986425,27.828054298642535,10.85972850678733,54.411764705882355,63.43333895528172
2013-06-07,88.91402714932126,29.638009049773757,11.990950226244344,55.74660633484162,62.03575120611079
2013-06-10,87.78280542986425,30.316742081447963,11.538461538461538,55.294117647058826,60.809999649919526
2013-06-11,83.2579185520362,20.81447963800905,4.97737556561086,48.86877828054298,58.63886849185106
2013-06-12,81.67420814479638,24.20814479638009,7.918552036199094,49.68325791855204,57.010575660342155
2013-06-13,86.65158371040724,38.23529411764706,12.217194570135746,57.23981900452488,57.05225626837537
2013-06-14,86.65158371040724,33.257918552036195,9.049773755656108,55.1131221719457,56.69968643266089
2013-06-17,87.10407239819004,35.52036199095023,9.049773755656108,56.01809954751131,56.57576154445188
2013-06-18,88.91402714932126,58.144796380090504,20.588235294117645,66.0180995475113,58.29255027228087
2013-06-19,83.33333333333334,27.927927927927925,8.333333333333332,51.711711711711715,57.096034170359204
2013-06-20,75.0,20.045045045045047,3.6036036036036037,44.234234234234236,54.757525091063755
2013-06-21,76.12612612612612,20.72072072072072,5.18018018018018,45.31531531531532,53.04075967729131
2013-06-24,73.1981981981982,18.46846846846847,4.504504504504505,43.04054054054054,51.22253801606389
2013-06-25,77.92792792792793,38.96396396396396,10.36036036036036,52.72522522522522,51.495753872275046
2013-06-26,79.95495495495496,38.513513513513516,10.135135135135135,53.55855855855856,51.87080926978114
2013-06-27,82.24719101123596,34.38202247191011,8.089887640449438,53.0561797752809,52.086331179872005
2013-06-28,81.79775280898876,33.03370786516854,8.539325842696629,52.51685393258427,52.16460804400151
2013-07-01,81.57303370786518,52.13483146067416,15.056179775280897,59.438202247191015,53.48707971730869
2013-07-02,81.57303370786518,59.325842696629216,20.224719101123593,62.629213483146074,55.14928585655185
2013-07-03,81.34831460674158,40.89887640449438,11.46067415730337,55.235955056179776,55.165043892847834
2013-07-05,82.02247191011236,59.7752808988764,22.92134831460674,63.528089887640455,56.68559771008286
2013-07-08,82.92134831460675,57.752808988764045,20.674157303370784,62.92134831460674,57.819370547269024
2013-07-09,84.26966292134831,57.528089887640455,19.101123595505616,63.21348314606742,58.8001182925051
2013-07-10,83.82022471910112,77.75280898876404,40.2247191011236,73.28089887640449,61.43298748957771
2013-07-11,88.98876404494382,93.03370786516854,84.9438202247191,89.3932584269663,66.51667311455745
2013-07-12,89.21348314606742,95.0561797752809,85.39325842696628,90.20224719101122,70.82314112845813
2013-07-15,88.98876404494382,97.07865168539325,90.3370786516854,91.68539325842696,74.61627787936156
2013-07-16,89.21348314606742,94.3820224719101,86.29213483146067,90.17977528089888,77.44600467964108
2013-07-17,88.98876404494382,94.83146067415731,82.69662921348313,89.48314606741573,79.63457584105466
2013-07-18,88.76404494382022,93.70786516853933,80.0,88.49438202247191,81.24544969222144
2013-07-19,88.76404494382022,93.70786516853933,82.47191011235955,88.98876404494382,82.65332502908005
2013-07-22,89.21348314606742,92.58426966292134,80.0,88.38202247191012,83.69490638232189
2013-07-23,90.11235955056179,93.48314606741573,78.87640449438203,88.87640449438202,84.63699694815101
2013-07-24,87.64044943820225,89.21348314606742,69.88764044943821,84.56179775280899,84.62332436717973
2013-07-25,88.76404494382022,84.9438202247191,65.84269662921348,83.03370786516855,84.33430318499589
2013-07-26,88.08988764044943,82.69662921348313,57.97752808988764,80.4494382022472,83.6279640972234
2013-07-29,87.19101123595505,70.11235955056179,47.19101123595505,74.06741573033707,81.88968257597134
2013-07-30,87.41573033707866,71.46067415730337,47.19101123595505,74.58426966292136,80.56142568268952
2013-07-31,86.29213483146067,59.7752808988764,35.95505617977528,68.26966292134831,78.32655972608202
2013-08-01,88.08988764044943,70.33707865168539,51.23595505617977,75.39325842696628,77.79323221715188
2013-08-02,87.19101123595505,67.19101123595506,46.51685393258427,73.0561797752809,76.93194995499351
2013-08-05,86.51685393258427,69.88764044943821,48.08988764044943,73.84269662921349,76.37026753212442
2013-08-06,86.29213483146067,61.348314606741575,41.34831460674157,69.82022471910112,75.17935065702927
2013-08-07,85.39325842696628,52.359550561797754,29.662921348314608,64.33707865168539,73.20802847423947
2013-08-08,85.1685393258427,54.831460674157306,31.46067415730337,65.32584269662921,71.77490378740124
2013-08-09,86.06741573033709,49.8876404494382,28.539325842696627,63.70786516853933,70.3081694930627
2013-08-12,85.1685393258427,50.337078651685395,31.46067415730337,63.97752808988764,69.15714378339452
2013-08-13,84.9438202247191,58.42696629213483,38.651685393258425,67.73033707865169,68.89772438253219
2013-08-14,84.49438202247191,49.43820224719101,30.56179775280899,63.19101123595505,67.86014017406362
2013-08-15,80.2247191011236,34.38202247191011,19.101123595505616,54.247191011235955,65.38505850809496
2013-08-16,78.20224719101122,36.17977528089887,18.651685393258425,53.68539325842696,63.25784664451896
2013-08-19,75.73033707865169,28.764044943820227,13.258426966292136,49.146067415730336,60.692068602921026
2013-08-20,78.20224719101122,31.46067415730337,14.157303370786517,51.37078651685393,58.99729004181791
2013-08-21,75.50561797752809,15.505617977528091,6.292134831460674,43.662921348314605,56.2092230066355
2013-08-22,79.10112359550561,22.92134831460674,8.764044943820224,48.17977528089887,54.749323420137934
2013-08-23,79.32584269662921,23.820224719101123,8.764044943820224,48.561797752808985,53.624318753350856
2013-08-26,77.52808988764045,27.191011235955052,11.46067415730337,49.21348314606741,52.82234864293568
2013-08-27,73.70786516853933,17.303370786516854,4.044943820224719,42.85393258426966,51.00990935954185
2013-08-28,73.48314606741573,13.258426966292136,4.269662921348314,41.57303370786517,49.294113786509726
2013-08-29,74.15730337078652,16.40449438202247,4.719101123595506,42.943820224719104,48.13951495709325
2013-08-30,72.80898876404494,12.808988764044942,4.269662921348314,41.10112359550562,46.85980743680459
2013-09-03,71.68539325842697,15.056179775280897,4.269662921348314,41.21348314606742,45.833203020306925
2013-09-04,73.03370786516854,27.86516853932584,9.887640449438202,46.853932584269664,46.0187902137547
2013-09-05,72.80898876404494,45.84269662921348,19.775280898876403,54.1123595505618,47.49034827499236
2013-09-06,71.68539325842697,49.43820224719101,22.92134831460674,55.25842696629214,48.90272621886504
2013-09-09,74.8314606741573,71.46067415730337,42.47191011235955,67.34831460674157,52.25646956211532
2013-09-10,77.07865168539327,74.8314606741573,47.41573033707866,70.47191011235955,55.56836784397791
2013-09-11,78.20224719101122,80.4494382022472,57.30337078651685,74.69662921348313,59.04623354752431
2013-09-12,76.85393258426966,70.11235955056179,41.12359550561798,67.68539325842696,60.61698985859751
2013-09-13,77.52808988764045,71.01123595505618,40.67415730337079,68.20224719101124,61.9961275554
2013-09-16,78.42696629213484,77.30337078651685,56.853932584269664,73.77528089887642,64.13779179966845
2013-09-17,80.0,89.66292134831461,77.07865168539327,82.31460674157304,67.4426672436511
2013-09-18,84.71910112359551,94.6067415730337,84.26966292134831,87.59550561797752,71.10681967534681
2013-09-19,83.59550561797752,92.13483146067416,80.89887640449437,85.6179775280899,73.7452120122092
2013-09-20,81.12359550561797,91.23595505617978,76.85393258426966,83.30337078651687,75.48305906208331
2013-09-23,80.67415730337079,91.01123595505618,74.38202247191012,82.51685393258428,76.76193085671986
2013-09-24,79.7752808988764,86.06741573033709,66.51685393258427,79.01123595505618,77.17089542005374
2013-09-25,78.42696629213484,83.59550561797752,62.022471910112365,76.69662921348315,77.08466520067726
2013-09-26,79.32584269662921,84.04494382022472,64.26966292134831,77.73033707865167,77.2020600875817
2013-09-27,76.62921348314606,71.01123595505618,44.04494382022472,68.42696629213482,75.60658848840953
2013-09-30,75.73033707865169,60.22471910112359,29.8876404494382,61.91011235955056,73.11632010134426
2013-10-01,77.30337078651685,65.3932584269663,38.651685393258425,66.0,71.82244371928167
2013-10-02,76.40449438202246,65.61797752808988,39.7752808988764,65.84269662921348,70.73521697563291
2013-10-03,74.15730337078652,51.68539325842697,25.39325842696629,57.66292134831461,68.35843595248413
2013-10-04,75.0561797752809,53.033707865168545,27.640449438202246,58.96629213483146,66.65077344018364
2013-10-07,74.38202247191012,36.853932584269664,15.730337078651685,51.39325842696629,63.87667980141684
2013-10-08,71.23595505617978,15.280898876404494,5.842696629213483,41.37078651685393,59.78469920422358
2013-10-09,70.78651685393258,14.157303370786517,5.842696629213483,40.80898876404494,56.334570033282006
2013-10-10,75.28089887640449,45.39325842696629,15.056179775280897,54.26966292134831,55.959132376566785
2013-10-11,78.87640449438203,58.876404494382015,24.269662921348313,61.95505617977528,57.04930034078651
2013-10-14,78.65168539325843,63.146067415730336,28.98876404494382,64.06741573033707,58.325321320704795
2013-10-15,75.50561797752809,53.25842696629214,22.247191011235955,58.17977528089888,58.298858404376446
2013-10-16,78.87640449438203,66.51685393258427,31.46067415730337,65.68539325842697,59.641864741476546
2013-10-17,81.79775280898876,79.7752808988764,51.460674157303366,75.12359550561797,62.45672488041135
2013-10-18,83.59550561797752,83.82022471910112,59.10112359550562,78.76404494382022,65.42169216466752
2013-10-21,82.69662921348313,77.52808988764045,50.337078651685395,74.67415730337078,67.10395855352266
2013-10-22,84.04494382022472,82.92134831460675,59.55056179775281,78.80898876404495,69.23214586452671
2013-10-23,84.26966292134831,83.82022471910112,64.26966292134831,80.13483146067415,71.21445233655352
2013-10-24,83.59550561797752,81.79775280898876,60.22471910112359,78.3820224719101,72.51764690661835
2013-10-25,84.49438202247191,86.96629213483146,71.23595505617978,82.58426966292134,74.3479419532189
2013-10-28,83.37078651685394,90.11235955056179,80.67415730337079,84.85393258426967,76.25812206795541
2013-10-29,84.26966292134831,91.68539325842696,81.34831460674158,85.91011235955055,78.0130293937
2013-10-30,82.24719101123596,81.79775280898876,63.59550561797753,78.3820224719101,78.08011904428365
2013-10-31,81.79775280898876,74.15730337078652,53.033707865168545,73.75280898876404,77.29333539782553
2013-11-01,82.69662921348313,75.95505617977528,53.70786516853933,74.87640449438202,76.85389341538125
2013-11-04,83.59550561797752,82.69662921348313,66.29213483146067,79.86516853932584,77.40139798337118
2013-11-05,81.57303370786518,73.70786516853933,50.337078651685395,72.96629213483146,76.5950151018185
2013-11-06,83.59550561797752,66.96629213483146,44.26966292134831,70.74157303370785,75.53075290761656
2013-11-07,80.89887640449437,50.112359550561806,25.842696629213485,60.65168539325843,72.825467905006
2013-11-08,80.89887640449437,61.348314606741575,33.93258426966292,65.64044943820224,71.51910091104168
2013-11-11,81.79775280898876,58.20224719101124,32.13483146067416,64.78651685393258,70.29499471884003
2013-11-12,81.12359550561797,60.0,33.48314606741573,65.25842696629213,69.37925512746769
2013-11-13,82.24719101123596,61.79775280898876,37.97752808988764,67.25842696629213,68.99365000725395
2013-11-14,83.82022471910112,63.82022471910113,40.67415730337079,69.19101123595506,69.02953386701779
2013-11-15,84.49438202247191,68.53932584269663,43.146067415730336,71.43820224719101,69.46747357250383
2013-11-18,83.85650224215246,59.19282511210763,33.18385650224215,66.32286995515695,68.89572746025894
2013-11-19,81.61434977578476,59.865470852017935,36.99551569506727,66.16591928251121,68.39939870066844
2013-11-20,79.14798206278026,58.744394618834086,35.2017937219731,64.23766816143498,67.64272042080782
2013-11-21,80.49327354260089,67.71300448430493,41.25560538116592,68.81165919282512,67.85525474299278
2013-11-22,82.0627802690583,67.71300448430493,42.152466367713004,69.77578475336323,68.20444201760559
2013-11-25,82.28699551569507,68.16143497757847,45.964125560538115,70.7847533632287,68.6735895349916
2013-11-26,82.0627802690583,66.14349775784754,43.04932735426009,69.48430493273543,68.82099233458139
2013-11-27,81.83856502242153,76.68161434977578,61.43497757847533,76.21076233183857,70.16458687953724
2013-11-29,81.39013452914799,69.28251121076234,46.63677130044843,70.80717488789239,70.28142106287454
2013-12-02,80.71748878923766,64.12556053811659,41.47982062780269,67.89237668161434,69.84704935719087
2013-12-03,81.16591928251121,65.02242152466367,39.686098654708516,68.02690582959642,69.51611417035551
2013-12-04,80.71748878923766,51.79372197309418,28.02690582959641,61.502242152466366,68.0590465307393
2013-12-05,79.37219730941703,44.17040358744394,21.524663677130047,57.242152466367706,66.09233851903537
2013-12-06,80.94170403587444,53.81165919282511,28.475336322869953,62.309417040358746,65.40453461382144
2013-12-09,81.39013452914799,61.210762331838566,33.18385650224215,65.69506726457399,65.45735873214008
2013-12-10,79.82062780269058,59.865470852017935,34.30493273542601,64.73094170403587,65.3252829088484
2013-12-11,78.02690582959642,48.4304932735426,21.748878923766814,57.89237668161435,63.97384541298766
2013-12-12,76.7337807606264,31.096196868008946,15.883668903803134,50.872483221476514,61.591779559985625
2013-12-13,76.7337807606264,31.319910514541387,15.212527964205815,50.805369127516784,59.63061402680947
2013-12-16,77.85234899328859,41.61073825503356,19.910514541387027,55.391498881431765,58.85986581855898
2013-12-17,78.29977628635348,35.57046979865772,17.225950782997764,53.266219239373605,57.842839167798004
2013-12-18,79.64205816554811,52.79642058165548,24.832214765100673,60.62639821029083,58.3489408118876
2013-12-19,79.41834451901566,51.67785234899329,23.713646532438478,59.955257270693515,58.6409983498523
2013-12-20,79.86577181208054,65.54809843400447,34.22818791946309,66.44295302013424,60.059535562630835
2013-12-23,80.31319910514542,72.93064876957494,45.41387024608501,71.1185682326622,62.07026877536381
2013-12-24,81.65548098434004,76.28635346756153,51.23042505592841,73.95973154362416,64.23198927868387
2013-12-26,81.65548098434004,81.87919463087249,60.178970917225946,77.42729306487696,66.63113542162806
2013-12-27,81.4317673378076,71.58836689038031,46.75615212527964,71.54362416107382,67.52431519243638
2013-12-30,81.87919463087249,73.60178970917227,47.20357941834452,72.46085011185683,68.42186699596736
2013-12-31,82.10290827740492,81.4317673378076,59.06040268456376,77.29306487695749,70.0348120652383
2014-01-02,80.31319910514542,83.66890380313198,61.74496644295302,77.6062639821029,71.41143968648642
2014-01-03,79.86577181208054,86.57718120805369,65.54809843400447,79.01565995525728,72.7940251898993
2014-01-06,79.86577181208054,82.77404921700223,57.94183445190156,76.35346756152126,73.4411965301942
2014-01-07,81.65548098434004,85.23489932885906,61.74496644295302,78.74720357941834,74.40592508459859
2014-01-08,80.53691275167785,83.44519015659955,61.521252796420576,77.6062639821029,74.98780488414484
2014-01-09,80.98434004474274,70.24608501118567,50.78299776286354,71.72259507829978,74.39413037399119
2014-01-10,82.5503355704698,80.53691275167785,60.40268456375839,77.51677852348993,74.96188458299096
2014-01-13,80.76062639821029,56.82326621923938,31.991051454138702,63.825503355704704,72.93708799621164
2014-01-14,82.32662192393735,63.758389261744966,41.387024608501115,68.56823266219239,72.1427506627536
2014-01-15,82.32662192393735,63.08724832214765,42.281879194630875,68.54586129753915,71.48877077816915
2014-01-16,82.10290827740492,60.40268456375839,37.360178970917225,66.64429530201342,70.60795705523174
2014-01-17,81.20805369127517,57.27069351230425,37.8076062639821,65.34675615212528,69.65137507284875
2014-01-21,81.65548098434004,58.61297539149888,40.49217002237137,66.51006711409396,69.08022817125698
2014-01-22,81.4317673378076,57.494407158836694,38.702460850111855,65.70469798657717,68.46649541040611
2014-01-23,79.19463087248322,59.95525727069351,40.939597315436245,65.77181208053692,67.97655298679352
2014-01-24,73.8255033557047,39.821029082774054,20.3579418344519,52.930648769574944,65.24093403820832
2014-01-27,72.03579418344519,38.03131991051455,17.449664429530202,50.917225950783006,62.63662347685827
2014-01-28,73.8255033557047,36.68903803131991,17.67337807606264,51.454138702460845,60.603444426967826
2014-01-29,72.93064876957494,29.753914988814316,13.870246085011187,48.165548098434,58.34200873087076
2014-01-30,76.7337807606264,37.8076062639821,18.120805369127517,53.333333333333336,57.431340476773045
2014-01-31,76.28635346756153,31.767337807606268,13.870246085011187,50.44742729306488,56.1615380797352
2014-02-03,62.86353467561522,25.05592841163311,10.290827740492169,41.00671140939598,53.406115048764434
2014-02-04,65.77181208053692,21.700223713646533,9.843400447427292,41.364653243847876,51.21675835696142
2014-02-05,65.32438478747203,18.79194630872483,7.829977628635347,39.86577181208053,49.152942621528524
2014-02-06,70.02237136465325,24.60850111856823,10.738255033557047,44.541387024608504,48.31447796754307
2014-02-07,74.27293064876957,35.34675615212528,15.883668903803134,50.917225950783,48.78770487358669
2014-02-10,75.16778523489933,33.78076062639821,14.76510067114094,50.671140939597315,49.13014779467953
2014-02-11,77.62863534675614,40.044742729306485,16.10738255033557,54.04921700223713,50.02452401423545
2014-02-12,77.85234899328859,48.99328859060403,20.581655480984338,57.74049217002237,51.42742731528762
2014-02-13,80.31319910514542,74.72035794183445,46.308724832214764,71.83445190156598,55.137795421883695
2014-02-14,81.20805369127517,82.10290827740492,54.58612975391499,76.15212527964206,58.95858266874885
2014-02-18,80.98434004474274,77.85234899328859,48.322147651006716,73.51230425055928,61.60471386544166
2014-02-19,79.19463087248322,81.20805369127517,51.90156599552572,74.3400447427293,63.920228570403054
2014-02-20,79.86577181208054,76.28635346756153,48.54586129753915,72.52796420581655,65.48527141320551
2014-02-21,80.31319910514542,83.44519015659955,55.033557046979865,76.19686800894856,67.43283443061334
2014-02-24,82.10290827740492,95.52572706935123,85.90604026845638,86.8903803131991,70.97057004562893
2014-02-25,80.31319910514542,92.39373601789708,81.87919463087249,84.25055928411633,73.38511354353572
2014-02-26,80.98434004474274,93.0648769574944,83.89261744966443,85.19015659955258,75.53148500826607
2014-02-27,81.87919463087249,91.94630872483222,78.74720357941834,84.27293064876957,77.1208387610849
2014-02-28,83.44519015659955,87.91946308724832,71.14093959731544,82.32662192393735,78.06734479069443
2014-03-03,81.4317673378076,82.10290827740492,62.639821029082775,77.87472035794184,78.03232216655759
2014-03-04,84.3400447427293,87.02460850111858,68.23266219239373,81.92393736017897,78.73988856539785
2014-03-05,83.22147651006712,85.90604026845638,64.87695749440716,80.3579418344519,79.03408006886222
2014-03-06,83.22147651006712,81.4317673378076,60.178970917225946,78.07606263982103,78.85989508176382
2014-03-07,83.44519015659955,76.51006711409396,54.138702460850105,75.50335570469798,78.24961519502457
2014-03-10,82.99776286353467,72.7069351230425,46.5324384787472,72.61744966442953,77.22558509855274
2014-03-11,83.89261744966443,75.83892617449665,46.97986577181208,74.09395973154363,76.65619866818744
2014-03-12,82.77404921700223,70.69351230425056,40.044742729306485,70.60402684563758,75.55580379136019
2014-03-13,80.08948545861297,55.48098434004475,26.39821029082774,61.96868008948546,73.0854176637466
2014-03-14,79.86577181208054,48.09843400447427,22.818791946308725,58.92617449664429,70.51100981518255
2014-03-17,82.10290827740492,62.19239373601789,29.30648769574944,65.57046979865771,69.61272981217803
2014-03-18,84.56375838926175,67.33780760626398,36.017897091722595,69.68680089485458,69.6261972817556
2014-03-19,81.20805369127517,52.57270693512305,25.279642058165546,61.43176733780761,68.13630092831052
2014-03-20,82.10290827740492,52.12527964205817,25.503355704697988,61.789709172259506,66.98237515448305
2014-03-21,82.99776286353467,59.50782997762863,32.43847874720358,65.83892617449665,66.77447533994007
2014-03-24,81.87919463087249,35.79418344519016,16.331096196868007,54.944071588366896,64.62349283965403
2014-03-25,83.44519015659955,39.821029082774054,20.3579418344519,57.74049217002237,63.37203817244827
2014-03-26,81.4317673378076,32.662192393736014,14.76510067114094,53.4675615212528,61.57122423586727
2014-03-27,81.20805369127517,31.767337807606268,12.97539149888143,52.72930648769575,59.96360282710881
2014-03-28,80.76062639821029,37.8076062639821,16.778523489932887,55.07829977628635,59.07536590877745
2014-03-31,83.22147651006712,49.88814317673378,29.082774049217004,62.3937360178971,59.678705928617376
2014-04-01,84.56375838926175,59.28411633109619,29.082774049217004,65.88366890380313,60.80688101501479
2014-04-02,85.68232662192393,75.6152125279642,45.19015659955257,74.56375838926175,63.30813144669605
2014-04-03,85.68232662192393,71.81208053691275,47.20357941834452,73.82550335570468,65.22038088469762
2014-04-04,82.77404921700223,53.24384787472036,25.727069351230426,62.505592841163306,64.72678305860047
2014-04-07,78.74720357941834,32.88590604026846,13.422818791946309,51.92393736017897,62.39899293161475
2014-04-08,80.31319910514542,42.05816554809844,23.713646532438478,57.51677852348993,61.511317584682956
2014-04-09,82.77404921700223,48.09843400447427,26.39821029082774,61.096196868008946,61.43584109074223
2014-04-10,75.83892617449665,30.87248322147651,14.317673378076062,50.04474272930649,59.36473229775391
2014-04-11,70.46979865771812,28.41163310961969,12.527964205816556,46.26398210290828,56.98277771687289
2014-04-14,73.37807606263982,29.753914988814316,13.422818791946309,48.29977628635346,55.40405018405117
2014-04-15,75.44642857142857,40.848214285714285,20.535714285714285,54.08482142857142,55.164190410327585
2014-04-16,78.34821428571429,54.91071428571429,26.5625,60.95982142857143,56.21794150455374
2014-04-17,79.91071428571429,54.01785714285714,22.991071428571427,60.75892857142858,57.04357551671281
2014-04-21,80.35714285714286,43.30357142857143,18.75,56.91964285714286,57.02104230588191
2014-04-22,83.25892857142857,43.080357142857146,19.196428571428573,58.392857142857146,57.27046318533196
2014-04-23,83.03571428571429,37.94642857142857,17.633928571428573,56.42857142857143,57.11739195683005
2014-04-24,83.03571428571429,41.517857142857146,18.303571428571427,57.63392857142858,57.211307704938875
2014-04-25,78.34821428571429,44.419642857142854,20.758928571428573,56.651785714285715,57.10957643391103
2014-04-28,77.90178571428571,58.70535714285714,31.919642857142854,62.94642857142857,58.170822277096036
2014-04-29,79.01785714285714,61.60714285714286,28.57142857142857,63.705357142857146,59.17710134359805
2014-04-30,80.13392857142857,52.45535714285714,27.901785714285715,61.38392857142857,59.578342657749054
2014-05-01,79.46428571428571,74.33035714285714,47.99107142857143,71.62946428571429,61.76945568101546
2014-05-02,80.13392857142857,83.03571428571429,60.49107142857143,77.07589285714286,64.55244425849318
2014-05-05,79.91071428571429,77.45535714285714,54.91071428571429,74.17410714285715,66.30183751019572
2014-05-06,76.78571428571429,64.0625,38.61607142857143,65.33482142857143,66.12601640444585
2014-05-07,78.125,60.49107142857143,36.160714285714285,64.44196428571429,65.81982511013102
2014-05-08,78.125,55.35714285714286,31.25,61.91964285714286,65.11070106413317
2014-05-09,79.91071428571429,53.57142857142857,31.473214285714285,62.32142857142857,64.60356061091414
2014-05-12,83.03571428571429,60.49107142857143,37.94642857142857,67.25446428571428,65.08554309724144
2014-05-13,81.91964285714286,60.04464285714286,36.160714285714285,66.20535714285715,65.28914565098975
2014-05-14,80.35714285714286,56.47321428571429,29.910714285714285,63.102678571428584,64.89160618197864
2014-05-15,76.78571428571429,54.46428571428571,28.57142857142857,60.44642857142858,64.08339207096954
2014-05-16,78.34821428571429,58.92857142857143,33.25892857142857,63.504464285714285,63.978132473650405
2014-05-19,79.6875,59.375,32.8125,64.21875,64.02188111480487
2014-05-20,75.89285714285714,44.19642857142857,21.651785714285715,55.535714285714285,62.47894169133385
2014-05-21,79.01785714285714,50.66964285714286,24.553571428571427,59.620535714285715,61.95923151368874
2014-05-22,80.35714285714286,52.23214285714286,25.44642857142857,60.93750000000001,61.773462147563514
2014-05-23,81.69642857142857,60.49107142857143,29.910714285714285,64.97767857142857,62.35604695190261
2014-05-27,82.58928571428571,79.91071428571429,48.4375,74.95535714285714,64.64683062298526
2014-05-28,81.69642857142857,67.63392857142857,39.285714285714285,68.99553571428571,65.43750427594898
2014-05-29,82.36607142857143,72.99107142857143,48.4375,72.76785714285714,66.77029570629593
2014-05-30,82.58928571428571,79.6875,48.88392857142857,74.97767857142858,68.26254713632005
2014-06-02,83.48214285714286,70.3125,37.05357142857143,70.24553571428572,68.62309051413199
2014-06-03,83.48214285714286,71.42857142857143,39.50892857142857,71.07142857142857,69.0682428881859
2014-06-04,84.15178571428571,79.01785714285714,57.36607142857143,77.25446428571429,70.55664677864561
2014-06-05,85.9375,90.625,78.34821428571429,85.82589285714286,73.33287333837238
2014-06-06,87.75055679287304,89.75501113585747,75.94654788418708,85.99109131403118,75.6343675157649
2014-06-09,87.30512249443207,85.96881959910914,74.61024498886414,84.36525612472161,77.22180180830247
2014-06-10,85.74610244988864,88.64142538975501,77.28285077951003,84.92204899777283,78.62184675184254
2014-06-11,85.30066815144765,84.18708240534521,69.71046770601336,81.84855233853006,79.20852049487664
2014-06-12,83.29621380846325,76.16926503340757,50.11135857461024,74.52115812917594,78.35627279202197
2014-06-13,83.96436525612472,73.05122494432071,46.770601336302896,73.25167037861915,77.42816326231237
2014-06-16,83.07349665924276,64.81069042316258,40.53452115812918,69.08685968819599,75.91156261247303
2014-06-17,85.52338530066815,71.93763919821826,44.766146993318486,73.29621380846325,75.43604464810763
2014-06-18,86.41425389755011,75.27839643652561,50.779510022271715,75.94654788418708,75.52886341830389
2014-06-19,86.41425389755011,74.61024498886414,50.33407572383074,75.65701559020044,75.55216381319417
2014-06-20,85.96881959910914,74.83296213808464,50.779510022271715,75.5902004454343,75.55907956451055
2014-06-23,86.41425389755011,74.16481069042317,50.11135857461024,75.47884187082406,75.5444908929312
2014-06-24,84.85523385300668,66.59242761692651,38.30734966592428,70.06681514476615,74.54854984781028
2014-06-25,85.30066815144765,60.57906458797328,33.4075723830735,67.5055679287305,73.26800768070487
2014-06-26,84.4097995545657,51.67037861915368,27.39420935412027,63.18485523385301,71.43470723582271
2014-06-27,84.18708240534521,53.00668151447662,30.957683741648108,64.18708240534521,70.11695726664499
2014-06-30,84.63251670378618,57.6837416481069,35.634743875278396,66.74832962138083,69.5044795129606
2014-07-01,87.08240534521158,74.61024498886414,47.88418708240535,75.5011135857461,70.59477661710342
2014-07-02,85.96881959910914,78.17371937639199,56.12472160356348,77.66146993318486,71.87962994730005
2014-07-03,87.97327394209354,81.73719376391982,57.23830734966593,79.95545657015592,73.34796206054656
2014-07-07,85.74610244988864,74.16481069042317,51.00222717149221,75.32293986636971,73.70704893433259
2014-07-08,82.85077951002228,63.25167037861915,35.85746102449889,67.57238307349667,72.59165514145333
2014-07-09,83.74164810690424,53.89755011135857,31.180400890868597,64.2761692650334,71.07974861846789
2014-07-10,82.40534521158129,45.657015590200444,22.93986636971047,59.487750556792875,68.97211260725426
2014-07-11,83.07349665924276,44.32071269487751,21.380846325167038,59.10913140311804,67.1788432974113
2014-07-14,83.51893095768375,48.775055679287306,25.83518930957684,61.55902004454344,66.15705725143533
2014-07-15,83.96436525612472,56.347438752783965,32.516703786191535,65.38975501113586,66.01754775319905
2014-07-16,83.07349665924276,55.01113585746103,29.621380846325167,63.96436525612473,65.64424184464008
2014-07-17,76.83741648106904,39.643652561247215,20.489977728285076,54.4097995545657,63.601615973717465
2014-07-18,82.40534521158129,52.11581291759465,25.83518930957684,62.00445434298441,63.31122294994782
2014-07-21,79.06458797327394,46.5478841870824,23.385300668151448,58.173719376391986,62.377131391119484
2014-07-22,81.29175946547885,45.657015590200444,22.93986636971047,58.93095768374165,61.75055435341442
2014-07-23,81.9599109131403,48.329621380846326,26.057906458797326,60.690423162583514,61.5578032278088
2014-07-24,82.85077951002228,41.648106904231625,24.4988864142539,58.8195991091314,61.059947933503814
2014-07-25,79.28730512249443,42.98440979955457,22.271714922049,56.99331848552338,60.32056076114373
2014-07-28,78.39643652561247,50.11135857461024,29.175946547884184,60.06681514476614,60.274425194529634
2014-07-29,76.61469933184856,44.32071269487751,20.93541202672606,55.790645879732736,59.45919259183928
2014-07-30,76.39198218262806,46.5478841870824,27.616926503340757,57.6837416481069,59.13638332934248
2014-07-31,66.0,28.666666666666668,13.333333333333334,44.266666666666666,56.432798481583234
2014-08-01,64.0,24.0,9.777777777777779,41.15555555555556,53.655117949578205
2014-08-04,66.88888888888889,30.88888888888889,13.777777777777779,45.46666666666666,52.16630862541246
2014-08-05,61.77777777777778,26.666666666666668,11.555555555555555,41.199999999999996,50.172434329882925
2014-08-06,61.33333333333333,33.111111111111114,16.22222222222222,43.84444444444444,49.02189071434866
2014-08-07,57.77777777777777,23.555555555555554,11.555555555555555,38.26666666666666,47.066395432951936
2014-08-08,65.33333333333333,30.88888888888889,15.11111111111111,44.95555555555555,46.682606364334404
2014-08-11,67.33333333333333,29.555555555555557,16.444444444444446,45.82222222222222,46.526172883950366
2014-08-12,66.66666666666666,27.333333333333332,13.111111111111112,44.15555555555555,46.095151551514945
2014-08-13,68.66666666666667,28.666666666666668,14.222222222222221,45.77777777777778,46.037447229017275
2014-08-14,71.77777777777777,40.88888888888889,19.11111111111111,51.977777777777774,47.11750732879191
2014-08-15,70.66666666666667,39.77777777777778,18.22222222222222,50.91111111111111,47.80725347103177
2014-08-18,75.1111111111111,59.333333333333336,30.0,61.355555555555554,50.270581122763375
2014-08-19,78.22222222222223,65.77777777777779,38.666666666666664,66.57777777777778,53.23552596912963
2014-08-20,78.66666666666666,86.8888888888889,69.11111111111111,79.22222222222223,57.96037983332829
2014-08-21,80.0,92.44444444444444,74.8888888888889,82.71111111111111,62.46051279292517
2014-08-22,78.88888888888889,85.33333333333334,68.22222222222221,78.6888888888889,65.41112662855494
2014-08-25,80.66666666666666,93.33333333333333,82.0,84.73333333333333,68.92425512033283
2014-08-26,80.44444444444444,94.88888888888889,82.0,85.08888888888889,71.86327944188848
2014-08-27,80.88888888888889,96.66666666666667,86.66666666666667,86.77777777777777,74.57500641205017
2014-08-28,80.66666666666666,93.11111111111111,76.88888888888889,83.64444444444445,76.22399514521277
2014-08-29,80.88888888888889,91.11111111111111,78.22222222222223,83.42222222222222,77.53276370466904
2014-09-02,80.66666666666666,93.55555555555556,80.0,84.39999999999999,78.78135212200193
2014-09-03,80.66666666666666,87.55555555555556,71.55555555555554,80.9111111111111,79.1685810291127
2014-09-04,80.44444444444444,85.11111111111111,63.77777777777778,78.51111111111112,79.04904104402151
2014-09-05,82.0,87.55555555555556,71.11111111111111,81.4888888888889,79.4926497430883
2014-09-08,80.66666666666666,77.11111111111111,55.77777777777778,74.62222222222222,78.60711746656719
2014-09-09,77.33333333333333,60.88888888888889,33.33333333333333,63.599999999999994,75.87855065446405
2014-09-10,79.77777777777779,57.99999999999999,34.22222222222222,64.13333333333334,73.74305659607664
2014-09-11,78.88888888888889,55.77777777777778,31.555555555555554,62.48888888888889,71.69684428567886
2014-09-12,74.66666666666667,49.77777777777778,28.888888888888886,58.044444444444444,69.21458976909078
2014-09-15,72.88888888888889,41.77777777777778,20.666666666666668,53.11111111111111,66.28668455854901
2014-09-16,76.44444444444444,50.44444444444445,24.88888888888889,58.33333333333333,64.84062069941889
2014-09-17,76.22222222222223,49.77777777777778,28.666666666666668,58.777777777777786,63.73828562275687
2014-09-18,77.33333333333333,57.99999999999999,37.333333333333336,63.53333333333333,63.70102157013441
2014-09-19,76.44444444444444,51.55555555555556,30.0,59.68888888888889,62.971542900817035
2014-09-22,71.11111111111111,38.0,21.333333333333336,51.22222222222222,60.83530277743616
2014-09-23,66.0,32.0,14.000000000000002,45.400000000000006,58.028884090629596
2014-09-24,69.40133037694012,38.80266075388026,20.39911308203991,50.42128603104212,56.64568444343188
2014-09-25,61.86252771618626,20.39911308203991,7.095343680709535,38.47006651884701,53.34102663896191
2014-09-26,66.07538802660754,26.82926829268293,9.090909090909092,42.90465631929047,51.44350476265801
2014-09-29,64.96674057649668,33.25942350332594,13.968957871396896,45.2549889135255,50.31832006281574
2014-09-30,63.41463414634146,25.942350332594234,8.869179600886918,41.26385809312639,48.672054250144946
2014-10-01,58.09312638580931,13.52549889135255,4.212860310421286,33.94678492239468,45.99473255419035
2014-10-02,58.31485587583148,21.507760532150776,7.760532150776053,37.16186252771619,44.3887561857405
2014-10-03,63.41463414634146,36.80709534368071,13.303769401330376,45.41019955654102,44.57447316224968
2014-10-06,62.08425720620843,25.055432372505543,8.647450110864744,40.288248337028826,43.79515955766407
2014-10-07,53.65853658536586,14.855875831485587,4.434589800443459,32.1729490022173,41.68203036576465
2014-10-08,61.86252771618626,26.38580931263858,9.534368070953436,40.75388026607539,41.513275802184786
2014-10-09,54.54545454545454,16.4079822616408,5.764966740576496,33.348115299334815,40.02870116530297
2014-10-10,45.67627494456763,18.8470066518847,8.425720620842572,30.177383592017737,38.237552515614745
2014-10-13,38.80266075388026,17.29490022172949,9.090909090909092,26.407982261640797,36.08672156034675
2014-10-14,38.80266075388026,16.62971175166297,9.312638580931264,26.252771618625275,34.29873066185194
2014-10-15,37.028824833702885,18.8470066518847,9.534368070953436,26.07538802660754,32.803577455443865
2014-10-16,39.02439024390244,16.851441241685144,7.760532150776053,26.11973392461197,31.588333177110794
2014-10-17,43.68070953436807,20.620842572062084,8.869179600886918,29.800443458980045,31.26326231926884
2014-10-20,48.451327433628315,31.63716814159292,13.053097345132745,36.32743362831859,32.18402073909606
2014-10-21,59.73451327433629,60.39823008849557,25.442477876106196,53.07522123893805,35.98242082997643
2014-10-22,54.86725663716814,53.31858407079646,21.238938053097346,47.676991150442475,38.10870634278844
2014-10-23,61.504424778761056,52.43362831858407,21.238938053097346,50.73008849557522,40.40350309784058
2014-10-24,64.38053097345133,62.83185840707964,27.876106194690266,56.61504424778761,43.351056034194585
2014-10-27,65.7079646017699,75.0,43.80530973451327,64.11504424778761,47.12632661848423
2014-10-28,70.57522123893806,71.23893805309734,39.823008849557525,64.62389380530973,50.307702470634325
2014-10-29,68.80530973451327,82.7433628318584,58.4070796460177,70.90707964601769,54.053043775249485
2014-10-30,71.68141592920354,92.47787610619469,75.4424778761062,78.67256637168141,58.52932061096438
2014-10-31,76.99115044247787,96.90265486725663,89.82300884955751,85.53097345132741,63.43871203648494
2014-11-03,76.99115044247787,96.01769911504425,88.71681415929203,85.04424778761062,67.36699126396233
2014-11-04,76.10619469026548,96.01769911504425,87.16814159292035,84.29203539823008,70.44427201564739
2014-11-05,77.43362831858407,94.91150442477876,89.60176991150442,85.11061946902655,73.11088064353451
2014-11-06,78.53982300884957,94.24778761061947,87.38938053097345,85.02212389380531,75.27656123449285
2014-11-07,78.31858407079646,94.02654867256636,84.070796460177,84.18141592920354,76.89562572444024
2014-11-10,79.64601769911505,89.38053097345133,76.76991150442478,81.99115044247787,77.82208476408344
2014-11-11,79.42477876106194,92.69911504424779,82.96460176991151,84.11504424778762,78.96625921566603
2014-11-12,78.98230088495575,90.04424778761062,75.22123893805309,81.54867256637168,79.43578891579433
2014-11-13,76.76991150442478,86.28318584070797,69.91150442477876,78.25221238938053,79.22059318371909
2014-11-14,77.87610619469027,88.27433628318585,69.02654867256636,79.22566371681415,79.22151509882728
2014-11-17,77.43362831858407,81.41592920353983,59.95575221238938,75.13274336283186,78.47810205591902
2014-11-18,79.64601769911505,86.94690265486726,67.03539823008849,79.31415929203541,78.63011246248564
2014-11-19,78.98230088495575,77.87610619469027,56.63716814159292,74.18141592920354,77.82125854734343
2014-11-20,79.64601769911505,72.12389380530973,47.56637168141593,70.97345132743364,76.576202689178
2014-11-21,81.41592920353983,74.33628318584071,51.54867256637168,73.31858407079646,75.98390839492681
2014-11-24,81.63716814159292,79.86725663716814,60.39823008849557,76.85840707964603,76.14290815578485
2014-11-25,82.96460176991151,76.10619469026548,55.97345132743363,75.50884955752213,76.02762477428254
2014-11-26,82.07964601769912,76.32743362831859,53.09734513274337,74.5575221238938,75.76033338330278
2014-11-28,80.30973451327434,75.0,57.30088495575221,74.11504424778761,75.46118990411821
2014-12-01,78.98230088495575,62.16814159292036,37.83185840707964,65.7079646017699,73.68787621278216
2014-12-02,79.64601769911505,67.92035398230088,43.36283185840708,68.8716814159292,72.81220443153616
2014-12-03,80.30973451327434,75.66371681415929,50.88495575221239,73.03097345132743,72.85198061695276
2014-12-04,79.64601769911505,75.88495575221239,51.32743362831859,72.85398230088497,72.85234455948589
2014-12-05,80.53097345132744,78.98230088495575,56.63716814159292,75.28761061946904,73.29512020675554
2014-12-08,80.08849557522124,72.78761061946902,51.32743362831859,72.14601769911505,73.08619247809364
2014-12-09,80.53097345132744,69.91150442477876,47.123893805309734,70.66371681415929,72.6457423573783
2014-12-10,74.77876106194691,57.9646017699115,33.4070796460177,61.46017699115045,70.61200319988232
2014-12-11,76.76991150442478,59.95575221238938,40.929203539823014,64.5575221238938,69.5111884587935
2014-12-12,72.34513274336283,39.38053097345133,19.24778761061947,51.836283185840706,66.29756931825662
2014-12-15,71.46017699115043,30.53097345132743,13.716814159292035,47.63274336283185,62.903964599088475
2014-12-16,69.24778761061947,25.0,9.955752212389381,44.11504424778761,59.487797262488314
2014-12-17,73.23008849557522,37.83185840707964,15.04424778761062,50.97345132743363,57.939734365205645
2014-12-18,77.87610619469027,58.4070796460177,22.787610619469024,61.017699115044245,58.49936431972175
2014-12-19,79.42477876106194,68.36283185840708,32.743362831858406,66.76991150442477,60.00310017148593
2014-12-22,80.08849557522124,68.36283185840708,33.1858407079646,67.19026548672566,61.30985750152952
2014-12-23,80.75221238938053,63.495575221238944,30.08849557522124,65.4424778761062,62.061243024179824
2014-12-24,80.53097345132744,65.2654867256637,32.07964601769911,66.26106194690266,62.82484646467489
2014-12-26,81.19469026548673,64.15929203539822,29.646017699115045,65.77433628318583,63.36111734076779
2014-12-29,82.07964601769912,71.68141592920354,37.389380530973455,70.0221238938053,64.57220944132007
2014-12-30,81.19469026548673,69.24778761061947,30.973451327433626,67.56637168141593,65.11660257588295
2014-12-31,79.86725663716814,76.54867256637168,38.27433628318584,70.55309734513274,66.105056170292
2015-01-02,80.08849557522124,69.69026548672566,30.53097345132743,67.0575221238938,66.27823179821961
2015-01-05,74.11504424778761,68.80530973451327,28.539823008849556,63.4070796460177,65.7562041341829
2015-01-06,71.46017699115043,61.283185840707965,27.43362831858407,59.60176991150442,64.6372160936959
2015-01-07,73.00884955752213,84.7345132743363,45.35398230088495,70.99557522123894,65.79328138961282
2015-01-08,76.99115044247787,81.19469026548673,43.584070796460175,71.57079646017698,66.84373867516993
2015-01-09,74.5575221238938,45.35398230088495,19.690265486725664,54.82300884955752,64.65815143414949
2015-01-12,72.78761061946902,35.61946902654867,15.70796460176991,50.22123893805309,62.03325825304105
2015-01-13,71.68141592920354,32.9646017699115,12.610619469026549,48.252212389380524,59.52761355055732
2015-01-14,69.69026548672566,28.98230088495575,13.495575221238937,46.23893805309735,57.111490732837325
2015-01-15,66.8141592920354,22.345132743362832,10.84070796460177,42.2787610619469,54.41463079267543
2015-01-16,68.80530973451327,28.097345132743364,13.274336283185843,45.48672566371681,52.79137531468295
2015-01-20,69.02654867256636,28.98230088495575,13.495575221238937,45.9070796460177,51.539685193107445
2015-01-21,70.79646017699115,34.73451327433628,19.469026548672566,49.712389380530965,51.20744959082081
2015-01-22,73.45132743362832,55.75221238938053,32.52212389380531,59.955752212389385,52.79805006746964
2015-01-23,73.00884955752213,53.09734513274337,29.867256637168143,58.4070796460177,53.81787362720565
2015-01-26,73.45132743362832,72.34513274336283,46.017699115044245,67.63274336283186,56.32966812459223
2015-01-27,70.57522123893806,71.23893805309734,46.68141592920354,65.99557522123894,58.087105778528
2015-01-28,67.2566371681416,51.10619469026548,27.654867256637168,54.491150442477874,57.43329571742797
2015-01-29,69.46902654867256,43.584070796460175,23.008849557522122,52.41150442477876,56.52024275512811
2015-01-30,66.5929203539823,37.16814159292036,17.035398230088493,47.85398230088495,54.9445590361748
2015-02-02,69.24778761061947,52.43362831858407,25.0,55.35398230088495,55.018999629758476
2015-02-03,72.34513274336283,67.69911504424779,34.73451327433628,63.42920353982301,56.54812761340657
2015-02-04,71.90265486725663,69.46902654867256,32.52212389380531,63.29646017699115,57.77509717042195
2015-02-05,73.45132743362832,82.7433628318584,52.21238938053098,71.99115044247787,60.35983412897758
2015-02-06,74.33628318584071,67.03539823008849,36.50442477876106,64.57964601769912,61.12707265419968
2015-02-09,74.33628318584071,62.38938053097345,34.73451327433628,62.83185840707965,61.43703370017786
2015-02-10,75.88495575221239,66.3716814159292,39.15929203539823,65.6858407079646,62.20954406522999
2015-02-11,76.76991150442478,55.97345132743363,27.43362831858407,60.66371681415929,61.92848456503532
2015-02-12,78.98230088495575,68.58407079646017,41.3716814159292,68.34070796460176,63.094343364956494
2015-02-13,79.42477876106194,65.929203539823,40.707964601769916,67.63274336283186,63.91950700093383
2015-02-17,80.30973451327434,73.00884955752213,52.654867256637175,72.58849557522124,65.49568674171336
2015-02-18,80.08849557522124,78.98230088495575,63.27433628318584,76.39380530973452,67.47716284498993
2015-02-19,80.08849557522124,76.54867256637168,59.73451327433629,74.95575221238938,68.83690636633528
2015-02-20,81.19469026548673,84.95575221238938,74.77876106194691,81.03982300884957,71.05561848315607
2015-02-23,80.08849557522124,83.1858407079646,67.69911504424779,78.53982300884957,72.41638294237306
2015-02-24,80.53097345132744,76.54867256637168,64.15929203539822,76.06194690265487,73.0792127533334
2015-02-25,80.75221238938053,79.20353982300885,67.69911504424779,77.67699115044249,73.91517246189868
2015-02-26,80.08849557522124,72.34513274336283,57.30088495575221,73.20796460176992,73.78658921460253
2015-02-27,78.31858407079646,72.56637168141593,52.21238938053098,71.3716814159292,73.34751506938919
2015-03-02,79.20353982300885,79.20353982300885,65.2654867256637,76.41592920353982,73.90540854832567
2015-03-03,79.64601769911505,71.23893805309734,48.23008849557522,70.84070796460178,73.34819026037587
2015-03-04,76.76991150442478,63.93805309734514,39.15929203539823,65.39823008849558,71.90274295639763
2015-03-05,76.99115044247787,55.530973451327434,32.52212389380531,61.65929203539823,70.04029733439774
2015-03-06,71.68141592920354,39.38053097345133,17.47787610619469,51.150442477876105,66.60577826957561
2015-03-09,71.68141592920354,43.141592920353986,20.575221238938052,52.89823008849557,64.11349678210651
2015-03-10,68.36283185840708,23.672566371681416,9.955752212389381,43.27433628318584,60.324558509575475
2015-03-11,67.47787610619469,26.10619469026549,9.513274336283185,43.47345132743363,57.26072084009514
2015-03-12,73.23008849557522,32.07964601769911,12.831858407079647,48.80530973451327,55.72337336635298
2015-03-13,71.01769911504425,29.20353982300885,10.398230088495575,46.349557522123895,54.01904321285678
2015-03-16,73.45132743362832,38.27433628318584,16.8141592920354,51.57079646017699,53.57390743964228
2015-03-17,72.12389380530973,36.283185840707965,16.371681415929203,50.2212389380531,52.96433134844425
2015-03-18,76.32743362831859,50.88495575221239,21.902654867256636,57.809734513274336,53.84531374204972
2015-03-19,74.5575221238938,48.89380530973451,23.672566371681416,56.68141592920354,54.360968685168594
2015-03-20,77.43362831858407,53.98230088495575,23.893805309734514,59.69026548672566,55.32993173999715
2015-03-23,77.43362831858407,55.97345132743363,25.663716814159294,60.641592920353986,56.29568831824385
2015-03-24,75.66371681415929,54.424778761061944,24.557522123893804,59.070796460176986,56.80025343495896
2015-03-25,70.35398230088495,32.52212389380531,10.176991150442479,46.969026548672566,55.01275763745234
2015-03-26,69.02654867256636,49.7787610619469,17.035398230088493,52.85398230088495,54.62025303080372
2015-03-27,69.02654867256636,50.22123893805309,21.238938053097346,53.82743362831857,54.476104048533685
2015-03-30,73.67256637168141,83.6283185840708,51.10619469026548,72.14601769911505,57.68881562136666
2015-03-31,70.6401766004415,75.27593818984548,40.618101545253865,66.02649006622518,59.20475642952275
2015-04-01,69.97792494481236,54.083885209713024,21.85430463576159,55.58498896247241,58.54661689005905
2015-04-02,71.30242825607064,64.90066225165563,31.567328918322296,61.43487858719647,59.07175538044767
2015-04-06,73.50993377483444,55.40838852097131,28.2560706401766,59.02869757174393,59.06392668795608
2015-04-07,71.96467991169978,55.62913907284768,24.061810154525386,57.48344370860927,58.776566146256656
2015-04-08,72.18543046357617,43.26710816777042,19.205298013245034,52.913907284768214,57.710628171440575
2015-04-09,72.40618101545255,48.34437086092716,24.282560706401764,55.56291390728477,57.32013466886679
2015-04-10,73.50993377483444,41.72185430463576,19.205298013245034,53.11258278145695,56.55512523479228
2015-04-13,71.52317880794702,38.41059602649007,16.55629139072848,50.59602649006622,55.47165273575118
2015-04-14,74.17218543046357,45.47461368653421,21.85430463576159,55.09933774834437,55.40395910167721
2015-04-15,76.60044150110376,74.39293598233996,43.92935982339956,69.40397350993378,57.949416266814765
2015-04-16,75.49668874172185,77.2626931567329,43.92935982339956,69.71302428256071,60.08825408785949
2015-04-17,72.40618101545255,50.993377483443716,24.503311258278146,56.40176600441502,59.417983527233226
2015-04-20,76.15894039735099,46.13686534216336,21.41280353200883,56.20309050772627,58.833457523686505
2015-04-21,74.17218543046357,56.07064017660044,28.918322295805737,59.69094922737307,58.98936510617498
2015-04-22,75.71743929359823,64.90066225165563,38.18984547461369,64.96688741721854,60.07618734454653
2015-04-23,75.71743929359823,64.01766004415012,39.29359823399559,64.92273730684327,60.9573782467823
2015-04-24,76.15894039735099,55.62913907284768,30.022075055187635,60.77262693156732,60.9237870985614
2015-04-27,75.27593818984548,53.20088300220751,28.697571743929362,59.337748344370866,60.6354164159813
2015-04-28,77.48344370860927,54.083885209713024,26.93156732891832,60.35320088300221,60.58410450089419
2015-04-29,75.71743929359823,45.6953642384106,21.85430463576159,55.93818984547461,59.739392745363354
2015-04-30,67.99116997792495,30.90507726269316,15.011037527593817,46.269315673289185,57.29028782316806
2015-05-01,72.40618101545255,46.35761589403973,23.399558498896248,54.79028697571744,56.83574221454067
2015-05-04,74.61368653421634,50.55187637969095,28.03532008830022,58.0794701986755,57.061874575292464
2015-05-05,68.65342163355407,34.437086092715234,13.686534216335541,47.39514348785871,55.30428710484997
2015-05-06,66.88741721854305,31.788079470198678,12.362030905077264,45.45253863134658,53.513060109667535
2015-05-07,69.97792494481236,48.56512141280353,24.282560706401764,54.41501103752759,53.67705118746027
2015-05-08,72.18543046357617,50.993377483443716,26.71081677704194,56.73289183222958,54.23265857741833
2015-05-11,71.96467991169978,50.993377483443716,23.178807947019866,55.91611479028697,54.53874152521263
2015-05-12,71.08167770419426,41.280353200883,18.984547461368653,51.721854304635755,54.02658021238047
2015-05-13,71.52317880794702,41.05960264900662,17.660044150110377,51.61147902869757,53.587470906256314
2015-05-14,74.83443708609272,51.434878587196465,28.697571743929362,58.58719646799118,54.49651191748084
2015-05-15,75.05518763796908,59.16114790286976,31.788079470198678,61.6335540838852,55.794155947736186
2015-05-18,76.15894039735099,60.70640176600441,33.554083885209714,63.002207505518754,57.10471077642393
2015-05-19,76.15894039735099,67.10816777041943,40.1766004415011,66.24724061810154,58.766988929456225
2015-05-20,75.05518763796908,76.15894039735099,54.966887417218544,71.36865342163355,61.058200655306656
2015-05-21,75.93818984547461,69.5364238410596,43.70860927152318,67.57174392935983,62.242481250589044
2015-05-22,74.39293598233996,63.35540838852097,34.437086092715234,63.09050772626932,62.39666788253091
2015-05-26,69.97792494481236,70.19867549668875,38.41059602649007,63.73068432671082,62.63921632692727
2015-05-27,71.96467991169978,80.3532008830022,54.746136865342166,71.03752759381898,64.16618201181667
2015-05-28,72.18543046357617,74.39293598233996,45.916114790286976,67.59381898454747,64.78938873413136
2015-05-29,67.10816777041943,51.21412803532009,25.386313465783665,53.99558498896247,62.82687896228247
2015-06-01,68.65342163355407,57.395143487858725,29.13907284768212,57.373068432671076,61.83527704780767
2015-06-02,67.10816777041943,58.498896247240616,29.3598233995585,56.9757174392936,60.951720755350564
2015-06-03,67.99116997792495,61.36865342163355,32.671081677704194,58.940397350993386,60.58602559092199
2015-06-04,64.90066225165563,33.33333333333333,15.45253863134658,45.54083885209713,57.85053709295383
2015-06-05,63.576158940397356,34.437086092715234,18.322295805739515,45.78366445916115,55.65656025044608
2015-06-08,62.251655629139066,24.061810154525386,9.933774834437086,40.33112582781457,52.870117628149444
2015-06-09,61.147902869757175,25.165562913907287,8.388520971302428,39.80132450331126,50.493973423633406
2015-06-10,65.56291390728477,37.086092715231786,15.673289183222957,47.04194260485651,49.86633145658306
2015-06-11,65.78366445916114,39.0728476821192,15.894039735099339,47.792494481236204,49.489270188338175
2015-06-12,64.23841059602648,34.87858719646799,14.348785871964681,45.45253863134658,48.755318996157875
2015-06-15,61.58940397350994,38.852097130242825,18.543046357615893,46.158940397350996,48.28325016001117
2015-06-16,63.35540838852097,33.77483443708609,15.673289183222957,44.9448123620309,47.6762614694693
2015-06-17,63.796909492273734,38.852097130242825,17.660044150110377,47.086092715231786,47.56895805960794
2015-06-18,66.88741721854305,61.58940397350994,34.216335540838855,58.76379690949228,49.60438330504146
2015-06-19,65.56291390728477,54.746136865342166,27.593818984547465,54.724061810154524,50.53523394233475
2015-06-22,66.44591611479028,60.9271523178808,36.20309050772627,58.74172185430463,52.027322653602
2015-06-23,67.10816777041943,56.07064017660044,30.4635761589404,56.46799116997792,52.834716929306715
2015-06-24,64.23841059602648,56.5121412803532,30.4635761589404,55.16556291390728,53.258507108325
2015-06-25,62.03090507726269,52.53863134657837,27.593818984547465,52.29580573951435,53.08347049581398
2015-06-26,62.03090507726269,64.01766004415012,35.099337748344375,57.24061810154525,53.839315515037846
2015-06-29,54.746136865342166,32.22958057395143,13.46578366445916,39.735099337748345,51.27491257371248
2015-06-30,55.18763796909493,26.048565121412803,10.816777041942604,37.571743929359826,48.78342736564835
2015-07-01,58.27814569536424,32.22958057395143,13.46578366445916,41.50110375275938,47.45936852694126
2015-07-02,57.615894039735096,38.852097130242825,14.56953642384106,43.37748344370861,46.717207602717146
2015-07-06,56.26373626373626,41.53846153846154,19.560439560439562,44.505494505494504,46.31507794867667
2015-07-07,59.34065934065934,43.51648351648352,23.736263736263734,47.472527472527474,46.52552331664954
2015-07-08,51.64835164835166,29.67032967032967,10.329670329670328,36.791208791208796,44.75564794838758
2015-07-09,52.96703296703297,19.12087912087912,5.714285714285714,33.362637362637365,42.68419147825118
2015-07-10,56.7032967032967,37.362637362637365,11.428571428571429,41.84615384615385,42.53182099968802
2015-07-13,60.43956043956044,41.75824175824176,14.945054945054945,45.73626373626374,43.1144469517927
2015-07-14,61.53846153846154,44.83516483516484,21.0989010989011,48.43956043956044,44.08264940411411
2015-07-15,60.43956043956044,52.74725274725275,28.35164835164835,51.714285714285715,45.47021964232713
2015-07-16,62.1978021978022,61.75824175824176,35.824175824175825,56.79120879120879,47.52858130576016
2015-07-17,60.21978021978022,56.92307692307692,31.208791208791208,53.42857142857142,48.60130678263494
2015-07-20,60.21978021978022,71.42857142857143,58.24175824175825,63.18681318681318,51.25321703794008
2015-07-21,58.02197802197803,67.25274725274726,45.714285714285715,58.329670329670336,52.53984490916377
2015-07-22,57.802197802197796,61.75824175824176,41.53846153846154,55.73626373626373,53.12101196863648
2015-07-23,57.14285714285714,58.46153846153847,34.72527472527472,53.05494505494505,53.108999802510766
2015-07-24,54.505494505494504,52.74725274725275,30.10989010989011,49.0989010989011,52.37989094730901
2015-07-27,52.74725274725275,39.120879120879124,18.681318681318682,41.846153846153854,50.46466601982625
2015-07-28,55.824175824175825,65.27472527472527,37.142857142857146,54.92307692307692,51.27528618405364
2015-07-29,59.56043956043956,70.98901098901099,46.59340659340659,60.3956043956044,52.933525858881055
2015-07-30,58.46153846153847,61.75824175824176,39.120879120879124,55.582417582417584,53.415142535887696
2015-07-31,60.65934065934066,55.824175824175825,34.285714285714285,53.93406593406594,53.509492244647376
2015-08-03,60.879120879120876,52.74725274725275,32.967032967032964,52.857142857142854,53.3908832651011
2015-08-04,59.56043956043956,52.96703296703297,31.428571428571427,51.956043956043956,53.13000339072708
2015-08-05,60.879120879120876,50.989010989010985,29.89010989010989,51.714285714285715,52.87260017682865
2015-08-06,58.901098901098905,49.45054945054945,27.252747252747252,49.736263736263744,52.30235718763503
2015-08-07,60.0,46.59340659340659,26.813186813186814,49.34065934065934,51.76386667000308
2015-08-10,61.97802197802198,61.53846153846154,37.142857142857146,56.879120879120876,52.69391288984268
2015-08-11,60.43956043956044,52.74725274725275,30.10989010989011,52.065934065934066,52.5797349218593
2015-08-12,60.21978021978022,55.16483516483517,32.30769230769231,53.12087912087912,52.67812477622653
2015-08-13,60.21978021978022,63.07692307692307,42.637362637362635,57.560439560439555,53.56581837335617
2015-08-14,62.637362637362635,73.62637362637363,49.89010989010989,63.38461538461539,55.35105419358512
2015-08-17,64.3956043956044,68.79120879120879,44.83516483516484,61.8021978021978,56.52398939515106
2015-08-18,62.857142857142854,56.92307692307692,38.24175824175824,56.15384615384615,56.456690624004715
2015-08-19,59.78021978021978,47.91208791208791,31.428571428571427,50.54945054945055,55.38264697408577
2015-08-20,52.307692307692314,31.868131868131865,16.923076923076923,39.0989010989011,52.42196590587038
2015-08-21,40.43956043956044,15.164835164835164,5.714285714285714,25.91208791208791,47.60198808881901
2015-08-24,21.978021978021978,4.615384615384616,0.6593406593406593,12.505494505494505,41.22080743730547
2015-08-25,19.78021978021978,0.8791208791208791,0.21978021978021978,10.197802197802199,35.58026103012305
2015-08-26,28.57142857142857,4.395604395604396,0.6593406593406593,15.736263736263735,31.972261522148628
2015-08-27,36.043956043956044,11.648351648351648,1.7582417582417582,21.868131868131865,30.135147039600124
2015-08-28,36.26373626373626,8.791208791208792,1.098901098901099,20.98901098901099,28.47221321222028
2015-08-31,32.967032967032964,7.9120879120879115,1.3186813186813187,19.120879120879117,26.77197065015825
2015-09-01,23.736263736263734,2.417582417582418,0.21978021978021978,12.637362637362635,24.202041920559044
2015-09-02,29.010989010989015,4.835164835164836,0.6593406593406593,16.08791208791209,22.726745587350507
2015-09-03,30.10989010989011,4.615384615384616,0.6593406593406593,16.57142857142857,21.607597039001064
2015-09-04,25.934065934065938,2.417582417582418,0.43956043956043955,13.780219780219781,20.184437537404467
2015-09-08,33.18681318681318,7.252747252747254,1.098901098901099,18.989010989010985,19.967087255878383
2015-09-09,29.450549450549453,7.032967032967033,0.6593406593406593,16.967032967032967,19.42162283972467
2015-09-10,30.54945054945055,16.483516483516482,4.395604395604396,21.0989010989011,19.72658252321129
2015-09-11,32.08791208791209,41.97802197802198,12.527472527472527,31.14285714285714,21.802268817692358
2015-09-14,30.54945054945055,72.3076923076923,29.67032967032967,42.9010989010989,25.638419741948095
2015-09-15,34.72527472527472,89.01098901098901,59.78021978021978,56.021978021978015,31.162703065589902
2015-09-16,36.7032967032967,78.9010989010989,38.46153846153847,49.714285714285715,34.53571809262551
2015-09-17,36.92307692307693,55.16483516483517,19.340659340659343,38.87912087912088,35.325427690170116
2015-09-18,32.967032967032964,39.34065934065934,9.89010989010989,30.263736263736263,34.405120158091236
2015-09-21,32.747252747252745,53.40659340659341,19.12087912087912,36.21978021978022,34.735058351125595
2015-09-22,29.89010989010989,66.37362637362637,32.747252747252745,41.4065934065934,35.948064724847015
2015-09-23,30.76923076923077,49.45054945054945,22.41758241758242,34.7032967032967,35.72174326638332
2015-09-24,30.10989010989011,40.43956043956044,16.923076923076923,30.57142857142857,34.78532241275518
2015-09-25,31.428571428571427,54.505494505494504,28.13186813186813,37.69230769230769,35.31386519085563
2015-09-28,23.076923076923077,17.582417582417584,8.791208791208792,18.571428571428573,32.26978580550526
2015-09-29,24.395604395604394,25.274725274725274,13.626373626373626,22.505494505494507,30.49446011459421
2015-09-30,28.13186813186813,33.4065934065934,16.263736263736263,27.34065934065934,29.921041792060596
2015-10-01,29.010989010989015,30.32967032967033,15.164835164835164,26.63736263736264,29.324009218479148
2015-10-02,33.18681318681318,46.15384615384615,20.439560439560438,34.527472527472526,30.270093456477944
2015-10-05,39.120879120879124,52.307692307692314,24.835164835164836,40.21978021978022,32.079127413442
2015-10-06,36.043956043956044,41.318681318681314,19.560439560439562,34.32967032967033,32.48831703457443
2015-10-07,39.56043956043956,51.868131868131876,24.395604395604394,40.21978021978022,33.89403761370276
2015-10-08,42.1978021978022,71.42857142857143,46.15384615384615,51.75824175824176,37.142074730891665
2015-10-09,41.098901098901095,69.45054945054945,41.97802197802198,49.780219780219774,39.43991928531496
2015-10-12,43.07692307692308,79.56043956043956,53.84615384615385,56.175824175824175,42.48281108358936
2015-10-13,40.43956043956044,76.48351648351648,51.208791208791204,53.40659340659341,44.468953324135555
2015-10-14,38.02197802197802,71.20879120879121,47.25274725274725,49.824175824175825,45.442630142324695
2015-10-15,43.07692307692308,81.75824175824175,56.48351648351648,57.362637362637365,47.60990418238155
2015-10-16,44.83516483516484,92.3076923076923,78.9010989010989,65.8901098901099,50.933577947423075
2015-10-19,44.51754385964912,93.2017543859649,79.3859649122807,66.09649122807016,53.690471271177096
2015-10-20,43.859649122807014,89.03508771929825,71.49122807017544,62.93859649122807,55.371948583913635
2015-10-21,41.00877192982456,84.64912280701753,65.5701754385965,59.01315789473684,56.033986640426946
2015-10-22,46.71052631578947,82.89473684210526,66.22807017543859,61.469298245614034,57.022225114097324
2015-10-23,48.46491228070175,78.50877192982456,54.60526315789473,58.70614035087719,57.32839152078458
2015-10-26,48.46491228070175,79.60526315789474,60.08771929824561,60.131578947368425,57.838061961981644
2015-10-27,48.026315789473685,72.14912280701753,48.90350877192983,55.43859649122807,57.40179551275372
2015-10-28,51.53508771929825,70.17543859649122,45.39473684210527,55.89912280701755,57.128582293528964
2015-10-29,51.75438596491229,69.2982456140351,46.05263157894737,55.877192982456144,56.901056964243
2015-10-30,50.43859649122807,67.54385964912281,41.00877192982456,53.68421052631579,56.31617579371078
2015-11-02,55.48245614035088,77.85087719298247,57.01754385964912,62.5,57.44050746758154
2015-11-03,55.48245614035088,79.82456140350878,61.40350877192983,63.969298245614034,58.62756033631472
2015-11-04,54.60526315789473,72.14912280701753,52.19298245614035,59.3859649122807,58.765452077399445
2015-11-05,55.04385964912281,67.98245614035088,49.56140350877193,57.828947368421055,58.59517849394882
2015-11-06,53.72807017543859,66.00877192982456,47.58771929824561,56.18421052631578,58.15682068165191
2015-11-09,51.09649122807017,60.30701754385965,39.03508771929825,51.44736842105263,56.93692027063386
2015-11-10,51.31578947368421,63.81578947368421,44.07894736842105,53.61842105263158,56.33355677645162
2015-11-11,51.53508771929825,54.166666666666664,33.55263157894737,48.728070175438596,54.95074103081289
2015-11-12,44.07894736842105,37.280701754385966,16.00877192982456,36.425438596491226,51.58250422457258
2015-11-13,39.25438596491228,32.67543859649123,13.37719298245614,32.10526315789474,48.041187666994794
2015-11-16,46.92982456140351,46.49122807017544,21.49122807017544,41.71052631578947,46.89015833041201
2015-11-17,44.51754385964912,35.96491228070175,12.280701754385964,35.50438596491228,44.82001790032115
2015-11-18,51.973684210526315,50.43859649122807,24.12280701754386,45.94298245614035,45.02419327410646
2015-11-19,53.82932166301969,54.70459518599562,24.945295404814004,48.31509846827133,45.62253967304553
2015-11-20,56.67396061269147,49.01531728665208,19.474835886214443,46.93654266958424,45.86144930877984
2015-11-23,55.798687089715536,47.04595185995623,20.568927789934357,46.12691466083151,45.9097157364256
2015-11-24,55.798687089715536,52.29759299781181,22.538293216630198,48.09628008752735,46.30727289117137
2015-11-25,56.455142231947484,49.23413566739606,21.00656455142232,47.199124726477024,46.46942777031786
2015-11-27,57.54923413566739,57.11159737417943,26.477024070021884,51.2035010940919,47.33016837464041
2015-11-30,57.11159737417943,61.70678336980306,31.50984682713348,53.369803063457326,48.428283772607124
2015-12-01,59.73741794310722,69.58424507658644,38.51203501094092,58.44638949671773,50.24975754062723
2015-12-02,55.36105032822757,59.51859956236324,24.945295404814004,50.525164113785564,50.29983146301965
2015-12-03,47.921225382932164,57.11159737417943,24.72647702407002,46.03938730853392,49.52520525311315
2015-12-04,56.455142231947484,81.83807439824945,55.798687089715536,63.93873085339168,52.14584627134561
2015-12-07,54.48577680525164,65.64551422319475,35.44857768052516,54.026258205689274,52.48773935031719
2015-12-08,51.64113785557986,59.73741794310722,27.571115973741794,49.25601750547046,51.90015356034505
2015-12-09,47.4835886214442,31.947483588621445,11.597374179431071,35.645514223194745,48.94476458995409
2015-12-10,47.04595185995623,33.69803063457331,12.472647702407002,36.12691466083151,46.614246421022706
2015-12-11,40.0437636761488,17.505470459518598,5.689277899343545,26.411378555798688,42.9409977182547
2015-12-14,42.01312910284464,19.037199124726477,5.908096280087528,27.899343544857768,40.2061515049098
2015-12-15,46.82713347921225,26.039387308533918,7.87746170678337,32.800875273522976,38.85973764465765
2015-12-16,52.95404814004377,42.669584245076585,13.566739606126916,41.991247264770244,39.429103030132666
2015-12-17,48.796498905908095,27.35229759299781,8.315098468271334,34.26695842450765,38.49053128365539
2015-12-18,42.88840262582057,20.13129102844639,5.689277899343545,28.62144420131291,36.696151814138574
2015-12-21,45.51422319474836,19.474835886214443,5.032822757111598,29.60612691466083,35.40705637786989
2015-12-22,48.35886214442014,33.04157549234136,11.37855579868709,36.36761487964989,35.58170337819353
2015-12-23,51.64113785557986,57.330415754923415,26.258205689277897,48.27133479212254,37.888909089816984
2015-12-24,51.42231947483589,38.29321663019694,15.536105032822759,40.306345733041574,38.328443024948726
2015-12-28,50.54704595185996,43.10722100656455,18.161925601750546,41.838074398249454,38.966557820094316
2015-12-29,55.798687089715536,61.48796498905909,26.258205689277897,51.59737417943107,41.26306988542827
2015-12-30,52.29759299781181,64.77024070021882,28.44638949671772,51.2691466083151,43.08235656231678
2015-12-31,49.23413566739606,47.921225382932164,20.350109409190374,43.06345733041575,43.078920338334775
2016-01-04,42.23194748358862,50.984682713347915,19.693654266958426,40.35010940919037,42.582772896672154
2016-01-05,43.544857768052516,50.984682713347915,23.413566739606125,41.750547045951855,42.4314591056321
2016-01-06,38.29321663019694,31.947483588621445,13.129102844638949,31.356673960612692,40.41786180653766
2016-01-07,30.196936542669583,11.816192560175056,3.063457330415755,19.25601750547046,36.57025375179816
2016-01-08,24.288840262582056,10.722100656455142,3.7199124726477026,16.10503282275711,32.84930449197252
2016-01-11,26.258205689277897,18.161925601750546,7.439824945295405,20.065645514223192,30.525002859654457
2016-01-12,28.227571115973742,17.505470459518598,6.12691466083151,20.590809628008753,28.718785908446144
2016-01-13,22.538293216630198,7.658643326039387,1.9693654266958425,13.960612691466084,26.035481687177043
2016-01-14,24.72647702407002,6.3457330415754925,2.62582056892779,14.792122538293215,23.991234569198163
2016-01-15,21.2253829321663,5.032822757111598,0.87527352297593,12.297592997811815,21.86511791985519
2016-01-19,22.100656455142232,6.3457330415754925,1.75054704595186,13.304157549234136,20.308579670651362
2016-01-20,19.912472647702405,3.063457330415755,0.437636761487965,10.962800875273523,18.609347162400848
2016-01-21,18.599562363238512,3.063457330415755,1.0940919037199124,10.437636761487965,17.123581634962143
2016-01-22,25.164113785557984,11.816192560175056,3.50109409190372,16.827133479212254,17.069681970280346
2016-01-25,21.444201312910284,11.159737417943107,3.063457330415755,14.682713347921224,16.63568767530596
2016-01-26,25.601750547045953,15.098468271334792,4.3763676148796495,18.205689277899346,16.92114251214112
2016-01-27,24.50765864332604,15.536105032822759,4.3763676148796495,17.78993435448578,17.079104665294693
2016-01-28,24.72647702407002,31.947483588621445,11.37855579868709,24.223194748358864,18.378030134942726
2016-01-29,33.04157549234136,59.08096280087527,28.44638949671772,39.9343544857768,22.297361835094378
2016-02-01,33.69803063457331,60.17505470459519,29.10284463894967,40.72210065645514,25.647314348069063
2016-02-02,28.665207877461707,40.91903719912472,16.849015317286653,29.9781181619256,26.434733223315707
2016-02-03,29.978118161925604,59.08096280087527,31.947483588621445,39.102844638949676,28.738026207976432
2016-02-04,30.196936542669583,54.48577680525164,26.914660831509845,36.82713347921225,30.208772984564764
2016-02-05,25.38293216630197,54.70459518599562,28.88402625820569,34.879649890590805,31.058023331114953
2016-02-08,21.88183807439825,43.98249452954048,22.75711159737418,28.687089715536104,30.6269444919188
2016-02-09,22.319474835886215,48.57768052516411,28.227571115973742,31.37855579868709,30.763601093149397
2016-02-10,22.538293216630198,47.04595185995623,27.13347921225383,30.809628008752735,30.771969623259093
2016-02-11,19.693654266958426,31.947483588621445,15.536105032822759,22.538293216630194,29.274937549326562
2016-02-12,24.72647702407002,48.796498905908095,28.00875273522976,32.60393873085339,29.880210491422353
2016-02-16,27.78993435448578,52.95404814004377,29.321663019693656,35.64551422319475,30.928447533562792
2016-02-17,32.822757111597376,66.3019693654267,36.542669584245075,43.610503282275715,33.234275851510596
2016-02-18,31.291028446389497,64.11378555798687,35.22975929978118,41.925601750547045,34.81451692406267
2016-02-19,33.260393873085334,47.04595185995623,22.319474835886215,35.20787746170678,34.88603702181615
2016-02-22,36.98030634573304,57.54923413566739,26.914660831509845,41.137855579868706,36.02273130509843
2016-02-23,35.010940919037196,63.67614879649891,31.947483588621445,42.99781181619256,37.290927761660996
2016-02-24,36.32385120350109,62.80087527352297,29.540481400437635,42.91028446389496,38.31262898024899
2016-02-25,38.29321663019694,68.49015317286651,37.199124726477024,47.133479212253825,39.9164199315226
2016-02-26,39.38730853391685,82.93216630196937,50.984682713347915,54.77024070021882,42.617114616740096
2016-02-29,37.85557986870897,86.65207877461707,60.393873085339166,57.00218818380744,45.23258253802507
2016-03-01,45.51422319474836,92.34135667396062,74.61706783369803,65.38293216630197,48.89628247043905
2016-03-02,45.951859956236326,94.31072210065645,80.74398249452955,67.417943107221,52.263857131672125
2016-03-03,49.23413566739606,97.3741794310722,89.93435448577681,71.81619256017505,55.81882720958175
2016-03-04,49.671772428884026,95.84245076586433,87.08971553610503,71.00656455142231,58.580233999007305
2016-03-07,50.984682713347915,94.09190371991247,77.68052516411379,69.25601750547045,60.52128554563697
2016-03-08,47.26477024070022,84.46389496717724,58.64332603938731,60.70021881838074,60.553818867954014
2016-03-09,49.01531728665208,90.15317286652079,64.33260393873084,64.42013129102844,61.256784763058455
2016-03-10,48.796498905908095,89.93435448577681,62.80087527352297,63.93873085339168,61.74441132493722
2016-03-11,56.67396061269147,91.2472647702407,68.49015317286651,69.40919037199124,63.13800751531068
2016-03-14,56.01750547045952,92.77899343544857,76.80525164113786,71.2035010940919,64.60446089327091
2016-03-15,54.92341356673961,88.62144420131291,68.9277899343545,67.83369803063458,65.19159491824612
2016-03-16,57.11159737417943,85.99562363238512,65.86433260393873,67.527352297593,65.61627807812737
2016-03-17,59.73741794310722,88.18380743982495,71.55361050328227,70.63457330415756,66.52869539195103
2016-03-18,61.925601750547045,91.2472647702407,80.52516411378556,74.44201312910285,67.96748043506955
2016-03-21,61.925601750547045,86.65207877461707,65.86433260393873,70.13129102844638,68.36090054295626
2016-03-22,61.48796498905909,85.77680525164114,59.73741794310722,68.42450765864334,68.37246547308118
2016-03-23,59.08096280087527,74.61706783369803,47.4835886214442,61.42231947483589,67.1088025643093
2016-03-24,59.08096280087527,69.14660831509846,42.669584245076585,58.818380743982495,65.6014531424317
2016-03-28,60.17505470459519,70.89715536105032,45.73304157549234,60.503282275711165,64.67451298484615
2016-03-29,62.80087527352297,88.8402625820569,70.02188183807439,72.05689277899343,66.01676385650929
2016-03-30,63.67614879649891,88.40262582056893,70.67833698030634,72.4945295404814,67.1945394354133
2016-03-31,64.33260393873084,89.49671772428884,67.6148796498906,72.5382932166302,68.16613103199819
2016-04-01,65.86433260393873,78.7746170678337,59.73741794310722,68.51203501094093,68.22902266453323
2016-04-04,64.55142231947484,78.55579868708972,52.735229759299784,66.38949671772428,67.89456340147706
2016-04-05,61.925601750547045,73.7417943107221,44.42013129102845,61.969365426695845,66.81725467878957
2016-04-06,65.42669584245077,71.99124726477024,46.82713347921225,63.67614879649891,66.24614451837309
2016-04-07,62.144420131291035,48.796498905908095,24.288840262582056,50.56892778993436,63.39574147683877
2016-04-08,62.80087527352297,51.42231947483589,24.72647702407002,51.772428884026255,61.28241191450921
2016-04-11,61.925601750547045,48.796498905908095,22.538293216630198,50.10940919037199,59.25095687375699
2016-04-12,65.20787746170679,58.64332603938731,29.978118161925604,56.19256017505471,58.69488474672021
2016-04-13,68.9277899343545,77.02407002188184,48.57768052516411,67.28665207877462,60.257024261639195
2016-04-14,69.14660831509846,74.83588621444201,48.796498905908095,66.78336980306345,61.44363254189815
2016-04-15,69.14660831509846,75.49234135667396,48.35886214442014,66.89277899343544,62.434386442177654
2016-04-18,70.67833698030634,71.55361050328227,40.91903719912472,64.98905908096279,62.898872376502226
2016-04-19,73.7417943107221,69.14660831509846,41.13785557986871,65.84245076586433,63.43406844729534
2016-04-20,75.71115973741794,65.64551422319475,43.7636761487965,66.3019693654267,63.955504977864685
2016-04-21,73.30415754923413,54.92341356673961,30.85339168490153,59.29978118161926,63.1090097421837
2016-04-22,75.71115973741794,60.61269146608315,39.38730853391685,63.91684901531729,63.25588961002617
2016-04-25,73.7417943107221,66.08315098468272,45.51422319474836,65.79868708971554,63.718216424515155
2016-04-26,77.89934354485777,64.33260393873084,41.79431072210066,66.60831509846827,64.24368891068845
2016-04-27,79.43107221006565,74.61706783369803,57.54923413566739,73.61050328227572,65.94674606915886
2016-04-28,72.42888402625822,63.67614879649891,43.10722100656455,63.93873085339169,65.58165239356484
2016-04-29,69.58424507658644,59.73741794310722,39.82494529540481,60.67833698030635,64.6901405002451
2016-05-02,73.30415754923413,63.01969365426696,39.606126914660834,63.47921225382932,64.46997172816951
2016-05-03,66.95842450765865,46.17067833698031,20.350109409190374,51.40043763676149,62.09369280245896
2016-05-04,64.77024070021882,43.98249452954048,21.00656455142232,49.78118161925602,59.855054405512966
2016-05-05,64.55142231947484,42.88840262582057,20.13129102844639,49.16849015317287,57.912042723269316
2016-05-06,66.3019693654267,40.26258205689278,19.25601750547046,49.08096280087528,56.30639182828858
2016-05-09,66.95842450765865,40.0437636761488,17.72428884026258,49.03719912472648,54.98472042764093
2016-05-10,70.45951859956236,50.76586433260394,30.63457330415755,56.58643326039387,55.275940942686915
2016-05-11,67.17724288840262,46.608315098468275,31.72866520787746,53.91684901531728,55.0288333195288
2016-05-12,67.39606126914661,45.51422319474836,28.88402625820569,53.12910284463895,54.68342777863974
2016-05-13,65.42669584245077,40.91903719912472,24.72647702407002,49.93435448577681,53.81995990721011
2016-05-16,67.39606126914661,47.26477024070022,28.44638949671772,53.566739606126916,53.773919852467714
2016-05-17,65.42669584245077,34.79212253829322,15.317286652078774,46.2144420131291,52.39946933622432
2016-05-18,65.64551422319475,40.26258205689278,17.505470459518598,48.40262582056893,51.67277051519606
2016-05-19,65.64551422319475,41.35667396061269,16.630196936542667,48.55579868708971,51.10604836463126
2016-05-20,68.05251641137856,38.074398249452955,15.75492341356674,48.59956236323852,50.65032363710531
2016-05-23,67.39606126914661,46.82713347921225,22.538293216630198,52.25382932166302,50.94187012520671
2016-05-24,73.52297592997812,65.42669584245077,40.48140043763676,64.48577680525163,53.40439861248761
2016-05-25,75.71115973741794,71.77242888402627,43.10722100656455,68.00875273522976,56.05973572571346
2016-05-26,75.49234135667396,67.83369803063457,40.91903719912472,66.2800875273523,57.9179815078296
2016-05-27,77.4617067833698,71.77242888402627,43.544857768052516,68.97155361050329,59.92772189013391
2016-05-31,77.89934354485777,59.51859956236324,32.38512035010941,63.28227571115974,60.53764076668406
2016-06-01,77.89934354485777,68.9277899343545,44.63894967177243,68.55579868708972,61.995487661303265
2016-06-02,78.11816192560175,71.11597374179432,49.671772428884026,70.32822757111597,63.51053128126921
2016-06-03,75.49234135667396,82.4945295404814,53.610503282275715,73.21663019693653,65.27527653866326
2016-06-06,77.24288840262582,76.58643326039387,49.45295404814004,71.48796498905908,66.40485625691704
2016-06-07,78.33698030634574,86.43326039387308,67.17724288840262,78.53391684901533,68.61014000093492
2016-06-08,79.43107221006565,88.62144420131291,69.80306345733041,80.26258205689278,70.7287658292909
2016-06-09,77.4617067833698,86.87089715536105,74.39824945295405,79.67177242888403,72.35476702921692
2016-06-10,74.83588621444201,74.83588621444201,52.29759299781181,70.32822757111597,71.9863053095622
2016-06-13,71.55361050328227,66.73960612691467,42.669584245076585,64.33260393873086,70.59472324213831
2016-06-14,70.67833698030634,50.76586433260394,31.50984682713348,56.87089715536105,68.09948213545154
2016-06-15,70.02188183807439,46.389496717724285,28.88402625820569,54.704595185995615,65.66404814464137
2016-06-16,70.89715536105032,47.4835886214442,27.571115973741794,55.20787746170678,63.76292620228963
2016-06-17,69.36542669584244,40.26258205689278,22.538293216630198,51.2691466083151,61.491329912476075
2016-06-20,72.21006564551422,49.45295404814004,29.321663019693656,56.80525164113786,60.639315681323666
2016-06-21,72.21006564551422,49.671772428884026,28.44638949671772,56.69584245076586,59.922320548494966
2016-06-22,71.77242888402627,45.951859956236326,23.851203501094094,54.442013129102854,58.925901017696404
2016-06-23,76.58643326039387,63.67614879649891,36.98030634573304,64.79212253829323,59.992486748714015
2016-06-24,63.45733041575492,23.194748358862142,12.691466083150985,41.2253829321663,56.580286054796254
2016-06-27,57.330415754923415,18.38074398249453,12.035010940919037,36.586433260393875,52.945040092177635
2016-06-28,62.144420131291035,20.787746170678336,12.472647702407002,39.80306345733042,50.555589794932686
2016-06-29,66.95842450765865,29.978118161925604,14.87964989059081,45.44857768052516,49.627042137767674
2016-06-30,71.33479212253829,49.671772428884026,28.227571115973742,56.2144420131291,50.82475120601521
2016-07-01,69.80306345733041,63.23851203501094,32.38512035010941,60.35010940919037,52.55663451568341
2016-07-05,67.68558951965066,55.24017467248908,29.03930131004367,56.222707423580786,53.223193226210206
2016-07-06,67.68558951965066,59.60698689956332,34.71615720524017,58.66812227074236,54.21318032521605
2016-07-07,67.90393013100436,61.135371179039296,31.65938864628821,58.624454148471614,55.01523011126252
2016-07-08,72.92576419213974,75.764192139738,43.66812227074236,67.92576419213974,57.36259994414928
2016-07-11,74.67248908296943,72.0524017467249,42.13973799126637,67.37991266375546,59.18392952953223
2016-07-12,76.2008733624454,80.78602620087337,40.39301310043668,70.41484716157206,61.225914553539475
2016-07-13,76.2008733624454,81.6593886462882,43.88646288209607,71.37554585152839,63.07130206226473
2016-07-14,78.16593886462883,71.83406113537117,34.93449781659388,67.62008733624454,63.89835393026105
2016-07-15,77.9475982532751,94.32314410480349,77.72925764192141,82.81659388646287,67.33803392229774
2016-07-18,78.82096069868996,95.85152838427948,88.8646288209607,85.93886462882097,70.7200031416656
2016-07-19,78.16593886462883,94.10480349344978,81.22270742358079,83.55895196506552,73.05435747319287
2016-07-20,80.13100436681223,89.95633187772926,73.14410480349345,81.68122270742359,74.62287842487119
2016-07-21,80.13100436681223,76.41921397379913,58.07860262008734,74.60698689956332,74.6199890566334
2016-07-22,81.6593886462882,80.78602620087337,62.00873362445415,77.46724890829694,75.13767266602677
2016-07-25,81.4410480349345,78.16593886462883,65.93886462882097,77.35807860262008,75.54138283631646
2016-07-26,81.87772925764192,74.89082969432314,63.31877729257642,76.06986899563319,75.6374712289195
2016-07-27,80.78602620087337,71.83406113537117,58.73362445414847,73.68995633187772,75.28337761127554
2016-07-28,80.56768558951966,65.72052401746726,50.21834061135371,70.04366812227074,74.33070315872921
2016-07-29,79.91266375545851,64.8471615720524,47.59825327510917,68.93013100436681,73.34878094884513
2016-08-01,80.13100436681223,62.882096069869,42.13973799126637,67.35807860262008,72.25956234044058
2016-08-02,77.72925764192141,52.62008733624454,31.222707423580786,60.89519650655022,70.19331400700597
2016-08-03,79.47598253275109,50.87336244541485,29.475982532751093,60.89519650655022,68.50274718874128
2016-08-04,79.91266375545851,52.183406113537124,32.314410480349345,62.07423580786026,67.333926937672
2016-08-05,83.1877729257642,56.98689956331878,38.864628820960704,66.46288209606988,67.1755551482898
2016-08-08,83.62445414847161,56.76855895196506,39.082969432314414,66.6593886462882,67.08170669338043
2016-08-09,83.1877729257642,54.80349344978166,36.24454148471616,65.28384279475982,66.75482234817667
2016-08-10,81.87772925764192,59.388646288209614,37.55458515283843,66.26637554585153,66.666013838663
2016-08-11,84.27947598253274,57.86026200873362,37.33624454148472,66.96506550218339,66.72038686839397
2016-08-12,83.4061135371179,54.80349344978166,37.117903930131,65.56768558951964,66.51080481768955
2016-08-15,84.27947598253274,57.20524017467249,36.681222707423586,66.63755458515283,66.53385022995559
2016-08-16,83.62445414847161,54.80349344978166,35.37117903930131,65.32751091703057,66.31451580942377
2016-08-17,82.78867102396515,53.812636165577345,31.372549019607842,63.812636165577345,65.85962860145169
2016-08-18,83.44226579520696,56.644880174291934,34.20479302832244,65.55555555555554,65.80434259310694
2016-08-19,84.53159041394336,56.209150326797385,37.03703703703704,66.5359477124183,65.93736170570901
2016-08-22,84.53159041394336,65.359477124183,45.31590413943355,70.93681917211329,66.84635397232798
2016-08-23,83.87799564270153,65.14161220043573,46.187363834422655,70.71895424836602,67.5504631134258
2016-08-24,83.2244008714597,59.47712418300654,38.12636165577342,67.0806100217865,67.46503527858229
2016-08-25,82.78867102396515,50.76252723311547,28.104575163398692,62.24400871459695,66.51575772149404
2016-08-26,81.69934640522875,46.40522875816993,27.450980392156865,60.26143790849673,65.37860866458544
2016-08-29,83.44226579520696,55.119825708061,34.85838779956427,65.22875816993464,65.35136312010347
2016-08-30,82.78867102396515,54.46623093681917,37.908496732026144,65.31590413943356,65.34491603270894
2016-08-31,81.91721132897604,48.148148148148145,29.629629629629626,61.328976034858385,64.61474512400883
2016-09-01,81.48148148148148,49.45533769063181,32.46187363834422,62.069716775599126,64.15201269702526
2016-09-02,81.91721132897604,52.505446623093675,32.46187363834422,63.20261437908496,63.97939482103611
2016-09-06,83.66013071895425,66.88453159041394,40.95860566448802,70.0871459694989,65.08989502984753
2016-09-07,83.66013071895425,63.834422657952075,38.77995642701525,68.7363834422658,65.75289292301449
2016-09-08,83.00653594771242,53.37690631808278,29.629629629629626,63.442265795206964,65.33277889977676
2016-09-09,74.07407407407408,23.52941176470588,10.239651416122005,46.1437908496732,61.84387198157611
2016-09-12,80.61002178649237,36.165577342047925,17.429193899782135,54.640522875816984,60.53417214416536
2016-09-13,75.38126361655773,19.607843137254903,6.971677559912854,44.967320261437905,57.70383543821492
2016-09-14,75.16339869281046,19.607843137254903,7.625272331154684,44.989106753812635,55.39206658650541
2016-09-15,77.34204793028321,30.718954248366014,11.982570806100219,50.283224400871454,54.46318618911741
2016-09-16,75.59912854030502,31.154684095860567,9.803921568627452,49.10675381263617,53.48928939339355
2016-09-19,76.03485838779956,29.411764705882355,6.971677559912854,48.23529411764705,52.53401752507601
2016-09-20,75.38126361655773,30.065359477124183,9.15032679738562,48.54030501089324,51.80788797704278
2016-09-21,78.04347826086956,45.65217391304348,18.26086956521739,56.369565217391305,52.637283838924326
2016-09-22,80.8695652173913,52.60869565217391,22.608695652173914,60.7391304347826,54.110346856353104
2016-09-23,78.47826086956522,38.26086956521739,16.956521739130434,54.108695652173914,54.11004663741143
2016-09-26,75.8695652173913,31.08695652173913,10.217391304347826,49.30434782608695,53.236283217170616
2016-09-27,77.6086956521739,36.30434782608696,10.434782608695652,51.78260869565217,52.971978758712716
2016-09-28,78.91304347826087,46.73913043478261,14.130434782608695,56.30434782608696,53.57786404368985
2016-09-29,77.39130434782608,66.73913043478261,33.04347826086956,65.32608695652173,55.71390457329565
2016-09-30,78.47826086956522,60.21739130434782,25.869565217391305,62.47826086956522,56.94378753625375
2016-10-03,76.30434782608695,71.08695652173913,41.95652173913044,67.86956521739131,58.930292569187856
2016-10-04,71.08695652173913,66.52173913043478,35.65217391304348,62.630434782608695,59.603045698900736
2016-10-05,70.71583514099783,58.13449023861171,33.622559652928416,59.522776572668114,59.58845131231299
2016-10-06,70.71583514099783,62.47288503253796,39.69631236442516,62.03904555314533,60.034013901555234
2016-10-07,68.76355748373102,54.229934924078094,29.934924078091107,56.63774403470716,59.41651028940104
2016-10-10,70.28199566160521,58.13449023861171,33.40563991323211,59.262472885032544,59.388503488606766
2016-10-11,67.24511930585683,28.633405639913235,12.364425162689804,44.68546637744035,56.71522401384924
2016-10-12,67.89587852494577,24.5119305856833,8.24295010845987,42.950108459869845,54.21247573130753
2016-10-13,67.89587852494577,25.813449023861175,9.544468546637743,43.600867678958785,52.2830924490623
2016-10-14,66.37744034707158,34.70715835140998,13.449023861171366,46.29067245119306,51.19356154035881
2016-10-17,64.64208242950107,23.210412147505423,10.195227765726681,41.323210412147496,49.398952244320384
2016-10-18,67.67895878524945,24.5119305856833,9.544468546637743,43.10195227765726,48.25404315947254
2016-10-19,67.46203904555314,37.310195227765725,16.919739696312362,48.30802603036876,48.26385822690822
2016-10-20,67.02819956616052,24.728850325379607,11.930585683297181,43.31887201735358,47.36476982517101
2016-10-21,65.94360086767897,30.36876355748373,13.882863340563992,44.8590021691974,46.90917570590309
2016-10-24,67.89587852494577,47.288503253796094,23.210412147505423,52.7765726681128,47.975975153577586
2016-10-25,65.94360086767897,39.479392624728845,20.17353579175705,48.850325379609544,48.13494792194703
2016-10-26,64.20824295010846,34.924078091106296,20.390455531453362,46.659436008676785,47.86667302862517
2016-10-27,60.73752711496746,37.093275488069416,21.0412147505423,45.70498915401302,47.47363959687752
2016-10-28,62.039045553145336,35.791757049891544,17.35357917570499,45.227765726681135,47.06529889320545
2016-10-31,63.99132321041214,49.457700650759215,31.887201735357916,53.210412147505416,48.182592212169084
2016-11-01,58.44155844155844,41.77489177489178,21.861471861471863,46.125541125541126,47.808582923691276
2016-11-02,56.060606060606055,36.79653679653679,19.264069264069263,42.92207792207792,46.920127468852485
2016-11-03,54.32900432900433,34.63203463203463,18.181818181818183,41.19047619047619,45.87837269096588
2016-11-04,54.112554112554115,35.714285714285715,19.264069264069263,41.62337662337662,45.10473704231329
2016-11-07,60.60606060606061,50.649350649350644,28.57142857142857,51.21212121212121,46.215170527732916
2016-11-08,62.77056277056276,53.46320346320347,31.16883116883117,53.658008658008654,47.56841382414669
2016-11-09,63.41991341991342,58.22510822510822,36.14718614718615,56.40692640692641,49.175416111924825
2016-11-10,62.419006479481645,57.88336933045356,38.44492440604751,56.26349892008639,50.464158440681466
2016-11-11,61.55507559395248,55.291576673866096,37.365010799136066,54.83801295896329,51.2594047167327
2016-11-14,61.77105831533477,60.259179265658744,45.14038876889849,57.991360691144706,52.483396712080335
2016-11-15,63.498920086393085,63.282937365010795,48.59611231101512,60.4535637149028,53.93251798532078
2016-11-16,62.634989200863934,66.30669546436285,50.10799136069114,61.23110151187905,55.25953317196773
2016-11-17,65.2267818574514,67.3866090712743,52.69978401727862,63.369330453563705,56.73404176862155
2016-11-18,64.14686825053995,65.87473002159827,52.05183585313174,62.24622030237581,57.73625604748596
2016-11-21,65.65874730021598,73.4341252699784,59.827213822894166,66.82505399568035,59.388764765339495
2016-11-22,67.3866090712743,78.40172786177105,61.33909287257019,69.4816414686825,61.2238332568564
2016-11-23,66.52267818574515,78.61771058315334,65.2267818574514,69.89200863930886,62.79986514457503
2016-11-25,69.3304535637149,80.34557235421165,67.170626349892,72.20302375809933,64.50953034703399
2016-11-28,67.60259179265658,72.35421166306696,56.371490280777536,66.78185745140388,64.9226807296467
2016-11-29,67.170626349892,70.84233261339092,56.371490280777536,66.11231101511879,65.13897714518708
2016-11-30,62.850971922246224,66.73866090712744,47.73218142548596,60.99352051835854,64.38525775849098
2016-12-01,60.90712742980562,60.259179265658744,39.524838012958966,56.436285097192226,62.93999000189121
2016-12-02,60.475161987041034,63.06695464362851,38.8768898488121,56.933045356371494,61.84781824816035
2016-12-05,61.77105831533477,68.03455723542116,40.38876889848812,59.37365010799136,61.39796949540235
2016-12-06,63.714902807775374,68.03455723542116,38.66090712742981,60.0,61.14379322351101
2016-12-07,66.95464362850973,80.34557235421165,53.56371490280778,68.29373650107992,62.443782910341724
2016-12-08,68.03455723542116,76.88984881209502,53.56371490280778,67.79697624190064,63.41709078880699
2016-12-09,68.46652267818575,79.6976241900648,58.09935205183585,69.76241900647949,64.5707868283838
2016-12-12,68.89848812095032,75.5939524838013,49.46004319654428,67.0194384449244,65.01599621320936
2016-12-13,71.49028077753779,77.96976241900649,51.61987041036718,69.46004319654428,65.8240047556339
2016-12-14,67.3866090712743,67.81857451403887,37.14902807775378,61.46868250539956,65.03212798286401
2016-12-15,67.81857451403887,65.2267818574514,34.34125269978402,60.345572354211654,64.18002695947267
2016-12-16,66.73866090712744,66.52267818574515,38.44492440604751,61.01511879049677,63.604589110567964
2016-12-19,66.73866090712744,67.3866090712743,39.09287257019439,61.40388768898489,63.204461579371035
2016-12-20,68.03455723542116,75.80993520518359,52.69978401727862,67.30021598272138,63.94914419816201
2016-12-21,66.52267818574515,80.99352051835854,56.587473002159825,68.8768898488121,64.84509795282567
2016-12-22,64.57883369330453,77.5377969762419,52.05183585313174,65.96112311015118,65.04801161779395
2016-12-23,65.65874730021598,72.13822894168467,49.676025917926566,64.4060475161987,64.93129087204935
2016-12-27,66.52267818574515,71.05831533477321,48.38012958963283,64.2548596112311,64.80830337008238
2016-12-28,63.93088552915766,47.73218142548596,25.05399568034557,51.295896328293736,62.351502089757176
2016-12-29,64.57883369330453,39.956803455723545,22.24622030237581,48.72570194384449,59.87408388140942
2016-12-30,63.498920086393085,34.557235421166304,14.686825053995682,45.053995680345565,57.1795223903069
2017-01-03,65.2267818574514,42.33261339092873,16.414686825053995,48.59611231101512,55.618902375890215
2017-01-04,68.68250539956804,52.69978401727862,19.222462203023756,53.99568034557236,55.32377109765061
2017-01-05,69.3304535637149,63.93088552915766,33.909287257019436,60.62634989200863,56.287876332988425
2017-01-06,69.97840172786177,61.55507559395248,32.6133909287257,59.97840172786177,56.958880950238125
2017-01-09,66.95464362850973,57.2354211663067,28.725701943844495,56.39308855291577,56.856009605270415
2017-01-10,69.3304535637149,54.85961123110151,27.861771058315334,56.69546436285097,56.82681956119415
2017-01-11,69.54643628509719,55.0755939524838,24.622030237580994,56.220302375809936,56.71654370930611
2017-01-12,68.89848812095032,56.15550755939525,25.917926565874733,56.47948164146868,56.67344151515385
2017-01-13,70.19438444924407,61.33909287257019,34.12526997840173,60.32397408207344,57.337174709139234
2017-01-17,71.49028077753779,56.587473002159825,27.645788336933048,58.25053995680345,57.50324111780545
2017-01-18,71.2742980561555,57.2354211663067,27.861771058315334,58.38012958963283,57.66267538541043
2017-01-19,68.89848812095032,62.850971922246224,37.79697624190065,60.86393088552916,58.24472183997748
2017-01-20,70.41036717062636,66.09071274298056,39.956803455723545,63.02375809935205,59.11363752350013
2017-01-23,68.46652267818575,64.14686825053995,42.33261339092873,61.94384449244061,59.62822060876204
2017-01-24,71.05831533477321,70.19438444924407,44.9244060475162,65.57235421166307,60.70897217292587
2017-01-25,72.35421166306696,65.65874730021598,43.84449244060475,64.64362850971922,61.424364234161025
2017-01-26,71.2742980561555,64.79481641468684,44.9244060475162,64.06047516198704,61.90365713012939
2017-01-27,70.41036717062636,60.043196544276455,39.740820734341256,61.16630669546437,61.76959341473575
2017-01-30,69.76241900647948,61.98704103671706,39.09287257019439,61.29589632829373,61.6834666717463
2017-01-31,71.49028077753779,66.73866090712744,36.50107991360691,63.066954643628506,61.93500993936125
2017-02-01,69.61206896551724,55.172413793103445,31.46551724137931,57.650862068965516,61.15607396292567
2017-02-02,72.62931034482759,61.206896551724135,35.560344827586206,61.78879310344827,61.27111380665704
2017-02-03,73.49137931034483,68.75,38.362068965517246,65.04310344827586,61.95693010513319
2017-02-06,71.55172413793103,63.577586206896555,41.810344827586206,63.211206896551715,62.18498043084564
2017-02-07,71.55172413793103,64.87068965517241,40.73275862068966,63.383620689655174,62.402915023356464
2017-02-08,74.13793103448276,70.6896551724138,45.9051724137931,67.45689655172414,63.321820755786945
2017-02-09,77.15517241379311,73.0603448275862,48.706896551724135,70.23706896551724,64.57913861210154
2017-02-10,78.01724137931035,81.25,55.172413793103445,74.41810344827587,66.3680413095878
2017-02-13,78.87931034482759,74.78448275862068,51.508620689655174,72.17672413793103,67.42416546019565
2017-02-14,78.44827586206897,70.90517241379311,44.18103448275862,69.33189655172414,67.77102565865538
2017-02-15,80.17241379310344,75.64655172413794,51.939655172413794,73.16810344827586,68.75231252949547
2017-02-16,80.38793103448276,76.29310344827587,54.0948275862069,73.90086206896552,69.68841244576275
2017-02-17,80.81896551724138,80.81896551724138,65.08620689655173,77.67241379310346,71.14004905437017
2017-02-21,82.32758620689656,84.05172413793103,66.8103448275862,79.74137931034483,72.7039272827292
2017-02-22,81.89655172413794,82.97413793103449,71.33620689655173,80.10775862068967,74.05007843508565
2017-02-23,81.89655172413794,81.68103448275862,67.02586206896551,78.85775862068965,74.92420210519546
2017-02-24,83.40517241379311,79.3103448275862,64.65517241379311,78.42672413793103,75.56102429296557
2017-02-27,83.83620689655173,81.89655172413794,68.53448275862068,80.19396551724138,76.4033772428339
2017-02-28,83.1896551724138,79.09482758620689,62.06896551724138,77.73706896551724,76.64586664695814
2017-03-01,84.91379310344827,84.48275862068965,72.19827586206897,82.24137931034483,77.66323258575572
2017-03-02,83.83620689655173,78.66379310344827,59.05172413793104,77.32758620689656,77.60220597141769
2017-03-03,83.62068965517241,75.43103448275862,54.525862068965516,75.34482758620689,77.191773537743
2017-03-06,82.32758620689656,67.45689655172413,43.31896551724138,70.0646551724138,75.89593383495587
2017-03-07,79.74137931034483,62.28448275862068,37.5,66.05603448275862,74.10686122546547
2017-03-08,79.09482758620689,53.23275862068966,33.189655172413794,62.1551724137931,71.93382689607049
2017-03-09,78.66379310344827,56.896551724137936,28.663793103448278,62.133620689655174,70.15197122217678
2017-03-10,79.52586206896551,57.974137931034484,34.05172413793103,63.9655172413793,69.02716140748633
2017-03-13,79.3103448275862,53.01724137931034,28.663793103448278,61.293103448275865,67.62096905126626
2017-03-14,78.44827586206897,48.491379310344826,23.49137931034483,58.4698275862069,65.95712514852819
2017-03-15,81.46551724137932,63.146551724137936,35.991379310344826,66.875,66.12401148515943
2017-03-16,79.95689655172413,54.741379310344826,26.07758620689655,61.61637931034482,65.3044419988295
2017-03-17,81.03448275862068,55.172413793103445,25.862068965517242,62.241379310344826,64.74752151001411
2017-03-20,79.95689655172413,54.310344827586206,27.586206896551722,61.78879310344827,64.20957089063849
2017-03-21,77.58620689655173,27.586206896551722,10.344827586206897,49.13793103448276,61.46927273497381
2017-03-22,78.01724137931035,35.12931034482759,14.870689655172415,52.521551724137936,59.8424143693673
2017-03-23,78.44827586206897,35.12931034482759,14.870689655172415,52.737068965517246,58.55053338684911
2017-03-24,78.44827586206897,39.439655172413794,19.612068965517242,54.978448275862064,57.901063366669646
2017-03-27,77.80172413793103,41.16379310344828,20.689655172413794,55.38793103448276,57.44413021536295
2017-03-28,80.38793103448276,56.46551724137932,26.50862068965517,62.435344827586206,58.351623781221726
2017-03-29,80.81896551724138,60.129310344827594,30.603448275862068,64.56896551724138,59.48204955140712
2017-03-30,81.25,53.44827586206896,27.155172413793103,62.0905172413793,59.95631640412933
2017-03-31,81.03448275862068,48.275862068965516,24.78448275862069,59.95689655172414,59.9564218855102
2017-04-03,80.17241379310344,50.43103448275862,27.370689655172413,60.689655172413794,60.08973702858358
2017-04-04,80.17241379310344,35.775862068965516,15.732758620689655,53.96551724137931,58.97624252181916
2017-04-05,78.87931034482759,36.422413793103445,18.318965517241377,54.0301724137931,58.076957047632604
2017-04-06,79.09482758620689,37.71551724137931,18.75,54.61206896551724,57.446977396338895
2017-04-07,79.3103448275862,39.87068965517241,19.181034482758623,55.45258620689655,57.084360816440295
2017-04-10,79.95689655172413,59.48275862068966,31.896551724137932,64.20258620689654,58.37858361470508
2017-04-11,79.74137931034483,55.172413793103445,30.603448275862068,62.54310344827586,59.13576903899068
2017-04-12,78.23275862068965,47.62931034482759,20.689655172413794,57.543103448275865,58.84619347704254
2017-04-13,74.78448275862068,36.637931034482754,15.517241379310345,51.48706896551724,57.5081708385834
2017-04-17,77.58620689655173,57.543103448275865,23.49137931034483,60.75431034482759,58.09837802153689
2017-04-18,76.50862068965517,46.33620689655172,20.04310344827586,56.16379310344828,57.74663530915714
2017-04-19,76.9396551724138,43.75,21.551724137931032,55.9051724137931,57.41182387363641
2017-04-20,79.3103448275862,51.508620689655174,29.094827586206897,60.92672413793103,58.050896648962706
2017-04-21,78.87931034482759,51.939655172413794,26.72413793103448,60.366379310344826,58.47189349648673
2017-04-24,80.17241379310344,70.90517241379311,43.75,70.10775862068965,60.5875053372509
2017-04-25,81.46551724137932,77.80172413793103,51.293103448275865,74.33189655172414,63.08648555806422
2017-04-26,81.46551724137932,75.86206896551724,53.66379310344828,74.22413793103448,65.11151326224063
2017-04-27,80.17241379310344,72.62931034482759,50.0,71.875,66.34123812365142
2017-04-28,79.09482758620689,66.8103448275862,47.19827586206897,69.0301724137931,66.83013526731354
2017-05-01,77.80172413793103,65.51724137931035,45.258620689655174,67.60775862068965,66.97152133156374
2017-05-02,77.80172413793103,66.59482758620689,47.41379310344828,68.36206896551724,67.22434817410074
2017-05-03,76.9396551724138,66.59482758620689,50.43103448275862,68.5344827586207,67.46255446219527
2017-05-04,76.07758620689656,70.90517241379311,57.11206896551724,70.73275862068965,68.05713703646698
2017-05-05,77.15517241379311,70.6896551724138,51.939655172413794,70.17241379310346,68.4417328104009
2017-05-08,77.37068965517241,69.39655172413794,52.80172413793104,70.0646551724138,68.73680960349414
2017-05-09,77.80172413793103,67.45689655172413,51.077586206896555,69.35344827586206,68.84892572574284
2017-05-10,77.37068965517241,65.51724137931035,46.55172413793103,67.65086206896552,68.63109596996514
2017-05-11,76.9396551724138,64.87068965517241,44.18103448275862,66.76724137931035,68.29221331711882
2017-05-12,75.26881720430107,50.752688172043015,33.97849462365591,59.655913978494624,66.7219770737326
2017-05-15,76.34408602150538,54.40860215053763,35.053763440860216,61.50537634408602,65.77350421379685
2017-05-16,75.05376344086021,51.3978494623656,33.97849462365591,59.74193548387097,64.67685535381032
2017-05-17,71.82795698924731,33.5483870967742,17.8494623655914,49.5483870967742,61.92622476162194
2017-05-18,72.04301075268818,41.29032258064516,21.50537634408602,52.70967741935483,60.25048888120973
2017-05-19,74.6236559139785,49.03225806451613,28.387096774193548,57.6989247311828,59.78656812665938
2017-05-22,75.91397849462366,56.344086021505376,32.68817204301075,61.39784946236559,60.07952836951506
2017-05-23,76.77419354838709,59.13978494623656,38.064516129032256,63.74193548387096,60.74542057212523
2017-05-24,76.77419354838709,62.365591397849464,38.924731182795696,64.88172043010752,61.49747509175837
2017-05-25,76.12903225806451,61.0752688172043,37.634408602150536,63.91397849462365,61.93683934682479
2017-05-26,75.91397849462366,65.16129032258064,42.365591397849464,65.97849462365592,62.67168576079409
2017-05-30,75.05376344086021,63.655913978494624,42.365591397849464,65.09677419354838,63.112610930385785
2017-05-31,75.6989247311828,64.94623655913978,45.16129032258064,66.36559139784946,63.704061924470096
2017-06-01,78.49462365591397,75.26881720430107,55.483870967741936,72.9247311827957,65.38054724416567
2017-06-02,78.70967741935485,78.49462365591397,63.2258064516129,75.54838709677419,67.2292453991854
2017-06-05,77.63440860215054,71.3978494623656,56.774193548387096,71.59139784946237,68.0223640265085
2017-06-06,76.98924731182795,72.25806451612902,50.752688172043015,70.3225806451613,68.44058522989992
2017-06-07,77.63440860215054,84.94623655913979,67.31182795698925,77.76344086021507,70.13564988995722
2017-06-08,77.63440860215054,83.87096774193549,69.03225806451613,77.78494623655915,71.52643104388486
2017-06-09,77.63440860215054,79.78494623655914,59.13978494623656,74.58064516129032,72.08174270159493
2017-06-12,78.70967741935485,76.77419354838709,50.752688172043015,72.53763440860216,72.16463210286898
2017-06-13,80.43010752688173,79.13978494623656,55.26881720430108,75.01075268817205,72.68210857292408
2017-06-14,79.35483870967742,73.33333333333333,47.956989247311824,71.26881720430107,72.42514650590171
2017-06-15,79.35483870967742,67.31182795698925,40.64516129032258,68.0,71.62057441391958
2017-06-16,79.78494623655914,66.66666666666666,43.225806451612904,68.53763440860214,71.06003986749823
2017-06-19,80.21505376344086,75.05376344086021,52.473118279569896,73.11827956989248,71.43426526793355
2017-06-20,78.49462365591397,65.3763440860215,41.29032258064516,67.11827956989248,70.64954059556244
2017-06-21,77.41935483870968,50.967741935483865,26.666666666666668,59.333333333333336,68.59204836606624
2017-06-22,77.20430107526882,45.59139784946237,23.870967741935484,57.053763440860216,66.49417837966514
2017-06-23,77.63440860215054,55.053763440860216,26.666666666666668,60.66666666666667,65.4346307954836
2017-06-26,78.92473118279571,62.1505376344086,33.11827956989247,64.73118279569893,65.30673115915911
2017-06-27,76.55913978494624,50.752688172043015,24.731182795698924,58.45161290322581,64.06034602171668
2017-06-28,79.78494623655914,61.72043010752688,31.61290322580645,64.73118279569893,64.18231634425891
2017-06-29,77.63440860215054,46.88172043010753,18.9247311827957,56.66666666666667,62.81583458469668
2017-06-30,77.63440860215054,52.04301075268817,23.225806451612904,59.075268817204304,62.135731717879885
2017-07-03,79.56989247311827,49.46236559139785,22.58064516129032,59.13978494623655,61.59101412303564
2017-07-05,77.63440860215054,48.38709677419355,22.1505376344086,57.763440860215056,60.895091711613716
2017-07-06,76.34408602150538,37.41935483870968,13.763440860215054,52.1505376344086,59.30517278848551
2017-07-07,77.41935483870968,48.17204301075269,21.50537634408602,57.462365591397855,58.97011693446957
2017-07-10,76.55913978494624,40.0,14.408602150537634,53.16129032258065,57.913966641398865
2017-07-11,76.98924731182795,49.24731182795699,20.64516129032258,57.397849462365585,57.8201271543019
2017-07-12,77.84946236559139,56.98924731182796,31.61290322580645,62.34408602150537,58.64266513015708
2017-07-13,78.06451612903226,56.98924731182796,31.182795698924732,62.36559139784946,59.31956081519206
2017-07-14,79.56989247311827,60.215053763440864,35.483870967741936,64.94623655913978,60.3425927686371
2017-07-17,80.64516129032258,61.29032258064516,33.5483870967742,65.41935483870967,61.2656404177412
2017-07-18,79.56989247311827,67.95698924731182,41.075268817204304,68.38709677419355,62.560450664368894
2017-07-19,81.72043010752688,66.88172043010752,37.41935483870968,68.40860215053763,63.62375093458139
2017-07-20,80.64516129032258,75.05376344086021,52.68817204301075,73.3763440860215,65.39694968938869
2017-07-21,81.50537634408602,73.9784946236559,50.967741935483865,73.13978494623655,66.80473791790648
2017-07-24,80.43010752688173,68.60215053763442,47.52688172043011,70.3010752688172,67.44043561807207
2017-07-25,81.93548387096774,71.3978494623656,52.04301075268817,72.79569892473118,68.41411985564646
2017-07-26,80.64516129032258,77.20430107526882,61.29032258064516,75.74193548387098,69.7464499698691
2017-07-27,80.64516129032258,68.17204301075269,48.17204301075269,70.40860215053763,69.86684127544521
2017-07-28,79.35483870967742,70.10752688172043,48.817204301075265,70.47311827956989,69.97707345801332
2017-07-31,79.56989247311827,68.17204301075269,50.10752688172043,70.25806451612902,70.02816274130709
2017-08-01,79.56989247311827,66.45161290322581,45.59139784946237,68.83870967741936,69.81189854787294
2017-08-02,78.49462365591397,62.795698924731184,43.44086021505376,66.77419354838709,69.25958854796643
2017-08-03,78.27956989247312,57.634408602150536,36.774193548387096,63.784946236559136,68.26419903680147
2017-08-04,78.92473118279571,59.56989247311828,39.13978494623656,65.16129032258065,67.70003381603405
2017-08-07,78.49462365591397,61.0752688172043,41.50537634408602,65.87096774193547,67.36747634801614
2017-08-08,78.49462365591397,51.3978494623656,32.043010752688176,61.075268817204304,66.22343861514126
2017-08-09,77.63440860215054,50.32258064516129,31.397849462365592,60.193548387096776,65.127094937315
2017-08-10,71.82795698924731,38.27956989247312,19.13978494623656,51.225806451612904,62.59958793991461
2017-08-11,72.47311827956989,36.98924731182795,21.50537634408602,51.63440860215053,60.60591896941205
2017-08-14,75.05376344086021,45.16129032258064,25.376344086021508,56.1505376344086,59.79584963577506
2017-08-15,74.19354838709677,45.376344086021504,25.161290322580644,55.74193548387096,59.05877433542887
2017-08-16,74.83870967741936,51.3978494623656,29.462365591397848,58.73118279569893,58.99921223729616
2017-08-17,67.52688172043011,35.913978494623656,16.129032258064516,47.763440860215056,56.95634471419051
2017-08-18,67.0967741935484,33.97849462365591,16.989247311827956,47.13978494623657,55.1715156654716
2017-08-21,66.88172043010752,35.053763440860216,15.268817204301074,47.01075268817204,53.68774057868986
2017-08-22,70.53763440860214,46.236559139784944,22.1505376344086,53.56989247311827,53.66631365040411
2017-08-23,69.24731182795699,41.72043010752688,18.70967741935484,50.88172043010753,53.160023973986554
2017-08-24,69.24731182795699,38.27956989247312,16.989247311827956,49.505376344086024,52.495542586731915
2017-08-25,70.75268817204301,39.56989247311828,15.698924731182796,50.38709677419355,52.11218880263402
2017-08-28,69.46236559139784,43.01075268817204,19.78494623655914,51.59139784946235,52.01749953842099
2017-08-29,68.81720430107528,41.72043010752688,20.21505376344086,50.96774193548387,51.82663451970515
2017-08-30,69.89247311827957,61.935483870967744,40.0,61.52688172043011,53.59031582892787
2017-08-31,71.18279569892472,68.81720430107528,46.88172043010753,65.61290322580645,55.77624081017853
2017-09-01,72.47311827956989,63.44086021505376,37.8494623655914,62.83870967741935,57.06032605876777
2017-09-05,68.38709677419355,56.344086021505376,30.32258064516129,57.16129032258064,57.078683197642846
2017-09-06,70.96774193548387,54.83870967741935,27.956989247311824,57.52688172043011,57.16017383814962
2017-09-07,69.46236559139784,68.60215053763442,51.61290322580645,65.63440860215054,58.7009437952407
2017-09-08,70.3225806451613,72.47311827956989,54.623655913978496,67.82795698924731,60.36040073960554
2017-09-11,72.68817204301075,79.78494623655914,61.29032258064516,72.53763440860214,62.57444322487764
2017-09-12,74.6236559139785,75.26881720430107,50.967741935483865,70.08602150537634,63.94018473042286
2017-09-13,73.54838709677419,72.25806451612902,51.82795698924731,68.81720430107526,64.82691556145056
2017-09-14,72.90322580645162,74.6236559139785,53.5483870967742,69.5483870967742,65.6853649315094
2017-09-15,73.9784946236559,72.68817204301075,53.118279569892465,69.41935483870967,66.364272187364
2017-09-18,74.19354838709677,73.33333333333333,56.344086021505376,70.36559139784946,67.09178477108863
2017-09-19,75.6989247311828,76.55913978494624,57.204301075268816,72.25806451612904,68.03110836109597
2017-09-20,76.12903225806451,74.83870967741936,52.68817204301075,71.05376344086022,68.5806820119622
2017-09-21,75.6989247311828,64.73118279569893,43.655913978494624,66.0,68.11146710069634
2017-09-22,75.26881720430107,64.51612903225806,43.44086021505376,65.6774193548387,67.66891296508587
2017-09-25,77.20430107526882,66.45161290322581,49.03225806451613,68.34408602150538,67.7916717026167
2017-09-26,76.12903225806451,66.02150537634408,48.17204301075269,67.50537634408602,67.73961800106566
2017-09-27,76.98924731182795,67.0967741935484,49.03225806451613,68.43010752688173,67.86516155121404
2017-09-28,76.98924731182795,66.23655913978494,50.53763440860215,68.47311827956989,67.97569913818784
2017-09-29,77.84946236559139,61.935483870967744,45.16129032258064,66.53763440860214,67.71423282371771
2017-10-02,78.70967741935485,64.51612903225806,46.666666666666664,68.04301075268818,67.77401062898507
2017-10-03,77.41935483870968,66.66666666666666,50.967741935483865,68.9032258064516,67.97932247943352
2017-10-04,79.35483870967742,70.10752688172043,54.83870967741935,71.67741935483872,68.65170372950719
2017-10-05,80.0,73.11827956989248,56.12903225806451,73.16129032258064,69.47162856461145
2017-10-06,79.35483870967742,72.04301075268818,53.5483870967742,72.0,69.93133246195482
2017-10-09,78.49462365591397,72.25806451612902,52.68817204301075,71.46236559139786,70.20970212185355
2017-10-10,79.35483870967742,73.9784946236559,54.19354838709678,72.70967741935485,70.66424308503561
2017-10-11,80.0,80.86021505376344,59.354838709677416,76.12903225806451,71.6578411164954
2017-10-12,80.43010752688173,82.36559139784946,61.72043010752688,77.26881720430107,72.67801858700552
2017-10-13,80.0,81.72043010752688,61.29032258064516,76.7741935483871,73.42277767089308
2017-10-16,80.0,79.13978494623656,61.935483870967744,76.12903225806451,73.9148239594697
2017-10-17,80.86021505376344,75.6989247311828,58.06451612903226,74.75268817204301,74.0671629072103
2017-10-18,80.86021505376344,76.55913978494624,56.344086021505376,74.66666666666667,74.17616359074782
2017-10-19,81.72043010752688,75.26881720430107,55.053763440860216,74.45161290322581,74.22624528392564
2017-10-20,81.29032258064515,76.55913978494624,56.98924731182796,75.01075268817203,74.36888299378862
2017-10-23,81.29032258064515,73.76344086021506,53.118279569892465,73.39784946236558,74.1923314426208
2017-10-24,80.64516129032258,73.11827956989248,52.473118279569896,72.75268817204301,73.93057812069756
2017-10-25,79.56989247311827,63.01075268817205,39.35483870967742,66.55913978494624,72.59031660510641
2017-10-26,78.70967741935485,66.23655913978494,46.45161290322581,68.51612903225808,71.8495552282249
2017-10-27,78.49462365591397,68.60215053763442,53.118279569892465,70.45161290322581,71.59538389640689
2017-10-30,77.84946236559139,60.64516129032258,42.365591397849464,65.59139784946235,70.50375006968969
2017-10-31,76.77419354838709,63.87096774193548,44.946236559139784,66.53763440860214,69.78263813131014
2017-11-01,77.20430107526882,62.58064516129033,39.13978494623656,65.20430107526882,68.9502132120299
2017-11-02,76.34408602150538,64.30107526881721,41.72043010752688,65.80645161290323,68.37862019400687
2017-11-03,75.91397849462366,64.30107526881721,44.516129032258064,66.15053763440861,67.97351427407992
2017-11-06,75.48387096774194,64.73118279569893,45.16129032258064,66.19354838709677,67.64988411281026
2017-11-07,75.48387096774194,60.43010752688171,40.86021505376344,64.04301075268816,66.99408895642442
2017-11-08,75.05376344086021,61.505376344086024,40.86021505376344,64.15053763440861,66.47707962514882
2017-11-09,75.48387096774194,52.25806451612903,33.5483870967742,60.12903225806452,65.32288919476986
2017-11-10,75.48387096774194,53.333333333333336,33.97849462365591,60.53763440860215,64.45284287001209
2017-11-13,74.40860215053763,53.5483870967742,35.6989247311828,60.40860215053763,63.71752637556219
2017-11-14,75.26881720430107,59.13978494623656,38.924731182795696,63.16129032258064,63.61639254774737
2017-11-15,73.11827956989248,48.60215053763441,30.53763440860215,57.24731182795699,62.458377871421845
2017-11-16,75.26881720430107,53.5483870967742,32.47311827956989,60.193548387096776,62.04659069245365
2017-11-17,73.76344086021506,60.43010752688171,37.41935483870968,62.494623655913976,62.128051231264614
2017-11-20,74.6236559139785,61.72043010752688,35.913978494623656,63.01075268817205,62.288542405247775
2017-11-21,76.98924731182795,66.02150537634408,42.365591397849464,66.77419354838709,63.10411534036402
2017-11-22,75.6989247311828,60.43010752688171,35.6989247311828,63.11827956989247,63.10669065482374
2017-11-24,75.48387096774194,58.70967741935483,33.763440860215056,62.10752688172043,62.925024514259505
2017-11-27,74.6236559139785,57.634408602150536,38.064516129032256,62.215053763440864,62.79593892320157
2017-11-28,78.06451612903226,69.6774193548387,44.946236559139784,68.9247311827957,63.910264788582325
2017-11-29,79.78494623655914,66.45161290322581,43.44086021505376,68.51612903225806,64.74769465106883
2017-11-30,80.64516129032258,76.98924731182795,58.06451612903226,75.03225806451613,66.61761527169561
2017-12-01,80.21505376344086,75.91397849462366,53.5483870967742,73.59139784946237,67.88557574038049
2017-12-04,83.01075268817203,66.45161290322581,52.473118279569896,71.93548387096774,68.62192267321453
2017-12-05,81.72043010752688,63.01075268817205,48.38709677419355,69.44086021505376,68.7708204080944
2017-12-06,81.0752688172043,67.0967741935484,52.473118279569896,71.16129032258065,69.20545130163735
2017-12-07,81.72043010752688,66.88172043010752,47.956989247311824,70.51612903225806,69.4437563435684
2017-12-08,81.93548387096774,71.3978494623656,53.118279569892465,73.01075268817205,70.09230113349633
2017-12-11,83.44086021505376,72.90322580645162,54.623655913978496,74.51612903225806,70.89663347872575
2017-12-12,83.44086021505376,65.16129032258064,48.17204301075269,70.90322580645162,70.8978320837668
2017-12-13,82.79569892473118,69.24731182795699,48.38709677419355,71.84946236559139,71.07085577137127
2017-12-14,81.50537634408602,61.29032258064516,40.0,67.13978494623656,70.35611562134677
2017-12-15,83.65591397849462,68.60215053763442,46.88172043010753,71.78494623655914,70.61590300593083
2017-12-18,83.44086021505376,66.66666666666666,43.655913978494624,70.45161290322581,70.58603207816628
2017-12-19,81.72043010752688,66.23655913978494,39.56989247311828,68.64516129032259,70.23314648037652
2017-12-20,81.93548387096774,57.8494623655914,32.25806451612903,64.7741935483871,69.24060958365116
2017-12-21,82.15053763440861,59.13978494623656,36.774193548387096,66.17204301075269,68.68268838857871
2017-12-22,82.58064516129032,61.935483870967744,35.053763440860216,66.88172043010753,68.35523966885667
2017-12-26,81.72043010752688,65.16129032258064,41.075268817204304,68.6236559139785,68.40404262251518
2017-12-27,82.36559139784946,68.17204301075269,46.45161290322581,70.9247311827957,68.86234963347528
2017-12-28,83.22580645161291,70.96774193548387,44.516129032258064,71.80645161290323,69.39764090246217
2017-12-29,83.01075268817203,55.91397849462365,30.107526881720432,64.30107526881719,68.47099260543581
2018-01-02,81.97424892703863,60.72961373390557,36.05150214592275,66.41630901287553,68.09741377042484
2018-01-03,81.54506437768241,67.59656652360515,42.48927038626609,69.54935622317596,68.36140330728868
2018-01-04,81.97424892703863,71.24463519313305,52.57510729613733,72.87553648068669,69.18215479336106
2018-01-05,82.83261802575107,79.6137339055794,65.45064377682404,78.39055793991417,70.85640991091618
2018-01-08,83.47639484978541,73.60515021459227,60.51502145922747,75.92274678111588,71.7775620691343
2018-01-09,82.61802575107296,72.74678111587983,59.871244635193136,75.10729613733906,72.38296826335335
2018-01-10,81.54506437768241,71.67381974248927,53.43347639484979,72.96137339055795,72.48813283193601
2018-01-11,81.11587982832617,75.7510729613734,59.871244635193136,75.25751072961373,72.99165608605922
2018-01-12,81.54506437768241,78.75536480686695,65.45064377682404,77.4892703862661,73.80940414064229
2018-01-16,81.11587982832617,76.60944206008584,61.37339055793991,75.81545064377683,74.17413986848493
2018-01-17,82.40343347639485,79.39914163090128,66.7381974248927,78.36909871244636,74.9368596582961
2018-01-18,81.54506437768241,78.11158798283262,65.87982832618026,77.38197424892704,75.38142594750173
2018-01-19,82.61802575107296,79.18454935622317,66.7381974248927,78.41201716738198,75.9324425329345
2018-01-22,83.69098712446352,81.11587982832617,71.24463519313305,80.42918454935622,76.75003199046571
2018-01-23,84.54935622317596,82.18884120171673,71.88841201716738,81.30901287553648,77.57893760593312
2018-01-24,83.90557939914163,81.3304721030043,66.95278969957081,79.74248927038626,77.9723106358337
2018-01-25,83.90557939914163,80.04291845493562,63.73390557939914,78.71244635193133,78.10688076603327
2018-01-26,84.97854077253218,80.47210300429185,66.95278969957081,80.02145922746782,78.45498594083955
2018-01-29,83.69098712446352,73.8197424892704,55.15021459227468,75.02145922746782,77.83070835659015
2018-01-30,82.83261802575107,67.81115879828327,46.99570815450644,71.1587982832618,76.61763379780318
2018-01-31,82.40343347639485,72.1030042918455,46.56652360515021,72.14592274678111,75.80459542489008
2018-02-01,80.68669527896995,61.80257510729614,39.27038626609442,66.7381974248927,74.15615942489055
2018-02-02,78.32618025751073,41.41630901287554,18.025751072961373,55.193133047210296,70.7083364471305
2018-02-05,68.24034334763948,16.523605150214593,5.579399141630901,40.193133047210296,65.160117647145
2018-02-06,71.45922746781116,17.59656652360515,4.506437768240343,41.90987124463519,60.932800119415944
2018-02-07,69.95708154506438,17.381974248927037,5.793991416309012,41.351931330472105,57.37264215778979
2018-02-08,57.72532188841202,5.793991416309012,1.2875536480686696,30.858369098712448,52.55186523795754
2018-02-09,62.44635193133047,7.510729613733906,1.7167381974248928,33.81974248927039,49.14602473819623
2018-02-12,66.09442060085837,7.725321888412018,2.575107296137339,35.87982832618026,46.733989026920604
2018-02-13,66.30901287553648,7.939914163090128,2.7896995708154506,36.09442060085837,44.79952204036383
2018-02-14,69.52789699570815,13.733905579399142,3.648068669527897,39.613733905579394,43.85665147040302
2018-02-15,72.1030042918455,14.163090128755366,3.4334763948497855,40.987124463519315,43.33491928733326
2018-02-16,72.53218884120172,19.527896995708154,4.07725321888412,42.93991416309012,43.2631001738345
2018-02-20,70.81545064377683,19.742489270386265,4.291845493562231,42.18884120171674,43.06778036072218
2018-02-21,69.09871244635193,18.4549356223176,4.721030042918455,41.03004291845493,42.69728264394632
2018-02-22,69.09871244635193,17.167381974248926,4.506437768240343,40.60085836909871,42.316114593974035
2018-02-23,72.53218884120172,44.4206008583691,13.304721030042918,52.25321888412017,44.12286082854606
2018-02-26,74.2489270386266,81.75965665236052,50.858369098712444,71.82403433476395,49.15943782967659
2018-02-27,71.45922746781116,64.8068669527897,30.90128755364807,61.35193133047211,51.37625482982123
2018-02-28,68.88412017167383,59.227467811158796,23.605150214592275,56.931330472103014,52.386268582963375
2018-03-01,64.8068669527897,75.53648068669528,46.56652360515021,64.37768240343347,54.56652564123066
2018-03-02,65.66523605150213,69.52789699570815,40.343347639484975,61.759656652360505,55.87436764325427
2018-03-05,68.6695278969957,68.88412017167383,41.201716738197426,63.24034334763949,57.21363595314249
2018-03-06,69.31330472103005,69.09871244635193,42.48927038626609,63.88412017167383,58.42645126560273
2018-03-07,69.09871244635193,59.871244635193136,33.261802575107296,59.16309012875536,58.560385604357755
2018-03-08,69.74248927038627,54.72103004291845,26.824034334763947,56.652360515021456,58.21347195175115
2018-03-09,73.8197424892704,66.95278969957081,39.91416309012876,64.9785407725322,59.44348446462043
2018-03-12,74.46351931330472,72.74678111587983,43.13304721030043,67.6824034334764,60.94146973168515
2018-03-13,72.96137339055794,74.46351931330472,44.84978540772532,67.78969957081544,62.18660242970885
2018-03-14,71.24463519313305,69.52789699570815,37.98283261802575,64.07725321888412,62.53035711864982
2018-03-15,70.17167381974248,52.57510729613733,28.96995708154507,56.65236051502145,61.461630463444656
2018-03-16,71.67381974248927,49.57081545064378,25.10729613733906,55.72961373390558,60.41944560352846
2018-03-19,69.31330472103005,52.78969957081545,26.824034334763947,55.85836909871245,59.59015896628919
2018-03-20,69.09871244635193,66.52360515021459,36.69527896995708,61.84549356223175,60.000219801915115
2018-03-21,68.45493562231759,75.7510729613734,45.92274678111588,66.13733905579399,61.11605966625673
2018-03-22,61.1587982832618,47.63948497854077,22.103004291845494,49.291845493562235,58.96620254394864
2018-03-23,54.506437768240346,19.527896995708154,5.793991416309012,34.27038626609442,54.476054129793326
2018-03-26,61.80257510729614,34.54935622317596,10.72961373390558,43.412017167381975,52.464411045718535
2018-03-27,58.583690987124456,24.678111587982833,9.656652360515022,38.62660944206009,49.94844711778064
2018-03-28,58.15450643776824,20.815450643776824,8.798283261802576,37.08154506437768,47.60901038079828
2018-03-29,62.01716738197425,20.171673819742487,7.725321888412018,38.60515021459227,45.97194489603355
2018-04-02,51.50214592274678,12.875536480686694,5.36480686695279,30.686695278969957,43.192808602021984
2018-04-03,56.437768240343345,17.59656652360515,7.081545064377683,34.91416309012875,41.68760032713231
2018-04-04,60.51502145922747,28.11158798283262,8.798283261802576,40.45064377682403,41.46269913616717
2018-04-05,60.94420600858369,31.115879828326182,12.231759656652361,42.25321888412017,41.60642999943135
2018-04-06,53.648068669527895,18.88412017167382,4.07725321888412,33.30472103004291,40.09702836863345
2018-04-09,54.93562231759657,23.605150214592275,6.008583690987124,35.75107296137339,39.306854658222534
2018-04-10,59.65665236051502,32.18884120171674,7.296137339055794,40.94420600858369,39.60455490374275
2018-04-11,57.08154506437768,28.32618025751073,8.583690987124463,38.75536480686696,39.45015670431079
2018-04-12,59.227467811158796,54.077253218884124,14.377682403433475,48.712446351931334,41.13420936751453
2018-04-13,57.5107296137339,78.11158798283262,27.682403433476395,57.72532188841201,44.15077528040498
2018-04-16,61.80257510729614,62.8755364806867,22.103004291845494,54.18454935622318,45.975097839644654
2018-04-17,64.59227467811158,84.12017167381974,44.20600858369099,66.37339055793991,49.68387833388015
2018-04-18,65.87982832618026,83.47639484978541,51.931330472103,68.36909871244636,53.081191129983104
2018-04-19,62.231759656652365,68.02575107296137,32.18884120171674,57.96137339055794,53.96849699554217
2018-04-20,59.65665236051502,79.6137339055794,48.497854077253216,63.41201716738197,55.685500663149405
2018-04-23,60.72961373390557,71.67381974248927,38.197424892703864,59.50643776824034,56.380216500438664
2018-04-24,55.5793991416309,49.35622317596567,20.386266094420602,46.67381974248927,54.61541708990241
2018-04-25,56.437768240343345,44.4206008583691,17.167381974248926,44.978540772532185,52.86325775947145
2018-04-26,58.798283261802574,70.17167381974248,45.493562231759654,59.54935622317596,54.07891202559955
2018-04-27,57.2961373390558,69.95708154506438,45.70815450643777,58.776824034334766,54.93307784536959
2018-04-30,53.21888412017167,50.64377682403433,28.96995708154507,47.59656652360515,53.59916669595788
2018-05-01,55.5793991416309,57.72532188841202,32.61802575107296,51.63090128755365,53.24130025806619
2018-05-02,52.36051502145923,43.34763948497854,24.892703862660944,44.163090128755364,51.5907165981915
2018-05-03,51.716738197424895,46.56652360515021,25.75107296137339,44.97854077253219,50.38850281170799
2018-05-04,56.65236051502146,47.21030042918455,24.678111587982833,47.42489270386267,49.849664610281565
2018-05-07,57.72532188841202,39.69957081545064,21.67381974248927,45.107296137339056,48.98741579701928
2018-05-08,56.866952789699575,38.62660944206009,19.742489270386265,43.96995708154507,48.07515057602397
2018-05-09,59.01287553648069,47.63948497854077,27.253218884120173,49.24892703862662,48.28856447831536
2018-05-10,61.80257510729614,61.80257510729614,39.27038626609442,57.2961373390558,49.926304998449986
2018-05-11,63.73390557939914,60.51502145922747,39.27038626609442,57.8755364806867,51.37161981340211
2018-05-14,62.01716738197425,67.38197424892704,48.06866952789699,60.836909871244636,53.092581642100754
2018-05-15,59.442060085836914,62.8755364806867,41.41630901287554,56.86695278969958,53.778830941664175
2018-05-16,60.08583690987125,62.8755364806867,39.05579399141631,56.71673819742489,54.31299589725703
2018-05-17,59.65665236051502,60.08583690987125,37.98283261802575,55.45064377682404,54.519840966269214
2018-05-18,61.37339055793991,67.16738197424893,46.78111587982833,60.193133047210296,55.55134861734942
2018-05-21,63.30472103004292,72.53218884120172,53.00429184549357,64.01287553648069,57.08980805719147
2018-05-22,61.587982832618025,78.32618025751073,57.2961373390558,65.7510729613734,58.66458349431546
2018-05-23,62.231759656652365,79.82832618025752,62.01716738197425,67.46781115879828,60.265170342403245
2018-05-24,62.231759656652365,70.81545064377683,50.0,62.36051502145923,60.6461421022316
2018-05-25,61.587982832618025,70.60085836909872,42.48927038626609,60.47210300429185,60.61449862987892
2018-05-29,56.22317596566524,58.36909871244635,32.18884120171674,52.06008583690988,59.0591508493391
2018-05-30,62.01716738197425,68.88412017167383,40.343347639484975,59.742489270386265,59.1833941986204
2018-05-31,56.866952789699575,46.137339055793994,21.45922746781116,46.56652360515022,56.889417727080364
2018-06-01,60.30042918454935,54.29184549356223,26.180257510729614,51.67381974248927,55.941127184427444
2018-06-04,61.587982832618025,60.30042918454935,34.12017167381974,55.708154506437765,55.89876851570205
2018-06-05,62.8755364806867,66.09442060085837,40.343347639484975,59.33476394849785,56.523494958028564
2018-06-06,65.02145922746782,69.09871244635193,44.20600858369099,62.08154506437768,57.534049522819316
2018-06-07,66.30901287553648,67.81115879828327,43.34763948497854,62.16738197424893,58.376473604897434
2018-06-08,66.52360515021459,74.0343347639485,47.42489270386266,64.95708154506437,59.57294777583687
2018-06-11,67.59656652360515,67.16738197424893,42.70386266094421,62.489270386266085,60.10318825046036
2018-06-12,68.02575107296137,73.39055793991416,51.931330472103,66.41630901287553,61.251028389081306
2018-06-13,65.23605150214593,68.02575107296137,41.41630901287554,61.30901287553648,61.26157102298225
2018-06-14,64.59227467811158,70.17167381974248,44.84978540772532,62.31759656652359,61.4535756672625
2018-06-15,63.94849785407726,68.24034334763948,43.776824034334766,61.20171673819742,61.40778313470521
2018-06-18,63.0901287553648,77.6824034334764,54.077253218884124,65.66523605150215,62.18186548321374
2018-06-19,60.08583690987125,60.94420600858369,37.1244635193133,55.75107296137339,61.012630479242766
2018-06-20,59.65665236051502,71.03004291845494,48.497854077253216,60.83690987124463,60.98068127778856
2018-06-21,58.15450643776824,57.72532188841202,34.97854077253219,53.39055793991417,59.60065885272049
2018-06-22,60.72961373390557,55.793991416309005,30.90128755364807,53.2832618025751,58.45204120723951
2018-06-25,57.08154506437768,42.48927038626609,26.180257510729614,46.52360515021459,56.283234651416805
2018-06-26,56.65236051502146,36.48068669527897,23.605150214592275,43.99141630901288,54.048358589161545
2018-06-27,53.862660944206006,33.47639484978541,21.030042918454935,41.18025751072961,51.70870384762847
2018-06-28,55.36480686695279,31.759656652360512,19.95708154506438,41.201716738197426,49.79834255500464
2018-06-29,55.5793991416309,31.5450643776824,17.381974248927037,40.72961373390558,48.149482769350264
2018-07-02,55.5793991416309,27.896995708154503,15.021459227467812,39.163090128755364,46.51559319833301
2018-07-03,54.93562231759657,32.83261802575107,18.025751072961373,40.922746781115876,45.49871203156626
2018-07-05,57.93991416309014,34.97854077253219,21.67381974248927,43.79828326180258,45.1895431643365
2018-07-06,60.72961373390557,43.13304721030043,23.390557939914164,47.982832618025746,45.69741397409818
2018-07-09,62.8755364806867,50.0,28.32618025751073,52.103004291845494,46.862066759143154
2018-07-10,63.94849785407726,61.1587982832618,32.40343347639485,56.80257510729614,48.66943191335279
2018-07-11,61.587982832618025,49.35622317596567,29.184549356223176,51.437768240343345,49.172765790987434
2018-07-12,61.80257510729614,64.59227467811158,40.128755364806864,58.30472103004291,50.83312128899752
2018-07-13,62.44635193133047,64.16309012875536,37.98283261802575,58.068669527896986,52.14867551425197
2018-07-16,62.231759656652365,73.8197424892704,45.27896995708154,62.317596566523605,53.99757025102863
2018-07-17,64.8068669527897,75.32188841201717,49.35622317596567,64.87124463519314,55.97460195724035
2018-07-18,65.02145922746782,82.83261802575107,62.44635193133047,69.84978540772532,58.497362584601255
2018-07-19,64.37768240343348,80.04291845493562,57.93991416309014,67.78969957081546,60.18687840027656
2018-07-20,62.8755364806867,77.03862660944206,54.077253218884124,65.36480686695279,61.128319939672245
2018-07-23,61.37339055793991,75.32188841201717,51.28755364806867,63.540772532188846,61.56694768376617
2018-07-24,61.37339055793991,73.60515021459227,51.50214592274678,63.068669527897,61.83998801906269
2018-07-25,64.8068669527897,71.03004291845494,50.42918454935622,63.79828326180258,62.19604169956085
2018-07-26,67.16738197424893,68.45493562231759,50.21459227467812,64.16309012875536,62.55368686850531
2018-07-27,65.66523605150213,59.871244635193136,34.763948497854074,57.74678111587983,61.67970400439158
2018-07-30,64.37768240343348,47.42489270386266,27.038626609442062,51.82403433476395,59.88776406445928
2018-07-31,68.45493562231759,60.30042918454935,40.772532188841204,60.472103004291846,59.9940075080652
2018-08-01,65.87982832618026,53.648068669527895,30.472103004291846,55.128755364806864,59.109416209290956
2018-08-02,67.59656652360515,58.36909871244635,33.47639484978541,58.00429184549356,58.908484506782344
2018-08-03,69.31330472103005,63.94849785407726,40.343347639484975,61.90987124463519,59.45419118639196
2018-08-06,69.74248927038627,62.231759656652365,39.48497854077253,61.43776824034335,59.81484155983767
2018-08-07,70.3862660944206,61.80257510729614,42.48927038626609,62.23175965665237,60.254281213803985
2018-08-08,70.17167381974248,62.44635193133047,38.8412017167382,61.587982832618025,60.496772417224726
2018-08-09,68.6695278969957,64.16309012875536,42.48927038626609,62.08154506437768,60.78491289852527
2018-08-10,65.02145922746782,59.65665236051502,37.33905579399141,57.8755364806867,60.25593536800917
2018-08-13,63.94849785407726,56.65236051502146,33.90557939914164,55.751072961373396,59.436869475893566
2018-08-14,66.95278969957081,56.00858369098712,32.40343347639485,56.75965665236051,58.95010350797846
2018-08-15,66.09442060085837,46.56652360515021,25.9656652360515,52.21030042918455,57.724684766379575
2018-08-16,68.6695278969957,60.08583690987125,35.407725321888414,59.44206008583691,58.036934824462726
2018-08-17,68.6695278969957,70.17167381974248,48.927038626609445,65.17167381974248,59.33416009633177
2018-08-20,69.31330472103005,64.59227467811158,46.137339055793994,63.261802575107296,60.0482769106546
2018-08-21,69.31330472103005,70.81545064377683,48.712446351931334,65.64377682403435,61.0656405312691
2018-08-22,68.6695278969957,66.09442060085837,40.128755364806864,62.18884120171673,61.269858834986856
2018-08-23,67.16738197424893,57.72532188841202,32.61802575107296,57.42489270386266,60.57077408387337
2018-08-24,68.88412017167383,62.66094420600859,36.9098712446352,60.62231759656653,60.58014563163575
2018-08-27,69.95708154506438,66.7381974248927,37.98283261802575,62.59656652360515,60.94676761199382
2018-08-28,70.17167381974248,69.74248927038627,43.776824034334766,64.76394849785407,61.640800500332055
2018-08-29,71.03004291845494,78.32618025751073,51.50214592274678,69.31330472103005,63.035801267731685
2018-08-30,70.17167381974248,77.6824034334764,51.931330472103,68.77682403433477,64.07962358893225
2018-08-31,70.17167381974248,80.68669527896995,59.871244635193136,71.26609442060085,65.38625464923562
2018-09-04,69.31330472103005,74.67811158798283,50.21459227467812,67.10300429184551,65.69839094789198
2018-09-05,69.09871244635193,82.83261802575107,56.437768240343345,70.68669527896995,66.60535537172433
2018-09-06,69.09871244635193,73.8197424892704,45.493562231759654,65.79399141630901,66.4578346525579
2018-09-07,68.24034334763948,60.72961373390557,36.69527896995708,59.678111587982826,65.22515773172607
2018-09-10,68.6695278969957,59.65665236051502,35.836909871244636,59.39914163090128,64.16588207703066
2018-09-11,68.88412017167383,60.30042918454935,38.197424892703864,60.17167381974249,63.43966239388735
2018-09-12,68.6695278969957,65.23605150214593,42.06008583690987,62.317596566523605,63.23565042527576
2018-09-13,68.88412017167383,70.81545064377683,51.50214592274678,65.98712446351932,63.735918432229134
2018-09-14,69.09871244635193,66.95278969957081,41.84549356223176,63.00429184549356,63.60289541645903
2018-09-17,68.88412017167383,57.93991416309014,34.12017167381974,58.6480686695279,62.70201782610791
2018-09-18,69.09871244635193,59.65665236051502,38.62660944206009,60.17167381974249,62.24195527949601
2018-09-19,70.60085836909872,51.716738197424895,28.96995708154507,56.60944206008584,61.21786196687597
2018-09-20,74.0343347639485,63.519313304721024,39.05579399141631,63.884120171673814,61.702636185930125
2018-09-21,73.8197424892704,62.01716738197425,39.05579399141631,63.32618025751073,61.99782601712659
2018-09-24,70.17167381974248,54.93562231759657,32.83261802575107,58.133047210300425,61.295138961340015
2018-09-25,68.6695278969957,53.21888412017167,34.33476394849785,57.167381974248926,60.544637690959824
2018-09-26,65.45064377682404,53.21888412017167,31.115879828326182,54.91416309012875,59.52091503626326
2018-09-27,65.45064377682404,52.78969957081545,32.83261802575107,55.12875536480687,58.72234055054392
2018-09-28,65.66523605150213,51.28755364806867,30.257510729613735,54.27038626609441,57.91289431700765
2018-10-01,65.02145922746782,49.78540772532189,29.184549356223176,53.28326180257511,57.07114295074719
2018-10-02,65.45064377682404,47.63948497854077,27.467811158798284,52.5107296137339,56.24197688947205
2018-10-03,65.45064377682404,42.06008583690987,22.532188841201716,49.84978540772533,55.079760256427186
2018-10-04,66.09442060085837,32.61802575107296,16.738197424892704,46.18025751072962,53.46166884811853
2018-10-05,63.94849785407726,33.69098712446352,15.665236051502147,45.21459227467812,51.96220038022027
2018-10-08,65.23605150214593,32.83261802575107,13.733905579399142,45.21459227467811,50.73536254284897
2018-10-09,63.519313304721024,31.330472103004293,16.738197424892704,44.506437768240346,49.6028307656474
2018-10-10,53.21888412017167,14.377682403433475,5.36480686695279,31.99570815450644,46.40153574543995
2018-10-11,41.41630901287554,5.150214592274678,0.4291845493562232,22.339055793991417,42.02653939063112
2018-10-12,45.493562231759654,8.15450643776824,1.2875536480686696,25.450643776824034,39.01274018812074
2018-10-15,46.56652360515021,11.158798283261802,3.4334763948497855,27.3175965665236,36.88635043873944
2018-10-16,54.506437768240346,21.888412017167383,9.44206008583691,35.70815450643777,36.672132996502775
2018-10-17,52.14592274678112,21.45922746781116,8.369098712446352,34.18454935622318,36.21984506190648
2018-10-18,48.497854077253216,16.523605150214593,6.008583690987124,30.40772532188841,35.163096018266835
2018-10-19,48.283261802575105,19.098712446351932,9.44206008583691,31.759656652360515,34.54428886082932
2018-10-22,46.3519313304721,17.167381974248926,5.150214592274678,29.356223175965663,33.601004190854106
2018-10-23,43.99141630901288,16.738197424892704,8.369098712446352,28.690987124463522,32.708273815146725
2018-10-24,36.69527896995708,16.30901287553648,10.944206008583691,25.429184549356222,31.384803039548448
2018-10-25,40.557939914163086,18.025751072961373,7.296137339055794,27.145922746781117,30.61409753177257
2018-10-26,36.69527896995708,9.656652360515022,2.1459227467811157,21.67381974248927,28.9885924791756
2018-10-29,36.69527896995708,15.665236051502147,4.291845493562231,23.905579399141633,28.064408282805786
2018-10-30,42.06008583690987,33.047210300429185,11.802575107296137,33.30472103004292,29.017192418667083
2018-10-31,43.34763948497854,54.077253218884124,21.888412017167383,42.27467811158798,31.42764436283452
2018-11-01,47.63948497854077,52.36051502145923,22.96137339055794,44.12017167381974,33.735376601195476
2018-11-02,45.92274678111588,50.0,20.815450643776824,42.1244635193133,35.26066513176236
2018-11-05,47.63948497854077,40.343347639484975,15.450643776824036,39.012875536480685,35.94288520534751
2018-11-06,49.35622317596567,48.283261802575105,21.45922746781116,43.4549356223176,37.308712553887524
2018-11-07,53.21888412017167,70.3862660944206,37.33905579399141,55.1931330472103,40.5604253708553
2018-11-08,53.648068669527895,68.6695278969957,38.412017167381975,55.10729613733905,43.20531096476144
2018-11-09,50.21459227467812,66.95278969957081,39.48497854077253,53.09012875536481,45.002550563052964
2018-11-12,45.70815450643777,62.44635193133047,34.54935622317596,48.497854077253216,45.638060292907554
2018-11-13,45.493562231759654,75.7510729613734,53.00429184549357,56.07296137339056,47.53531503481356
2018-11-14,43.34763948497854,68.6695278969957,39.91416309012876,50.25751072961373,48.03025970659541
2018-11-15,46.137339055793994,78.96995708154506,60.08583690987125,58.776824034334766,49.98418049345712
2018-11-16,46.78111587982833,81.3304721030043,63.30472103004292,60.45064377682404,51.88717381770565
2018-11-19,41.41630901287554,66.95278969957081,41.201716738197426,49.0343347639485,51.368475807931624
2018-11-20,36.48068669527897,51.716738197424895,25.10729613733906,38.776824034334766,49.07908457636856
2018-11-21,37.553648068669524,40.557939914163086,19.527896995708154,34.84978540772532,46.491939272978875
2018-11-23,37.76824034334764,44.63519313304721,19.95708154506438,36.26609442060086,44.63269475436469
2018-11-26,41.41630901287554,48.712446351931334,19.742489270386265,39.27038626609442,43.65772957467919
2018-11-27,40.987124463519315,41.63090128755365,17.167381974248926,36.41630901287554,42.34110765435125
2018-11-28,48.06866952789699,43.13304721030043,15.665236051502147,40.10729613733906,41.934960105803576
2018-11-29,47.63948497854077,40.557939914163086,12.875536480686694,38.56223175965665,41.3217367701405
2018-11-30,49.78540772532189,54.29184549356223,21.030042918454935,45.3862660944206,42.060742101827785
2018-12-03,54.72103004291845,75.32188841201717,42.91845493562232,58.54077253218884,45.05711127098434
2018-12-04,43.776824034334766,46.78111587982833,12.875536480686694,38.49785407725322,43.86451905394232
2018-12-06,42.48927038626609,52.57510729613733,17.811158798283262,40.5793991416309,43.26722452443115
2018-12-07,37.25910064239829,23.126338329764454,10.492505353319057,27.66595289079229,40.43062968195135
2018-12-10,38.54389721627409,22.483940042826553,7.922912205567452,27.6017130620985,38.09809938743265
2018-12-11,37.04496788008566,34.90364025695932,14.775160599571734,31.94860813704497,36.980010069180345
2018-12-12,39.400428265524624,49.67880085653105,20.556745182012847,38.7152034261242,37.29549977044286
2018-12-13,38.11563169164882,45.182012847965744,19.700214132762312,36.5524625267666,37.16040208977444
2018-12-14,34.04710920770878,34.68950749464668,14.132762312633835,30.256959314775163,35.90523067613821
2018-12-17,26.552462526766597,12.633832976445397,2.355460385438972,17.53747323340471,32.565638413823024
2018-12-18,27.8372591006424,11.991434689507495,2.355460385438972,17.987152034261243,29.91500452662997
2018-12-19,23.340471092077088,5.353319057815846,0.21413276231263384,13.319057815845825,26.897559670123766
2018-12-20,17.987152034261243,5.139186295503212,0.21413276231263384,10.578158458244111,23.93039581341837
2018-12-21,15.417558886509635,1.9271948608137044,0.0,8.286937901498929,21.086130738523927
2018-12-24,9.850107066381156,0.21413276231263384,0.0,4.989293361884368,18.15943303368037
2018-12-26,16.059957173447536,3.854389721627409,0.21413276231263384,9.229122055674518,16.535740128588397
2018-12-27,18.629550321199144,4.068522483940043,0.8565310492505354,10.70663811563169,15.475903398959906
2018-12-28,18.629550321199144,11.134903640256958,1.7130620985010707,12.997858672376873,15.025349812308447
2018-12-31,22.055674518201286,14.132762312633835,2.9978586723768736,15.867237687366167,15.178420335046214
2019-01-02,18.201284796573873,14.346895074946467,2.355460385438972,13.87580299785867,14.941580819193934
2019-01-03,13.9186295503212,4.710920770877944,0.4282655246252677,8.458244111349037,13.762792326858497
2019-01-04,20.985010706638114,19.05781584582441,3.2119914346895073,16.85224839400428,14.324511611794096
2019-01-07,23.554603854389722,34.90364025695932,7.922912205567452,23.83297644539615,16.05332339972174
2019-01-08,28.4796573875803,60.81370449678801,22.698072805139187,37.02355460385439,19.866092709564043
2019-01-09,29.978586723768736,66.38115631691649,25.267665952890795,39.95717344753747,23.519016480104668
2019-01-10,31.905781584582442,81.15631691648822,43.897216274089935,49.07922912205568,28.16632786955031
2019-01-11,32.33404710920771,88.0085653104925,60.599571734475376,54.689507494646676,32.98872416502238
2019-01-14,29.550321199143468,88.43683083511777,70.66381156316916,55.438972162740896,37.070587437334844
2019-01-15,32.54817987152035,98.28693790149893,91.64882226980728,64.08993576017131,41.98319622330511
2019-01-16,32.76231263383298,91.64882226980728,74.94646680942184,58.865096359743035,45.052632611748365
2019-01-17,35.54603854389722,91.22055674518201,73.87580299785867,59.91434689507494,47.75476248144411
2019-01-18,41.113490364025694,94.21841541755889,79.44325481798715,64.71092077087795,50.837700352250266
2019-01-22,36.83083511777302,87.58029978586723,64.23982869379014,57.537473233404704,52.05584087609653
2019-01-23,37.04496788008566,91.00642398286938,70.02141327623126,59.82869379014989,53.46908686046987
2019-01-24,37.687366167023555,93.79014989293361,85.01070663811564,63.98286937901499,55.38068368202352
2019-01-25,40.25695931477516,88.22269807280514,76.44539614561027,61.88436830835117,56.56317179590128
2019-01-28,38.32976445396146,85.4389721627409,66.16702355460386,58.02997858672377,56.829863939687186
2019-01-29,38.97216274089936,81.37044967880087,61.45610278372591,56.18843683083512,56.71324082898681
2019-01-30,46.466809421841546,84.79657387580299,67.45182012847965,62.1627408993576,57.70405902359969
2019-01-31,47.109207708779444,87.79443254817987,67.88008565310493,63.46895074946467,58.75222115557515
2019-02-01,49.46466809421842,86.93790149892934,69.37901498929337,64.68950749464668,59.831727762679066
2019-02-04,53.53319057815846,91.22055674518201,78.58672376873662,69.85010706638116,61.65325127244308
2019-02-05,54.81798715203426,90.79229122055675,76.44539614561027,69.93576017130621,63.159161981327294
2019-02-06,55.46038543897216,88.6509635974304,71.5203426124197,68.62955032119915,64.15377804312217
2019-02-07,52.46252676659529,80.94218415417559,61.02783725910065,62.71948608137045,63.89299768644005
2019-02-08,52.46252676659529,72.80513918629549,52.24839400428265,58.52248394004282,62.91654064164056
2019-02-11,52.67665952890792,81.37044967880087,63.811563169164884,63.5117773019272,63.02476548896541
2019-02-12,57.81584582441114,87.15203426124198,72.59100642398288,69.57173447537474,64.21512348649438
2019-02-13,61.67023554603854,89.50749464668094,71.5203426124197,71.9914346895075,65.62899825067858
2019-02-14,59.743040685224834,83.5117773019272,65.52462526766595,68.02997858672377,66.06554012995952
2019-02-15,63.811563169164884,89.50749464668094,74.30406852248393,73.61884368308351,67.43886804870934
2019-02-19,64.45396145610277,90.36402569593149,76.87366167023555,74.71092077087795,68.76105945273999
2019-02-20,65.52462526766595,88.22269807280514,71.30620985010707,73.49036402569594,69.62093301145924
2019-02-21,64.66809421841542,83.08351177730194,65.31049250535332,70.32119914346896,69.7482541263701
2019-02-22,65.31049250535332,84.1541755888651,67.88008565310493,71.47751605995718,70.06266538702229
2019-02-25,65.0963597430407,81.15631691648822,61.45610278372591,69.186295503212,69.9033254081477
2019-02-26,64.02569593147751,78.58672376873662,54.603854389721626,66.50963597430406,69.28629096563067
2019-02-27,64.45396145610277,78.80085653104925,58.02997858672377,67.47323340471091,68.95664413637253
2019-02-28,63.38329764453962,81.79871520342613,61.24197002141327,68.4796573875803,68.86991927295576
2019-03-01,64.66809421841542,82.65524625267666,67.6659528907923,70.66381156316916,69.19608150754001
2019-03-04,65.31049250535332,78.15845824411134,58.45824411134903,67.79443254817987,68.94123624220181
2019-03-05,63.597430406852254,70.02141327623126,43.683083511777305,61.54175588865097,67.59587617791983
2019-03-06,61.67023554603854,57.601713062098504,31.69164882226981,54.45396145610278,65.20643713758946
2019-03-07,58.2441113490364,52.24839400428265,28.26552462526767,50.449678800856525,62.52339016727438
2019-03-08,56.9593147751606,35.76017130620985,17.77301927194861,42.76231263383298,58.930466979375936
2019-03-11,61.67023554603854,48.60813704496788,27.194860813704498,50.856531049250535,57.46247862844404
2019-03-12,62.17948717948718,48.07692307692308,26.495726495726498,50.81196581196581,56.25329447999346
2019-03-13,63.965884861407254,57.995735607675904,32.40938166311301,55.863539445629,56.18242992829083
2019-03-14,63.11300639658849,50.31982942430704,26.652452025586353,51.98294243070363,55.41888674691134
2019-03-15,63.965884861407254,54.79744136460555,31.13006396588486,54.64818763326226,55.27875963533878
2019-03-18,66.31130063965884,61.19402985074627,38.37953091684435,59.18976545842217,55.98985160317212
2019-03-19,63.965884861407254,58.63539445628998,34.54157782515991,56.481876332622605,56.079310644890384
2019-03-20,60.63829787234043,55.319148936170215,29.574468085106382,52.829787234042556,55.48848820655441
2019-03-21,65.95744680851064,65.95744680851064,40.21276595744681,60.808510638297875,56.45576501232594
2019-03-22,60.851063829787236,50.851063829787236,26.170212765957444,50.91489361702128,55.448333849543275
2019-03-25,60.851063829787236,53.61702127659574,28.723404255319153,52.255319148936174,54.867785722160164
2019-03-26,62.34042553191489,66.59574468085107,42.5531914893617,59.659574468085104,55.73902003960106
2019-03-27,61.91489361702127,71.06382978723404,41.702127659574465,60.61702127659574,56.62592935541828
2019-03-28,62.76595744680851,76.59574468085107,48.93617021276596,64.14893617021276,57.993748776290005
2019-03-29,65.31914893617021,69.7872340425532,41.48936170212766,61.8936170212766,58.70281572992394
2019-04-01,69.57446808510637,78.51063829787233,47.87234042553192,67.91489361702128,60.377738982123454
2019-04-02,69.7872340425532,72.5531914893617,40.21276595744681,64.70212765957447,61.163991468932736
2019-04-03,70.2127659574468,74.8936170212766,44.8936170212766,66.5531914893617,62.143846018101634
2019-04-04,71.06382978723404,70.85106382978724,41.702127659574465,65.12765957446808,62.686357573804635
2019-04-05,73.61702127659574,75.1063829787234,43.61702127659575,68.06382978723404,63.66407979442817
2019-04-08,74.25531914893617,77.4468085106383,47.87234042553192,69.93617021276596,64.80445987048958
2019-04-09,71.70212765957447,77.23404255319149,43.61702127659575,67.74468085106383,65.33904550332127
2019-04-10,73.19148936170212,69.7872340425532,35.74468085106383,64.68085106382979,65.21937378705009
2019-04-11,73.19148936170212,81.70212765957446,65.53191489361701,74.2127659574468,66.85453599984949
2019-04-12,74.68085106382979,82.12765957446808,69.36170212765957,75.85106382978724,68.49026833256544
2019-04-15,74.25531914893617,78.08510638297872,64.25531914893618,73.40425531914893,69.38372051194426
2019-04-16,74.25531914893617,75.53191489361703,61.702127659574465,72.12765957446808,69.88261852331223
2019-04-17,72.97872340425532,68.72340425531915,56.80851063829787,68.46808510638297,69.6254306293251
2019-04-18,73.82978723404256,67.4468085106383,54.8936170212766,68.12765957446808,69.35310861935109
2019-04-22,73.61702127659574,62.34042553191489,45.744680851063826,64.6595744680851,68.49973877366637
2019-04-23,76.80851063829788,68.72340425531915,52.55319148936171,69.53191489361703,68.68740715911194
2019-04-24,76.38297872340426,69.14893617021278,48.723404255319146,68.68085106382979,68.68621514178791
2019-04-25,75.74468085106383,62.5531914893617,40.42553191489361,64.72340425531915,67.96570407152088
2019-04-26,75.74468085106383,61.48936170212767,40.85106382978723,64.48936170212767,67.33364182254029
2019-04-29,75.1063829787234,58.29787234042553,42.5531914893617,63.5531914893617,66.64628721650782
2019-04-30,76.17021276595744,70.63829787234043,50.212765957446805,69.31914893617021,67.13226207462824
2019-05-01,74.04255319148936,59.361702127659576,40.638297872340424,62.95744680851064,66.37320475351595
2019-05-02,73.61702127659574,59.787234042553195,36.38297872340426,62.02127659574468,65.58194508846663
2019-05-03,75.31914893617021,59.787234042553195,37.659574468085104,63.12765957446808,65.1357113586487
2019-05-06,74.8936170212766,56.59574468085107,36.38297872340426,61.70212765957447,64.51142341336248
2019-05-07,72.76595744680851,47.23404255319149,22.97872340425532,55.14893617021277,62.809153005517075
2019-05-08,71.06382978723404,48.93617021276596,28.723404255319153,55.95744680851064,61.563388242425
2019-05-09,71.48936170212767,48.51063829787234,24.680851063829788,55.23404255319149,60.412598117109816
2019-05-10,71.76220806794055,53.503184713375795,31.422505307855626,58.216560509554135,60.0133185520997
2019-05-13,63.481953290870486,31.634819532908704,17.197452229299362,44.67091295116773,57.22379026102116
2019-05-14,65.39278131634819,36.94267515923567,17.8343949044586,47.346072186836516,55.42784152026031
2019-05-15,66.2420382165605,38.6411889596603,18.895966029723994,48.49256900212314,54.166882880599005
2019-05-16,67.3036093418259,40.339702760084926,19.957537154989385,49.74522292993631,53.36294470775124
2019-05-17,65.60509554140127,38.6411889596603,20.59447983014862,48.51380042462845,52.48128211081982
2019-05-20,63.90658174097664,31.210191082802545,13.588110403397028,44.03397027600849,50.94540723176321
2019-05-21,67.72823779193206,42.675159235668794,23.991507430997878,51.46496815286625,51.03987285378194
2019-05-22,65.60509554140127,40.12738853503185,22.29299363057325,49.29936305732484,50.723416527153375
2019-05-23,61.995753715498935,28.662420382165603,14.8619957537155,42.56900212314225,49.24079572642408
2019-05-24,61.86440677966102,30.508474576271187,16.3135593220339,43.347457627118644,48.16927970836855
2019-05-28,58.47457627118644,33.686440677966104,14.61864406779661,42.266949152542374,47.09612869821834
2019-05-29,57.6271186440678,29.8728813559322,11.228813559322035,40.021186440677965,45.80977556048372
2019-05-30,57.83898305084746,33.47457627118644,14.61864406779661,41.88559322033898,45.09628786227559
2019-05-31,55.08474576271186,23.940677966101696,9.533898305084746,36.631355932203384,43.55720932953519
2019-06-03,54.8728813559322,39.19491525423729,19.915254237288135,43.17796610169491,43.48825601538241
2019-06-04,62.07627118644068,48.940677966101696,21.822033898305087,50.08474576271187,44.68761778762413
2019-06-05,64.61864406779661,57.6271186440678,30.93220338983051,55.78389830508475,46.70512333625334
2019-06-06,65.67796610169492,52.33050847457628,29.66101694915254,54.47033898305085,48.11698072658016
2019-06-07,67.37288135593221,64.83050847457628,35.80508474576271,60.29661016949153,50.331458807109506
2019-06-10,69.0677966101695,73.30508474576271,43.43220338983051,65.21186440677967,53.03698709795862
2019-06-11,68.64406779661016,62.92372881355932,33.05084745762712,59.8093220338983,54.26832072267492
2019-06-12,67.44186046511628,65.3276955602537,33.82663847780127,60.0845665961945,55.32581997240576
2019-06-13,68.49894291754757,78.8583509513742,52.21987315010571,68.35095137420718,57.69402568182421
2019-06-14,67.44186046511628,76.32135306553911,46.088794926004226,65.83509513742072,59.1742201282963
2019-06-17,67.01902748414376,83.93234672304439,56.236786469344615,69.93657505285412,61.13101193276136
2019-06-18,71.67019027484145,90.27484143763213,72.72727272727273,77.46300211416491,64.10046469301655
2019-06-19,72.72727272727273,91.75475687103594,74.20718816067652,78.73150105708245,66.76065312284672
2019-06-20,75.47568710359408,96.61733615221986,87.10359408033827,84.14376321353066,69.92121859388017
2019-06-21,73.78435517970402,94.9260042283298,82.8752642706131,81.94503171247356,72.10736643362442
2019-06-24,73.99577167019028,87.31501057082453,65.53911205073996,76.30021141649048,72.86970188505461
2019-06-25,72.3044397463002,74.4186046511628,47.780126849894295,68.03382663847779,71.99045184022246
2019-06-26,71.8816067653277,63.424947145877375,37.84355179704017,62.5369978858351,70.27164203033385
2019-06-27,73.15010570824523,64.48202959830867,36.78646934460888,63.276955602536994,68.99988086164352
2019-06-28,76.95560253699789,69.55602536997885,40.38054968287527,67.42071881606765,68.71276048972064
2019-07-01,77.58985200845666,77.58985200845666,50.95137420718816,72.26215644820296,69.3581052094447
2019-07-02,77.3784355179704,79.06976744186046,52.43128964059197,72.89640591966173,70.00143261130235
2019-07-03,79.70401691331924,83.29809725158562,58.350951374207185,76.51162790697674,71.18510448324315
2019-07-05,79.49260042283298,81.3953488372093,57.71670190274841,75.70824524312896,72.00749371231329
2019-07-08,77.58985200845666,82.02959830866807,54.96828752642706,74.39746300211416,72.44203358318617
2019-07-09,78.01268498942918,74.84143763213531,45.243128964059196,70.50739957716702,72.09028194572814
2019-07-10,78.01268498942918,72.93868921775899,43.551797040169134,69.59830866807611,71.63719589524595
2019-07-11,78.22410147991543,63.8477801268499,35.72938689217759,65.41226215644821,70.50538976091909
2019-07-12,79.49260042283298,70.40169133192389,43.97463002114165,69.66173361522198,70.35199773442869
2019-07-15,79.06976744186046,75.68710359408034,48.41437632135307,71.92389006342495,70.63779633970074
2019-07-16,79.06976744186046,78.8583509513742,54.54545454545454,74.1014799154334,71.26755698983395
2019-07-17,77.80126849894292,77.16701902748414,49.04862579281184,71.86046511627907,71.37535846736944
2019-07-18,76.74418604651163,73.57293868921776,51.162790697674424,70.67653276955603,71.24829924958519
2019-07-19,77.16701902748414,60.887949260042284,32.76955602536998,63.40380549682875,69.82202765817492
2019-07-22,78.01268498942918,55.602536997885835,28.964059196617338,61.47991543340381,68.30527998094381
2019-07-23,78.64693446088795,61.733615221987314,32.55813953488372,64.3551797040169,67.58707993059346
2019-07-24,80.33826638477801,54.12262156448203,30.23255813953488,62.452431289640586,66.65350745042021
2019-07-25,78.22410147991543,50.52854122621564,25.158562367864697,59.302325581395344,65.31692892877932
2019-07-26,79.49260042283298,59.19661733615222,38.266384778012686,65.15856236786469,65.28813500861303
2019-07-29,79.49260042283298,60.46511627906976,36.36363636363637,65.15856236786469,65.26457634665879
2019-07-30,78.64693446088795,57.505285412262154,34.038054968287526,63.38266384778012,64.92241043777176
2019-07-31,75.68710359408034,45.03171247357294,24.101479915433405,56.17336152219873,63.33167427130393
2019-08-01,72.93868921775899,35.30655391120507,15.221987315010571,50.10570824524313,60.926953175656514
2019-08-02,70.19027484143763,31.92389006342495,13.107822410147993,47.293868921775896,58.44821058404185
2019-08-05,59.830866807610995,15.010570824524313,5.496828752642706,35.517970401691336,54.279076005432664
2019-08-06,63.8477801268499,28.964059196617338,10.359408033826638,42.68498942917548,52.17106026429499
2019-08-07,63.213530655391125,25.581395348837212,10.570824524312897,41.395348837209305,50.21184000482486
2019-08-08,68.28752642706131,44.82029598308668,21.56448202959831,51.90274841437632,50.51927789747058
2019-08-09,66.17336152219873,39.53488372093023,20.930232558139537,49.13319238900634,50.26726235047708
2019-08-12,63.00211416490487,30.655391120507396,17.33615221987315,44.16490486257928,49.15774280722294
2019-08-13,65.53911205073996,33.40380549682875,19.23890063424947,46.63847780126849,48.69969462432212
2019-08-14,58.56236786469344,24.101479915433405,9.090909090909092,38.32980972515856,46.81426100629238
2019-08-15,58.350951374207185,24.101479915433405,9.30232558139535,38.266384778012686,45.260101692059706
2019-08-16,60.887949260042284,30.655391120507396,11.839323467230443,42.00845665961945,44.668893504343295
2019-08-19,63.63636363636363,34.46088794926004,16.27906976744186,45.4122621564482,44.80405144108964
2019-08-20,60.887949260042284,36.78646934460888,18.181818181818183,45.116279069767444,44.86082010084924
2019-08-21,63.213530655391125,46.723044397463006,21.353065539112052,49.89429175475688,45.77599676519608
2019-08-22,63.00211416490487,52.21987315010571,24.52431289640592,52.07188160676533,46.92070310002686
2019-08-23,56.236786469344615,53.911205073995774,26.42706131078224,49.57716701902749,47.403696539845164
2019-08-26,58.56236786469344,50.52854122621564,23.678646934460886,49.175475687103585,47.725838202983056
2019-08-27,57.71670190274841,46.30021141649049,20.29598308668076,46.807610993657505,47.558887801287504
2019-08-28,59.19661733615222,34.6723044397463,13.31923890063425,42.66384778012685,46.66888052471284
2019-08-29,62.36786469344609,51.37420718816068,18.816067653276956,50.35940803382664,47.3398855263699
2019-08-30,62.7906976744186,67.01902748414376,26.42706131078224,56.78646934460888,49.05744622059517
2019-09-03,60.676532769556026,43.34038054968288,19.661733615221987,47.27272727272727,48.732951866437375
2019-09-04,62.15644820295984,84.14376321353065,53.48837209302325,67.01902748414376,52.057692887838535
2019-09-05,68.28752642706131,90.27484143763213,64.48202959830867,74.12262156448203,56.06949810177372
2019-09-06,69.76744186046511,80.54968287526427,46.723044397463006,68.39323467230443,58.310177478233854
2019-09-09,71.67019027484145,67.65327695560254,38.6892177589852,63.86892177589853,59.32085825962743
2019-09-10,74.20718816067652,68.49894291754757,47.780126849894295,67.20930232558139,60.75512081707361
2019-09-11,77.16701902748414,68.71035940803382,49.04862579281184,69.00634249471459,62.25534294028107
2019-09-12,77.16701902748414,70.61310782241014,51.162790697674424,70.0,63.663462405684506
2019-09-13,78.22410147991543,79.70401691331924,66.59619450317125,76.34249471458773,65.96874100730328
2019-09-16,78.01268498942918,74.63002114164905,60.676532769556026,73.5306553911205,67.34363453163368
2019-09-17,76.74418604651163,81.18393234672304,65.11627906976744,75.75052854122622,68.87216071519597
2019-09-18,75.8985200845666,79.9154334038055,63.63636363636363,74.65116279069767,69.92288836528719
2019-09-19,75.9493670886076,74.26160337552743,53.16455696202531,70.8860759493671,70.09801338057444
2019-09-20,74.89451476793249,71.30801687763713,49.15611814345991,68.67088607594937,69.83853568882444
2019-09-23,73.62869198312237,73.20675105485233,51.68776371308017,69.11392405063292,69.70678811824416
2019-09-24,71.94092827004219,64.9789029535865,38.81856540084388,63.22784810126583,68.5287990242481
2019-09-25,72.78481012658227,58.86075949367089,33.54430379746836,60.75949367088607,67.11619805090955
2019-09-26,71.09704641350211,54.641350210970465,29.11392405063291,57.76371308016878,65.41574623804757
2019-09-27,70.042194092827,48.31223628691983,24.050632911392405,54.324894514767934,63.39922774290582
2019-09-30,70.88607594936708,52.53164556962025,25.949367088607595,56.392405063291136,62.12525998297588
2019-10-01,67.51054852320675,31.856540084388186,15.400843881856542,46.392405063291136,59.26474090666955
2019-10-02,59.70464135021098,17.72151898734177,8.016877637130802,36.77215189873418,55.17517926886312
2019-10-03,62.0253164556962,24.261603375527425,11.60337552742616,40.611814345991554,52.52729473743192
2019-10-04,66.03375527426161,35.0210970464135,18.565400843881857,47.23628691983123,51.565293316049974
2019-10-07,63.29113924050633,26.582278481012654,10.759493670886076,41.77215189873418,49.784722149265285
2019-10-08,56.75105485232067,16.877637130801688,7.172995780590717,34.87341772151899,47.07357588967505
2019-10-09,58.86075949367089,22.9957805907173,6.751054852320674,37.679324894514764,45.365530254191356
2019-10-10,61.39240506329114,28.691983122362867,8.860759493670885,41.07594936708861,44.58560645653631
2019-10-11,66.03375527426161,37.552742616033754,10.337552742616033,46.35021097046414,44.90644364088682
2019-10-14,65.82278481012658,43.88185654008439,12.447257383966246,48.565400843881854,45.57170858688592
2019-10-15,69.19831223628692,43.67088607594937,13.080168776371309,50.31645569620253,46.43438987948894
2019-10-16,67.72151898734177,44.72573839662447,15.822784810126583,50.44303797468354,47.16323498770614
2019-10-17,67.72151898734177,56.32911392405063,23.839662447257385,55.52742616033755,48.683997019093674
2019-10-18,68.77637130801688,50.84388185654009,18.565400843881857,53.35443037974684,49.53316672103062
2019-10-21,69.62025316455697,69.40928270042194,43.24894514767932,64.28270042194093,52.21490012119613
2019-10-22,70.042194092827,75.52742616033755,54.641350210970465,68.60759493670886,55.19539008765299
2019-10-23,70.042194092827,72.57383966244726,50.84388185654009,66.9620253164557,57.334778311071666
2019-10-24,71.09704641350211,65.82278481012658,43.037974683544306,63.902953586497894,58.528991997512804
2019-10-25,71.09704641350211,68.77637130801688,48.734177215189874,65.9282700421941,59.87431527836396
2019-10-28,71.72995780590718,77.84810126582279,60.970464135021096,71.41350210970464,61.972349247698624
2019-10-29,71.72995780590718,75.10548523206751,58.86075949367089,70.16877637130801,63.462608724718514
2019-10-30,71.94092827004219,75.73839662447257,55.06329113924051,69.70464135021098,64.59752374753533
2019-10-31,69.83122362869199,65.18987341772153,41.35021097046413,62.74261603375528,64.26026779957532
2019-11-01,74.0506329113924,72.9957805907173,52.320675105485236,69.38818565400844,65.19261650038135
2019-11-04,75.10548523206751,64.9789029535865,49.57805907172996,66.9620253164557,65.51432719421305
2019-11-05,74.0506329113924,65.82278481012658,48.31223628691983,66.43459915611814,65.68164936910489
2019-11-06,74.68354430379746,63.50210970464135,47.46835443037975,65.88607594936708,65.71881783824347
2019-11-07,74.26160337552743,66.03375527426161,50.210970464135016,66.9831223628692,65.94869138817542
2019-11-08,73.20675105485233,64.9789029535865,49.15611814345991,65.9282700421941,65.94497841617881
2019-11-11,72.57383966244726,66.87763713080169,51.0548523206751,66.56118143459915,66.05701532861889
2019-11-12,72.36286919831224,65.40084388185655,49.15611814345991,65.63291139240506,65.97990552203456
2019-11-13,73.62869198312237,66.45569620253164,47.04641350210971,66.16033755274262,66.01271134579966
2019-11-14,74.0506329113924,68.77637130801688,44.72573839662447,66.60337552742615,66.12010483336812
2019-11-15,76.37130801687763,72.78481012658227,50.0,70.0210970464135,66.82937614483092
2019-11-18,75.10548523206751,69.40928270042194,46.62447257383967,67.70042194092827,66.98774810775771
2019-11-19,76.16033755274262,67.72151898734177,45.9915611814346,67.59493670886076,67.098146035231
2019-11-20,73.83966244725738,70.88607594936708,48.10126582278481,67.80590717299577,67.22682987846096
2019-11-21,72.78481012658227,59.07172995780591,33.9662447257384,60.907172995780584,66.07780135433725
2019-11-22,75.10548523206751,58.016877637130804,36.91983122362869,62.34177215189874,65.39852331753025
2019-11-25,76.16033755274262,65.82278481012658,44.936708860759495,66.81434599156118,65.65594562189952
2019-11-26,76.58227848101265,70.46413502109705,46.62447257383967,68.75527426160338,66.2194599200275
2019-11-27,77.84810126582279,73.20675105485233,53.16455696202531,71.51898734177216,67.18301036034471
2019-11-29,76.37130801687763,66.66666666666666,45.358649789029535,67.25738396624473,67.19653283414472
2019-12-02,74.0506329113924,58.86075949367089,36.28691983122363,61.940928270042185,66.24096836794426
2019-12-03,70.46413502109705,51.26582278481012,31.856540084388186,56.983122362869196,64.5577236397488
2019-12-04,72.78481012658227,62.0253164556962,30.801687763713083,61.16033755274262,63.940017078474945
2019-12-05,74.0506329113924,59.49367088607595,29.957805907172997,60.86497890295358,63.380919228380144
2019-12-06,76.58227848101265,62.0253164556962,31.856540084388186,63.270042194092824,63.360759767600626
2019-12-09,74.47257383966245,55.69620253164557,28.902953586497894,59.72573839662447,62.69984679105951
2019-12-10,73.62869198312237,51.0548523206751,24.894514767932492,57.10970464135021,61.683457309294184
2019-12-11,74.0506329113924,56.9620253164557,31.223628691983123,60.358649789029535,61.44258321470061
2019-12-12,75.10548523206751,67.29957805907173,44.09282700421941,66.56118143459915,62.37323743650034
2019-12-13,75.10548523206751,66.87763713080169,40.50632911392405,65.71729957805907,62.98124873496556
2019-12-16,78.05907172995781,65.18987341772153,38.81856540084388,66.35021097046413,63.59378732323803
2019-12-17,77.21518987341773,62.447257383966246,36.28691983122363,64.59915611814347,63.77658164958448
2019-12-18,77.63713080168776,57.80590717299579,32.91139240506329,62.742616033755276,63.58858790125189
2019-12-19,79.11392405063292,65.18987341772153,43.88185654008439,67.8902953586498,64.37071652986968
2019-12-20,79.74683544303798,78.05907172995781,57.80590717299579,74.85232067510549,66.27646273809438
2019-12-23,81.43459915611815,80.80168776371308,64.55696202531645,77.86919831223629,68.38423284248381
2019-12-24,81.43459915611815,81.0126582278481,58.22784810126582,76.66666666666667,69.89012990142615
2019-12-26,81.64556962025317,80.59071729957806,59.91561181434599,76.9831223628692,71.1797648944158
2019-12-27,81.64556962025317,75.9493670886076,53.79746835443038,74.36708860759494,71.759278296812
2019-12-30,79.74683544303798,74.89451476793249,51.68776371308017,72.67932489451478,71.92655949639432
2019-12-31,80.59071729957806,79.53586497890295,59.07172995780591,75.97046413502109,72.66181488523554
2020-01-02,81.85654008438819,79.32489451476793,58.86075949367089,76.49789029535866,73.35928314162156
2020-01-03,81.0126582278481,67.72151898734177,45.358649789029535,69.89451476793249,72.72932525549628
2020-01-06,80.59071729957806,71.09704641350211,46.41350210970464,70.9071729957806,72.39802484463888
2020-01-07,78.90295358649789,59.91561181434599,35.232067510548525,64.47257383966245,70.95703375282498
2020-01-08,80.37974683544303,63.92405063291139,40.29535864978903,67.42616033755273,70.31505676823004
2020-01-09,80.59071729957806,68.9873417721519,48.52320675105485,70.69620253164557,70.38435599794195
2020-01-10,80.16877637130801,63.50210970464135,39.87341772151899,67.1097046413502,69.788964842198
2020-01-13,82.70042194092827,62.65822784810127,40.92827004219409,68.33333333333333,69.52430456785896
2020-01-14,82.27848101265823,65.82278481012658,42.405063291139236,69.36708860759494,69.49571984781096
2020-01-15,83.54430379746836,68.14345991561181,46.20253164556962,71.45569620253166,69.8520791850329
2020-01-16,86.70886075949366,74.68354430379746,52.109704641350206,76.18143459915612,71.00287107850986
2020-01-17,87.34177215189874,76.16033755274262,55.27426160337553,77.57383966244726,72.19759263922575
2020-01-21,84.81012658227847,71.72995780590718,55.06329113924051,74.9367088607595,72.6956137704137
2020-01-22,83.96624472573839,70.042194092827,51.68776371308017,73.33333333333333,72.81156278185362
2020-01-23,84.17721518987342,67.9324894514768,51.89873417721519,72.84810126582279,72.81820614257529
2020-01-24,81.43459915611815,63.71308016877637,48.52320675105485,69.53586497890296,72.22141684008942
2020-01-27,76.37130801687763,54.85232067510548,37.34177215189873,62.109704641350206,70.38292371304593
2020-01-28,78.27004219409282,62.236286919831215,44.51476793248945,66.70886075949366,69.71491226694552
2020-01-29,76.79324894514767,56.118143459915615,42.19409282700422,63.67088607594936,68.61599841403712
2020-01-30,77.42616033755274,53.16455696202531,39.87341772151899,62.63713080168776,67.52893157542815
2020-01-31,72.9957805907173,45.9915611814346,25.738396624472575,55.44303797468355,65.33149637529276
2020-02-03,73.83966244725738,47.04641350210971,25.31645569620253,56.097046413502106,63.652505473149
2020-02-04,75.52742616033755,53.79746835443038,36.075949367088604,61.11814345991561,63.19171237983383
2020-02-05,80.59071729957806,62.869198312236286,34.59915611814346,66.07594936708861,63.71611910478925
2020-02-06,79.11392405063292,54.219409282700425,29.957805907172997,61.81434599156118,63.37034217511142
2020-02-07,77.0042194092827,44.936708860759495,27.848101265822784,57.552742616033754,62.31259680073366
2020-02-10,78.69198312236287,53.37552742616034,30.168776371308013,61.392405063291136,62.14528921210775
2020-02-11,79.957805907173,57.80590717299579,32.278481012658226,63.776371308016884,62.44184959318214
2020-02-12,81.22362869198312,59.70464135021098,30.590717299578056,64.64135021097047,62.841758796416386
2020-02-13,80.59071729957806,67.9324894514768,40.50632911392405,68.77637130801688,63.92077925307101
2020-02-14,80.80168776371308,79.53586497890295,55.907172995780584,75.44303797468353,66.01573538427328
2020-02-18,78.05907172995781,69.62025316455697,44.936708860759495,68.90295358649789,66.54068414831413
2020-02-19,79.11392405063292,73.62869198312237,50.0,71.64556962025317,67.46884514321214
2020-02-20,79.53586497890295,70.25316455696202,47.257383966244724,70.29535864978902,67.98275668986248
2020-02-21,77.63713080168776,78.05907172995781,56.32911392405063,73.50210970464136,68.98627541982228
2020-02-24,66.87763713080169,48.10126582278481,21.09704641350211,52.088607594936704,65.91397217893399
2020-02-25,55.48523206751055,17.088607594936708,6.751054852320674,34.21940928270042,60.15132437961879
2020-02-26,51.89873417721519,13.080168776371309,4.219409282700422,30.71729957805907,54.799683506607934
2020-02-27,38.18565400843882,5.274261603375527,1.89873417721519,21.054852320675103,48.664259654620146
2020-02-28,28.902953586497894,4.008438818565401,0.8438818565400843,15.822784810126583,42.69308241016677
2020-03-02,47.04641350210971,8.016877637130802,2.320675105485232,26.39240506329114,39.729322892553014
2020-03-03,39.45147679324894,4.852320675105485,1.2658227848101267,21.434599156118143,36.403009485928486
2020-03-04,50.63291139240506,14.767932489451477,2.9535864978902953,30.337552742616033,35.300199168962585
2020-03-05,42.616033755274266,7.383966244725738,2.320675105485232,23.9873417721519,33.243316005906095
2020-03-06,38.18565400843882,4.430379746835443,2.109704641350211,20.843881856540083,30.988873433294092
2020-03-09,17.932489451476794,2.7426160337552745,0.8438818565400843,9.957805907172997,27.165042973999345
2020-03-10,28.270042194092827,4.852320675105485,1.4767932489451476,15.88607594936709,25.11432169679348
2020-03-11,14.767932489451477,2.109704641350211,0.42194092827004215,8.10126582278481,22.021038810610083
2020-03-12,6.118143459915612,0.6329113924050633,0.21097046413502107,3.2911392405063293,18.61560252513667
2020-03-13,13.71308016877637,2.7426160337552745,0.21097046413502107,7.721518987341772,16.63486006371941
2020-03-16,4.219409282700422,1.4767932489451476,0.21097046413502107,2.5949367088607596,14.08214672647238
2020-03-17,11.181434599156118,5.063291139240507,1.2658227848101267,7.362869198312236,12.860459903170536
2020-03-18,6.751054852320674,6.329113924050633,1.4767932489451476,5.5696202531645564,11.53485269407854
2020-03-19,5.46218487394958,4.411764705882353,1.050420168067227,4.264705882352941,10.213007819219339
2020-03-20,3.361344537815126,1.4705882352941175,0.21008403361344538,2.1638655462184873,8.749527405946456
2020-03-23,3.1512605042016806,1.050420168067227,0.0,1.8907563025210083,7.502478114414555
2020-03-24,5.2521008403361344,0.8403361344537815,0.0,2.8781512605042017,6.661691413703582
2020-03-25,4.831932773109244,0.6302521008403361,0.0,2.605042016806723,5.924118796085971
2020-03-26,10.084033613445378,5.042016806722689,0.0,6.554621848739496,6.038755714750248
2020-03-27,7.563025210084033,11.554621848739496,0.6302521008403361,7.3739495798319314,6.2815182356741905
2020-03-30,11.554621848739496,10.714285714285714,0.6302521008403361,9.117647058823529,6.7971780217013436
2020-03-31,10.294117647058822,18.277310924369747,0.42016806722689076,10.714285714285712,7.509379420353047
2020-04-01,7.563025210084033,42.857142857142854,3.7815126050420167,17.394957983193276,9.306757340869453
2020-04-02,8.823529411764707,21.428571428571427,2.5210084033613445,11.344537815126051,9.67726288164338
2020-04-03,8.823529411764707,59.45378151260504,17.22689075630252,25.693277310924373,12.589265505149017
2020-04-06,13.445378151260504,66.80672268907563,20.798319327731093,30.92436974789916,15.922920822012683
2020-04-07,13.025210084033615,85.08403361344537,48.529411764705884,41.74369747899159,20.61760748691794
2020-04-08,17.857142857142858,95.58823529411765,62.60504201680672,50.12605042016806,25.982778929327058
2020-04-09,20.3781512605042,99.36974789915966,87.60504201680672,57.52100840336135,31.71700247006057
2020-04-13,17.22689075630252,99.36974789915966,91.17647058823529,56.659663865546214,36.25203181469433
2020-04-14,23.739495798319325,97.89915966386555,77.31092436974791,56.70168067226891,39.9701497887988
2020-04-15,20.588235294117645,86.97478991596638,47.689075630252105,45.92436974789916,41.05273523590795
2020-04-16,23.319327731092436,66.80672268907563,29.831932773109244,37.668067226890756,40.437341052450286
2020-04-17,27.941176470588236,90.96638655462185,58.19327731092437,52.89915966386555,42.703126254525785
2020-04-20,24.159663865546218,79.62184873949579,33.61344537815126,42.68907563025209,42.700571595566934
2020-04-21,18.69747899159664,74.36974789915966,24.579831932773107,36.57563025210084,41.58694589675492
2020-04-22,21.84873949579832,94.32773109243698,64.49579831932773,52.1218487394958,43.50238277725326
2020-04-23,22.268907563025213,93.4873949579832,56.9327731092437,50.5672268907563,44.78689988879927
2020-04-24,24.159663865546218,96.42857142857143,74.36974789915966,55.882352941176464,46.80425498923148
2020-04-27,26.260504201680675,91.59663865546219,53.36134453781513,51.28151260504201,47.618301828469754
2020-04-28,25.630252100840334,91.80672268907563,55.25210084033614,51.40756302521008,48.307258409695265
2020-04-29,31.932773109243694,87.39495798319328,49.36974789915966,52.05882352941177,48.989361158734624
2020-04-30,27.100840336134453,65.33613445378151,28.991596638655466,38.94957983193277,47.16394637204338
2020-05-01,22.268907563025213,60.50420168067227,20.798319327731093,33.445378151260506,44.66966124099194
2020-05-04,24.369747899159663,46.008403361344534,13.865546218487395,28.76050420168067,41.77708723384443
2020-05-05,27.941176470588236,66.80672268907563,30.252100840336134,40.063025210084035,41.46543959316073
2020-05-06,27.521008403361346,61.76470588235294,28.15126050420168,37.92016806722689,40.82084477026367
2020-05-07,29.831932773109244,51.89075630252101,21.638655462184875,34.8109243697479,39.72813197016989
2020-05-08,32.142857142857146,70.7983193277311,39.705882352941174,45.25210084033614,40.73248994656375
2020-05-11,32.983193277310924,80.67226890756302,54.83193277310925,51.65966386554622,42.71924884092421
2020-05-12,29.831932773109244,62.60504201680672,30.252100840336134,39.747899159663866,42.17900344433142
2020-05-13,27.73109243697479,47.89915966386555,20.3781512605042,32.310924369747895,40.38480724895259
2020-05-14,29.831932773109244,47.26890756302521,18.067226890756302,32.71008403361345,38.98940302798184
2020-05-15,29.6218487394958,35.924369747899156,14.915966386554622,28.57142857142857,37.09522585406306
2020-05-18,36.134453781512605,56.51260504201681,24.159663865546218,39.85294117647059,37.596628639955334
2020-05-19,33.61344537815126,34.87394957983193,13.025210084033615,29.873949579831933,36.19250517447835
2020-05-20,37.81512605042017,56.9327731092437,26.89075630252101,41.365546218487395,37.1330580915709
2020-05-21,35.08403361344538,72.47899159663865,39.705882352941174,47.226890756302524,38.96830039424938
2020-05-22,36.554621848739494,73.31932773109243,39.49579831932773,48.17226890756302,40.64174921485186
2020-05-26,39.49579831932773,79.41176470588235,46.84873949579832,52.94117647058823,42.87800871589484
2020-05-27,45.79831932773109,91.38655462184873,68.27731092436974,63.97058823529411,46.71302317396744
2020-05-28,46.63865546218487,88.8655462184874,58.40336134453782,61.659663865546214,49.430594208799945
2020-05-29,46.84873949579832,84.66386554621849,44.957983193277315,57.815126050420176,50.95505454363999
2020-06-01,46.21848739495798,86.97478991596638,55.88235294117647,60.378151260504204,52.66834485579712
2020-06-02,48.739495798319325,94.11764705882352,79.62184873949579,68.52941176470588,55.55217520287144
2020-06-03,52.94117647058824,93.90756302521008,88.23529411764706,72.28991596638656,58.59540079623783
2020-06-04,52.3109243697479,92.43697478991596,84.03361344537815,70.69327731092437,60.79501470799903
2020-06-05,61.13445378151261,92.22689075630252,85.50420168067227,75.33613445378151,63.43885466177767
2020-06-08,66.80672268907563,92.43697478991596,84.45378151260505,78.02521008403362,66.09091928400602
2020-06-09,59.2436974789916,92.85714285714286,81.9327731092437,73.8655462184874,67.50448781754808
2020-06-10,53.36134453781513,92.85714285714286,73.10924369747899,69.15966386554622,67.8054289171841
2020-06-11,38.865546218487395,71.21848739495799,18.907563025210084,44.57983193277311,63.58259310183664
2020-06-12,41.596638655462186,76.47058823529412,28.781512605042014,49.495798319327726,61.02135768683502
2020-06-15,44.11764705882353,74.36974789915966,18.487394957983195,48.0672268907563,58.66606117845706
2020-06-16,48.319327731092436,70.58823529411765,20.588235294117645,49.45378151260504,56.99110123921124
2020-06-17,47.05882352941176,67.01680672268907,17.857142857142858,47.205882352941174,55.21197053261668
2020-06-18,46.42857142857143,62.60504201680672,18.69747899159664,45.73529411764706,53.488938457167656
2020-06-19,44.957983193277315,51.470588235294116,13.445378151260504,40.60924369747899,51.1471757735879
2020-06-22,44.537815126050425,44.957983193277315,9.873949579831933,37.73109243697479,48.707887894203694
2020-06-23,46.008403361344534,29.831932773109244,8.403361344537815,33.634453781512605,45.96726351007804
2020-06-24,38.655462184873954,18.277310924369747,6.302521008403361,26.071428571428573,42.349838975778134
2020-06-25,40.12605042016807,16.80672268907563,7.142857142857142,26.53361344537815,39.4741616066145
2020-06-26,36.97478991596639,11.974789915966387,3.9915966386554618,22.878151260504204,36.45670518004899
2020-06-29,40.54621848739496,15.126050420168067,4.201680672268908,25.651260504201684,34.49207887534948
2020-06-30,43.69747899159664,22.058823529411764,6.092436974789916,29.68487394957983,33.61804161611864
2020-07-01,44.957983193277315,67.01680672268907,32.35294117647059,49.054621848739494,36.424692567504245
2020-07-02,46.008403361344534,60.71428571428571,29.831932773109244,47.184873949579824,38.381089182427075
2020-07-06,47.89915966386555,58.61344537815126,27.941176470588236,47.121848739495796,39.970318192803205
2020-07-07,45.588235294117645,35.714285714285715,18.69747899159664,37.24789915966386,39.4753329140506
2020-07-08,45.168067226890756,40.12605042016807,19.747899159663866,38.57142857142857,39.3109866699375
2020-07-09,43.69747899159664,35.924369747899156,20.3781512605042,36.70168067226891,38.83656739763412
2020-07-10,45.168067226890756,45.79831932773109,23.739495798319325,41.07142857142857,39.24290579286948
2020-07-13,46.008403361344534,43.90756302521008,17.647058823529413,39.705882352941174,39.32708334924615
2020-07-14,49.36974789915966,57.98319327731093,26.47058823529412,47.37394957983194,40.79014993662538
2020-07-15,53.36134453781513,87.60504201680672,59.2436974789916,64.81092436974791,45.15756346992039
2020-07-16,53.99159663865546,80.67226890756302,52.10084033613446,61.617647058823536,48.150305940630055
2020-07-17,55.67226890756303,91.80672268907563,69.53781512605042,69.28571428571429,51.9931074579181
2020-07-20,53.99159663865546,81.09243697478992,56.9327731092437,62.71008403361344,53.94164865349907
2020-07-21,55.88235294117647,82.77310924369748,52.10084033613446,63.19327731092437,55.623762954849134
2020-07-22,59.2436974789916,85.29411764705883,56.9327731092437,66.59663865546219,57.61883126405151
2020-07-23,58.19327731092437,79.2016806722689,51.05042016806722,63.0672268907563,58.60944865072511
2020-07-24,56.30252100840336,69.11764705882352,39.705882352941174,56.82773109243696,58.28550000376364
2020-07-27,57.35294117647059,79.2016806722689,52.3109243697479,62.89915966386555,59.12434721469126
2020-07-28,55.67226890756303,74.57983193277312,44.537815126050425,59.117647058823536,59.123129004533496
2020-07-29,58.40336134453782,84.24369747899159,66.17647058823529,67.71008403361344,60.68439355527531
2020-07-30,57.773109243697476,76.47058823529412,51.05042016806722,62.03781512605042,60.93047020450714
2020-07-31,56.72268907563025,78.99159663865547,52.10084033613446,62.478991596638664,61.212019548531046
2020-08-03,56.9327731092437,72.47899159663865,47.05882352941176,59.621848739495796,60.92289758325192
2020-08-04,57.35294117647059,64.28571428571429,39.91596638655462,55.945378151260506,60.017894050162575
2020-08-05,60.08403361344538,67.64705882352942,43.0672268907563,58.94957983193277,59.82365510139353
2020-08-06,59.87394957983193,66.80672268907563,38.865546218487395,57.75210084033613,59.447008872110366
2020-08-07,62.39495798319328,72.05882352941177,52.73109243697479,63.36134453781513,60.15870626587487
2020-08-10,64.07563025210085,73.10924369747899,51.470588235294116,64.26470588235294,60.90525165068907
2020-08-11,64.49579831932773,65.54621848739495,43.48739495798319,60.60924369747899,60.85143202283269
2020-08-12,64.91596638655463,75.63025210084034,51.26050420168067,65.39915966386556,61.678291593929586
2020-08-13,64.07563025210085,77.52100840336135,51.68067226890757,65.63025210084034,62.39682986791336
2020-08-14,63.23529411764706,74.36974789915966,49.78991596638656,63.886554621848745,62.66768891408343
2020-08-17,63.23529411764706,79.2016806722689,53.36134453781513,66.05042016806722,63.2827309602623
2020-08-18,63.65546218487395,66.59663865546219,40.33613445378151,59.87394957983193,62.66295252745677
2020-08-19,63.65546218487395,71.21848739495799,45.588235294117645,62.3109243697479,62.59894740787334
2020-08-20,62.39495798319328,68.4873949579832,41.806722689075634,60.10504201680673,62.145510064043044
2020-08-21,61.97478991596639,61.5546218487395,39.705882352941174,57.39495798319328,61.28177332207036
2020-08-24,64.28571428571429,70.7983193277311,45.79831932773109,62.5420168067227,61.51090850109806
2020-08-25,64.70588235294117,67.22689075630252,38.865546218487395,60.294117647058826,61.28967380036366
2020-08-26,63.86554621848739,64.49579831932773,41.17647058823529,59.51680672268907,60.96733433169555
2020-08-27,65.96638655462185,63.65546218487395,37.60504201680672,59.600840336134446,60.71888087795717
2020-08-28,67.22689075630252,63.4453781512605,37.18487394957983,60.08403361344537,60.603454102591385
2020-08-31,65.96638655462185,56.30252100840336,37.60504201680672,57.39495798319327,60.02009117179173
2020-09-01,65.75630252100841,53.57142857142857,34.03361344537815,55.75630252100841,59.244856871649304
2020-09-02,69.74789915966386,73.73949579831933,48.94957983193277,66.78571428571428,60.61592185602475
2020-09-03,66.80672268907563,51.26050420168067,22.268907563025213,53.23529411764705,59.27398953995608
2020-09-04,66.80672268907563,46.21848739495798,19.747899159663866,51.21848739495798,57.80935278632006
2020-09-08,61.13445378151261,31.092436974789916,13.445378151260504,42.58403361344538,55.04111293670648
2020-09-09,64.49579831932773,49.159663865546214,20.168067226890756,51.029411764705884,54.31171272361546
2020-09-10,61.5546218487395,39.49579831932773,15.966386554621847,45.81932773109244,52.767642724974905
2020-09-11,62.39495798319328,45.79831932773109,17.857142857142858,48.508403361344534,51.993235567951196
2020-09-14,66.17647058823529,47.89915966386555,21.008403361344538,51.659663865546214,51.932586167513925
2020-09-15,66.59663865546219,49.78991596638656,21.428571428571427,52.52100840336134,52.03957202857709
2020-09-16,68.4873949579832,52.73109243697479,26.680672268907564,55.39915966386555,52.65040614408408
2020-09-17,67.01680672268907,45.378151260504204,19.327731092436977,50.98739495798319,52.34804047388392
2020-09-18,63.86554621848739,32.35294117647059,9.663865546218489,43.57142857142857,50.752292855255675
2020-09-21,58.40336134453782,19.747899159663866,5.042016806722689,36.134453781512605,48.09450393275693
2020-09-22,58.82352941176471,20.168067226890756,3.7815126050420167,36.21848739495798,45.93522819861166
2020-09-23,54.41176470588235,6.932773109243698,1.050420168067227,29.49579831932773,42.94624094783276
2020-09-24,55.04201680672269,14.07563025210084,2.941176470588235,32.331932773109244,41.01636673424667
2020-09-25,59.87394957983193,24.789915966386555,6.722689075630252,38.71848739495798,40.59857049073963
2020-09-28,62.81512605042017,55.25210084033614,22.899159663865547,52.563025210084035,42.7739258942568
2020-09-29,61.5546218487395,36.344537815126046,11.76470588235294,44.03361344537815,43.002959994460674
2020-09-30,62.68343815513627,55.76519916142557,23.060796645702304,52.683438155136265,44.76304693276533
2020-10-01,63.941299790356396,51.78197064989518,25.157232704402517,52.536687631027256,46.17643615063113
2020-10-02,64.77987421383648,42.55765199161425,14.675052410901468,48.09224318658281,46.52476470262235
2020-10-05,69.60167714884696,56.81341719077568,23.060796645702304,56.457023060796644,48.33062985865404
2020-10-06,67.71488469601678,45.492662473794546,16.771488469601678,50.85953878406709,48.79043148145641
2020-10-07,72.53668763102725,62.893081761006286,28.721174004192875,60.880503144654085,50.988626329310534
2020-10-08,75.68134171907757,80.92243186582809,48.42767295597484,71.80293501048217,54.77304608952356
2020-10-09,76.51991614255765,89.937106918239,72.53668763102725,79.74842767295597,59.31402455923855
2020-10-12,77.14884696016772,90.35639412997904,72.95597484276729,80.27253668763103,63.12466312803718
2020-10-13,74.84276729559748,94.33962264150944,81.34171907756813,81.9916142557652,66.55501787853318
2020-10-14,74.84276729559748,94.75890985324948,78.40670859538784,81.53039832285116,69.27781432295463
2020-10-15,75.26205450733752,89.51781970649894,71.48846960167715,78.78406708595388,71.00622391622721
2020-10-16,75.05241090146751,80.92243186582809,60.167714884696025,73.83647798742139,71.52081556553526
2020-10-19,71.27882599580713,76.31027253668763,52.20125786163522,68.97274633123689,71.05753025020829
2020-10-20,72.74633123689728,76.10062893081762,50.943396226415096,69.39203354297695,70.75471266707532
2020-10-21,71.9077568134172,70.64989517819707,47.16981132075472,66.58280922431867,69.9961847683923
2020-10-22,75.47169811320755,75.26205450733752,50.314465408805034,70.37735849056604,70.0654890815148
2020-10-23,75.47169811320755,66.87631027253668,43.39622641509434,66.47798742138365,69.41321605240005
2020-10-26,69.81132075471697,58.490566037735846,30.81761006289308,58.61635220125786,67.45014989764692
2020-10-27,66.66666666666666,36.268343815513624,16.9811320754717,47.61006289308175,63.84286135136235
2020-10-28,57.65199161425576,14.255765199161424,4.821802935010482,34.067085953878404,58.42908400636527
2020-10-29,61.21593291404612,16.561844863731658,5.450733752620545,36.666666666666664,54.4722808536928
2020-10-30,59.958071278826,10.90146750524109,3.3542976939203357,33.92033542976939,50.73556350388855
2020-11-02,67.9245283018868,27.044025157232703,8.385744234800839,43.75262054507337,49.4659375113767
2020-11-03,72.74633123689728,42.9769392033543,14.884696016771489,52.24318658280922,49.9708918880008
2020-11-04,73.58490566037736,40.461215932914044,11.320754716981133,51.19496855345911,50.19345128172049
2020-11-05,76.72955974842768,54.71698113207547,20.335429769392032,58.84696016771488,51.76681653371947
2020-11-06,74.84276729559748,60.58700209643606,27.67295597484277,61.132075471698116,53.469590886079224
2020-11-09,83.43815513626835,72.11740041928721,43.18658280922432,71.9916142557652,56.8372314987494
2020-11-10,85.53459119496856,74.84276729559748,50.314465408805034,75.28301886792453,60.19101102041761
2020-11-11,85.53459119496856,79.66457023060796,40.041928721174,74.67505241090147,62.824473091414674
2020-11-12,83.22851153039832,65.19916142557652,27.044025157232703,66.58280922431865,63.50780693376086
2020-11-13,87.84067085953879,83.64779874213836,53.24947589098532,79.66457023060798,66.44540026046035
2020-11-16,89.72746331236897,85.74423480083857,65.82809224318659,83.75262054507337,69.59216758493544
2020-11-17,89.937106918239,91.82389937106919,78.40670859538784,88.19706498951781,72.97487620395042
2020-11-18,88.0503144654088,87.63102725366876,70.23060796645703,84.36058700209644,75.04500543997696
2020-11-19,88.0503144654088,91.40461215932913,76.31027253668763,86.70859538784066,77.16565815777037
2020-11-20,87.21174004192872,87.63102725366876,64.98951781970649,82.8930817610063,78.20700790381326
2020-11-23,89.51781970649894,83.22851153039832,59.74842767295597,81.67714884696016,78.83794262074906
2020-11-24,90.77568134171908,78.61635220125787,64.36058700209644,81.84486373165618,79.38465555000491
2020-11-25,90.56603773584906,74.63312368972747,57.23270440251572,79.11949685534593,79.33644487824873
2020-11-27,90.56603773584906,73.79454926624737,56.60377358490566,78.74213836477988,79.22838914852711
2020-11-30,90.14675052410901,70.23060796645703,39.83228511530398,74.1090146750524,78.29759378971352
2020-12-01,92.0335429769392,71.9077568134172,42.138364779874216,76.0167714884696,77.88289882585099
2020-12-02,92.0335429769392,66.87631027253668,42.55765199161425,74.59119496855345,77.28440721543326
2020-12-03,91.61425576519916,72.95597484276729,52.83018867924528,78.25995807127882,77.46178009831426
2020-12-04,90.98532494758909,70.44025157232704,51.15303983228512,76.85534591194968,77.35151933715707
2020-12-07,90.98532494758909,60.58700209643606,38.15513626834382,71.29979035639413,76.25120497701836
2020-12-08,91.61425576519916,64.77987421383648,42.138364779874216,73.66876310272536,75.78167009078327
2020-12-09,91.0041841004184,72.17573221757321,45.81589958158996,76.31799163179915,75.8791830982407
2020-12-10,90.39665970772442,64.71816283924844,43.63256784968685,73.34029227557411,75.41756658502861
2020-12-11,90.18789144050105,65.76200417536533,43.0062630480167,73.42379958246346,75.05506349365314
2020-12-14,89.97912317327767,55.94989561586638,29.018789144050107,67.57828810020877,73.69564978575416
2020-12-15,91.02296450939458,53.23590814196242,27.348643006263046,66.95198329853862,72.46952860626043
2020-12-16,90.18789144050105,56.57620041753654,30.48016701461378,68.16283924843424,71.68649417756475
2020-12-17,90.6054279749478,64.30062630480167,34.23799582463465,71.44050104384134,71.6417681532514
2020-12-18,89.56158663883089,68.26722338204593,41.962421711899786,73.65344467640918,72.00752752109828
2020-12-21,88.72651356993737,55.741127348643005,29.853862212943632,67.05636743215031,71.10731659583502
2020-12-22,88.10020876826722,55.741127348643005,30.89770354906054,66.95198329853862,70.35180145087203
2020-12-23,88.51774530271399,57.20250521920668,30.062630480167012,67.43215031315239,69.82095578946846
2020-12-24,89.56158663883089,48.43423799582464,23.173277661795407,63.94572025052192,68.75273114602362
2020-12-28,89.56158663883089,54.07098121085595,27.97494780793319,66.59707724425887,68.36079407297548
2020-12-29,89.35281837160751,45.72025052192067,21.920668058455114,62.77661795407098,67.34548932408374
2020-12-30,89.35281837160751,55.11482254697286,28.81002087682672,66.97286012526096,67.27773856066142
2020-12-31,91.02296450939458,68.05845511482255,40.91858037578288,74.11273486430063,68.5204651613231
2021-01-04,89.35281837160751,51.356993736951985,25.052192066805844,65.09394572025052,67.89746162658263
2021-01-05,89.35281837160751,67.01461377870564,38.413361169102295,72.4634655532359,68.72764415870141
2021-01-06,90.6054279749478,65.97077244258872,42.17118997912318,73.52818371607515,69.60046953276937
2021-01-07,89.56158663883089,70.56367432150313,50.939457202505224,76.13778705636743,70.7890727188781
2021-01-08,90.18789144050105,68.26722338204593,44.05010438413361,74.38413361169103,71.442720153935
2021-01-11,89.77035490605428,65.97077244258872,45.3027139874739,73.73695198329852,71.85985321381928
2021-01-12,88.93528183716074,70.56367432150313,54.48851774530271,76.53444676409185,72.70977931386884
2021-01-13,89.35281837160751,71.18997912317327,53.027139874739035,76.63883089770354,73.42415232911151
2021-01-14,88.51774530271399,67.64091858037578,50.52192066805845,74.65553235908142,73.64803960728784
2021-01-15,88.93528183716074,64.92693110647181,43.21503131524008,72.58872651356994,73.45543722661186
2021-01-19,89.14405010438414,64.71816283924844,42.379958246346554,72.46346555323592,73.27507874054352
2021-01-20,89.56158663883089,74.32150313152401,50.31315240083507,77.13987473903966,73.97776892208827
2021-01-21,88.93528183716074,68.4759916492693,43.42379958246347,73.69519832985385,73.92639245077292
2021-01-22,88.51774530271399,60.125260960334025,37.160751565762006,69.72860125260961,73.1631576874705
2021-01-25,89.35281837160751,74.11273486430062,47.59916492693111,76.43006263048017,73.75714040438135
2021-01-26,89.77035490605428,63.88308977035491,35.281837160751564,71.10647181628393,73.2752006610909
2021-01-27,86.43006263048017,32.5678496868476,16.2839248434238,56.242171189979125,70.17828621179785
2021-01-28,86.84759916492693,35.07306889352819,14.40501043841336,56.8267223382046,67.75072914387181
2021-01-29,83.29853862212944,24.21711899791232,8.768267223382047,50.668058455114824,64.64478901864327
2021-02-01,85.80375782881002,31.732776617954073,13.361169102296449,55.093945720250524,62.90827205529913
2021-02-02,87.68267223382045,37.36951983298539,16.075156576200417,58.26722338204593,62.06444502379855
2021-02-03,86.84759916492693,35.699373695198325,13.778705636743215,56.889352818371606,61.12351916826638
2021-02-04,88.10020876826722,46.13778705636743,19.206680584551147,61.732776617954066,61.23429325002777
2021-02-05,87.47390396659708,52.4008350730689,22.546972860125262,63.96659707724426,61.73107576406713
2021-02-08,87.68267223382045,59.91649269311065,26.722338204592898,67.160751565762,62.71828954619346
2021-02-09,88.30897703549061,54.07098121085595,22.755741127348646,64.92693110647183,63.11986073897135
2021-02-10,87.91666666666667,63.541666666666664,29.166666666666668,68.85416666666667,64.16246181673414
2021-02-11,86.66666666666667,66.04166666666667,30.416666666666664,69.22916666666667,65.08368088035823
2021-02-12,86.04166666666667,68.54166666666667,39.58333333333333,71.5,66.25028435665673
2021-02-16,85.41666666666666,66.25,42.70833333333333,71.125,67.13659629181005
2021-02-17,86.45833333333334,78.95833333333333,58.958333333333336,78.70833333333334,69.24054848117792
2021-02-18,87.08333333333333,74.375,48.95833333333333,75.64583333333333,70.40514572702436
2021-02-19,85.41666666666666,78.75,64.375,79.20833333333333,72.0057252918078
2021-02-22,83.95833333333333,69.79166666666666,54.37499999999999,73.79166666666666,72.3304419054185
2021-02-23,82.70833333333333,63.125,46.458333333333336,69.58333333333333,71.83096761958483
2021-02-24,83.33333333333334,67.29166666666667,51.24999999999999,72.10416666666667,71.8806401735997
2021-02-25,80.41666666666667,54.79166666666667,35.625,63.770833333333336,70.40612983900581
2021-02-26,77.29166666666667,48.125,26.666666666666668,58.41666666666667,68.22622744403506
2021-03-01,81.04166666666667,54.166666666666664,32.083333333333336,63.1875,67.31009518148322
2021-03-02,79.79166666666667,52.916666666666664,31.874999999999996,62.145833333333336,66.3711384818196
2021-03-03,78.125,48.125,30.833333333333336,59.66666666666667,65.15214360633725
2021-03-04,75.0,39.375,22.083333333333332,53.729166666666664,63.07523870821533
2021-03-05,79.375,52.5,30.625000000000004,61.5625,62.80019530672163
2021-03-08,78.33333333333333,58.54166666666667,37.708333333333336,64.27083333333333,63.06758403883285
2021-03-09,81.66666666666667,58.333333333333336,32.708333333333336,64.875,63.396205122681415
2021-03-10,82.29166666666666,64.16666666666667,43.125,69.02083333333333,64.4188647973454
2021-03-11,83.125,65.0,41.25,69.3125,65.30861665237352
2021-03-12,84.16666666666667,72.5,45.208333333333336,72.875,66.68432271557833
2021-03-15,85.625,77.70833333333333,45.208333333333336,75.16666666666667,68.22656707032168
2021-03-16,86.875,66.45833333333333,33.958333333333336,70.16666666666667,68.57931245147532
2021-03-17,86.25,82.70833333333333,52.916666666666664,78.52083333333333,70.38686170272223
2021-03-18,84.79166666666667,75.625,50.416666666666664,75.16666666666667,71.25591715071214
2021-03-19,84.79166666666667,63.95833333333333,36.25,68.83333333333333,70.81544736573417
2021-03-22,86.66666666666667,70.0,38.958333333333336,72.12500000000001,71.0535478446916
2021-03-23,86.66666666666667,64.375,36.45833333333333,69.9375,70.85063005474767
2021-03-24,86.04166666666667,75.41666666666667,46.666666666666664,74.97916666666667,71.60127307509659
2021-03-25,86.45833333333334,68.75,40.0,71.85416666666667,71.64725372810933
2021-03-26,90.0,77.70833333333333,53.75,79.0625,72.99548032299855
2021-03-29,91.25,72.70833333333333,47.291666666666664,76.89583333333333,73.70463541578668
2021-03-30,88.95833333333333,68.125,40.833333333333336,73.08333333333333,73.59167140079516
2021-03-31,90.83333333333333,62.5,36.25,71.41666666666666,73.19621599458999
2021-04-01,92.08333333333333,65.625,41.66666666666667,74.06249999999999,73.35372217739182
2021-04-05,93.54166666666667,67.29166666666667,41.458333333333336,75.25000000000001,73.69849996332059
2021-04-06,93.54166666666667,77.29166666666667,43.541666666666664,78.66666666666667,74.6018030002926
2021-04-07,92.70833333333334,70.625,38.333333333333336,75.20833333333334,74.71208124266366
2021-04-08,92.08333333333333,74.58333333333333,49.583333333333336,78.33333333333333,75.37049071369451
2021-04-09,92.08333333333333,82.91666666666667,55.208333333333336,81.95833333333333,76.56828028090156
2021-04-12,92.5,82.70833333333333,61.458333333333336,83.35416666666667,77.80207780558614
2021-04-13,93.54166666666667,91.25,71.875,88.52083333333334,79.75094244699473
2021-04-14,92.93139293139293,92.93139293139293,76.29937629937629,89.60498960498961,81.54258738481198
2021-04-15,94.39834024896265,88.38174273858921,69.50207468879668,87.61410788381743,82.64650020281297
2021-04-16,94.6058091286307,83.40248962655602,55.601659751037346,83.44398340248962,82.79149714820872
2021-04-19,93.98340248962656,84.64730290456431,58.298755186722,84.04564315352698,83.01952369463022
2021-04-20,94.6058091286307,75.31120331950207,50.829875518672196,80.06224066390041,82.48183587086116
2021-04-21,94.81327800829875,86.30705394190872,64.73029045643153,86.2448132780083,83.16601358125155
2021-04-22,94.39834024896265,73.23651452282157,54.149377593360995,80.0,82.59037474829671
2021-04-23,94.39834024896265,74.48132780082987,51.45228215767634,79.83402489626556,82.08922022974559
2021-04-26,93.7759336099585,75.51867219917013,49.1701244813278,79.37759336099585,81.59619716270018
2021-04-27,93.56846473029046,76.14107883817427,53.941908713692946,80.4149377593361,81.38142272572489
2021-04-28,92.9460580912863,76.14107883817427,50.829875518672196,79.48132780082987,81.03595092119852
2021-04-29,92.9460580912863,75.72614107883817,53.7344398340249,79.93775933609957,80.83627972390781
2021-04-30,92.32365145228216,68.67219917012449,40.45643153526971,74.85477178423236,79.748732825785
2021-05-03,92.5311203319502,72.82157676348547,51.867219917012456,78.48547717842324,79.51904998081014
2021-05-04,92.11618257261411,67.84232365145229,47.0954356846473,75.82987551867221,78.84829098769416
2021-05-05,92.11618257261411,64.10788381742739,41.286307053941904,73.54771784232366,77.88455041580862
2021-05-06,91.49377593360995,63.07053941908713,41.49377593360996,72.96680497925311,76.99041488188944
2021-05-07,91.07883817427386,72.61410788381743,48.3402489626556,76.99170124481327,76.9906487660574
2021-05-10,90.45643153526972,70.74688796680498,49.79253112033195,76.41078838174275,76.88521960527292
2021-05-11,90.66390041493776,57.05394190871369,34.439834024896264,69.33609958506224,75.51265232887098
2021-05-12,87.13692946058092,43.36099585062241,24.896265560165975,61.55601659751038,72.97508219589633
2021-05-13,87.96680497925311,49.1701244813278,30.08298755186722,64.75103734439834,71.4798013138058
2021-05-14,90.66390041493776,58.298755186722,37.75933609958506,70.3734439834025,71.27864543555064
2021-05-17,88.79668049792531,55.809128630705395,34.85477178423236,68.11203319502074,70.7028977554543
2021-05-18,87.96680497925311,52.074688796680505,28.008298755186722,65.20746887966806,69.7037288689477
2021-05-19,87.96680497925311,40.66390041493776,16.390041493775932,59.46058091286307,67.84133833147777
2021-05-20,90.45643153526972,51.45228215767634,23.858921161825727,65.4356846473029,67.40394675253688
2021-05-21,89.21161825726142,48.7551867219917,20.33195020746888,63.29875518672199,66.65754828602508
2021-05-24,90.45643153526972,55.601659751037346,22.821576763485478,66.47302904564316,66.62399933322837
2021-05-25,90.66390041493776,50.20746887966805,17.842323651452283,63.96265560165975,66.14011865476135
2021-05-26,89.62655601659752,47.0954356846473,16.59751037344398,62.261410788381745,65.43489904269232
2021-05-27,89.41908713692946,42.11618257261411,12.033195020746888,59.75103734439834,64.40146964300251
2021-05-28,90.04149377593362,46.88796680497925,20.539419087136928,63.19502074688797,64.18211529825442
2021-06-01,88.79668049792531,61.41078838174274,30.91286307053942,69.00414937759336,65.05884876722513
2021-06-02,89.00414937759335,81.12033195020747,57.46887966804979,80.33195020746886,67.8357763018149
2021-06-03,87.96680497925311,64.93775933609959,40.45643153526971,71.55601659751036,68.512183628305
2021-06-04,89.62655601659752,59.33609958506224,34.85477178423236,69.5850622406639,68.7072524669157
2021-06-07,88.79668049792531,57.46887966804979,35.06224066390041,68.65145228215768,68.69710697877788
2021-06-08,88.79668049792531,66.80497925311202,44.190871369294605,73.27800829875518,69.52999812786466
2021-06-09,88.79668049792531,67.01244813278008,42.11618257261411,72.92531120331951,70.14732777794735
2021-06-10,89.83402489626556,60.58091286307054,38.38174273858922,70.76763485477179,70.26011088282452
2021-06-11,90.87136929460581,63.27800829875518,42.738589211618255,72.96680497925311,70.75223708217517
2021-06-14,90.66390041493776,54.77178423236515,35.06224066390041,68.7759336099585,70.39290917813578
2021-06-15,90.45643153526972,59.54356846473029,39.211618257261414,70.93360995850622,70.4912184109304
2021-06-16,89.00414937759335,51.45228215767634,28.21576763485477,65.58091286307052,69.5984355840468
2021-06-17,89.41908713692946,43.56846473029046,25.933609958506228,62.96680497925311,68.3926845649934
2021-06-18,86.09958506224066,30.08298755186722,15.560165975103734,55.18672199170125,65.99160046075846
2021-06-21,87.75933609958506,41.286307053941904,22.199170124481327,60.70539419087137,65.03047204805172
2021-06-22,87.75933609958506,40.66390041493776,24.273858921161825,60.933609958506224,64.28558803177071
2021-06-23,87.13692946058092,40.66390041493776,23.443983402489625,60.45643153526971,63.589377759679614
2021-06-24,88.38174273858921,38.796680497925315,23.443983402489625,60.51867219917012,63.031067657768794
2021-06-25,89.83402489626556,44.398340248962654,27.593360995850624,63.755186721991706,63.16272566944569
2021-06-28,90.24896265560166,44.398340248962654,27.178423236514522,63.87966804979253,63.29307882950875
2021-06-29,88.79668049792531,44.190871369294605,27.800829875518673,63.21576763485477,63.27902224866257
2021-06-30,89.21161825726142,43.983402489626556,26.556016597510375,63.11203319502075,63.248660602545876
2021-07-01,90.04149377593362,47.5103734439834,25.518672199170123,64.37759336099585,63.45392110408223
2021-07-02,90.87136929460581,51.65975103734441,28.838174273858918,66.70124481327801,64.04434359666328
2021-07-06,89.62655601659752,45.43568464730291,27.593360995850624,63.962655601659755,64.02949123393536
2021-07-07,90.24896265560166,53.7344398340249,37.75933609958506,68.79668049792531,64.89625291829717
2021-07-08,88.17427385892115,52.4896265560166,31.742738589211616,66.18257261410788,65.13012922662638
2021-07-09,90.45643153526972,87.13692946058092,58.298755186722,83.02904564315352,68.38447766599496
2021-07-12,89.62655601659752,72.19917012448133,45.643153526970956,75.60165975103735,69.69669259054812
2021-07-13,88.38174273858921,64.31535269709543,36.51452282157676,70.7883817427386,69.89518152731003
2021-07-14,87.96680497925311,66.59751037344398,41.70124481327801,72.30290456431536,70.3329493522201
2021-07-15,88.17427385892115,59.95850622406639,37.96680497925311,69.66804979253111,70.21205852318573
2021-07-16,86.30705394190872,49.1701244813278,31.950207468879665,64.29460580912864,69.1361580297208
2021-07-19,79.25311203319502,36.51452282157676,19.91701244813278,54.56431535269709,66.48673208844376
2021-07-20,84.43983402489627,50.0,28.838174273858918,62.98755186721992,65.85051750276669
2021-07-21,86.09958506224066,56.016597510373444,28.21576763485477,65.49792531120332,65.78640983157337
2021-07-22,84.64730290456431,47.0954356846473,28.42323651452282,62.13692946058091,65.12286794593837
2021-07-23,86.09958506224066,53.7344398340249,31.327800829875518,65.4356846473029,65.17974370982283
2021-07-26,86.30705394190872,63.07053941908713,30.91286307053942,68.25726141078839,65.73929238272565
2021-07-27,87.96680497925311,57.676348547717836,27.593360995850624,66.80497925311204,65.93305363188682
2021-07-28,87.75933609958506,68.04979253112033,33.19502074688796,70.93360995850622,66.84224569127217
2021-07-29,87.5776397515528,58.38509316770186,31.262939958592135,67.55693581780538,66.97218935064184
2021-07-30,86.5424430641822,53.62318840579711,28.778467908902694,65.11387163561076,66.63431340245437
2021-08-02,85.30020703933747,59.21325051759835,35.196687370600415,67.45341614906832,66.783241174566
2021-08-03,86.5424430641822,65.0103519668737,38.302277432712216,70.43478260869566,67.44715779895321
2021-08-04,83.02277432712215,56.10766045548654,34.78260869565217,65.30020703933747,67.05680311538671
2021-08-05,83.02277432712215,71.84265010351967,40.37267080745342,71.13871635610766,67.79896915915415
2021-08-06,83.22981366459628,82.6086956521739,66.25258799171843,79.648033126294,69.95334442590686
2021-08-09,82.6086956521739,72.04968944099379,49.06832298136646,72.73291925465838,70.45872166749805
2021-08-10,83.64389233954451,67.08074534161491,46.16977225672878,71.18012422360248,70.58988576860796
2021-08-11,84.472049689441,71.42857142857143,54.24430641821946,74.5134575569358,71.30326245739484
2021-08-12,84.26501035196688,67.90890269151139,47.4120082815735,71.98757763975155,71.42768339964152
2021-08-13,83.64389233954451,66.87370600414079,47.4120082815735,71.36645962732919,71.41655180467565
2021-08-16,83.4368530020704,69.35817805383023,49.4824016563147,72.4223602484472,71.59942606717956
2021-08-17,81.57349896480332,66.0455486542443,43.89233954451346,69.37888198757764,71.19569077997922
2021-08-18,78.88198757763976,51.96687370600414,27.74327122153209,60.57971014492754,69.26551248269709
2021-08-19,75.15527950310559,52.17391304347826,29.81366459627329,59.19254658385093,67.43406413745234
2021-08-20,76.19047619047619,58.17805383022774,34.989648033126294,62.54658385093168,66.54543135808494
2021-08-23,79.91718426501035,55.48654244306418,30.22774327122153,62.65010351966874,65.83718993291835
2021-08-24,81.15942028985508,66.66666666666666,39.33747412008282,68.44720496894409,66.31173812128667
2021-08-25,82.40165631469979,66.87370600414079,38.50931677018634,68.9648033126294,66.79411361062171
2021-08-26,79.29606625258799,55.48654244306418,27.32919254658385,61.75983436853002,65.87879011205959
2021-08-27,82.40165631469979,66.66666666666666,35.196687370600415,68.24016563146998,66.30813111558876
2021-08-30,80.95238095238095,61.49068322981367,34.368530020703936,65.79710144927536,66.2152166308045
2021-08-31,80.95238095238095,53.83022774327122,30.434782608695656,62.71221532091098,65.57830730173295
2021-09-01,80.53830227743272,56.935817805383024,32.71221532091098,63.89233954451346,65.27176770951122
2021-09-02,81.57349896480332,63.35403726708074,37.267080745341616,67.2463768115942,65.63078754625359
2021-09-03,79.71014492753623,57.14285714285714,33.126293995859214,63.62318840579711,65.26576952071605
2021-09-07,77.4327122153209,53.20910973084886,28.985507246376812,60.47619047619047,64.39493696716595
2021-09-08,74.94824016563147,64.38923395445134,40.57971014492754,64.90683229813664,64.48800884552425
2021-09-09,74.74120082815735,65.63146997929607,39.75155279503105,65.0103519668737,64.58298032213325
2021-09-10,73.29192546583852,50.931677018633536,27.536231884057973,57.43271221532091,63.2829315754401
2021-09-13,75.98343685300208,50.103519668737064,21.94616977225673,57.412008281573506,62.215490976555266
2021-09-14,73.29192546583852,37.88819875776397,17.184265010351968,51.44927536231884,60.257997228512274
2021-09-15,75.56935817805382,41.821946169772254,21.11801242236025,54.55486542443063,59.221064173224704
2021-09-16,73.49896480331263,45.962732919254655,24.016563146997928,55.3416149068323,58.51570976115336
2021-09-17,71.2215320910973,28.985507246376812,13.457556935817806,46.99792960662525,56.42156791487552
2021-09-20,66.87370600414079,18.84057971014493,5.590062111801243,40.20703933747412,53.47347180989345
2021-09-21,64.18219461697723,18.426501035196686,6.832298136645963,38.98550724637681,50.8392964347086
2021-09-22,68.11594202898551,24.84472049689441,9.109730848861282,43.333333333333336,49.47457587082218
2021-09-23,73.29192546583852,30.641821946169774,13.871635610766045,48.6128364389234,49.31789597411331
2021-09-24,73.70600414078675,32.91925465838509,16.35610766045549,50.0,49.44191488791089
2021-09-27,73.70600414078675,38.923395445134574,22.15320910973085,52.96066252587991,50.08168718572344
2021-09-28,67.49482401656314,30.22774327122153,16.977225672877847,46.211180124223596,49.377958629087104
2021-09-29,69.77225672877847,33.126293995859214,15.734989648033126,47.971014492753625,49.12215060429919
2021-09-30,62.11180124223602,26.293995859213247,12.836438923395447,41.511387163561075,47.7383754332559
2021-10-01,66.25258799171843,30.434782608695656,15.113871635610765,45.27950310559007,47.29130773731666
2021-10-04,65.0103519668737,31.262939958592135,17.184265010351968,45.320910973084885,46.933053780183606
2021-10-05,66.66666666666666,30.848861283643892,16.35610766045549,45.85921325051759,46.73781004751706
2021-10-06,69.77225672877847,35.61076604554865,19.66873706004141,49.50310559006211,47.24059105525252
2021-10-07,69.77225672877847,47.20496894409938,24.22360248447205,53.89233954451346,48.449999871481786
2021-10-08,67.49482401656314,53.41614906832298,32.50517598343685,56.273291925465834,49.8724166085698
2021-10-11,64.59627329192547,52.79503105590062,32.298136645962735,54.59627329192547,50.7312996419072
2021-10-12,64.80331262939958,47.61904761904761,27.74327122153209,52.2360248447205,51.004886042418704
2021-10-13,66.66666666666666,40.993788819875775,25.25879917184265,50.68322981366459,50.94640309173614
2021-10-14,73.91304347826086,53.62318840579711,32.091097308488614,59.46169772256729,52.49463847915998
2021-10-15,73.91304347826086,57.14285714285714,33.126293995859214,60.72463768115942,53.99100197043261
2021-10-18,72.87784679089026,72.46376811594203,47.82608695652174,67.74327122153208,56.49141456154161
2021-10-19,75.36231884057972,75.36231884057972,48.24016563146998,69.93788819875778,58.93622795012637
2021-10-20,77.63975155279503,87.16356107660455,70.39337474120083,79.04761904761905,62.592844513306865
2021-10-21,77.01863354037268,82.19461697722568,65.21739130434783,76.2111801242236,65.06890553347355
2021-10-22,77.84679089026915,86.74948240165632,73.49896480331263,79.648033126294,67.71965600489544
2021-10-25,76.81159420289855,85.09316770186336,68.53002070393374,77.63975155279503,69.52330974087718
2021-10-26,76.60455486542443,84.88612836438924,63.35403726708074,76.43892339544513,70.78069404170772
2021-10-27,72.46376811594203,68.11594202898551,46.3768115942029,65.94202898550725,69.90093675876217
2021-10-28,75.15527950310559,75.98343685300208,55.27950310559007,71.42857142857143,70.1786885169093
2021-10-29,72.87784679089026,73.70600414078675,56.31469979296067,69.8136645962733,70.11232053133912
2021-11-01,74.53416149068323,79.29606625258799,59.62732919254658,72.98136645962734,70.63396524557334
2021-11-02,73.49896480331263,78.4679089026915,59.21325051759835,72.13250517598344,70.90642705110245
2021-11-03,76.19047619047619,74.12008281573499,51.5527950310559,70.64182194616977,70.85831703202378
2021-11-04,73.91304347826086,70.1863354037267,46.3768115942029,67.28778467908901,70.20912933149019
2021-11-05,77.22567287784679,77.4327122153209,54.037267080745345,72.65010351966873,70.65294282024992
2021-11-08,76.3975155279503,72.46376811594203,46.3768115942029,69.21325051759834,70.39118058340418
2021-11-09,77.01863354037268,64.18219461697723,43.68530020703933,66.50103519668738,69.68388142218294
2021-11-10,76.19047619047619,61.07660455486542,34.57556935817806,63.33333333333333,68.52923631511938
2021-11-11,74.74120082815735,59.42028985507246,33.126293995859214,61.82194616977226,67.30972901596536
2021-11-12,75.56935817805382,62.732919254658384,37.47412008281574,64.09937888198756,66.72602899160576
2021-11-15,75.77639751552795,63.14699792960663,37.68115942028986,64.36853002070393,66.29739281507815
2021-11-16,74.94824016563147,72.67080745341616,49.896480331262936,69.25465838509317,66.8350774641718
2021-11-17,73.91304347826086,63.56107660455487,39.33747412008282,63.89233954451345,66.3000342060521
2021-11-18,72.46376811594203,61.28364389233955,38.71635610766045,62.360248447204974,65.58370952262536
2021-11-19,71.84265010351967,51.75983436853002,33.126293995859214,58.07453416149069,64.21840491150996
2021-11-22,73.08488612836439,52.587991718426494,30.22774327122153,58.36438923395445,63.154038424681694
2021-11-23,74.32712215320912,51.345755693581786,26.70807453416149,57.90890269151139,62.200377382287094
2021-11-24,73.29192546583852,54.6583850931677,28.36438923395445,58.71635610766046,61.5669189687186
2021-11-26,66.25258799171843,28.157349896480333,12.008281573498964,43.975155279503106,58.36841647977033
2021-11-29,68.32298136645963,35.61076604554865,17.391304347826086,48.32298136645963,56.54197373189566
2021-11-30,59.006211180124225,17.598343685300208,5.797101449275362,35.94202898550724,52.7965292325523
2021-12-01,54.24430641821946,15.527950310559005,6.418219461697723,33.064182194616976,49.20882977110951
2021-12-02,61.904761904761905,26.91511387163561,8.902691511387163,40.80745341614907,47.68130679748033
2021-12-03,59.8343685300207,24.84472049689441,6.211180124223603,38.612836438923395,46.03249400501543
2021-12-06,66.87370600414079,28.36438923395445,6.418219461697723,43.22981366459627,45.522915761302855
2021-12-07,70.80745341614907,36.64596273291926,11.594202898550725,48.71635610766046,46.10354127882242
2021-12-08,71.01449275362319,44.099378881987576,12.422360248447205,51.22153209109731,47.0340850628724
2021-12-09,70.39337474120083,40.993788819875775,12.008281573498964,49.896480331262936,47.554520566216134
2021-12-10,69.35817805383023,54.24430641821946,19.66873706004141,54.88612836438923,48.88754016588396
2021-12-13,69.35817805383023,46.99792960662526,19.461697722567287,52.670807453416145,49.57540694543527
2021-12-14,68.53002070393374,36.85300207039337,12.215320910973086,47.7639751552795,49.24605571086149
2021-12-15,69.56521739130434,47.61904761904761,18.84057971014493,52.83643892339544,49.89885265859493
2021-12-16,70.1863354037267,66.25258799171843,33.54037267080746,61.677018633540364,52.040337381312284
2021-12-17,65.0103519668737,49.275362318840585,21.73913043478261,51.63561076604555,51.96675072399106
2021-12-20,60.041407867494826,58.17805383022774,29.19254658385093,53.312629399585916,52.21145593773558
2021-12-21,66.25258799171843,83.64389233954451,49.896480331262936,68.19875776397515,55.118238087960954
2021-12-22,66.66666666666666,71.42857142857143,40.165631469979296,62.79503105590062,56.51401862758635
2021-12-23,68.94409937888199,82.6086956521739,49.68944099378882,69.19254658385093,58.81920552872537
2021-12-27,72.87784679089026,82.6086956521739,49.4824016563147,71.11801242236024,61.055352236658976
2021-12-28,73.49896480331263,70.1863354037267,40.993788819875775,66.00414078674947,61.955131973039066
2021-12-29,73.91304347826086,71.2215320910973,40.165631469979296,66.35610766045548,62.755309370751135
2021-12-30,73.08488612836439,76.19047619047619,44.51345755693582,68.30227743271222,63.76384901838042
2021-12-31,73.91304347826086,73.49896480331263,41.821946169772254,67.37060041407867,64.41962199941646
2022-01-03,75.15527950310559,78.26086956521739,46.99792960662526,70.45548654244307,65.51705191633039
2022-01-04,76.19047619047619,83.64389233954451,59.62732919254658,75.11387163561076,67.26192822892683
2022-01-05,72.2567287784679,59.62732919254658,38.71635610766045,61.759834368530015,66.2615475270365
2022-01-06,71.2215320910973,63.76811594202898,39.33747412008282,62.60869565217391,65.59739264069785
2022-01-07,71.42857142857143,65.83850931677019,49.896480331262936,65.44513457556936,65.56970935612904
2022-01-10,70.1863354037267,69.56521739130434,49.4824016563147,65.85921325051758,65.62234642783605
2022-01-11,72.2567287784679,65.63146997929607,44.3064182194617,64.67908902691511,65.45084508221406
2022-01-12,73.70600414078675,61.07660455486542,41.200828157349896,63.41614906832298,65.08090035241568
2022-01-13,71.63561076604555,55.072463768115945,39.75155279503105,60.289855072463766,64.20980121060624
2022-01-14,67.70186335403726,45.75569358178054,34.78260869565217,54.53416149068323,62.450593988802055
2022-01-18,61.07660455486542,37.060041407867494,26.293995859213247,46.91511387163561,59.625961240226346
2022-01-19,58.26446280991735,31.40495867768595,20.041322314049587,42.56198347107438,56.52341982765326
2022-01-20,53.71900826446281,30.57851239669421,15.702479338842975,39.17355371900826,53.36889871699053
2022-01-21,50.413223140495866,25.206611570247933,10.12396694214876,34.79338842975206,49.9915332102199
2022-01-24,52.47933884297521,20.24793388429752,8.47107438016529,34.00826446280992,47.08548434705445
2022-01-25,46.69421487603306,14.256198347107437,6.198347107438017,28.863636363636367,43.77242107734207
2022-01-26,42.14876033057851,14.256198347107437,6.198347107438017,26.590909090909093,40.648509807081524
2022-01-27,40.082644628099175,11.983471074380166,5.578512396694215,24.75206611570248,37.75824731773988
2022-01-28,47.107438016528924,17.56198347107438,6.198347107438017,30.06198347107438,36.35892661834615
2022-01-31,52.68595041322314,22.727272727272727,5.991735537190083,34.35950413223141,35.995395257234385
2022-02-01,55.578512396694215,20.867768595041323,7.231404958677685,35.49586776859504,35.90457207748178
2022-02-02,58.88429752066116,27.892561983471076,8.677685950413224,39.54545454545455,36.56655070802229
2022-02-03,52.68595041322314,24.380165289256198,9.297520661157025,35.51652892561984,36.37563765667639
2022-02-04,50.0,25.206611570247933,8.677685950413224,34.29752066115702,35.997798202945596
2022-02-07,50.0,37.39669421487603,14.46280991735537,39.111570247933884,36.56393857476165
2022-02-08,53.925619834710744,50.0,23.34710743801653,46.63223140495868,38.394537271161106
2022-02-09,59.71074380165289,67.97520661157024,39.66942148760331,58.18181818181818,41.9922247094624
2022-02-10,51.85950413223141,62.396694214876035,36.98347107438016,52.04545454545455,43.82008467964279
2022-02-11,46.074380165289256,50.6198347107438,27.892561983471076,43.80165289256198,43.816733445628095
2022-02-14,43.18181818181818,53.71900826446281,28.305785123966942,43.36776859504132,43.73510347279414
2022-02-15,49.17355371900827,65.28925619834712,38.22314049586777,51.81818181818182,45.20475408104644
2022-02-16,50.0,71.48760330578511,44.214876033057855,55.289256198347104,47.03829992055566
2022-02-17,44.421487603305785,48.553719008264466,22.933884297520663,41.36363636363637,46.0065429102067
2022-02-18,43.595041322314046,36.36363636363637,17.56198347107438,36.21900826446281,44.226991156435076
2022-02-22,40.70247933884297,26.033057851239672,9.917355371900827,30.144628099173552,41.66656150966025
2022-02-23,36.36363636363637,16.94214876033058,5.371900826446281,24.338842975206614,38.516067230668675
2022-02-24,37.39669421487603,23.96694214876033,7.231404958677685,27.33471074380165,36.483093323965576
2022-02-25,46.074380165289256,41.32231404958678,16.115702479338843,38.65702479338843,36.87835359113337
2022-02-28,45.66115702479338,36.15702479338843,14.256198347107437,36.52892561983471,36.81482123271543
2022-03-01,38.84297520661157,24.173553719008265,11.15702479338843,28.90495867768595,35.376664404528256
2022-03-02,45.867768595041326,25.0,11.570247933884298,32.747933884297524,34.89871340084994
2022-03-03,45.45454545454545,36.98347107438016,18.388429752066116,37.49999999999999,35.37167460069541
2022-03-04,44.421487603305785,44.83471074380165,25.826446280991732,40.82644628099174,36.3634512698402
2022-03-07,35.53719008264463,37.8099173553719,22.520661157024794,33.61570247933884,35.86386058065813
2022-03-08,33.264462809917354,26.859504132231404,15.909090909090908,27.87190082644628,34.410776988983244
2022-03-09,38.429752066115704,32.02479338842975,14.87603305785124,31.797520661157023,33.935639474833025
2022-03-10,38.01652892561984,38.429752066115704,20.66115702479339,34.66942148760331,34.0690543862458
2022-03-11,35.9504132231405,37.39669421487603,18.801652892561986,32.95454545454545,33.86641639866392
2022-03-14,37.1900826446281,39.0495867768595,20.24793388429752,34.35950413223141,33.95606871385801
2022-03-15,40.082644628099175,54.958677685950406,30.991735537190085,42.72727272727273,35.55083307993341
2022-03-16,42.97520661157025,63.42975206611571,29.958677685950413,46.50826446280992,37.54309333136551
2022-03-17,46.074380165289256,54.54545454545454,25.0,44.40082644628099,38.78995389771379
2022-03-18,50.0,66.11570247933885,29.958677685950413,50.82644628099173,40.97840705830978
2022-03-21,48.34710743801653,77.68595041322314,39.25619834710744,55.3305785123967,43.58789277723467
2022-03-22,50.20661157024794,69.00826446280992,29.338842975206614,51.67355371900827,45.05801294846623
2022-03-23,46.074380165289256,59.09090909090909,20.867768595041323,44.938016528925615,45.036195417640656
2022-03-24,49.79338842975206,68.38842975206612,34.50413223140496,52.31404958677686,46.359441630210874
2022-03-25,51.652892561983464,85.53719008264463,61.36363636363637,63.76033057851239,49.523239620811154
2022-03-28,53.51239669421488,93.80165289256198,75.20661157024794,69.93801652892563,53.23501724046834
2022-03-29,60.12396694214877,93.59504132231406,74.17355371900827,72.97520661157026,56.824142580668685
2022-03-30,56.81818181818182,91.52892561983471,72.72727272727273,70.41322314049587,59.294884500637274
2022-03-31,51.446280991735534,89.25619834710744,69.42148760330579,66.38429752066116,60.58386868609617
2022-04-01,51.85950413223141,88.01652892561982,72.52066115702479,66.8388429752066,61.7211367386617
2022-04-04,53.099173553719005,85.12396694214877,65.28925619834712,65.14462809917356,62.343589713300226
2022-04-05,48.553719008264466,69.00826446280992,46.48760330578512,54.27685950413223,60.876911493451495
2022-04-06,47.93388429752066,58.057851239669425,35.12396694214876,48.40909090909091,58.61003502356774
2022-04-07,48.553719008264466,52.892561983471076,35.12396694214876,47.169421487603316,56.52992347157421
2022-04-08,47.93388429752066,55.99173553719008,38.01652892561984,48.367768595041326,55.04589531220459
2022-04-11,46.69421487603306,45.867768595041326,29.75206611570248,43.05785123966942,52.866250935380016
2022-04-12,45.66115702479338,51.85950413223141,33.67768595041322,45.12396694214876,51.4585629366107
2022-04-13,47.5206611570248,52.066115702479344,32.64462809917356,45.90909090909091,50.44956802251618
2022-04-14,46.90082644628099,45.66115702479338,26.446280991735538,42.438016528925615,48.99292229640881
2022-04-18,46.90082644628099,40.909090909090914,26.239669421487605,40.97107438016529,47.53440449345544
2022-04-19,49.3801652892562,42.561983471074385,27.685950413223143,42.99586776859504,46.709215998026274
2022-04-20,51.652892561983464,49.17355371900827,31.40495867768595,46.8595041322314,46.7365411133363
2022-04-21,48.760330578512395,50.82644628099173,30.57851239669421,45.74380165289256,46.55604302961926
2022-04-22,44.00826446280991,26.859504132231404,12.603305785123966,32.582644628099175,44.01542513843379
2022-04-25,44.83471074380165,30.165289256198346,13.842975206611571,34.235537190082646,42.23726369327904
2022-04-26,42.35537190082644,22.933884297520663,9.50413223140496,29.95867768595041,40.00479351012838
2022-04-27,42.768595041322314,23.96694214876033,10.330578512396695,30.640495867768596,38.30219393879024
2022-04-28,45.66115702479338,32.231404958677686,14.049586776859504,35.3099173553719,37.758143650895995
2022-04-29,35.9504132231405,16.115702479338843,5.1652892561983474,23.84297520661157,35.228113024662456
2022-05-02,34.917355371900825,19.421487603305785,5.371900826446281,24.359504132231404,33.25200231694772
2022-05-03,37.8099173553719,22.520661157024794,6.40495867768595,26.94214876033058,32.1047562157446
2022-05-04,42.14876033057851,34.710743801652896,10.743801652892563,33.63636363636363,32.38323029222079
2022-05-05,37.1900826446281,21.694214876033058,5.991735537190083,26.301652892561982,31.277488946828274
2022-05-06,35.74380165289256,20.454545454545457,6.40495867768595,25.289256198347104,30.18871935619533
2022-05-09,31.611570247933884,9.090909090909092,1.6528925619834711,18.863636363636363,28.129613357548244
2022-05-10,29.958677685950413,5.578512396694215,1.6528925619834711,16.983471074380166,26.103042033335868
2022-05-11,28.719008264462808,7.024793388429752,1.2396694214876034,16.71487603305785,24.396102760558048
2022-05-12,28.92561983471074,13.016528925619836,3.3057851239669422,19.02892561983471,23.42025237133562
2022-05-13,32.64462809917356,17.97520661157025,4.958677685950414,22.706611570247937,23.29049949841059
2022-05-16,32.85123966942149,27.27272727272727,8.057851239669422,26.219008264462808,23.82295563769281
2022-05-17,36.15702479338843,37.1900826446281,12.603305785123966,31.75619834710744,25.265363403040926
2022-05-18,28.09917355371901,13.636363636363635,2.8925619834710745,18.719008264462808,24.075117014208537
2022-05-19,26.239669421487605,25.206611570247933,7.024793388429752,22.08677685950413,23.713600622444098
2022-05-20,25.206611570247933,24.793388429752067,6.198347107438017,21.280991735537192,23.271308097551934
2022-05-23,28.512396694214875,25.206611570247933,7.024793388429752,23.223140495867767,23.262550351791177
2022-05-24,29.75206611570248,14.669421487603307,5.1652892561983474,20.3099173553719,22.72570798880585
2022-05-25,30.785123966942145,28.09917355371901,10.12396694214876,25.847107438016526,23.29323516138961
2022-05-26,33.057851239669425,47.5206611570248,13.636363636363635,33.51239669421488,25.151264530994204
2022-05-27,37.8099173553719,83.26446280991735,51.652892561983464,54.21487603305784,30.435557531369412
2022-05-31,36.15702479338843,80.57851239669421,47.5206611570248,51.756198347107436,34.31203767968542
2022-06-01,33.264462809917354,82.85123966942149,46.69421487603306,50.82644628099173,37.314657425377476
2022-06-02,35.9504132231405,86.57024793388429,56.611570247933884,55.268595041322314,40.57900971918563
2022-06-03,33.264462809917354,69.00826446280992,32.438016528925615,43.82231404958677,41.1687014156222
2022-06-06,35.12396694214876,76.2396694214876,39.87603305785124,48.409090909090914,42.48513586898015
2022-06-07,37.60330578512397,69.00826446280992,32.231404958677686,45.9504132231405,43.1151862970093
2022-06-08,32.85123966942149,82.23140495867769,51.03305785123967,51.30165289256198,44.603634768927975
2022-06-09,27.892561983471076,71.28099173553719,30.785123966942145,41.48760330578512,44.03708359381109
2022-06-10,25.0,43.80165289256198,13.223140495867769,28.285123966942145,41.17309093438037
2022-06-13,17.355371900826448,12.190082644628099,3.71900826446281,13.078512396694217,36.06498574571015
2022-06-14,16.115702479338843,15.289256198347106,3.512396694214876,13.347107438016527,31.934462417038585
2022-06-15,16.94214876033058,13.842975206611571,2.479338842975207,13.1198347107438,28.513621015894074
2022-06-16,12.8099173553719,2.6859504132231407,0.4132231404958678,7.293388429752065,24.6553969093228
2022-06-17,11.363636363636363,1.6528925619834711,0.2066115702479339,6.2190082644628095,21.303326246620983
2022-06-21,16.32231404958678,3.925619834710744,0.6198347107438017,9.462809917355374,19.150505095845414
2022-06-22,15.495867768595042,5.578512396694215,0.8264462809917356,9.586776859504132,17.411645416510634
2022-06-23,15.702479338842975,8.057851239669422,1.859504132231405,10.640495867768594,16.180527316739354
2022-06-24,22.31404958677686,19.00826446280992,5.371900826446281,17.933884297520663,16.49931949506323
2022-06-27,23.34710743801653,15.495867768595042,4.958677685950414,17.314049586776857,16.647452239011162
2022-06-28,21.90082644628099,7.43801652892562,1.2396694214876034,13.429752066115702,16.06241584393926
2022-06-29,21.694214876033058,11.776859504132231,1.859504132231405,14.752066115702478,15.824170438805298
2022-06-30,20.66115702479339,19.214876033057852,3.925619834710744,16.880165289256198,16.016169502523642
2022-07-01,23.96694214876033,39.87603305785124,13.016528925619836,26.549586776859503,17.931336279675616
2022-07-05,17.97520661157025,61.15702479338842,31.611570247933884,33.65702479338843,20.790552373077947
2022-07-06,19.834710743801654,65.49586776859503,41.11570247933884,37.789256198347104,23.88122579585416
2022-07-07,21.694214876033058,65.9090909090909,39.46280991735537,38.51239669421487,26.5414386864652
2022-07-08,20.24793388429752,85.3305785123967,62.1900826446281,48.16115702479339,30.472296566161233
2022-07-11,20.24793388429752,76.85950413223141,50.82644628099173,43.34710743801653,32.81317127013492
2022-07-12,18.801652892561986,67.76859504132231,35.9504132231405,36.921487603305785,33.560137876165996
2022-07-13,17.768595041322314,66.11570247933885,28.09917355371901,34.33884297520662,33.70172062144611
2022-07-14,17.148760330578515,47.31404958677686,18.181818181818183,26.40495867768595,32.375036631671534
2022-07-15,18.388429752066116,38.01652892561984,11.363636363636363,22.871900826446282,30.647193757994216
2022-07-18,15.909090909090908,29.545454545454547,8.884297520661157,18.59504132231405,28.455893315143275
2022-07-19,20.24793388429752,72.72727272727273,37.60330578512397,39.46280991735538,30.45715087918184
2022-07-20,19.00826446280992,73.14049586776859,47.107438016528924,40.867768595041326,32.349990463883564
2022-07-21,20.867768595041323,78.51239669421489,58.26446280991735,45.6404958677686,34.76644599186267
2022-07-22,20.041322314049587,70.66115702479338,44.83471074380165,40.18595041322314,35.75181043211003
2022-07-25,23.553719008264462,78.30578512396694,50.413223140495866,45.35123966942149,37.49716120253029
2022-07-26,22.520661157024794,73.14049586776859,44.214876033057855,42.04545454545455,38.324123628516524
2022-07-27,26.239669421487605,76.2396694214876,47.5206611570248,45.49586776859504,39.6280771085308
2022-07-28,32.438016528925615,82.43801652892562,64.0495867768595,53.76033057851239,42.19757773943655
2022-07-29,35.74380165289256,85.9504132231405,72.10743801652893,58.078512396694215,45.08502040439249
2022-08-01,34.710743801652896,87.19008264462809,73.14049586776859,58.14049586776859,47.45874321591541
2022-08-02,33.47107438016529,86.36363636363636,72.93388429752066,57.231404958677686,49.23559080550856
2022-08-03,36.15702479338843,88.63636363636364,78.71900826446281,60.413223140495866,51.26788759368807
2022-08-04,35.53719008264463,84.29752066115702,69.42148760330579,56.942148760330575,52.29957144216853
2022-08-05,36.98347107438016,86.57024793388429,73.14049586776859,59.09090909090909,53.5343601055759
2022-08-08,36.36363636363637,79.75206611570248,60.9504132231405,54.29752066115702,53.67311657022701
2022-08-09,34.917355371900825,76.65289256198346,55.578512396694215,51.570247933884296,53.290776818164694
2022-08-10,42.35537190082644,84.0909090909091,66.32231404958677,59.6694214876033,54.45053039442625
2022-08-11,43.18181818181818,86.77685950413223,71.07438016528926,61.8388429752066,55.793859954568134
2022-08-12,48.34710743801653,91.11570247933885,76.44628099173553,66.79752066115702,57.79452553758429
2022-08-15,49.17355371900827,91.94214876033058,80.37190082644628,68.24380165289256,59.6943939221858
2022-08-16,51.446280991735534,89.6694214876033,78.30578512396694,68.28512396694214,61.256344839414226
2022-08-17,49.17355371900827,84.50413223140497,65.28925619834712,62.99586776859505,61.57262173562892
2022-08-18,50.413223140495866,83.05785123966942,61.36363636363637,62.39669421487603,61.722453095492035
2022-08-19,46.074380165289256,78.30578512396694,46.90082644628099,55.90909090909091,60.66547815251002
2022-08-22,39.46280991735537,65.70247933884298,34.50413223140496,46.34297520661158,58.061386707801205
2022-08-23,39.25619834710744,53.30578512396694,27.27272727272727,41.074380165289256,54.97284006370812
2022-08-24,40.082644628099175,57.438016528925615,30.991735537190085,43.471074380165284,52.881609939427605
2022-08-25,45.24793388429752,68.80165289256198,40.49586776859504,51.36363636363636,52.6056147438292
2022-08-26,37.1900826446281,39.25619834710744,14.049586776859504,33.18181818181819,49.0740153689181
2022-08-29,34.917355371900825,34.917355371900825,13.636363636363635,30.661157024793386,45.726222942713605
2022-08-30,30.785123966942145,16.528925619834713,5.371900826446281,21.42561983471074,41.307931468531265
2022-08-31,29.132231404958674,11.776859504132231,2.479338842975207,18.595041322314046,37.17831507830995
2022-09-01,29.545454545454547,6.6115702479338845,1.0330578512396695,16.962809917355372,33.502768685409116
2022-09-02,27.892561983471076,6.8181818181818175,1.4462809917355373,16.28099173553719,30.371536512705124
2022-09-06,26.65289256198347,4.545454545454546,1.6528925619834711,15.020661157024794,27.58046826621779
2022-09-07,34.29752066115703,10.12396694214876,1.2396694214876034,20.433884297520663,26.281089362818314
2022-09-08,36.77685950413223,9.710743801652892,1.859504132231405,21.673553719008265,25.443355609398303
2022-09-09,40.909090909090914,24.173553719008265,5.1652892561983474,28.739669421487605,26.04268539341454
2022-09-12,43.595041322314046,55.578512396694215,17.97520661157025,42.066115702479344,28.956036358699055
2022-09-13,32.02479338842975,21.90082644628099,3.925619834710744,23.36776859504132,27.939987674397653
2022-09-14,32.438016528925615,21.280991735537192,4.338842975206612,23.471074380165287,27.127457984537223
2022-09-15,30.785123966942145,10.330578512396695,2.6859504132231407,19.02892561983471,25.654997554591308
2022-09-16,28.09917355371901,20.867768595041323,5.371900826446281,21.384297520661157,24.87850663933128
2022-09-19,30.165289256198346,28.305785123966942,8.884297520661157,25.35123966942149,24.964458099347684
2022-09-20,26.65289256198347,24.380165289256198,6.198347107438017,21.880165289256198,24.403677588421957
2022-09-21,22.31404958677686,18.59504132231405,4.132231404958678,17.56198347107438,23.15973320344967
2022-09-22,19.214876033057852,11.363636363636363,1.859504132231405,13.388429752066115,21.383132575925384
2022-09-23,14.87603305785124,8.264462809917356,1.0330578512396695,10.123966942148762,19.336011551602358
2022-09-26,12.396694214876034,6.6115702479338845,1.0330578512396695,8.388429752066116,17.345542133504857
2022-09-27,11.776859504132231,2.8925619834710745,0.6198347107438017,6.8801652892561975,15.442746343641462
2022-09-28,16.32231404958678,4.958677685950414,0.8264462809917356,9.81404958677686,14.419346933302444
2022-09-29,13.016528925619836,2.272727272727273,0.2066115702479339,7.231404958677686,13.112448392461578
2022-09-30,12.190082644628099,1.2396694214876034,0.2066115702479339,6.508264462809917,11.911687677979456
2022-10-03,16.94214876033058,11.363636363636363,2.6859504132231407,12.417355371900825,12.003627258692433
2022-10-04,23.34710743801653,24.173553719008265,5.785123966942149,20.082644628099175,13.472539507675478
2022-10-05,23.34710743801653,30.37190082644628,8.057851239669422,22.39669421487603,15.095113090802853
2022-10-06,21.90082644628099,28.92561983471074,8.264462809917356,21.28099173553719,16.219818298936367
2022-10-07,17.56198347107438,12.396694214876034,3.71900826446281,13.243801652892563,15.678724363292037
2022-10-10,17.355371900826448,17.148760330578515,3.512396694214876,14.524793388429755,15.468918731498896
2022-10-11,17.56198347107438,24.173553719008265,6.6115702479338845,17.355371900826444,15.811910216831176
2022-10-12,17.148760330578515,27.479338842975203,7.644628099173553,18.34710743801653,16.272855166137603
2022-10-13,18.801652892561986,54.75206611570248,23.553719008264462,30.53719008264463,18.866370605502517
2022-10-14,15.909090909090908,46.69421487603306,19.62809917355372,25.888429752066116,20.143108632150447
2022-10-17,19.421487603305785,67.56198347107438,29.338842975206614,35.84710743801653,22.998381142307917
2022-10-18,22.520661157024794,61.77685950413223,24.793388429752067,34.752066115702476,25.1354147738342
2022-10-19,21.487603305785125,64.25619834710744,27.479338842975203,35.51652892561984,27.022890074158862
2022-10-20,18.801652892561986,62.603305785123965,28.305785123966942,33.84297520661157,28.26290555278663
2022-10-21,23.96694214876033,60.12396694214877,27.479338842975203,35.51652892561984,29.581746166029035
2022-10-24,25.826446280991732,44.62809917355372,20.66115702479339,30.43388429752066,29.736680371754783
2022-10-25,30.785123966942145,61.57024793388429,27.479338842975203,39.3595041322314,31.486284691841437
2022-10-26,32.231404958677686,71.900826446281,36.570247933884296,45.0,33.943323838779364
2022-10-27,33.47107438016529,84.29752066115702,58.47107438016529,53.719008264462815,37.538902825267265
2022-10-28,39.0495867768595,91.52892561983471,71.69421487603306,61.32231404958677,41.863159411507176
2022-10-31,38.63636363636363,92.14876033057851,71.900826446281,61.34297520661157,45.404944101526155
2022-11-01,39.25619834710744,91.94214876033058,78.30578512396694,62.871900826446286,48.580754415148
2022-11-02,34.29752066115703,76.65289256198346,48.14049586776859,49.77272727272727,48.79747675288969
2022-11-03,33.88429752066116,80.78512396694215,62.1900826446281,53.61570247933884,49.67351779406226
2022-11-04,36.77685950413223,78.92561983471074,57.231404958677686,53.51239669421487,50.371495775908194
2022-11-07,41.11570247933884,77.27272727272727,52.68595041322314,54.27685950413223,51.081561908312565
2022-11-08,43.18181818181818,82.02479338842976,64.6694214876033,59.13223140495868,52.545319998611866
2022-11-09,38.429752066115704,80.99173553719008,61.57024793388429,55.82644628099173,53.141888413590024
2022-11-10,53.51239669421488,88.84297520661157,71.69421487603306,67.74793388429752,55.797533044627755
2022-11-11,55.578512396694215,85.53719008264463,67.76859504132231,67.00413223140495,57.835096533132706
2022-11-14,51.03305785123967,78.099173553719,55.99173553719008,60.14462809917355,58.25501136332195
2022-11-15,55.16528925619835,82.64462809917356,60.12396694214877,64.400826446281,59.37243228749633
2022-11-16,53.51239669421488,79.9586776859504,52.27272727272727,61.19834710743801,59.704416800213
2022-11-17,51.446280991735534,66.11570247933885,33.264462809917354,52.21074380165289,58.34193080047479
2022-11-18,56.19834710743802,74.58677685950413,42.768595041322314,59.02892561983471,58.46683894944932
2022-11-21,55.78512396694215,76.65289256198346,39.66942148760331,58.82231404958678,58.53147078583795
2022-11-22,58.26446280991735,88.63636363636364,68.18181818181817,69.35950413223141,60.500204121545856
2022-11-23,61.77685950413223,91.32231404958677,72.93388429752066,72.87190082644628,62.74960352243684
2022-11-25,63.63636363636363,90.9090909090909,69.42148760330579,72.97520661157024,64.60880408409746
2022-11-28,58.47107438016529,82.43801652892562,48.96694214876033,63.760330578512395,64.45453617399107
2022-11-29,58.47107438016529,80.78512396694215,46.90082644628099,62.85123966942149,64.16302771861479
2022-11-30,65.70247933884298,95.0413223140496,77.47933884297521,76.85950413223141,66.47147797563599
2022-12-01,65.70247933884298,76.85950413223141,42.97520661157025,64.50413223140495,66.11377874941216
2022-12-02,65.08264462809917,66.94214876033058,42.14876033057851,61.053719008264466,65.1937678873853
2022-12-05,59.09090909090909,64.0495867768595,36.36363636363637,56.03305785123967,63.52818424444974
2022-12-06,57.438016528925615,45.66115702479338,25.413223140495866,47.5,60.61396892727706
2022-12-07,55.99173553719008,50.82644628099173,24.586776859504134,48.16115702479338,58.349821308643655
2022-12-08,57.231404958677686,62.1900826446281,33.264462809917354,53.925619834710744,57.545421040655846
2022-12-09,56.40495867768595,47.31404958677686,19.62809917355372,46.32231404958678,55.504856133188746
2022-12-12,59.917355371900825,62.603305785123965,28.512396694214875,54.44214876033058,55.3116366108509
2022-12-13,63.84297520661158,57.85123966942148,25.6198347107438,54.400826446280995,55.14603476274728
2022-12-14,60.12396694214877,47.72727272727273,18.388429752066116,48.057851239669425,53.85727412218766
2022-12-15,53.1958762886598,25.773195876288657,8.24742268041237,35.97938144329897,50.60674818057153
2022-12-16,49.69072164948454,30.515463917525775,7.010309278350515,35.402061855670105,47.84225975786217
2022-12-19,46.8041237113402,22.474226804123713,4.536082474226804,31.051546391752577,44.789402782205876
2022-12-20,47.01030927835051,8.45360824742268,1.6494845360824744,26.371134020618555,41.44062664373545
2022-12-21,50.30927835051546,16.49484536082474,3.2989690721649487,30.762886597938145,39.49921936268139
2022-12-22,47.62886597938144,10.721649484536082,2.6804123711340204,27.56701030927835,37.3297268075172
2022-12-23,49.896907216494846,24.948453608247423,6.5979381443298974,33.75257731958763,36.67933599153
2022-12-27,51.546391752577314,34.02061855670103,10.927835051546392,38.16494845360824,36.949447348271505
2022-12-28,46.8041237113402,24.536082474226802,6.185567010309279,31.999999999999996,36.04954783040396
2022-12-29,51.546391752577314,32.371134020618555,8.041237113402062,37.092783505154635,36.239227043994994
2022-12-30,49.48453608247423,32.16494845360825,10.515463917525773,36.49484536082474,36.285703101600404
2023-01-03,49.48453608247423,21.649484536082475,4.948453608247423,32.22680412371135,35.54772146925694
2023-01-04,52.37113402061856,26.804123711340207,7.628865979381444,35.75257731958764,35.584967987498885
2023-01-05,49.27835051546392,27.422680412371136,10.309278350515463,34.927835051546396,35.465489271871164
2023-01-06,55.25773195876289,63.298969072164944,34.63917525773196,53.54639175257732,38.75292608654501
2023-01-09,55.25773195876289,71.54639175257732,43.29896907216495,57.75257731958763,42.2074081289164
2023-01-10,57.52577319587628,80.0,55.876288659793815,63.93814432989691,46.15845107454922
2023-01-11,62.06185567010309,85.15463917525773,63.092783505154635,69.19587628865979,50.34707384075115
2023-01-12,63.298969072164944,79.17525773195877,55.670103092783506,66.5360824742268,53.29052995592855
2023-01-13,63.91752577319587,83.91752577319588,64.94845360824742,70.12371134020619,56.35110838943357
2023-01-17,63.092783505154635,78.55670103092784,57.52577319587628,66.61855670103093,58.21791717336037
2023-01-18,57.52577319587628,67.0103092783505,42.88659793814433,57.44329896907216,58.07707749985342
2023-01-19,53.608247422680414,68.24742268041237,44.53608247422681,56.18556701030928,57.73316650175448
2023-01-20,59.58762886597938,68.8659793814433,45.154639175257735,59.48453608247423,58.05159733461262
2023-01-23,64.5360824742268,75.4639175257732,55.25773195876289,65.95876288659794,59.489263798609954
2023-01-24,63.91752577319587,77.11340206185568,53.402061855670105,65.77319587628867,60.63179690364245
2023-01-25,64.3298969072165,71.54639175257732,46.18556701030928,62.8659793814433,61.038011899606246
2023-01-26,66.39175257731958,80.20618556701031,62.47422680412371,69.75257731958763,62.622478339602864
2023-01-27,67.42268041237114,67.83505154639175,47.62886597938144,63.58762886597938,62.79796025348951
2023-01-30,64.5360824742268,64.12371134020619,40.41237113402062,59.58762886597938,62.214263637578576
2023-01-31,69.48453608247422,70.51546391752578,45.56701030927835,65.0103092783505,62.72263557226438
2023-02-01,72.37113402061856,66.18556701030927,46.8041237113402,65.4020618556701,63.20980398742906
2023-02-02,77.11340206185568,65.77319587628865,49.27835051546392,68.14432989690721,64.10699051642509
2023-02-03,72.78350515463917,59.175257731958766,40.20618556701031,62.18556701030928,63.75764078804039
2023-02-06,70.51546391752578,58.55670103092784,34.22680412371134,59.670103092783506,63.0144521161755
2023-02-07,73.19587628865979,76.49484536082474,48.65979381443299,69.27835051546393,64.15334273422795
2023-02-08,70.10309278350515,73.60824742268042,50.72164948453608,67.27835051546393,64.72152596717996
2023-02-09,66.39175257731958,59.79381443298969,34.845360824742265,58.10309278350515,63.51817447923907
2023-02-10,69.48453608247422,58.96907216494846,27.835051546391753,58.0,62.51487002846834
2023-02-13,70.9278350515464,68.04123711340206,35.4639175257732,62.96907216494846,62.59745223510108
2023-02-14,71.1340206185567,61.44329896907217,31.752577319587626,60.350515463917525,62.18891827670407
2023-02-15,71.54639175257732,60.618556701030926,31.34020618556701,60.22680412371134,61.83217024888721
2023-02-16,68.45360824742268,54.02061855670103,23.711340206185564,55.17525773195876,60.62182251853658
2023-02-17,68.24742268041237,60.20618556701031,29.690721649484537,58.123711340206185,60.16762048611287
2023-02-21,62.47422680412371,27.628865979381445,10.721649484536082,41.670103092783506,56.80443550550753
2023-02-22,62.47422680412371,21.237113402061855,8.041237113402062,39.21649484536083,53.606628112753576
2023-02-23,63.298969072164944,20.618556701030926,9.896907216494846,39.81443298969072,51.09895627219669
2023-02-24,59.175257731958766,22.88659793814433,7.628865979381444,37.97938144329897,48.71357903057892
2023-02-27,59.381443298969074,23.711340206185564,9.072164948453608,38.618556701030926,46.87812042520656
2023-02-28,57.52577319587628,19.587628865979383,5.77319587628866,35.79381443298969,44.86279206298531
2023-03-01,54.84536082474227,21.855670103092784,6.185567010309279,35.21649484536083,43.10891984159903
2023-03-02,57.73195876288659,30.515463917525775,13.195876288659795,40.65979381443298,42.66362420029611
2023-03-03,61.649484536082475,35.051546391752574,16.90721649484536,44.72164948453609,43.03781061561247
2023-03-06,61.649484536082475,25.773195876288657,10.515463917525773,40.65979381443299,42.60544392448893
2023-03-07,55.4639175257732,19.587628865979383,7.216494845360824,35.05154639175258,41.232008009445956
2023-03-08,55.876288659793815,17.11340206185567,7.010309278350515,34.47422680412371,40.003320517569186
2023-03-09,48.865979381443296,12.371134020618557,4.948453608247423,29.1340206185567,38.02708417229419
2023-03-10,42.88659793814433,9.278350515463918,2.4742268041237114,24.72164948453608,35.60791422906544
2023-03-13,40.41237113402062,14.02061855670103,4.948453608247423,25.4020618556701,33.75230470662993
2023-03-14,44.329896907216494,24.536082474226802,8.8659793814433,31.298969072164947,33.306243682181744
2023-03-15,39.58762886597938,17.31958762886598,7.216494845360824,26.432989690721648,32.05656113827991
2023-03-16,44.53608247422681,29.48453608247423,13.608247422680412,33.83505154639175,32.37992303066388
2023-03-17,39.58762886597938,23.917525773195877,10.721649484536082,29.11340206185567,31.786010127244207
2023-03-20,43.50515463917526,31.1340206185567,14.432989690721648,33.97938144329897,32.18480491198144
2023-03-21,48.04123711340206,37.52577319587629,16.90721649484536,38.659793814432994,33.36207562151808
2023-03-22,42.06185567010309,21.237113402061855,7.216494845360824,28.845360824742265,32.54085474937702
2023-03-23,40.618556701030926,18.144329896907216,6.391752577319587,27.030927835051543,31.539049855863297
2023-03-24,42.06185567010309,23.505154639175256,8.8659793814433,29.855670103092784,31.232980809905023
2023-03-27,45.154639175257735,33.4020618556701,12.164948453608247,35.03092783505154,31.923516632658934
2023-03-28,45.56701030927835,31.546391752577318,11.54639175257732,34.55670103092783,32.402277432344185
2023-03-29,50.72164948453608,53.81443298969072,24.948453608247423,46.49484536082474,34.96456251024974
2023-03-30,53.402061855670105,70.9278350515464,43.29896907216495,56.639175257731964,38.90540119161015
2023-03-31,56.49484536082474,88.04123711340206,57.73195876288659,66.20618556701031,43.86918016895564
2023-04-03,57.938144329896915,83.50515463917526,49.27835051546392,63.87628865979382,47.506836258198945
2023-04-04,54.63917525773196,85.97938144329898,49.69072164948454,63.051546391752574,50.33314719157234
2023-04-05,55.670103092783506,71.54639175257732,37.7319587628866,56.84536082474227,51.517186033966865
2023-04-06,55.4639175257732,83.71134020618557,55.4639175257732,63.938144329896915,53.77554208777234
2023-04-10,57.113402061855666,81.44329896907216,50.30927835051546,63.051546391752574,55.46208832485965
2023-04-11,60.0,76.49484536082474,47.21649484536082,62.391752577319586,56.72202727985237
2023-04-12,58.96907216494846,86.18556701030928,64.74226804123711,68.28865979381443,58.82505137330002
2023-04-13,61.23711340206186,89.07216494845362,71.54639175257732,71.64948453608248,61.15676649380592
2023-04-14,58.35051546391753,87.83505154639175,62.68041237113402,68.0618556701031,62.41223725313268
2023-04-17,60.41237113402062,87.42268041237114,65.97938144329896,69.62886597938144,63.72435156699609
2023-04-18,60.618556701030926,89.27835051546393,65.56701030927834,70.20618556701031,64.90286683972596
2023-04-19,60.618556701030926,76.90721649484537,53.1958762886598,64.02061855670104,64.74245806099415
2023-04-20,59.79381443298969,70.30927835051546,43.71134020618557,59.73195876288659,63.83145818861096
2023-04-21,58.76288659793815,54.02061855670103,33.81443298969072,52.35051546391753,61.74401405684851
2023-04-24,58.35051546391753,55.4639175257732,32.577319587628864,52.3298969072165,60.03235639327905
2023-04-25,52.98969072164949,50.72164948453608,28.24742268041237,47.36082474226804,57.728441547640685
2023-04-26,48.45360824742268,39.58762886597938,19.175257731958766,39.93814432989691,54.493842053505446
2023-04-27,53.1958762886598,53.81443298969072,30.103092783505154,48.76288659793814,53.45185015249321
2023-04-28,57.319587628865975,58.35051546391753,33.81443298969072,52.927835051546396,53.35657467959379
2023-05-01,55.4639175257732,52.37113402061856,29.27835051546392,49.29896907216495,52.61882820551582
2023-05-02,50.51546391752577,44.53608247422681,27.422680412371136,44.103092783505154,51.07051267424115
2023-05-03,47.42268041237113,36.49484536082474,21.855670103092784,39.03092783505154,48.88149724893395
2023-05-04,47.73662551440329,38.88888888888889,21.39917695473251,39.81481481481482,47.23300953363956
2023-05-05,50.617283950617285,45.06172839506173,24.279835390946502,43.68312757201646,46.58757644970809
2023-05-08,50.617283950617285,44.44444444444444,23.045267489711936,43.25102880658436,45.98093142368559
2023-05-09,50.20576131687243,40.123456790123456,21.193415637860085,41.37860082304527,45.144144041750984
2023-05-10,50.617283950617285,44.23868312757202,23.868312757201647,43.35390946502058,44.81864684598182
2023-05-11,48.148148148148145,39.50617283950617,20.781893004115226,40.08230452674897,43.957493697030394
2023-05-12,48.76543209876543,38.477366255144034,19.34156378600823,39.79423868312757,43.200538239957154
2023-05-15,49.58847736625515,49.794238683127574,29.4238683127572,45.617283950617285,43.639946550986274
2023-05-16,45.267489711934154,49.17695473251029,27.983539094650205,42.983539094650205,43.52059974074335
2023-05-17,47.94238683127572,42.38683127572017,24.074074074074073,41.50205761316872,43.15359208118432
2023-05-18,51.85185185185185,39.91769547325103,24.279835390946502,42.757201646090536,43.08152109298545
2023-05-19,50.82304526748971,37.242798353909464,20.98765432098765,40.781893004115226,42.66340689500905
2023-05-22,51.23456790123457,46.70781893004115,26.543209876543212,44.93827160493828,43.077018660450726
2023-05-23,47.325102880658434,41.358024691358025,22.22222222222222,40.514403292181065,42.6110885934926
2023-05-24,43.00411522633745,38.2716049382716,22.839506172839506,37.5514403292181,41.6911525454427
2023-05-25,40.534979423868315,29.835390946502056,17.28395061728395,32.674897119341566,40.051833377060674
2023-05-26,44.03292181069959,35.80246913580247,19.54732510288066,36.66666666666667,39.4363485206254
2023-05-30,43.00411522633745,34.97942386831276,20.98765432098765,36.193415637860085,38.846724360122614
2023-05-31,41.56378600823045,30.864197530864196,17.078189300411523,33.45679012345679,37.86673631709246
2023-06-01,43.82716049382716,39.91769547325103,21.810699588477366,38.25102880658436,37.93660767881826
2023-06-02,52.88065843621399,56.17283950617284,31.275720164609055,49.547325102880656,40.047647210465975
2023-06-05,50.617283950617285,50.20576131687243,22.839506172839506,44.93827160493827,40.936851645824575
2023-06-06,52.2633744855967,66.0493827160494,39.91769547325103,53.93004115226337,43.299249737904354
2023-06-07,55.76131687242798,66.66666666666666,39.300411522633745,55.74074074074074,45.56133901114733
2023-06-08,56.37860082304527,62.757201646090536,30.864197530864196,53.18930041152264,46.94824108394285
2023-06-09,54.93827160493827,62.55144032921811,32.71604938271605,52.77777777777778,48.00815684645829
2023-06-12,56.17283950617284,64.40329218106996,32.510288065843625,53.90946502057613,49.081121969025176
2023-06-13,58.8477366255144,77.9835390946502,51.85185185185185,63.18930041152262,51.646245322206525
2023-06-14,58.43621399176955,80.24691358024691,58.64197530864198,65.02057613168724,54.0779418330212
2023-06-15,63.37448559670782,91.35802469135803,70.98765432098766,73.29218106995884,57.571439876100776
2023-06-16,63.78600823045267,89.50617283950618,66.66666666666666,72.07818930041152,60.209030680520904
2023-06-20,58.8477366255144,84.77366255144034,61.934156378600825,67.24279835390946,61.48789753022791
2023-06-21,60.288065843621396,86.41975308641975,67.07818930041152,69.48559670781893,62.94202465342627
2023-06-22,57.818930041152264,83.53909465020575,58.64197530864198,65.69958847736625,63.44339989414264
2023-06-23,55.349794238683124,58.8477366255144,33.33333333333333,51.995884773662546,61.3620335086008
2023-06-26,58.230452674897116,68.72427983539094,39.91769547325103,57.716049382716044,60.699127303894485
2023-06-27,62.34567901234568,72.22222222222221,45.67901234567901,61.97530864197531,60.93116027445463
2023-06-28,60.90534979423868,62.55144032921811,40.74074074074074,57.36625514403292,60.28299570528704
2023-06-29,62.96296296296296,69.95884773662551,46.09053497942387,61.687242798353914,60.538313358571926
2023-06-30,65.84362139917695,76.95473251028807,56.79012345679012,67.36625514403292,61.77975731956483
2023-07-03,68.72427983539094,79.62962962962963,51.85185185185185,68.62139917695472,63.02369220272662
2023-07-05,65.84362139917695,70.57613168724279,40.74074074074074,62.242798353909464,62.88171150294168
2023-07-06,63.991769547325106,65.22633744855966,34.36213991769547,58.43621399176955,62.0734392281831
2023-07-07,65.22633744855966,50.20576131687243,23.662551440329217,52.407407407407405,60.315978897132965
2023-07-10,67.07818930041152,62.34567901234568,32.098765432098766,58.66255144032922,60.01535572316864
2023-07-11,69.75308641975309,77.9835390946502,51.23456790123457,68.51851851851852,61.56138532232317
2023-07-12,71.19341563786008,82.09876543209876,55.144032921810705,71.2551440329218,63.323886906068374
2023-07-13,72.42798353909465,85.18518518518519,64.60905349794238,74.69135802469137,65.39069983672711
2023-07-14,70.57613168724279,86.83127572016461,68.51851851851852,75.04115226337449,67.145327550663
2023-07-17,69.1358024691358,83.7448559670782,63.991769547325106,72.48971193415638,68.11703380220725
2023-07-18,70.57613168724279,78.39506172839506,56.99588477366255,70.20576131687243,68.49680244123728
2023-07-19,73.04526748971193,83.7448559670782,65.02057613168725,74.65020576131687,69.61560304488812
2023-07-20,75.30864197530865,82.09876543209876,58.0246913580247,73.88888888888889,70.39256410743371
2023-07-21,76.95473251028807,75.1028806584362,49.58847736625515,70.92592592592592,70.4895389835232
2023-07-24,76.74897119341564,76.95473251028807,48.148148148148145,71.09053497942388,70.59881098277788
2023-07-25,75.92592592592592,80.04115226337449,54.93827160493827,72.96296296296296,71.02865679735699
2023-07-26,76.5432098765432,81.6872427983539,64.81481481481481,75.74074074074073,71.88539933251766
2023-07-27,72.22222222222221,77.77777777777779,55.96707818930041,70.63786008230453,71.6585740142971
2023-07-28,73.04526748971193,73.25102880658436,51.85185185185185,68.86831275720164,71.1512537857343
2023-07-31,74.48559670781893,69.34156378600824,45.884773662551446,67.22222222222223,70.43688441055029
2023-08-01,71.19341563786008,62.34567901234568,39.09465020576132,62.11934156378601,68.92460389295678
2023-08-02,70.78189300411523,50.82304526748971,28.80658436213992,56.39917695473251,66.64725354055237
2023-08-03,67.28395061728395,50.41152263374485,31.48148148148148,55.06172839506173,64.54079442319043
2023-08-04,65.22633744855966,46.2962962962963,27.77777777777778,52.057613168724274,62.271125104196585
2023-08-07,67.6954732510288,48.76543209876543,29.01234567901235,54.279835390946495,60.818163338151116
2023-08-08,64.40329218106996,41.358024691358025,25.102880658436217,49.629629629629626,58.783884482056294
2023-08-09,65.22633744855966,40.94650205761317,24.074074074074073,49.7119341563786,57.13443896829672
2023-08-10,64.60905349794238,38.065843621399175,24.691358024691358,48.66255144032922,55.594095781393534
2023-08-11,64.40329218106996,35.59670781893004,22.42798353909465,47.36625514403292,54.098124756418876
2023-08-14,63.16872427983539,35.80246913580247,18.72427983539095,46.06995884773662,52.63845822756756
2023-08-15,59.053497942386834,27.572016460905353,13.37448559670782,40.47325102880659,50.42660237324738
2023-08-16,57.20164609053497,25.925925925925924,13.991769547325102,39.17695473251028,48.38121189311335
2023-08-17,55.144032921810705,17.901234567901234,9.25925925925926,34.79423868312758,45.91085312766139
2023-08-18,56.17283950617284,18.51851851851852,8.847736625514404,35.41152263374485,44.00188394694929
2023-08-21,55.144032921810705,17.078189300411523,8.436213991769549,34.382716049382715,42.25294432920991
2023-08-22,53.70370370370371,18.31275720164609,8.641975308641975,34.074074074074076,40.7658770100943
2023-08-23,54.73251028806584,25.102880658436217,10.08230452674897,36.91358024691358,40.06545941678872
2023-08-24,52.88065843621399,22.839506172839506,7.818930041152264,34.8559670781893,39.118278991588824
2023-08-25,54.52674897119342,20.781893004115226,6.790123456790123,34.8559670781893,38.343313189152546
2023-08-28,55.55555555555556,29.218106995884774,11.316872427983538,38.806584362139915,38.42754431151389
2023-08-29,58.43621399176955,39.300411522633745,18.106995884773664,44.629629629629626,39.55519618753493
2023-08-30,58.8477366255144,45.47325102880658,20.37037037037037,47.13991769547325,40.93423646170554
2023-08-31,58.64197530864198,40.32921810699588,20.5761316872428,45.534979423868315,41.770735182098775
2023-09-01,59.25925925925925,46.70781893004115,21.810699588477366,48.00411522633745,42.90407700832399
2023-09-05,55.76131687242798,47.325102880658434,24.691358024691358,47.016460905349795,43.65178317141959
2023-09-06,55.349794238683124,48.148148148148145,29.01234567901235,47.92181069958848,44.428151812904844
2023-09-07,53.086419753086425,55.144032921810705,31.68724279835391,49.42386831275721,45.33646390378709
2023-09-08,52.674897119341566,54.52674897119342,28.80658436213992,48.45679012345679,45.90379594372703
2023-09-11,52.46913580246913,58.0246913580247,32.71604938271605,50.18518518518518,46.682230351264884
2023-09-12,52.88065843621399,59.67078189300411,33.53909465020576,51.04938271604938,47.47625805395297
2023-09-13,51.85185185185185,45.67901234567901,24.279835390946502,44.48559670781893,46.93250144556496
2023-09-14,56.37860082304527,68.3127572016461,40.32921810699588,56.748971193415635,48.71731412699236
2023-09-15,54.52674897119342,51.64609053497943,28.189300411522634,48.39506172839506,48.658722781792854
2023-09-18,53.29218106995884,46.50205761316872,24.279835390946502,45.452674897119344,48.075804984579484
2023-09-19,52.2633744855967,36.62551440329218,16.049382716049383,40.32921810699588,46.66733464320064
2023-09-20,52.46913580246913,31.893004115226336,13.991769547325102,38.60082304526749,45.20069617084916
2023-09-21,46.913580246913575,23.25102880658436,10.493827160493826,32.53086419753086,42.897090357518564
2023-09-22,45.47325102880658,20.5761316872428,9.876543209876543,30.88477366255144,40.71303277661545
2023-09-25,46.09053497942387,27.983539094650205,14.19753086419753,34.2798353909465,39.54336052467564
2023-09-26,43.20987654320987,18.31275720164609,7.818930041152264,28.662551440329214,37.565031600249014
2023-09-27,43.62139917695473,19.54732510288066,8.23045267489712,29.32098765432099,36.06611451917119
2023-09-28,45.47325102880658,22.22222222222222,9.876543209876543,31.378600823045268,35.213839301693746
2023-09-29,44.03292181069959,16.666666666666664,5.349794238683128,28.08641975308642,33.917944838310596
2023-10-02,42.38683127572017,13.168724279835391,4.320987654320987,26.008230452674898,32.47981495001319
2023-10-03,39.50617283950617,8.847736625514404,2.4691358024691357,22.90123456790123,30.73825488053829
2023-10-04,40.86242299794661,8.829568788501026,2.2587268993839835,23.53182751540041,29.427995359604125
2023-10-05,40.24640657084189,12.525667351129362,3.9014373716632447,24.661190965092402,28.561303651511086
2023-10-06,40.86242299794661,16.427104722792606,5.544147843942506,26.468172484599588,28.180734348436268
2023-10-09,43.53182751540041,21.765913757700204,8.008213552361395,29.897330595482547,28.49284275699014
2023-10-10,46.61190965092403,28.74743326488706,11.498973305954825,34.2299794661191,29.53595852228631
2023-10-11,46.61190965092403,50.10266940451745,23.408624229979466,43.01848049281314,31.98732615329119
2023-10-12,43.121149897330596,40.6570841889117,17.864476386036962,37.3305954825462,32.95882966770119
2023-10-13,41.889117043121146,33.880903490759756,14.37371663244353,33.983572895277206,33.145146618169555
2023-10-16,44.76386036960985,58.72689938398358,27.720739219712527,45.544147843942504,35.399510477401
2023-10-17,45.9958932238193,61.601642710472284,33.67556468172484,48.2135523613963,37.729336274491054
2023-10-18,41.68377823408625,39.42505133470226,19.71252566735113,36.61190965092403,37.52616779747886
2023-10-19,38.809034907597535,33.880903490759756,15.811088295687886,32.73100616016427,36.65432022705803
2023-10-20,34.70225872689938,33.880903490759756,16.632443531827516,30.841889117043117,35.59751457069168
2023-10-23,32.85420944558521,36.75564681724846,15.605749486652979,30.57494866529774,34.684320769710965
2023-10-24,34.29158110882957,37.782340862423,17.453798767967147,31.971252566735114,34.19103564189717
2023-10-25,30.184804928131413,32.03285420944558,16.01642710472279,27.90554414784394,33.048219006614765
2023-10-26,29.774127310061605,29.158110882956876,14.37371663244353,26.50924024640657,31.859313777486
2023-10-27,26.899383983572893,17.04312114989733,4.312114989733059,19.425051334702257,29.59853878788896
2023-10-30,30.390143737166326,19.50718685831622,6.365503080082135,22.320328542094458,28.275227834108144
2023-10-31,33.059548254620125,22.79260780287474,7.802874743326489,24.928131416837783,27.666664849149896
2023-11-01,36.55030800821355,33.880903490759756,16.01642710472279,31.642710472279262,28.389582235173414
2023-11-02,41.68377823408625,50.308008213552355,22.99794661190965,40.53388090349076,30.597636538503842
2023-11-03,44.969199178644764,51.54004106776181,24.02464065708419,42.75154004106776,32.80743717533365
2023-11-06,43.53182751540041,45.58521560574948,19.917864476386036,39.42505133470225,34.0106397497643
2023-11-07,42.71047227926078,56.67351129363449,30.800821355236142,44.51745379876797,35.920969576855875
2023-11-08,41.067761806981515,64.47638603696099,40.24640657084189,47.92607802874744,38.10371656810889
2023-11-09,40.24640657084189,65.50308008213553,44.14784394250513,48.60369609856263,40.01280375546411
2023-11-10,42.91581108829568,75.15400410677618,53.798767967145785,54.76386036960985,42.69481404894516
2023-11-13,43.737166324435314,70.4312114989733,48.459958932238195,52.689938398357285,44.51210938520192
2023-11-14,51.129363449691986,83.3675564681725,69.40451745379876,64.45585215605749,48.13824443444839
2023-11-15,52.56673511293635,86.652977412731,71.86858316221766,66.652977412731,51.504559521408865
2023-11-16,51.95071868583162,88.7063655030801,77.00205338809035,67.9876796714579,54.50149045778142
2023-11-17,54.41478439425052,89.3223819301848,76.38603696098562,69.28131416837782,57.188731132435315
2023-11-20,54.41478439425052,86.85831622176592,74.33264887063655,68.13141683778235,59.178310351589325
2023-11-21,55.23613963039015,87.26899383983573,72.68993839835728,68.33675564681725,60.84348222344895
2023-11-22,56.05749486652978,83.9835728952772,66.94045174537987,66.61190965092403,61.89228721026261
2023-11-24,58.31622176591375,80.28747433264887,60.78028747433265,65.40041067761807,62.53012784069088
2023-11-27,56.67351129363449,82.34086242299796,63.44969199178645,65.72895277207392,63.11173237366961
2023-11-28,58.52156057494866,85.01026694045176,66.11909650924025,67.98767967145791,63.99826824599475
2023-11-29,59.753593429158116,84.39425051334702,67.35112936344969,68.6652977412731,64.84681906331808
2023-11-30,61.80698151950719,91.17043121149896,77.61806981519507,73.77823408624229,66.47071270384976
2023-12-01,66.73511293634496,89.73305954825463,78.2340862422998,75.93429158110882,68.19136340880594
2023-12-04,66.11909650924025,87.47433264887063,75.35934291581108,74.37371663244353,69.3154276312855
2023-12-05,63.244353182751546,77.00205338809035,55.85215605749486,65.89322381930185,68.69320875637939
2023-12-06,64.27104722792608,75.97535934291582,55.64681724845995,66.05749486652978,68.21398804913402
2023-12-07,64.68172484599589,78.4394250513347,60.78028747433265,68.02874743326488,68.1803079371578
2023-12-08,65.29774127310061,78.02874743326488,58.31622176591375,67.72073921971251,68.09674998853139
2023-12-11,68.37782340862422,80.49281314168378,62.83367556468173,70.9034907597536,68.60706649238996
2023-12-12,68.78850102669405,82.95687885010267,65.70841889117042,72.42299794661191,69.30087221133941
2023-12-13,74.94866529774127,87.06365503080082,72.27926078028747,78.04928131416838,70.89149204821742
2023-12-14,76.59137577002053,81.51950718685832,66.52977412731006,76.05749486652978,71.83076528791058
2023-12-15,74.12731006160165,79.87679671457906,64.68172484599589,73.96303901437372,72.21845141999478
2023-12-18,74.94866529774127,83.3675564681725,67.96714579055441,76.07802874743327,72.92019275225633
2023-12-19,77.00205338809035,88.50102669404517,71.45790554414785,79.34291581108829,74.08796058113487
2023-12-20,72.07392197125256,75.97535934291582,55.64681724845995,69.95893223819301,73.33722815514544
2023-12-21,74.33264887063655,75.15400410677618,55.23613963039015,70.75975359342917,72.86859641665156
2023-12-22,75.7700205338809,77.41273100616016,56.67351129363449,72.44353182751539,72.79131194589952
2023-12-26,77.00205338809035,83.77823408624229,67.96714579055441,77.22792607802874,73.59796906083211
2023-12-27,77.00205338809035,83.3675564681725,70.02053388090349,77.51540041067761,74.31022930625856
2023-12-28,77.82340862422998,86.24229979466119,69.40451745379876,78.6652977412731,75.10205993080666
2023-12-29,77.00205338809035,84.59958932238193,68.37782340862422,77.5564681724846,75.5483159747481
2024-01-02,80.49281314168378,83.9835728952772,57.08418891170432,76.85831622176592,75.78649783784225
2024-01-03,79.05544147843942,69.60985626283367,39.21971252566735,68.25462012320328,74.4170655260897
2024-01-04,77.00205338809035,50.10266940451745,20.32854209445585,57.59753593429158,71.35896923667185
2024-01-05,77.20739219712526,42.91581108829568,18.275154004106774,55.13347022587269,68.40887850743565
2024-01-08,79.05544147843942,61.80698151950719,34.08624229979466,64.8870636550308,67.76854853427112
2024-01-09,77.41273100616016,53.38809034907598,27.104722792607806,60.143737166324435,66.38221919464445
2024-01-10,77.00205338809035,51.54004106776181,23.81930184804928,58.72689938398358,64.99034286543338
2024-01-11,75.564681724846,64.47638603696099,36.34496919917864,64.39425051334702,64.88196243778131
2024-01-12,75.35934291581108,51.129363449691986,31.006160164271044,59.21971252566735,63.85246245376059
2024-01-16,73.1006160164271,41.478439425051334,21.765913757700204,53.34702258726899,61.942382478034844
2024-01-17,69.40451745379876,32.4435318275154,16.427104722792606,47.72073921971253,59.35662915833988
2024-01-18,69.40451745379876,35.1129363449692,18.8911704312115,49.01437371663244,57.47621907802944
2024-01-19,71.45790554414785,40.04106776180698,20.32854209445585,51.80698151950719,56.44544861284357
2024-01-22,72.07392197125256,49.07597535934292,25.667351129363446,55.893223819301845,56.34504410492689
2024-01-23,71.66324435318275,47.43326488706365,31.416837782340863,56.34496919917864,56.34503048569994
2024-01-24,70.02053388090349,55.441478439425055,33.880903490759756,58.418891170431216,56.72209606474199
2024-01-25,72.48459958932239,64.06570841889116,40.04106776180698,63.47022587268994,57.949028757096166
2024-01-26,72.27926078028747,61.80698151950719,39.21971252566735,62.52566735112936,58.7811448651022
2024-01-29,74.12731006160165,58.110882956878854,35.93429158110883,61.68377823408624,59.30889638673566
2024-01-30,73.92197125256673,63.244353182751546,43.737166324435314,64.68172484599589,60.28577428841934
2024-01-31,70.63655030800821,51.95071868583162,29.774127310061605,56.85831622176591,59.66260009448236
2024-02-01,75.7700205338809,62.422997946611915,39.630390143737166,64.53798767967146,60.54903420088038
2024-02-02,72.27926078028747,60.16427104722793,40.24640657084189,62.2381930184805,60.85615398589858
2024-02-05,68.99383983572895,59.753593429158116,37.57700205338809,59.93839835728953,60.68928932615148
2024-02-06,71.86858316221766,67.5564681724846,46.81724845995893,65.564681724846,61.5757243077323
2024-02-07,72.07392197125256,66.11909650924025,42.91581108829568,64.45585215605749,62.0993839165187
2024-02-08,72.07392197125256,59.95893223819302,40.6570841889117,62.15605749486652,62.10968820349102
2024-02-09,71.25256673511294,59.13757700205339,38.809034907597535,61.129363449691986,61.931447339163924
2024-02-12,73.51129363449692,63.65503080082136,40.6570841889117,63.983572895277206,62.30456107663907
2024-02-13,67.5564681724846,55.441478439425055,33.059548254620125,57.02258726899384,61.34420220252176
2024-02-14,68.17248459958932,53.38809034907598,33.26488706365503,56.75564681724846,60.50991940519934
2024-02-15,73.51129363449692,61.39630390143738,38.398357289527716,62.85420944558521,60.93615395799677
2024-02-16,71.66324435318275,54.20944558521561,33.880903490759756,58.870636550308014,60.560605338417005
2024-02-20,71.04722792607802,50.308008213552355,28.131416837782343,56.242299794661186,59.775458875915945
2024-02-21,72.8952772073922,66.94045174537987,42.09445585215606,64.94866529774127,60.71604186170237
2024-02-22,74.74332648870636,66.32443531827515,40.6570841889117,65.40041067761807,61.567745282777956
2024-02-23,75.35934291581108,70.02053388090349,44.558521560574945,67.59753593429157,62.66407085578042
2024-02-26,71.86858316221766,74.12731006160165,48.04928131416838,67.782340862423,63.59466540244271
2024-02-27,73.92197125256673,74.12731006160165,47.63860369609856,68.72689938398358,64.52779885363196
2024-02-28,73.92197125256673,72.27926078028747,43.94250513347023,67.43326488706366,65.056065405165
2024-02-29,76.18069815195072,75.97535934291582,48.6652977412731,70.61601642710473,66.06696559097223
2024-03-01,75.7700205338809,75.97535934291582,49.48665297741273,70.57494866529774,66.88659887721323
2024-03-04,76.38603696098562,73.30595482546201,48.25462012320328,69.83572895277207,67.42280434549666
2024-03-05,75.15400410677618,79.67145790554414,60.78028747433265,73.63449691991786,68.55220299539143
2024-03-06,76.79671457905543,78.64476386036962,59.54825462012321,73.90143737166325,69.52479106380449
2024-03-07,78.2340862422998,75.35934291581108,51.95071868583162,72.11498973305955,69.99573627639631
2024-03-08,78.85010266940452,79.87679671457906,54.62012320328542,74.31211498973306,70.78053240609391
2024-03-11,81.93018480492813,83.3675564681725,61.39630390143738,78.25462012320328,72.13945744556834
2024-03-12,80.28747433264887,81.93018480492813,58.72689938398358,76.46817248459959,72.92649654357403
2024-03-13,81.3141683778234,75.7700205338809,50.308008213552355,73.44969199178644,73.02162298870357
2024-03-14,78.64476386036962,64.8870636550308,37.16632443531827,66.22176591375771,71.78528533871342
2024-03-15,78.02874743326488,66.52977412731006,41.68377823408625,67.31006160164272,70.97160829560966
2024-03-18,77.82340862422998,66.11909650924025,40.4517453798768,66.83778234086242,70.22000357656471
2024-03-19,80.28747433264887,73.1006160164271,45.17453798767967,71.1088295687885,70.38160830242357
2024-03-20,81.3141683778234,75.7700205338809,49.69199178644764,73.3264887063655,70.91704110314029
2024-03-21,81.51950718685832,75.15400410677618,54.41478439425052,74.18891170431212,71.51192666698971
2024-03-22,80.69815195071868,68.58316221765914,42.91581108829568,69.50718685831622,71.14742851995817
2024-03-25,80.28747433264887,71.66324435318275,45.37987679671458,70.71868583162218,71.06947530389708
2024-03-26,80.12295081967213,64.13934426229508,40.36885245901639,67.37704918032786,70.39812509961176
2024-03-27,82.82208588957054,71.16564417177914,47.85276073619632,72.33128834355828,70.74960932578385
2024-03-28,84.45807770961146,76.89161554192229,52.14723926380368,75.72597137014314,71.65440242475827
2024-04-01,83.43558282208589,66.87116564417178,42.740286298568506,70.32719836400818,71.41309259553098
2024-04-02,82.20858895705521,55.623721881390594,33.33333333333333,64.45807770961146,70.1485444344547
2024-04-03,79.95910020449898,55.21472392638037,34.355828220858896,63.41513292433538,68.92428779625119
2024-04-04,79.14110429447852,55.21472392638037,31.697341513292432,62.47443762781187,67.75158776562587
2024-04-05,78.7321063394683,62.78118609406953,39.87730061349693,66.1758691206544,67.46509346654014
2024-04-08,79.14110429447852,64.21267893660531,37.83231083844581,66.40081799591002,67.27158883551648
2024-04-09,82.0040899795501,60.940695296523515,33.94683026584867,66.07361963190183,67.0537762530411
2024-04-10,76.48261758691206,38.445807770961146,16.155419222903884,53.006134969325146,64.49965965600182
2024-04-11,75.4601226993865,31.083844580777097,12.269938650306749,49.50920245398773,61.77412198290834
2024-04-12,71.37014314928425,21.267893660531698,7.361963190184049,43.53783231083844,58.4584329516229
2024-04-15,69.73415132924336,16.56441717791411,4.4989775051124745,40.73619631901841,55.23620810933117
2024-04-16,67.48466257668711,15.132924335378323,4.703476482617587,39.22290388548057,52.324698250449245
2024-04-17,68.50715746421268,9.406952965235174,2.4539877300613497,37.56646216768916,49.641382599038316
2024-04-18,68.09815950920245,8.997955010224949,2.044989775051125,37.15746421267893,47.37157925606388
2024-04-19,69.73415132924336,12.474437627811861,2.658486707566462,39.14110429447853,45.875129263048365
2024-04-22,73.41513292433538,20.654396728016362,5.316973415132924,43.967280163599185,45.52824760860306
2024-04-23,75.66462167689161,26.993865030674847,8.997955010224949,47.73006134969325,45.92857737971037
2024-04-24,75.4601226993865,36.19631901840491,14.92842535787321,51.574642126789364,46.955134606452
2024-04-25,74.23312883435584,31.28834355828221,15.337423312883436,49.57055214723927,47.430665068413326
2024-04-26,73.21063394683026,29.447852760736197,11.451942740286299,47.730061349693244,47.48510075591876
2024-04-29,76.89161554192229,32.10633946830266,13.905930470347649,50.858895705521476,48.09851801948289
2024-04-30,70.75664621676891,35.787321063394685,17.38241308793456,49.59100204498977,48.36987875139323
2024-05-01,70.14314928425358,35.37832310838446,19.427402862985684,49.57055214723927,48.58818300518342
2024-05-02,71.77914110429448,46.421267893660534,29.85685071574642,55.787321063394685,49.897117197585466
2024-05-03,74.23312883435584,59.30470347648262,37.627811860940696,62.43353783231085,52.17646640389918
2024-05-06,74.64212678936605,65.6441717791411,48.466257668711656,66.70756646216768,54.818484596311635
2024-05-07,75.86912065439672,71.77914110429448,53.78323108384458,70.22494887525562,57.619659919755996
2024-05-08,75.25562372188139,71.77914110429448,53.987730061349694,69.95910020449898,59.863194516982006
2024-05-09,77.50511247443764,74.43762781186093,55.21472392638037,72.12678936605317,62.09293903499495
2024-05-10,78.32310838445807,72.39263803680981,50.920245398773,71.06339468302657,63.72393097100069
2024-05-13,79.14110429447852,65.6441717791411,43.558282208588956,67.97546012269939,64.49693627130955
2024-05-14,80.16359918200409,69.12065439672801,45.807770961145195,69.97955010224949,65.49377514966227
2024-05-15,80.57259713701431,71.98364008179959,56.646216768916155,73.21063394683026,66.896840385511
2024-05-16,80.98159509202453,74.84662576687117,51.94274028629857,73.33333333333333,68.0671118305696
2024-05-17,80.77709611451944,71.16564417177914,52.3517382413088,72.20858895705523,68.8201076717488
2024-05-20,79.14110429447852,79.75460122699386,63.394683026584865,76.1758691206544,70.15751884427709
2024-05-21,79.75460122699386,81.79959100204499,65.03067484662577,77.42331288343559,71.47857230594228
2024-05-22,77.91411042944786,75.66462167689161,58.077709611451944,73.2719836400818,71.80464709396765
2024-05-23,71.98364008179959,58.48670756646217,38.24130879345603,61.18609406952965,69.87400108952437
2024-05-24,72.59713701431492,58.48670756646217,35.991820040899796,61.04294478527607,68.26835448875195
2024-05-28,70.5521472392638,44.989775051124745,25.766871165644172,53.92638036809816,65.66072283045126
2024-05-29,65.6441717791411,36.400817995910025,19.631901840490798,47.668711656441715,62.389448071540436
2024-05-30,67.280163599182,33.537832310838446,16.155419222903884,46.93251533742331,59.57909666533732
2024-05-31,71.57464212678937,42.535787321063395,19.018404907975462,52.351738241308794,58.26503149733213
2024-06-03,70.75664621676891,39.46830265848671,18.404907975460123,50.899795501022496,56.92589767982129
2024-06-04,71.37014314928425,37.83231083844581,13.701431492842536,49.77505112474437,55.6257437607164
2024-06-05,71.16564417177914,33.33333333333333,13.496932515337424,48.282208588957054,54.290555547669236
2024-06-06,69.73415132924336,32.92433537832311,14.723926380368098,47.689161554192225,53.09030209430978
2024-06-07,68.50715746421268,28.629856850715747,12.474437627811861,45.337423312883445,51.680687770414075
2024-06-10,68.09815950920245,32.10633946830266,12.678936605316974,46.21676891615542,50.68724797873069
2024-06-11,68.30265848670757,29.85685071574642,12.474437627811861,45.603271983640084,49.76288870689603
2024-06-12,68.50715746421268,34.355828220858896,17.38241308793456,48.03680981595092,49.44905618126964
2024-06-13,68.71165644171779,46.012269938650306,24.130879345603272,52.98568507157464,50.09207961587055
2024-06-14,66.25766871165644,35.37832310838446,17.995910020449898,47.34151329243354,49.59197664797291
2024-06-17,67.68916155419224,47.648261758691206,24.74437627811861,53.0879345603272,50.227605359310054
2024-06-18,67.89366053169734,59.71370143149284,34.151329243353786,58.691206543967276,51.766441938338644
2024-06-20,69.73415132924336,57.05521472392638,29.447852760736197,57.87321063394683,52.87676351935831
2024-06-21,69.73415132924336,43.149284253578735,24.948875255623722,52.80163599182004,52.863103968896816
2024-06-24,72.39263803680981,57.873210633946826,30.67484662576687,59.69325153374233,54.104948980686906
2024-06-25,69.32515337423312,54.19222903885481,28.629856850715747,56.646216768916155,54.56699766945586
2024-06-26,68.09815950920245,45.807770961145195,19.836400817995912,51.758691206543965,54.05639649438096
2024-06-27,69.32515337423312,47.034764826175866,21.267893660531698,53.02658486707566,53.86915801668909
2024-06-28,69.12065439672801,53.78323108384458,26.789366053169733,56.05316973415133,54.266251056227674
2024-07-01,66.46216768916156,41.513292433537835,19.427402862985684,49.57055214723927,53.41248761822978
2024-07-02,66.46216768916156,50.306748466257666,26.789366053169733,53.68098159509203,53.46130470493201
2024-07-03,67.07566462167689,45.807770961145195,24.539877300613497,52.1881390593047,53.22982004209068
2024-07-05,66.25766871165644,50.10224948875256,25.766871165644172,53.312883435582826,53.24492247727107
2024-07-08,65.23517382413088,55.419222903885476,30.470347648261757,55.33742331288344,53.625377174655135
2024-07-09,64.82617586912065,48.670756646216766,23.108384458077712,51.63599182004089,53.26367074654346
2024-07-10,66.87116564417178,55.623721881390594,29.243353783231086,55.97137014314929,53.755979727744524
2024-07-11,70.34764826175869,65.23517382413088,37.423312883435585,62.22903885480572,55.296535932664746
2024-07-12,73.21063394683026,71.98364008179959,41.717791411042946,66.5439672801636,57.341523450391804
2024-07-15,74.43762781186093,64.62167689161554,41.922290388548056,64.98977505112474,58.73211465052507
2024-07-16,78.7321063394683,79.55010224948876,59.100204498977504,75.05112474437628,61.69920739486166
2024-07-17,80.16359918200409,77.91411042944786,60.940695296523515,75.6441717791411,64.23465546473065
2024-07-18,77.70961145194273,73.8241308793456,56.44171779141104,72.29038854805725,65.69933420715367
2024-07-19,73.8241308793456,71.98364008179959,44.376278118609406,67.38241308793457,66.00534854911383
2024-07-22,76.07361963190185,77.70961145194273,59.30470347648262,73.21063394683027,67.31540043960773
2024-07-23,73.00613496932516,74.02862985685071,50.920245398773,68.8957055214724,67.6027286363104
2024-07-24,71.57464212678937,65.6441717791411,42.944785276073624,64.06952965235173,66.9603288210452
2024-07-25,72.39263803680981,66.05316973415133,44.580777096114524,64.92842535787321,66.5908918277412
2024-07-26,76.48261758691206,70.75664621676891,52.14723926380368,69.89775051124744,67.19213886110597
2024-07-29,76.48261758691206,69.52965235173824,55.419222903885476,70.1840490797546,67.7361225372239
2024-07-30,77.91411042944786,68.30265848670757,53.578732106339466,70.16359918200409,68.17748192718393
2024-07-31,78.7321063394683,64.41717791411043,47.85276073619632,68.26175869120655,68.19280497518805
2024-08-01,74.84662576687117,56.646216768916155,39.87730061349693,62.39263803680982,67.13822916821019
2024-08-02,69.32515337423312,48.875255623721884,33.12883435582822,55.95092024539877,65.1041730004263
2024-08-05,60.940695296523515,29.038854805725972,16.359918200409,42.45398773006135,60.98595749672357
2024-08-06,64.21267893660531,33.12883435582822,17.38241308793456,45.52147239263803,58.17423293234438
2024-08-07,61.554192229038854,33.94683026584867,18.200408997955012,44.601226993865026,55.706413670802675
2024-08-08,67.280163599182,45.603271983640084,25.153374233128833,52.35173824130879,55.09647268362197
2024-08-09,66.87116564417178,42.740286298568506,24.130879345603272,51.0838445807771,54.36690393765017
2024-08-12,65.03067484662577,41.104294478527606,23.92638036809816,49.631901840490805,53.50599446543938
2024-08-13,68.09815950920245,53.16973415132924,29.243353783231086,55.848670756646214,53.93193560929517
2024-08-14,68.30265848670757,54.805725971370144,31.492842535787318,56.89161554192229,54.470059233409195
2024-08-15,71.98364008179959,53.987730061349694,26.993865030674847,57.58691206543968,55.036759748323824
2024-08-16,71.98364008179959,56.23721881390593,25.562372188139058,57.97546012269939,55.5710689073012
2024-08-19,73.8241308793456,58.48670756646217,25.562372188139058,59.57055214723926,56.29824767819903
2024-08-20,73.00613496932516,49.693251533742334,23.92638036809816,56.196319018404914,56.2797151946001
2024-08-21,75.86912065439672,66.66666666666666,32.31083844580777,64.3967280163599,57.75553570764735
2024-08-22,74.64212678936605,76.07361963190185,48.670756646216766,69.87730061349694,59.95949296325637
2024-08-23,77.50511247443764,94.47852760736197,79.75460122699386,83.04703476482618,64.15722783626907
2024-08-26,77.91411042944786,92.63803680981594,78.11860940695297,82.3721881390593,67.46903880041275
2024-08-27,76.89161554192229,94.06952965235173,84.45807770961146,83.55828220858895,70.39435578371751
2024-08-28,75.25562372188139,87.73006134969326,68.9161554192229,77.73006134969326,71.72812043207675
2024-08-29,76.48261758691206,88.95705521472392,69.93865030674846,78.9161554192229,73.03503588428514
2024-08-30,78.7321063394683,94.06952965235173,81.39059304703477,83.86503067484662,75.00412584620541
2024-09-03,74.64212678936605,78.11860940695297,62.78118609406953,73.31288343558282,74.6966272260922
2024-09-04,73.00613496932516,75.86912065439672,60.53169734151329,71.37014314928426,74.09181193939985
2024-09-05,71.77914110429448,64.82617586912065,44.376278118609406,64.21267893660531,72.29560593889175
2024-09-06,67.48466257668711,51.533742331288344,32.515337423312886,55.70552147239264,69.27922694498282
2024-09-09,70.14314928425358,55.010224948875255,34.56032719836401,58.48670756646217,67.31695069434271
2024-09-10,68.30265848670757,59.30470347648262,36.19631901840491,59.18200408997956,65.8378694935494
2024-09-11,69.73415132924336,51.738241308793455,26.789366053169733,55.74642126789366,64.00306072524836
2024-09-12,71.16564417177914,58.48670756646217,31.28834355828221,59.38650306748466,63.163686605654966
2024-09-13,74.64212678936605,55.828220858895705,29.65235173824131,59.99999999999999,62.58847085917225
2024-09-16,75.25562372188139,63.59918200408998,37.01431492842536,64.11042944785277,62.86519060256871
2024-09-17,75.66462167689161,63.394683026584865,36.19631901840491,64.08997955010224,63.08787950212025
2024-09-18,75.66462167689161,62.372188139059304,34.76482617586912,63.49693251533742,63.16225277725066
2024-09-19,78.32310838445807,66.46216768916156,39.263803680981596,66.95296523517382,63.85147322414578
2024-09-20,75.86912065439672,59.50920245398773,31.492842535787318,62.08588957055215,63.53045801440148
2024-09-23,76.89161554192229,71.37014314928425,46.62576687116564,69.18200408997954,64.55801184632477
2024-09-24,77.70961145194273,70.34764826175869,47.443762781186095,69.4478527607362,65.44707383076323
2024-09-25,74.64212678936605,69.32515337423312,47.239263803680984,67.56646216768915,65.83241716474976
2024-09-26,78.32310838445807,77.91411042944786,58.895705521472394,74.31492842535788,67.37469193940578
2024-09-27,80.3680981595092,74.02862985685071,55.623721881390594,73.51738241308793,68.49154475280254
2024-09-30,79.14110429447852,77.91411042944786,59.30470347648262,74.80572597137014,69.63957770163302
2024-10-01,77.0961145194274,78.7321063394683,55.010224948875255,73.16973415132924,70.28142432885052
2024-10-02,76.27811860940696,73.8241308793456,47.443762781186095,69.77505112474438,70.18935647355849
2024-10-03,74.84662576687117,59.918200408997954,35.991820040899796,62.59713701431493,68.8089529355142
2024-10-04,76.07361963190185,59.30470347648262,36.400817995910025,63.108384458077715,67.77248593961666
2024-10-07,72.80163599182005,50.306748466257666,30.265848670756647,57.54601226993866,65.9131270905843
2024-10-08,73.41513292433538,57.668711656441715,32.92433537832311,60.59304703476482,64.94583980770803
2024-10-09,76.07361963190185,53.78323108384458,30.67484662576687,60.30674846625767,64.10236865471705
2024-10-10,74.84662576687117,52.556237218813905,29.243353783231086,59.038854805725975,63.18172977308231
2024-10-11,76.89161554192229,59.100204498977504,33.12883435582822,62.80163599182004,63.11262181285281
2024-10-14,79.14110429447852,64.82617586912065,37.627811860940696,66.54396728016359,63.736502806909314
2024-10-15,78.32310838445807,69.32515337423312,39.672801635991824,67.89366053169734,64.49234966596168
2024-10-16,79.75460122699386,67.280163599182,42.944785276073624,68.65030674846625,65.2483418627807
2024-10-17,79.34560327198365,62.57668711656442,38.85480572597137,66.21676891615543,65.42441950884884
2024-10-18,79.14110429447852,63.190184049079754,38.036809815950924,66.13496932515338,65.55361038454058
2024-10-21,76.48261758691206,57.873210633946826,33.74233128834356,62.35173824130878,64.97145181304388
2024-10-22,75.4601226993865,56.23721881390593,32.10633946830266,61.02249488752556,64.25345964476783
2024-10-23,73.41513292433538,58.691206543967276,34.151329243353786,61.14519427402863,63.68832048645162
2024-10-24,73.00613496932516,53.16973415132924,29.243353783231086,58.30265848670757,62.70910921377088
2024-10-25,72.1881390593047,57.46421267893661,31.083844580777097,59.55010224948876,62.13474431117413
2024-10-28,73.8241308793456,58.691206543967276,32.515337423312886,61.02249488752557,61.93251714323803
2024-10-29,72.80163599182005,48.466257668711656,25.153374233128833,55.97137014314929,60.84867223413099
2024-10-30,72.1881390593047,51.738241308793455,30.67484662576687,57.75051124744377,60.28537023655148
2024-10-31,69.12065439672801,34.355828220858896,18.404907975460123,48.5480572597137,58.15131333167188
2024-11-01,69.32515337423312,30.879345603271986,14.314928425357873,46.78936605316973,56.08550473558058
2024-11-04,69.73415132924336,34.151329243353786,15.746421267893659,48.26175869120655,54.663005454785306
2024-11-05,73.00613496932516,36.400817995910025,19.222903885480573,51.2678936605317,54.04571240128465
2024-11-06,74.64212678936605,54.601226993865026,36.400817995910025,60.981595092024534,55.30678198141918
2024-11-07,74.23312883435584,55.010224948875255,35.37832310838446,60.695296523517385,56.28651189816431
2024-11-08,74.23312883435584,59.30470347648262,42.740286298568506,63.45603271983641,57.590061138468336
2024-11-11,73.41513292433538,62.372188139059304,49.693251533742334,65.35787321063395,59.00239060613481
2024-11-12,71.77914110429448,61.554192229038854,47.239263803680984,63.80368098159509,59.875352492582145
2024-11-13,72.39263803680981,61.554192229038854,48.670756646216766,64.39672801635992,60.69742076963265
2024-11-14,70.5521472392638,61.145194274028626,45.39877300613497,62.69938650306749,61.06141453934807
2024-11-15,68.9161554192229,56.44171779141104,38.24130879345603,59.03885480572597,60.69367640596223
2024-11-18,69.52965235173824,61.554192229038854,42.944785276073624,61.8200408997955,60.89846995029555
2024-11-19,68.9161554192229,60.32719836400818,39.87730061349693,60.53169734151329,60.83178402142604
2024-11-20,69.52965235173824,66.66666666666666,47.239263803680984,64.21267893660531,61.446492187822265
2024-11-21,71.37014314928425,73.00613496932516,55.010224948875255,68.58895705521472,62.7451221637118
2024-11-22,72.1881390593047,74.84662576687117,58.48670756646217,70.24539877300614,64.10880881994713
2024-11-25,76.07361963190185,77.50511247443764,57.259713701431494,72.74028629856852,65.67816836151465
2024-11-26,75.86912065439672,69.32515337423312,46.216768916155424,67.97546012269939,66.09585777263915
2024-11-27,75.86912065439672,70.14314928425358,47.239263803680984,68.42535787321063,66.51940324547031
2024-11-29,76.48261758691206,69.12065439672801,42.944785276073624,67.56646216768915,66.70977759496465
2024-12-02,76.68711656441718,65.03067484662577,27.402862985685072,63.33333333333333,66.09587863830441
2024-12-03,75.05112474437627,66.05316973415133,30.061349693251532,63.35378323108384,65.59731583699158
2024-12-04,73.61963190184049,61.34969325153374,30.879345603271986,61.39059304703477,64.83245714790853
2024-12-05,71.57464212678937,64.41717791411043,34.355828220858896,61.98364008179959,64.314490408616
2024-12-06,70.75664621676891,65.84867075664621,41.104294478527606,63.35378323108384,64.13981637633742
2024-12-09,71.98364008179959,55.623721881390594,31.697341513292432,59.018404907975466,63.20865065481707
2024-12-10,68.30265848670757,52.3517382413088,29.65235173824131,55.787321063394685,61.859318001831184
2024-12-11,67.07566462167689,52.760736196319016,29.447852760736197,55.25562372188139,60.65864631456758
2024-12-12,66.87116564417178,40.081799591002046,22.290388548057262,49.918200408997954,58.70583796810037
2024-12-13,65.6441717791411,30.67484662576687,15.132924335378323,45.051124744376274,56.22316283651417
2024-12-16,63.394683026584865,23.92638036809816,10.020449897750511,40.879345603271986,53.43337788501559
2024-12-17,61.963190184049076,21.881390593047033,10.020449897750511,39.55010224948875,50.90914595128343
2024-12-18,55.21472392638037,10.838445807770961,4.08997955010225,31.676891615541926,47.41237243569406
2024-12-19,54.19222903885481,10.020449897750511,3.6809815950920246,30.838445807770963,44.39893123061713
2024-12-20,56.44171779141104,13.905930470347649,4.4989775051124745,33.29243353783231,42.37956801374717
2024-12-23,56.44171779141104,13.496932515337424,4.08997955010225,33.08793456032719,40.69018011312535
2024-12-24,58.691206543967276,14.11042944785276,5.521472392638037,34.68302658486707,39.59797038071475
2024-12-26,58.895705521472394,15.132924335378323,6.339468302658487,35.25562372188139,38.80845280638141
2024-12-27,57.668711656441715,11.042944785276074,4.4989775051124745,33.04703476482617,37.76092225337137
2024-12-30,55.419222903885476,10.429447852760736,3.6809815950920246,31.574642126789364,36.63614404853828
2024-12-31,55.010224948875255,12.678936605316974,3.476482617586912,32.0040899795501,35.79395239963134
2025-01-02,54.19222903885481,11.247443762781186,3.6809815950920246,31.206543967280165,34.95987813920385
2025-01-03,55.623721881390594,15.950920245398773,5.725971370143149,33.742331288343564,34.738505984501984
2025-01-06,53.78323108384458,19.222903885480573,6.748466257668712,34.008179959100204,34.605719434428934
2025-01-07,53.16973415132924,21.063394683026583,9.406952965235174,34.78527607361963,34.63836609609997
2025-01-08,54.601226993865026,27.607361963190186,10.429447852760736,37.668711656441715,35.189338016162104
2025-01-10,50.511247443762784,38.445807770961146,16.56441717791411,40.102249488752555,36.08259464754219
2025-01-13,53.37423312883436,51.32924335378323,25.153374233128833,47.11656441717791,38.088770969294146
2025-01-14,56.44171779141104,44.580777096114524,22.903885480572598,46.17586912065439,39.559152451359644
2025-01-15,56.646216768916155,52.965235173824134,28.016359918200408,49.8159509202454,41.424024900247964
2025-01-16,59.71370143149284,56.032719836400815,29.243353783231086,52.51533742331287,43.44062717716886
2025-01-17,59.918200408997954,59.918200408997954,31.697341513292432,54.27402862985685,45.41033653220304
2025-01-21,61.963190184049076,72.39263803680981,48.057259713701434,62.31083844580777,48.483155061949354
2025-01-22,60.940695296523515,74.23312883435584,51.94274028629857,63.12883435582822,51.1460058426546
2025-01-23,61.554192229038854,76.48261758691206,53.78323108384458,64.47852760736195,53.57010070896503
2025-01-24,61.75869120654397,77.50511247443764,56.032719836400815,65.33742331288344,55.70961390967747
2025-01-27,65.23517382413088,78.11860940695297,53.987730061349694,66.85071574642127,57.735268789085445
2025-01-28,62.78118609406953,75.4601226993865,49.693251533742334,63.967280163599185,58.868361766269764
2025-01-29,60.32719836400818,76.07361963190185,49.284253578732105,62.84253578732107,59.59093886100637
2025-01-30,62.985685071574636,77.91411042944786,52.965235173824134,65.4601226993865,60.6580631952573
2025-01-31,61.554192229038854,80.98159509202453,61.554192229038854,67.38241308793457,61.880672266653164
2025-02-03,60.73619631901841,76.89161554192229,50.715746421267895,63.57873210633947,62.1894104193234
2025-02-04,59.100204498977504,71.16564417177914,44.376278118609406,59.77505112474438,61.750436002127216
2025-02-05,60.53169734151329,68.71165644171779,43.558282208588956,59.59100204498978,61.35781164628404
2025-02-06,59.50920245398773,60.122699386503065,36.60531697341513,55.11247443762781,60.22229579016473
2025-02-07,58.691206543967276,53.578732106339466,30.265848670756647,51.47239263803681,58.631404307959656
2025-02-10,60.122699386503065,46.012269938650306,26.380368098159508,49.141104294478524,56.90589521459944
2025-02-11,59.918200408997954,51.32924335378323,30.879345603271986,51.53374233128834,55.92914014490651
2025-02-12,58.282208588957054,43.149284253578735,28.629856850715747,47.8118609406953,54.45327119868629
2025-02-13,60.53169734151329,47.239263803680984,31.492842535787318,50.736196319018404,53.777439402383045
2025-02-14,59.918200408997954,40.899795501022496,29.038854805725972,48.03680981595092,52.733688568486286
2025-02-18,59.50920245398773,51.124744376278116,35.173824130879346,52.126789366053174,52.623343258953
2025-02-19,61.554192229038854,53.578732106339466,39.87730061349693,54.826175869120654,53.02385827898348
2025-02-20,61.75869120654397,49.693251533742334,32.10633946830266,52.20858895705522,52.87562749317834
2025-02-21,58.895705521472394,47.239263803680984,28.425357873210633,49.304703476482615,52.22636858105184
2025-02-24,58.48670756646217,49.897750511247445,31.083844580777097,50.42944785276073,51.89965572136254
2025-02-25,58.691206543967276,47.239263803680984,33.12883435582822,50.143149284253575,51.58029091461546
2025-02-26,58.077709611451944,43.558282208588956,26.380368098159508,47.38241308793456,50.81704040067348
2025-02-27,55.419222903885476,42.740286298568506,24.74437627811861,45.48057259713701,49.84677352730322
2025-02-28,58.077709611451944,52.760736196319016,33.74233128834356,51.61554192229039,50.16836778093725
2025-03-03,55.828220858895705,44.989775051124745,29.65235173824131,47.34151329243354,49.65439423757294
2025-03-04,48.466257668711656,37.01431492842536,21.881390593047033,39.71370143149284,47.84699554555837
2025-03-05,50.715746421267895,44.580777096114524,24.130879345603272,43.558282208588956,47.06722948429121
2025-03-06,47.85276073619632,35.37832310838446,18.200408997955012,38.1799591002045,45.45136214172999
2025-03-07,50.511247443762784,43.558282208588956,26.58486707566462,43.640081799591,45.12203844315926
2025-03-10,44.580777096114524,37.83231083844581,24.539877300613497,38.5480572597137,43.926769137078246
2025-03-11,38.85480572597137,30.265848670756647,15.541922290388548,31.615541922290383,41.688364188935
2025-03-12,37.627811860940696,22.699386503067483,7.975460122699387,27.21881390593047,39.05753686475235
2025-03-13,33.537832310838446,21.472392638036812,8.1799591002045,24.846625766871167,36.47373484695577
2025-03-14,39.87730061349693,25.766871165644172,8.793456032719837,29.427402862985684,35.192583577143026
2025-03-17,42.944785276073624,30.265848670756647,9.815950920245399,32.515337423312886,34.705811549173916
2025-03-18,41.513292433537835,31.28834355828221,12.474437627811861,32.63803680981596,34.32985250565429
2025-03-19,43.76278118609407,36.60531697341513,12.883435582822086,35.439672801635986,34.5316380140146
2025-03-20,42.740286298568506,26.380368098159508,8.588957055214724,31.00204498977505,33.88989382778922
2025-03-21,41.308793456032724,30.265848670756647,8.1799591002045,31.370143149284253,33.431757340788316
2025-03-24,45.807770961145195,51.533742331288344,18.813905930470348,42.12678936605317,35.01267225447283
2025-03-25,46.012269938650306,40.695296523517385,15.541922290388548,38.323108384458074,35.614569732651965
2025-03-26,46.012269938650306,51.738241308793455,20.449897750511248,42.61758691206544,36.887845583454414
2025-03-27,44.171779141104295,40.081799591002046,18.200408997955012,37.75051124744376,37.04469388599794
2025-03-28,39.46830265848671,44.376278118609406,19.631901840490798,36.97341513292433,37.03173411271183
2025-03-31,42.535787321063395,58.691206543967276,33.94683026584867,45.66462167689162,38.60135003347179
2025-04-01,42.331288343558285,65.6441717791411,39.263803680981596,48.71165644171779,40.439587562243794
2025-04-02,45.603271983640084,82.41308793456032,55.21472392638037,58.56850715746421,43.73575476137478
2025-04-03,35.58282208588957,36.60531697341513,21.676891615541923,33.10838445807771,41.803505615320766
2025-04-04,21.063394683026583,7.770961145194274,2.044989775051125,13.2719836400818,36.61595616527732
2025-04-07,18.609406952965234,5.725971370143149,1.0224948875255624,11.226993865030675,31.999781201596104
2025-04-08,17.791411042944784,4.294478527607362,1.0224948875255624,10.388548057259714,28.070466084444032
2025-04-09,29.447852760736197,14.519427402862986,2.4539877300613497,19.570552147239265,26.525027186770437
2025-04-10,25.357873210633947,13.0879345603272,2.658486707566462,17.13701431492843,24.818115755526435
2025-04-11,28.425357873210633,16.768916155419223,3.476482617586912,19.938650306748464,23.930940219384983
2025-04-14,29.85685071574642,22.290388548057262,7.361963190184049,23.087934560327195,23.777666463192656
2025-04-15,29.447852760736197,18.609406952965234,3.476482617586912,21.00204498977505,23.273008013480364
2025-04-16,28.22085889570552,13.701431492842536,2.044989775051125,18.629856850715743,22.428798711159523
2025-04-17,30.061349693251532,20.040899795501023,3.6809815950920246,21.779141104294478,22.31067914627497
2025-04-21,24.948875255623722,9.815950920245399,0.81799591002045,15.58282208588957,21.08743240802308
2025-04-22,29.65235173824131,16.768916155419223,1.8404907975460123,20.224948875255624,20.93061722024718
2025-04-23,30.061349693251532,16.359918200409,1.6359918200409,20.265848670756643,20.8097502112489
2025-04-24,33.12883435582822,53.16973415132924,11.451942740286299,34.80572597137014,23.35447307672549
2025-04-25,33.12883435582822,81.39059304703477,50.715746421267895,51.124744376278116,28.40361331300779
2025-04-28,33.74233128834356,90.1840490797546,65.03067484662577,56.93251533742331,33.59068640835607
2025-04-29,35.37832310838446,94.27402862985686,80.77709611451944,62.126789366053174,38.779068764301
2025-04-30,36.19631901840491,70.96114519427404,38.24130879345603,47.03476482617587,40.28010441191462
2025-05-01,35.991820040899796,84.66257668711657,63.80368098159509,56.15541922290389,43.166525286639946
2025-05-02,41.308793456032724,85.2760736196319,61.145194274028626,58.46625766871166,45.94829481065299
2025-05-05,40.695296523517385,74.02862985685071,52.14723926380368,52.98568507157464,47.22782031263874
2025-05-06,37.423312883435585,75.4601226993865,49.284253578732105,51.20654396728017,47.951224613482644
2025-05-07,41.104294478527606,81.59509202453987,62.57668711656442,57.54601226993864,49.695731460111006
2025-05-08,42.740286298568506,77.91411042944786,58.48670756646217,56.441717791411044,50.92227442943829
2025-05-09,43.149284253578735,84.66257668711657,69.52965235173824,60.879345603271986,52.73265100649896
2025-05-12,51.124744376278116,79.55010224948876,67.89366053169734,63.00613496932515,54.600557181558266
2025-05-13,50.715746421267895,77.0961145194274,65.439672801636,61.57464212678937,55.86857262614574
2025-05-14,49.079754601226995,70.75664621676891,54.601226993865026,56.68711656441718,56.017398796740544
2025-05-15,52.965235173824134,80.16359918200409,62.78118609406953,63.0879345603272,57.302950753756306
2025-05-16,55.623721881390594,83.84458077709611,66.46216768916156,66.25766871165644,58.93108129155633
2025-05-19,55.419222903885476,81.59509202453987,63.190184049079754,64.82617586912065,60.0029166692953
2025-05-20,53.987730061349694,81.18609406952966,61.145194274028626,63.57873210633947,60.653064930576065
2025-05-21,48.875255623721884,73.21063394683026,46.830265848670756,55.76687116564417,59.764666064224805
2025-05-22,47.648261758691206,59.100204498977504,36.19631901840491,48.79345603271984,57.76990060395118
2025-05-23,46.216768916155424,60.32719836400818,33.33333333333333,47.87321063394683,55.97050242758675
2025-05-27,50.715746421267895,77.0961145194274,49.48875255623722,58.38445807770962,56.409403454881826
2025-05-28,47.239263803680984,68.71165644171779,39.263803680981596,52.08588957055214,55.62331002136734
2025-05-29,48.670756646216766,67.07566462167689,34.151329243353786,51.28834355828221,54.8351343008064
2025-05-30,49.284253578732105,68.71165644171779,34.56032719836401,52.16768916155419,54.35014427548782
2025-06-02,48.261758691206545,46.012269938650306,25.153374233128833,42.96523517382413,52.280160802458056
2025-06-03,49.079754601226995,50.715746421267895,28.22085889570552,45.39877300613497,51.02899938494476
2025-06-04,48.875255623721884,55.419222903885476,28.425357873210633,46.74846625766871,50.250720634530936
2025-06-05,46.830265848670756,41.717791411042946,19.836400817995912,39.897750511247445,48.36836243029757
2025-06-06,49.48875255623722,38.65030674846626,18.813905930470348,40.102249488752555,46.86543280456212
2025-06-09,49.693251533742334,37.423312883435585,16.768916155419223,39.42740286298569,45.51306372427549
2025-06-10,52.3517382413088,50.10224948875256,20.858895705521473,45.378323108384464,45.488565430477124
2025-06-11,50.511247443762784,64.41717791411043,41.717791411042946,52.92433537832311,46.84052360281276
2025-06-12,51.533742331288344,74.02862985685071,44.580777096114524,56.89161554192229,48.667994864469044
2025-06-13,47.648261758691206,61.554192229038854,33.12883435582822,48.9161554192229,48.71311496533339
2025-06-16,49.693251533742334,51.124744376278116,27.607361963190186,45.70552147239264,48.16627978479871
2025-06-17,46.012269938650306,48.057259713701434,23.92638036809816,42.20858895705522,47.08306327066353
2025-06-18,45.603271983640084,46.012269938650306,24.539877300613497,41.513292433537835,46.070377663913405
2025-06-20,45.603271983640084,48.261758691206545,24.539877300613497,42.1881390593047,45.36451609943909
2025-06-23,49.897750511247445,60.32719836400818,30.879345603271986,49.22290388548058,46.06604115144664
2025-06-24,52.760736196319016,64.0081799591002,29.85685071574642,51.554192229038854,47.06388680191796
2025-06-25,47.648261758691206,57.873210633946826,28.425357873210633,46.87116564417177,47.02884659141865
2025-06-26,50.715746421267895,61.963190184049076,35.173824130879346,50.981595092024534,47.747528136983355
2025-06-27,52.3517382413088,62.16768916155419,33.537832310838446,51.53374233128835,48.435930717766084
2025-06-30,53.987730061349694,67.68916155419224,37.01431492842536,54.70347648261759,49.57548449319363
2025-07-01,59.71370143149284,73.8241308793456,39.46830265848671,59.897750511247445,51.452260132839776
2025-07-02,59.71370143149284,70.96114519427404,46.012269938650306,60.347648261758685,53.069603429006854
2025-07-03,62.16768916155419,71.77914110429448,46.62576687116564,61.94274028629857,54.682901039423534
2025-07-07,58.282208588957054,75.4601226993865,52.760736196319016,62.331288343558285,56.07351691290258
2025-07-08,59.100204498977504,74.84662576687117,47.648261758691206,61.533742331288344,57.0662851707909
2025-07-09,60.32719836400818,78.7321063394683,59.50920245398773,65.68507157464214,58.63333724421841
2025-07-10,62.57668711656442,79.14110429447852,63.190184049079754,67.66871165644173,60.27613259189537
2025-07-11,60.53169734151329,75.66462167689161,55.623721881390594,64.08997955010224,60.969559311569355
2025-07-14,59.71370143149284,72.80163599182005,48.466257668711656,61.39059304703476,61.046110899835796
2025-07-15,55.623721881390594,54.19222903885481,30.67484662576687,50.20449897750511,59.07490873213931
2025-07-16,56.646216768916155,65.84867075664621,40.286298568507156,56.13496932515337,58.540374294505504
2025-07-17,59.30470347648262,67.48466257668711,41.308793456032724,58.15950920245399,58.47112609595068
2025-07-18,59.50920245398773,65.439672801636,38.445807770961146,57.0756646216769,58.2174058279009
2025-07-21,58.077709611451944,58.282208588957054,32.515337423312886,53.02658486707567,57.27362019865994
2025-07-22,63.190184049079754,58.282208588957054,32.719836400818,55.623721881390594,56.973638686429155
2025-07-23,64.62167689161554,63.80368098159509,34.96932515337423,58.445807770961146,57.241305792707706
2025-07-24,63.59918200408998,52.760736196319016,29.447852760736197,53.51738241308794,56.56422881459502
2025-07-25,64.82617586912065,66.25766871165644,41.717791411042946,60.63394683026584,57.304177544716985
2025-07-28,62.16768916155419,58.077709611451944,34.151329243353786,55.33742331288344,56.946585866201794
2025-07-29,62.16768916155419,56.23721881390593,31.901840490797547,54.33537832310839,56.47182085836663
2025-07-30,59.918200408997954,46.012269938650306,27.811860940695297,49.325153374233125,55.172426770342355
2025-07-31,57.668711656441715,46.62576687116564,28.425357873210633,48.50715746421267,53.960559623773314
2025-08-01,54.601226993865026,40.49079754601227,21.472392638036812,43.74233128834356,52.102699926422446
2025-08-04,58.48670756646217,54.805725971370144,37.21881390593047,53.128834355828225,52.289269822678044
2025-08-05,57.259713701431494,50.920245398773,31.492842535787318,50.204498977505104,51.91022057810115
2025-08-06,55.623721881390594,45.194274028629856,28.016359918200408,46.97341513292434,51.01261958806901
2025-08-07,56.44171779141104,48.466257668711656,28.425357873210633,48.44580777096114,50.545926530413034
2025-08-08,57.668711656441715,52.760736196319016,31.901840490797547,51.04294478527607,50.63629348584268
2025-08-11,56.032719836400815,43.353783231083845,25.153374233128833,46.053169734151325,49.802998258262434
2025-08-12,59.30470347648262,44.376278118609406,26.380368098159508,48.241308793456035,49.51905471920673
2025-08-13,64.82617586912065,56.032719836400815,30.470347648261757,55.316973415132914,50.573221754829675
2025-08-14,61.34969325153374,47.648261758691206,24.74437627811861,49.91820040899796,50.45412696467845
2025-08-15,61.145194274028626,49.284253578732105,26.789366053169733,50.71574642126789,50.5016941386038
2025-08-18,61.34969325153374,45.603271983640084,24.130879345603272,49.18200408997955,50.2617504933994
2025-08-19,63.190184049079754,55.828220858895705,33.94683026584867,55.13292433537833,51.14741846466829
2025-08-20,63.59918200408998,62.78118609406953,37.83231083844581,58.20040899795501,52.429780379811326
2025-08-21,63.394683026584865,70.34764826175869,42.944785276073624,61.39059304703476,54.05901904657922
2025-08-22,68.9161554192229,71.77914110429448,51.738241308793455,66.33946830265849,56.291828002230005
2025-08-25,65.439672801636,68.9161554192229,42.944785276073624,61.9836400817996,57.32670292578811
2025-08-26,64.62167689161554,70.14314928425358,46.830265848670756,62.71983640081799,58.307272648520815
2025-08-27,66.05316973415133,71.98364008179959,51.32924335378323,64.88752556237219,59.50368226922106
2025-08-28,65.23517382413088,70.96114519427404,48.670756646216766,63.64008179959101,60.255754911106514
2025-08-29,65.84867075664621,72.59713701431492,49.693251533742334,64.64212678936606,61.05327707079007
2025-09-02,63.80368098159509,59.30470347648262,34.151329243353786,56.52351738241309,60.229684400176076
2025-09-03,63.394683026584865,47.034764826175866,22.903885480572598,50.38854805725971,58.440386883282194
2025-09-04,64.62167689161554,58.077709611451944,31.697341513292432,56.073619631901835,58.01006556484939
2025-09-05,64.0081799591002,59.50920245398773,32.10633946830266,56.27811860940695,57.695166118405304
2025-09-08,64.0081799591002,61.75869120654397,31.901840490797547,56.9120654396728,57.552784176817575
2025-09-09,62.57668711656442,52.556237218813905,23.92638036809816,51.84049079754602,56.51418538058638
2025-09-10,61.145194274028626,46.216768916155424,25.562372188139058,49.55010224948875,55.24798844765954
2025-09-11,66.46216768916156,64.21267893660531,36.809815950920246,59.856850715746425,56.085963405493516
2025-09-12,63.80368098159509,42.535787321063395,19.631901840490798,48.58895705521472,54.72287134180646
2025-09-15,61.963190184049076,46.421267893660534,23.721881390593047,49.65235173824131,53.800958686612795
2025-09-16,62.16768916155419,40.695296523517385,18.404907975460123,46.97341513292433,52.55958713139671
2025-09-17,61.75869120654397,39.672801635991824,16.768916155419223,46.13496932515338,51.39147480298883
2025-09-18,61.554192229038854,44.580777096114524,21.676891615541923,48.48670756646217,50.863335305438525
2025-09-19,60.73619631901841,43.558282208588956,22.085889570552148,47.85276073619632,50.315958111030845
2025-09-22,61.145194274028626,47.648261758691206,25.562372188139058,49.97955010224948,50.25479301852515
2025-09-23,61.75869120654397,53.37423312883436,29.447852760736197,52.78118609406953,50.714137214078676
2025-09-24,61.963190184049076,45.603271983640084,25.357873210633947,49.73415132924335,50.53595796229044
2025-09-25,59.918200408997954,43.353783231083845,23.31288343558282,47.62781186094069,50.00720412568139
2025-09-26,62.78118609406953,49.48875255623722,30.265848670756647,52.290388548057265,50.42232856611337
2025-09-29,62.78118609406953,52.965235173824134,32.719836400818,53.8241308793456,51.04083807761015
2025-09-30,64.21267893660531,57.05521472392638,35.58282208588957,56.33946830265849,52.0042253912553
2025-10-01,64.62167689161554,45.603271983640084,25.562372188139058,51.104294478527606,51.84060158894117
2025-10-02,63.59918200408998,53.37423312883436,31.697341513292432,54.151329243353786,52.260733889743456
2025-10-03,64.82617586912065,60.53169734151329,36.809815950920246,57.93456032719836,53.29233869655344
2025-10-06,64.62167689161554,58.077709611451944,37.423312883435585,57.21881390593046,54.00624328007654
2025-10-07,64.21267893660531,52.760736196319016,36.809815950920246,55.29652351738241,54.240839686859424
2025-10-08,62.985685071574636,52.14723926380368,33.94683026584867,53.92638036809816,54.18366526526646
2025-10-09,61.554192229038854,48.261758691206545,27.811860940695297,50.81799591002045,53.57172538249446
2025-10-10,53.987730061349694,33.537832310838446,18.200408997955012,40.695296523517385,51.230556499044084
2025-10-13,57.259713701431494,37.423312883435585,18.813905930470348,43.619631901840485,49.84675202682524
2025-10-14,61.145194274028626,47.034764826175866,21.472392638036812,48.97750511247443,49.68870713330691
2025-10-15,60.73619631901841,54.805725971370144,26.993865030674847,52.20858895705523,50.14686746489751
2025-10-16,56.23721881390593,41.308793456032724,17.791411042944784,44.06952965235174,49.041896953525544
2025-10-17,57.668711656441715,41.308793456032724,16.973415132924334,44.62167689161554,48.23822057863281
2025-10-20,62.372188139059304,45.603271983640084,20.654396728016362,48.997955010224956,48.37635411164957
2025-10-21,64.21267893660531,51.32924335378323,22.699386503067483,52.04498977505112,49.04337877772257
2025-10-22,62.985685071574636,43.558282208588956,17.38241308793456,48.03680981595092,48.860366239218635
2025-10-23,64.21267893660531,46.012269938650306,17.995910020449898,49.50920245398773,48.97833646008575
2025-10-24,62.57668711656442,48.261758691206545,19.018404907975462,49.57055214723927,49.08601203956821
2025-10-27,63.190184049079754,54.19222903885481,27.198364008179958,53.29243353783231,49.8508159483435
2025-10-28,59.918200408997954,44.376278118609406,20.449897750511248,47.36196319018405,49.39829726504178
2025-10-29,53.987730061349694,40.899795501022496,20.449897750511248,43.353783231083845,48.29929471341307
2025-10-30,52.965235173824134,52.760736196319016,30.879345603271986,48.48670756646217,48.333369777603814
2025-10-31,53.37423312883436,48.057259713701434,27.811860940695297,46.666666666666664,48.03033284834251
2025-11-03,52.965235173824134,41.513292433537835,22.903885480572598,43.51738241308793,47.20979640556895
2025-11-04,52.14723926380368,37.83231083844581,18.609406952965234,41.145194274028626,46.10714147256162
2025-11-05,53.16973415132924,48.466257668711656,27.607361963190186,46.646216768916155,46.205155162807905
2025-11-06,51.124744376278116,40.286298568507156,23.92638036809816,42.43353783231084,45.51940655726298
2025-11-07,53.578732106339466,39.672801635991824,23.31288343558282,43.353783231083845,45.125656861594045
2025-11-10,54.805725971370144,40.899795501022496,24.948875255623722,44.66257668711656,45.041460466234504
2025-11-11,56.850715746421265,47.443762781186095,28.629856850715747,48.38445807770961,45.64927821377543
2025-11-12,57.05521472392638,48.057259713701434,27.402862985685072,48.42535787321063,46.15401997003638
2025-11-13,56.032719836400815,39.263803680981596,20.858895705521473,43.967280163599185,45.756430914320525
2025-11-14,55.21472392638037,34.56032719836401,19.018404907975462,41.77914110429448,45.033287312497606
2025-11-17,50.715746421267895,33.33333333333333,16.56441717791411,38.670756646216766,43.876463554992
2025-11-18,51.32924335378323,41.717791411042946,23.108384458077712,42.80163599182004,43.681040361688005
2025-11-19,50.10224948875256,38.85480572597137,20.245398773006134,40.756646216768914,43.149332335339075
2025-11-20,46.62576687116564,34.96932515337423,19.222903885480573,37.6482617586912,42.14913768503946
2025-11-21,52.556237218813905,51.94274028629857,29.65235173824131,47.79141104294478,43.17500556829498
2025-11-24,52.3517382413088,53.578732106339466,27.607361963190186,47.77096114519428,44.01063385500394
2025-11-25,56.44171779141104,58.691206543967276,36.19631901840491,53.06748466257669,45.65733400183535
2025-11-26,57.668711656441715,69.73415132924336,43.967280163599185,58.54805725971371,48.00110186690414
2025-11-28,59.71370143149284,66.46216768916156,38.65030674846626,57.52556237218814,49.73282195877396
2025-12-01,57.259713701431494,56.850715746421265,30.67484662576687,51.8200408997955,50.112316311686975
2025-12-02,56.23721881390593,45.807770961145195,23.721881390593047,46.605316973415135,49.47468006836482
2025-12-03,58.48670756646217,52.14723926380368,26.789366053169733,50.24539877300614,49.61481074193596
2025-12-04,58.691206543967276,57.46421267893661,34.151329243353786,53.415132924335374,50.30577841146312
2025-12-05,59.918200408997954,60.940695296523515,38.85480572597137,56.012269938650306,51.343322325497155
2025-12-08,55.419222903885476,64.21267893660531,42.535787321063395,55.48057259713701,52.095549647613495
2025-12-09,55.419222903885476,61.554192229038854,39.87730061349693,54.151329243353786,52.4693277559299
2025-12-10,58.282208588957054,69.73415132924336,49.48875255623722,59.95910020449898,53.83110456476064
2025-12-11,61.75869120654397,77.50511247443764,60.53169734151329,66.23721881390594,56.08676170096888
2025-12-12,62.16768916155419,68.9161554192229,48.261758691206545,61.41104294478528,57.05481283620823
2025-12-15,61.34969325153374,69.52965235173824,49.897750511247445,61.51329243353783,57.86544549026815
2025-12-16,59.30470347648262,56.850715746421265,35.37832310838446,53.78323108384458,57.12322468910023
2025-12-17,59.50920245398773,52.14723926380368,30.67484662576687,51.53374233128834,56.10695516949807
2025-12-18,59.100204498977504,49.897750511247445,26.58486707566462,49.83640081799591,54.96685437831586
2025-12-19,57.668711656441715,54.19222903885481,34.355828220858896,51.96319018404908,54.4207336157219
2025-12-22,59.918200408997954,60.122699386503065,39.46830265848671,55.88957055214724,54.68779487689015
2025-12-23,59.918200408997954,56.44171779141104,33.33333333333333,53.558282208588956,54.482428937199025
2025-12-24,60.53169734151329,59.71370143149284,34.56032719836401,55.0920245398773,54.59326450132235
2025-12-26,59.71370143149284,60.940695296523515,32.10633946830266,54.56032719836401,54.587275900784476
2025-12-29,60.940695296523515,66.87116564417178,40.899795501022496,58.71165644171779,55.33716327186326
2025-12-30,60.73619631901841,68.50715746421268,44.171779141104295,59.75460122699386,56.14033380915974
2025-12-31,58.282208588957054,44.171779141104295,25.562372188139058,47.505112474437624,54.570293566483
2026-01-02,57.873210633946826,43.76278118609407,20.654396728016362,46.19631901840491,53.04775273955971
2026-01-05,59.30470347648262,56.032719836400815,33.12883435582822,53.0879345603272,53.0550585251538
2026-01-06,62.372188139059304,64.0081799591002,39.672801635991824,58.32310838445808,54.01288577230003
2026-01-07,58.077709611451944,60.32719836400818,36.19631901840491,54.376278118609406,54.078957107992636
2026-01-08,62.16768916155419,68.71165644171779,46.012269938650306,60.89979550102249,55.31910954308898
2026-01-09,63.80368098159509,69.93865030674846,47.648261758691206,62.41308793456033,56.60892379608377
2026-01-12,64.41717791411043,70.75664621676891,46.830265848670756,62.80163599182004,57.73487146803583
2026-01-13,63.80368098159509,62.78118609406953,41.104294478527606,58.95705521472392,57.9570866947064
2026-01-14,66.25766871165644,68.50715746421268,46.421267893660534,62.96523517382413,58.86765914545507
2026-01-15,67.280163599182,66.87116564417178,48.466257668711656,63.394683026584865,59.69075439656958
2026-01-16,66.66666666666666,64.82617586912065,47.85276073619632,62.351738241308794,60.17456964106762
2026-01-20,62.985685071574636,57.46421267893661,33.94683026584867,55.52147239263804,59.32855195953496
2026-01-21,66.46216768916156,64.62167689161554,44.785276073619634,61.57464212678937,59.73693198994486
2026-01-22,66.66666666666666,68.09815950920245,48.875255623721884,63.53783231083844,60.428004775561874
2026-01-23,65.6441717791411,66.05316973415133,42.740286298568506,61.186094069529645,60.565839192646926
2026-01-26,66.05316973415133,64.41717791411043,41.513292433537835,60.654396728016366,60.581940562714095
2026-01-27,65.84867075664621,57.873210633946826,32.31083844580777,56.7484662576687,59.884945234524025
2026-01-28,64.82617586912065,57.873210633946826,38.445807770961146,57.4642126789366,59.44481204259903
2026-01-29,63.80368098159509,53.78323108384458,33.94683026584867,54.826175869120654,58.60506001105751
2026-01-30,64.0081799591002,54.396728016359916,30.265848670756647,54.37627811860941,57.836190576066954
2026-02-02,62.985685071574636,54.19222903885481,31.901840490797547,54.13087934560327,57.162497625073556
2026-02-03,62.57668711656442,56.646216768916155,35.173824130879346,55.316973415132935,56.82694776872071
2026-02-04,67.280163599182,60.122699386503065,40.695296523517385,59.8159509202454,57.37040288717974
2026-02-05,65.6441717791411,54.601226993865026,35.58282208588957,56.31901840490797,57.179242072221236
2026-02-06,67.48466257668711,61.554192229038854,43.76278118609407,60.961145194274025,57.86686082168538
2026-02-09,67.07566462167689,67.89366053169734,49.693251533742334,63.84458077709611,58.95371899539642
2026-02-10,67.280163599182,64.21267893660531,44.785276073619634,61.86094069529653,59.482304759014625
2026-02-11,67.07566462167689,64.62167689161554,49.897750511247445,62.9038854805726,60.10441034475244
2026-02-12,65.03067484662577,61.34969325153374,43.967280163599185,59.713701431492844,60.033372360523416
2026-02-13,65.23517382413088,62.78118609406953,46.830265848670756,60.81799591002045,60.176031187704695
2026-02-17,63.80368098159509,62.57668711656442,44.989775051124745,59.672801635991824,60.08453490557508
2026-02-18,66.05316973415133,64.0081799591002,48.057259713701434,61.84049079754601,60.40379961320616
2026-02-19,64.41717791411043,63.80368098159509,44.376278118609406,60.22494887525562,60.37128129721515
2026-02-20,66.05316973415133,66.46216768916156,45.39877300613497,62.04498977505112,60.675591929548965
2026-02-23,63.394683026584865,59.50920245398773,39.672801635991824,57.484662576687114,60.095422956301356
2026-02-24,63.80368098159509,62.57668711656442,39.672801635991824,58.609406952965244,59.825238228422066
2026-02-25,63.190184049079754,55.010224948875255,31.083844580777097,54.31492842535788,58.82336371877403
2026-02-26,65.6441717791411,64.41717791411043,38.65030674846626,59.877300613496935,59.01498860872365
2026-02-27,65.84867075664621,56.032719836400815,33.12883435582822,56.35991820040899,58.53224853448461
2026-03-02,64.82617586912065,54.19222903885481,34.56032719836401,55.58282208588957,57.995989180194606
2026-03-03,60.940695296523515,46.421267893660534,27.198364008179958,49.83640081799591,56.51242765979484
2026-03-04,60.53169734151329,43.76278118609407,27.198364008179958,48.83435582822086,55.11641459950866
2026-03-05,58.077709611451944,47.648261758691206,26.58486707566462,48.650306748466264,53.940758626591865
2026-03-06,55.010224948875255,38.036809815950924,21.063394683026583,43.12883435582822,51.97495421372575
2026-03-09,55.21472392638037,38.24130879345603,19.222903885480573,42.92433537832311,50.32938715274345
2026-03-10,53.37423312883436,33.12883435582822,14.11042944785276,39.4478527607362,48.35092635419667
2026-03-11,51.32924335378323,30.470347648261757,11.860940695296524,37.17791411042944,46.31946958260263
2026-03-12,48.670756646216766,25.357873210633947,11.65644171779141,34.27402862985685,44.129389409376124
2026-03-13,47.648261758691206,28.834355828220858,15.541922290388548,35.58282208588957,42.575468077833115
2026-03-16,49.284253578732105,29.038854805725972,14.314928425357873,36.21676891615542,41.41934095752808
2026-03-17,49.897750511247445,27.402862985685072,12.065439672801636,35.582822085889575,40.35815570813926
2026-03-18,46.62576687116564,18.404907975460123,6.5439672801636,30.143149284253578,38.500881812887314
2026-03-19,46.421267893660534,15.746421267893659,6.748466257668712,29.28425357873211,36.82513122485909
2026-03-20,43.353783231083845,12.678936605316974,5.316973415132924,26.5439672801636,34.955828689459906
2026-03-23,45.807770961145195,15.950920245398773,6.134969325153374,28.916155419222903,33.85770627668955
2026-03-24,46.62576687116564,12.883435582822086,6.5439672801636,28.486707566462165,32.88116105664821
2026-03-25,47.034764826175866,17.586912065439673,9.202453987730062,30.63394683026585,32.47257665185141
2026-03-26,45.603271983640084,20.654396728016362,8.793456032719837,30.756646216768917,32.16058930001823
2026-03-27,41.717791411042946,13.29243353783231,6.952965235173824,26.23721881390593,31.083612847997813
2026-03-30,41.308793456032724,16.768916155419223,6.748466257668712,27.034764826175874,30.347458662212002
2026-03-31,46.216768916155424,31.901840490797547,8.1799591002045,34.31492842535788,31.068816800965795
2026-04-01,46.62576687116564,47.034764826175866,20.040899795501023,41.43149284253578,32.95293971761488
2026-04-02,47.239263803680984,49.079754601226995,20.040899795501023,42.351738241308794,34.661812176468324
2026-04-06,47.239263803680984,45.807770961145195,19.018404907975462,41.16564417177914,35.844327084706656
2026-04-07,47.034764826175866,40.49079754601227,16.56441717791411,38.97750511247443,36.413995817028066
2026-04-08,53.78323108384458,69.93865030674846,38.65030674846626,55.60327198364008,39.90295512004843
2026-04-09,54.19222903885481,69.93865030674846,44.580777096114524,56.99386503067485,43.01039328561687
2026-04-10,51.94274028629857,70.34764826175869,51.533742331288344,57.382413087934566,45.62348779512918
2026-04-13,54.601226993865026,73.8241308793456,48.261758691206545,59.100204498977504,48.07379992310161
2026-04-14,55.419222903885476,75.86912065439672,48.466257668711656,60.163599182004084,50.271945242902056
2026-04-15,53.578732106339466,73.00613496932516,43.149284253578735,57.32106339468303,51.553603088680426
2026-04-16,52.3517382413088,74.64212678936605,47.85276073619632,58.13905930470348,52.750958764320984
2026-04-17,58.895705521472394,83.02658486707567,66.46216768916156,67.6482617586912,55.45955930875193
2026-04-20,57.873210633946826,78.11860940695297,63.59918200408998,65.0920245398773,57.210916623502
2026-04-21,55.010224948875255,68.9161554192229,51.94274028629857,58.56850715746421,57.45775126604059
2026-04-22,55.623721881390594,68.30265848670757,48.466257668711656,57.995910020449905,57.55559831229683
2026-04-23,54.396728016359916,66.87116564417178,46.830265848670756,56.625766871165645,57.38653805027298
2026-04-24,53.78323108384458,60.940695296523515,40.49079754601227,53.2719836400818,56.63843724842005
2026-04-27,53.987730061349694,63.59918200408998,42.535787321063395,54.580777096114524,56.26431722072813
2026-04-28,53.987730061349694,53.16973415132924,28.425357873210633,48.62985685071574,54.87623351708952
2026-04-29,52.3517382413088,48.875255623721884,27.607361963190186,46.359918200409005,53.32781255042033
2026-04-30,56.032719836400815,63.80368098159509,38.65030674846626,54.88752556237218,53.61139673441157
2026-05-01,55.419222903885476,56.646216768916155,31.492842535787318,51.00204498977505,53.13696914447766
2026-05-04,52.14723926380368,46.421267893660534,28.22085889570552,45.644171779141104,51.774642350780105
2026-05-05,53.16973415132924,50.920245398773,28.629856850715747,47.58691206543967,51.01323684435457
2026-05-06,54.601226993865026,50.306748466257666,26.993865030674847,47.79141104294479,50.42745033500733
2026-05-07,53.987730061349694,40.286298568507156,19.836400817995912,43.04703476482618,49.08555659497439
2026-05-08,51.738241308793455,37.423312883435585,22.494887525562373,41.59509202453988,47.72365394580448
2026-05-11,52.760736196319016,42.12678936605317,25.562372188139058,44.13087934560327,47.07042220031335
2026-05-12,52.965235173824134,44.580777096114524,23.92638036809816,44.64212678936606,46.628913943777484
2026-05-13,51.738241308793455,38.85480572597137,22.903885480572598,42.10633946830265,45.80662767550933
2026-05-14,52.965235173824134,42.535787321063395,22.903885480572598,43.8241308793456,45.44617371257047
2026-05-15,49.897750511247445,40.286298568507156,20.040899795501023,41.04294478527607,44.64558663488058
2026-05-18,51.533742331288344,44.989775051124745,24.74437627811861,44.212678936605315,44.56687614428508
2026-05-19,49.693251533742334,44.989775051124745,21.063394683026583,42.556237218813905,44.20130543056305
2026-05-20,52.760736196319016,39.87730061349693,17.38241308793456,41.820040899795494,43.76834824315077
2026-05-21,54.396728016359916,44.989775051124745,20.858895705521473,44.86707566462168,43.96811686523639
2026-05-22,55.623721881390594,54.601226993865026,29.65235173824131,50.122699386503065,45.08713186910306
2026-05-26,56.44171779141104,52.3517382413088,25.357873210633947,48.99795501022495,45.79819062203431
2026-05-27,57.05521472392638,49.284253578732105,24.130879345603272,48.13905930470347,46.22380310979234
2026-05-28,56.44171779141104,54.805725971370144,26.789366053169733,50.02044989775051,46.914102525784735
2026-05-29,54.601226993865026,53.37423312883436,24.74437627811861,48.26175869120654,47.15913091949779
2026-06-01,52.760736196319016,53.37423312883436,27.402862985685072,47.873210633946826,47.288963594852156
2026-06-02,52.556237218813905,51.124744376278116,27.811860940695297,47.17791411042945,47.26877277950257
2026-06-03,52.760736196319016,56.23721881390593,33.537832310838446,49.95910020449898,47.757923220411
2026-06-04,55.623721881390594,59.30470347648262,35.991820040899796,52.80163599182004,48.67496190612174
2026-06-05,57.46421267893661,68.09815950920245,40.899795501022496,57.34151329243354,50.25069852181479
2026-06-08,54.601226993865026,56.646216768916155,31.083844580777097,50.511247443762784,50.29807105307806
2026-06-09,57.668711656441715,64.62167689161554,44.580777096114524,57.13701431492842,51.5415152825054
2026-06-10,55.623721881390594,58.282208588957054,28.834355828220858,51.06339468302659,51.454584264418344
2026-06-11,58.48670756646217,61.963190184049076,32.31083844580777,54.29447852760736,51.97092867590726
2026-06-12,60.32719836400818,62.985685071574636,30.879345603271986,55.23517382413088,52.56442779376611
2026-06-15,60.122699386503065,65.03067484662577,32.31083844580777,56.032719836400815,53.195026346972426
2026-06-16,60.940695296523515,63.394683026584865,32.719836400818,56.032719836400815,53.71097061777758
2026-06-17,57.259713701431494,50.715746421267895,20.654396728016362,47.97546012269939,52.668150527763366
2026-06-18,57.668711656441715,57.259713701431494,27.607361963190186,51.533742331288344,52.461894492040635
2026-06-22,56.646216768916155,58.282208588957054,37.423312883435585,53.29243353783231,52.61290159127549
2026-06-23,59.50920245398773,59.100204498977504,34.56032719836401,54.396728016359916,52.937233668563564
2026-06-24,61.554192229038854,62.57668711656442,41.308793456032724,57.8118609406953,53.82352953622388
2026-06-25,60.940695296523515,61.554192229038854,39.059304703476485,56.74846625766871,54.35533621285021
2026-06-26,62.78118609406953,65.6441717791411,43.353783231083845,59.75460122699387,55.33702076087633
2026-06-29,60.940695296523515,66.05316973415133,46.012269938650306,59.48875255623721,56.09188108730558
2026-06-30,59.50920245398773,59.918200408997954,36.60531697341513,55.05112474437628,55.902652661318434
2026-07-01,60.32719836400818,66.87116564417178,44.376278118609406,59.100204498977504,56.48402572271099
2026-07-02,65.439672801636,67.48466257668711,44.785276073619634,61.922290388548056,57.472801116499554
2026-07-06,64.41717791411043,63.59918200408998,38.036809815950924,58.895705521472394,57.73151100831279
2026-07-07,66.05316973415133,63.394683026584865,40.695296523517385,60.1840490797546,58.17742702130222
2026-07-08,62.985685071574636,55.21472392638037,24.948875255623722,53.04703476482617,57.244628429215666
2026-07-09,62.78118609406953,66.05316973415133,41.513292433537835,59.509202453987726,57.656369160992405
2026-07-10,64.62167689161554,68.30265848670757,43.558282208588956,61.51329243353783,58.357627937818854
2026-07-13,65.84867075664621,70.34764826175869,48.057259713701434,63.640081799591,59.31807409450471
2026-07-14,64.0081799591002,66.25766871165644,39.263803680981596,59.734151329243346,59.39372450082082
2026-07-15,63.59918200408998,57.873210633946826,33.33333333333333,55.8282208588957,58.745451111379886
2026-07-16,69.12065439672801,65.23517382413088,38.85480572597137,61.901840490797554,59.31934008945583
2026-07-17,65.439672801636,54.601226993865026,30.67484662576687,55.23517382413088,58.57676440485128
2026-07-20,63.394683026584865,53.78323108384458,29.243353783231086,53.68098159509202,57.686622075804145
2026-07-21,62.372188139059304,56.646216768916155,30.879345603271986,54.355828220858896,57.08102319308683
2026-07-22,63.59918200408998,52.556237218813905,23.108384458077712,52.1881390593047,56.191407896035535
2026-07-23,63.59918200408998,39.46830265848671,19.018404907975462,47.443762781186095,54.60092696606291
2026-07-24,65.03067484662577,49.284253578732105,24.130879345603272,52.12678936605317,54.15108376606113
2026-07-27,68.71165644171779,55.21472392638037,24.948875255623722,55.91002044989775,54.470890435849604
2026-07-28,71.57464212678937,72.59713701431492,46.62576687116564,66.89161554192229,56.729204091499184
2026-07-29,69.18367346938776,65.91836734693878,41.83673469387755,62.734693877551024,57.82111132532679
2026-07-30,68.71165644171779,58.48670756646217,31.28834355828221,58.15950920245399,57.88263821207719
2026-07-31,66.46216768916156,55.21472392638037,27.607361963190186,55.31697341513293,57.416153703541866
2026-08-03,68.30265848670757,60.940695296523515,35.991820040899796,59.6319018404908,57.819017001168945
2026-08-04,70.06109979633402,67.61710794297352,40.73319755600815,63.462321792260695,58.84507241773108
2026-08-05,69.93865030674846,60.32719836400818,33.94683026584867,59.85685071574642,59.02903210827933
2026-08-06,69.32515337423312,61.34969325153374,37.627811860940696,60.59304703476483,59.31339845854942
2026-08-07,71.83673469387755,66.12244897959184,44.08163265306123,64.57142857142857,60.26940393361836
2026-08-10,70.14314928425358,64.82617586912065,43.353783231083845,63.19018404907976,60.80045486370225
2026-08-11,70.20408163265306,66.3265306122449,44.285714285714285,63.85714285714286,61.356216317055086
2026-08-12,68.50715746421268,68.71165644171779,49.693251533742334,64.80572597137015,61.98339989056692
2026-08-13,72.1881390593047,66.46216768916156,44.785276073619634,64.98977505112474,62.53001355612289
2026-08-14,71.63265306122449,64.89795918367346,42.04081632653061,63.6938775510204,62.7416251915588
2026-08-17,67.75510204081633,48.97959183673469,27.55102040816326,54.08163265306122,61.167081093650154
2026-08-18,67.48466257668711,54.396728016359916,30.470347648261757,56.15541922290388,60.25586984442356
2026-08-19,71.77914110429448,60.940695296523515,35.37832310838446,61.24744376278119,60.43615601139768
2026-08-20,70.34764826175869,57.05521472392638,31.901840490797547,58.67075664621677,60.11517430863751
2026-08-21,69.12065439672801,55.623721881390594,31.901840490797547,57.627811860940696,59.66292659087446
2026-08-24,72.39263803680981,49.079754601226995,31.492842535787318,57.21881390593047,59.21854246633919
2026-08-25,70.5521472392638,48.466257668711656,30.061349693251532,55.828220858895705,58.60212035589492
2026-08-26,70.34764826175869,54.601226993865026,30.061349693251532,57.56646216768916,58.41381886713024
2026-08-27,69.32515337423312,47.648261758691206,24.948875255623722,53.94683026584867,57.60163912144268
2026-08-28,68.9161554192229,47.034764826175866,22.290388548057262,53.02658486707566,56.76981107519413
2026-08-31,66.05316973415133,41.104294478527606,21.063394683026583,49.570552147239255,55.460854906475056
2026-09-01,62.78118609406953,37.423312883435585,19.427402862985684,46.50306748466258,53.83216628432733
2026-09-02,64.41717791411043,35.58282208588957,17.177914110429448,46.31901840490797,52.46613939716017
2026-09-03,66.05316973415133,40.286298568507156,20.858895705521473,49.284253578732105,51.88761470290052
2026-09-04,63.80368098159509,41.922290388548056,20.654396728016362,48.60940695296523,51.29157693018501
2026-09-08,59.71370143149284,30.879345603271986,11.451942740286299,41.41104294478527,49.49511620556688
2026-09-09,56.23721881390593,24.539877300613497,8.997955010224949,37.280163599182,47.274215731678716
2026-09-10,54.601226993865026,24.539877300613497,8.384458077709612,36.33946830265848,45.28607983549322
2026-09-11,56.44171779141104,27.607361963190186,10.020449897750511,38.507157464212675,44.053548495260394
2026-09-14,56.326530612244895,23.877551020408163,10.0,37.326530612244895,42.83045433471212
2026-09-15,52.760736196319016,22.699386503067483,11.65644171779141,35.52147239263804,41.50154852706229
2026-09-16,50.10224948875256,17.177914110429448,5.521472392638037,31.30879345603272,39.64832033232964
2026-09-17,50.306748466257666,20.245398773006134,7.770961145194274,32.781186094069525,38.3997504708278
2026-09-18,49.693251533742334,21.063394683026583,7.361963190184049,32.63803680981595,37.35216616882565
2026-09-21,49.897750511247445,24.335378323108383,8.793456032719837,34.008179959100204,36.74416867614829
2026-09-22,48.670756646216766,28.629856850715747,13.496932515337424,35.623721881390594,36.54045107710144
2026-09-23,46.830265848670756,24.74437627811861,11.65644171779141,33.169734151329244,35.927593454233765
2026-09-24,44.376278118609406,20.245398773006134,9.202453987730062,30.102249488752555,34.86844000596445
2026-09-25,45.603271983640084,23.31288343558282,11.042944785276074,32.0040899795501,34.34764909207094
2026-09-28,43.149284253578735,28.22085889570552,11.860940695296524,32.41308793456033,33.99591069979628
2026-09-29,42.12678936605317,30.061349693251532,14.723926380368098,33.02658486707566,33.81966963930163
2026-09-30,39.46830265848671,29.447852760736197,13.905930470347649,31.34969325153374,33.37058302334383
2026-10-01,40.081799591002046,25.562372188139058,13.0879345603272,30.327198364008183,32.81724035801008
2026-10-02,41.513292433537835,24.74437627811861,15.950920245398773,31.370143149284253,32.55413177460538
2026-10-05,42.56619144602851,31.771894093686353,18.126272912423623,34.43991853360488,32.89700209442347
2026-10-06,45.91836734693878,37.755102040816325,21.224489795918366,38.53061224489796,33.921294849055194
2026-10-07,44.285714285714285,32.857142857142854,15.918367346938775,35.183673469387756,34.15081823457021
2026-10-08,46.12244897959184,43.87755102040816,20.408163265306122,40.30612244897959,35.26996445537192
2026-10-09,0.0,50.0,50.0,25.0,33.40269819075884
