Date,RSI50_Breadth
2003-01-02,0.0
2003-01-03,0.0
2003-01-06,0.0
2003-01-07,0.0
2003-01-08,0.0
2003-01-09,0.0
2003-01-10,0.0
2003-01-13,0.0
2003-01-14,0.0
2003-01-15,0.0
2003-01-16,0.0
2003-01-17,0.0
2003-01-21,0.0
2003-01-22,0.0
2003-01-23,18.251928020565554
2003-01-24,14.652956298200515
2003-01-27,10.796915167095115
2003-01-28,13.624678663239074
2003-01-29,13.624678663239074
2003-01-30,11.311053984575835
2003-01-31,14.395886889460154
2003-02-03,15.424164524421593
2003-02-04,13.624678663239074
2003-02-05,13.110539845758353
2003-02-06,13.110539845758353
2003-02-07,11.825192802056556
2003-02-10,13.881748071979436
2003-02-11,12.339331619537274
2003-02-12,8.740359897172237
2003-02-13,8.740359897172237
2003-02-14,13.624678663239074
2003-02-18,20.051413881748072
2003-02-19,17.737789203084834
2003-02-20,17.994858611825194
2003-02-21,26.735218508997427
2003-02-24,17.737789203084834
2003-02-25,23.39331619537275
2003-02-26,18.50899742930591
2003-02-27,23.13624678663239
2003-02-28,24.93573264781491
2003-03-03,24.164524421593832
2003-03-04,16.966580976863753
2003-03-05,21.079691516709513
2003-03-06,19.53727506426735
2003-03-07,21.336760925449873
2003-03-10,13.881748071979436
2003-03-11,10.796915167095115
2003-03-12,12.596401028277635
2003-03-13,25.19280205655527
2003-03-14,25.70694087403599
2003-03-17,41.90231362467866
2003-03-18,45.75835475578406
2003-03-19,45.24421593830334
2003-03-20,44.473007712082264
2003-03-21,48.58611825192802
2003-03-24,38.81748071979435
2003-03-25,41.645244215938305
2003-03-26,39.33161953727507
2003-03-27,38.56041131105398
2003-03-28,36.246786632390744
2003-03-31,29.562982005141386
2003-04-01,36.246786632390744
2003-04-02,45.75835475578406
2003-04-03,43.44473007712082
2003-04-04,41.131105398457585
2003-04-07,43.44473007712082
2003-04-08,41.90231362467866
2003-04-09,33.933161953727506
2003-04-10,38.81748071979435
2003-04-11,36.50385604113111
2003-04-14,44.473007712082264
2003-04-15,45.24421593830334
2003-04-16,39.588688946015424
2003-04-17,46.52956298200514
2003-04-21,45.75835475578406
2003-04-22,49.3573264781491
2003-04-23,52.44215938303341
2003-04-24,50.128534704370175
2003-04-25,45.24421593830334
2003-04-28,50.899742930591266
2003-04-29,51.41388174807198
2003-04-30,51.156812339331616
2003-05-01,48.0719794344473
2003-05-02,53.213367609254504
2003-05-05,53.72750642673522
2003-05-06,53.213367609254504
2003-05-07,51.156812339331616
2003-05-08,48.0719794344473
2003-05-09,51.41388174807198
2003-05-12,53.98457583547558
2003-05-13,54.24164524421594
2003-05-14,53.98457583547558
2003-05-15,54.75578406169666
2003-05-16,51.670951156812336
2003-05-19,41.645244215938305
2003-05-20,42.159383033419026
2003-05-21,42.159383033419026
2003-05-22,45.24421593830334
2003-05-23,46.27249357326478
2003-05-27,52.95629820051414
2003-05-28,52.95629820051414
2003-05-29,50.128534704370175
2003-05-30,53.98457583547558
2003-06-02,54.24164524421594
2003-06-03,54.24164524421594
2003-06-04,55.26992287917738
2003-06-05,54.75578406169666
2003-06-06,53.72750642673522
2003-06-09,50.128534704370175
2003-06-10,52.95629820051414
2003-06-11,53.213367609254504
2003-06-12,52.69922879177378
2003-06-13,49.87146529562982
2003-06-16,52.185089974293064
2003-06-17,51.41388174807198
2003-06-18,50.38560411311054
2003-06-19,46.27249357326478
2003-06-20,45.501285347043705
2003-06-23,36.246786632390744
2003-06-24,37.01799485861182
2003-06-25,34.19023136246786
2003-06-26,38.303341902313626
2003-06-27,36.246786632390744
2003-06-30,33.16195372750643
2003-07-01,37.01799485861182
2003-07-02,43.44473007712082
2003-07-03,39.0745501285347
2003-07-07,49.3573264781491
2003-07-08,48.0719794344473
2003-07-09,45.501285347043705
2003-07-10,38.303341902313626
2003-07-11,42.41645244215938
2003-07-14,43.44473007712082
2003-07-15,39.33161953727507
2003-07-16,34.70437017994858
2003-07-17,26.735218508997427
2003-07-18,34.447300771208226
2003-07-21,25.96401028277635
2003-07-22,33.67609254498715
2003-07-23,33.933161953727506
2003-07-24,31.876606683804624
2003-07-25,38.56041131105398
2003-07-28,39.84575835475578
2003-07-29,37.275064267352185
2003-07-30,36.760925449871465
2003-07-31,38.303341902313626
2003-08-01,31.10539845758355
2003-08-04,31.362467866323907
2003-08-05,24.164524421593832
2003-08-06,24.42159383033419
2003-08-07,28.53470437017995
2003-08-08,32.64781491002571
2003-08-11,33.933161953727506
2003-08-12,41.38817480719794
2003-08-13,39.84575835475578
2003-08-14,43.44473007712082
2003-08-15,44.73007712082262
2003-08-18,46.7866323907455
2003-08-19,46.7866323907455
2003-08-20,46.52956298200514
2003-08-21,47.55784061696658
2003-08-22,39.588688946015424
2003-08-25,39.84575835475578
2003-08-26,41.645244215938305
2003-08-27,39.84575835475578
2003-08-28,44.473007712082264
2003-08-29,46.01542416452442
2003-09-02,51.156812339331616
2003-09-03,52.95629820051414
2003-09-04,52.69922879177378
2003-09-05,48.329048843187664
2003-09-08,51.156812339331616
2003-09-09,47.04370179948586
2003-09-10,36.760925449871465
2003-09-11,40.3598971722365
2003-09-12,40.3598971722365
2003-09-15,38.04627249357326
2003-09-16,48.329048843187664
2003-09-17,42.9305912596401
2003-09-18,48.0719794344473
2003-09-19,46.52956298200514
2003-09-22,37.53213367609254
2003-09-23,41.645244215938305
2003-09-24,28.79177377892031
2003-09-25,24.164524421593832
2003-09-26,19.53727506426735
2003-09-29,25.19280205655527
2003-09-30,22.10796915167095
2003-10-01,37.01799485861182
2003-10-02,38.04627249357326
2003-10-03,44.73007712082262
2003-10-06,46.52956298200514
2003-10-07,48.329048843187664
2003-10-08,46.7866323907455
2003-10-09,47.55784061696658
2003-10-10,46.27249357326478
2003-10-13,49.87146529562982
2003-10-14,50.6426735218509
2003-10-15,46.7866323907455
2003-10-16,49.3573264781491
2003-10-17,45.24421593830334
2003-10-20,43.958868894601544
2003-10-21,43.70179948586118
2003-10-22,34.70437017994858
2003-10-23,34.70437017994858
2003-10-24,34.96143958868895
2003-10-27,37.53213367609254
2003-10-28,42.159383033419026
2003-10-29,44.2159383033419
2003-10-30,43.958868894601544
2003-10-31,44.987146529562985
2003-11-03,46.7866323907455
2003-11-04,43.44473007712082
2003-11-05,41.645244215938305
2003-11-06,43.958868894601544
2003-11-07,44.2159383033419
2003-11-10,40.87403598971722
2003-11-11,38.56041131105398
2003-11-12,43.958868894601544
2003-11-13,46.01542416452442
2003-11-14,39.84575835475578
2003-11-17,35.47557840616967
2003-11-18,25.96401028277635
2003-11-19,29.30591259640103
2003-11-20,27.506426735218508
2003-11-21,29.562982005141386
2003-11-24,40.616966580976865
2003-11-25,45.501285347043705
2003-11-26,48.84318766066838
2003-11-28,48.329048843187664
2003-12-01,53.98457583547558
2003-12-02,51.156812339331616
2003-12-03,48.84318766066838
2003-12-04,46.7866323907455
2003-12-05,41.38817480719794
2003-12-08,44.473007712082264
2003-12-09,40.102827763496144
2003-12-10,37.275064267352185
2003-12-11,44.987146529562985
2003-12-12,44.473007712082264
2003-12-15,40.102827763496144
2003-12-16,40.3598971722365
2003-12-17,40.87403598971722
2003-12-18,44.73007712082262
2003-12-19,43.958868894601544
2003-12-22,44.73007712082262
2003-12-23,48.58611825192802
2003-12-24,46.7866323907455
2003-12-26,47.30077120822622
2003-12-29,52.44215938303341
2003-12-30,51.41388174807198
2003-12-31,49.3573264781491
2004-01-02,47.55784061696658
2004-01-05,50.128534704370175
2004-01-06,50.128534704370175
2004-01-07,48.329048843187664
2004-01-08,47.30077120822622
2004-01-09,45.24421593830334
2004-01-12,44.473007712082264
2004-01-13,44.2159383033419
2004-01-14,47.04370179948586
2004-01-15,46.52956298200514
2004-01-16,47.04370179948586
2004-01-20,48.58611825192802
2004-01-21,50.6426735218509
2004-01-22,49.10025706940874
2004-01-23,47.81491002570694
2004-01-26,49.10025706940874
2004-01-27,42.9305912596401
2004-01-28,34.70437017994858
2004-01-29,33.67609254498715
2004-01-30,35.2185089974293
2004-02-02,35.98971722365039
2004-02-03,35.47557840616967
2004-02-04,30.077120822622106
2004-02-05,31.10539845758355
2004-02-06,41.131105398457585
2004-02-09,39.0745501285347
2004-02-10,41.645244215938305
2004-02-11,47.55784061696658
2004-02-12,45.501285347043705
2004-02-13,41.645244215938305
2004-02-17,46.7866323907455
2004-02-18,41.131105398457585
2004-02-19,39.33161953727507
2004-02-20,35.47557840616967
2004-02-23,27.76349614395887
2004-02-24,29.562982005141386
2004-02-25,33.41902313624679
2004-02-26,36.246786632390744
2004-02-27,37.275064267352185
2004-03-01,41.90231362467866
2004-03-02,40.102827763496144
2004-03-03,40.616966580976865
2004-03-04,42.9305912596401
2004-03-05,44.473007712082264
2004-03-08,38.303341902313626
2004-03-09,33.933161953727506
2004-03-10,23.39331619537275
2004-03-11,15.424164524421593
2004-03-12,26.47814910025707
2004-03-15,15.681233933161954
2004-03-16,19.794344473007712
2004-03-17,30.334190231362467
2004-03-18,29.048843187660665
2004-03-19,23.65038560411311
2004-03-22,15.681233933161954
2004-03-23,17.480719794344473
2004-03-24,18.251928020565554
2004-03-25,27.76349614395887
2004-03-26,27.76349614395887
2004-03-29,35.98971722365039
2004-03-30,40.3598971722365
2004-03-31,42.159383033419026
2004-04-01,45.24421593830334
2004-04-02,49.3573264781491
2004-04-05,48.84318766066838
2004-04-06,47.04370179948586
2004-04-07,44.2159383033419
2004-04-08,41.90231362467866
2004-04-12,42.41645244215938
2004-04-13,33.16195372750643
2004-04-14,31.10539845758355
2004-04-15,29.562982005141386
2004-04-16,33.41902313624679
2004-04-19,34.447300771208226
2004-04-20,26.99228791773779
2004-04-21,32.390745501285345
2004-04-22,38.81748071979435
2004-04-23,36.760925449871465
2004-04-26,33.16195372750643
2004-04-27,35.2185089974293
2004-04-28,29.048843187660665
2004-04-29,21.59383033419023
2004-04-30,20.051413881748072
2004-05-03,26.47814910025707
2004-05-04,27.249357326478147
2004-05-05,27.76349614395887
2004-05-06,23.13624678663239
2004-05-07,14.138817480719796
2004-05-10,7.712082262210797
2004-05-11,11.311053984575835
2004-05-12,13.624678663239074
2004-05-13,13.881748071979436
2004-05-14,15.167095115681233
2004-05-17,9.254498714652955
2004-05-18,13.881748071979436
2004-05-19,13.367609254498714
2004-05-20,15.167095115681233
2004-05-21,17.737789203084834
2004-05-24,23.39331619537275
2004-05-25,40.3598971722365
2004-05-26,42.673521850899746
2004-05-27,43.18766066838046
2004-05-28,44.2159383033419
2004-06-01,44.987146529562985
2004-06-02,48.329048843187664
2004-06-03,38.56041131105398
2004-06-04,42.41645244215938
2004-06-07,52.185089974293064
2004-06-08,50.38560411311054
2004-06-09,45.75835475578406
2004-06-10,47.55784061696658
2004-06-14,37.01799485861182
2004-06-15,43.18766066838046
2004-06-16,42.159383033419026
2004-06-17,40.616966580976865
2004-06-18,41.645244215938305
2004-06-21,41.131105398457585
2004-06-22,42.41645244215938
2004-06-23,47.04370179948586
2004-06-24,45.75835475578406
2004-06-25,44.2159383033419
2004-06-28,43.44473007712082
2004-06-29,42.159383033419026
2004-06-30,46.01542416452442
2004-07-01,41.90231362467866
2004-07-02,39.0745501285347
2004-07-06,30.59125964010283
2004-07-07,33.67609254498715
2004-07-08,25.70694087403599
2004-07-09,27.76349614395887
2004-07-12,27.506426735218508
2004-07-13,29.562982005141386
2004-07-14,26.47814910025707
2004-07-15,27.249357326478147
2004-07-16,25.449871465295633
2004-07-19,25.19280205655527
2004-07-20,31.619537275064268
2004-07-21,22.10796915167095
2004-07-22,20.051413881748072
2004-07-23,14.652956298200515
2004-07-26,11.311053984575835
2004-07-27,17.737789203084834
2004-07-28,20.565552699228792
2004-07-29,28.53470437017995
2004-07-30,29.048843187660665
2004-08-02,32.904884318766065
2004-08-03,29.30591259640103
2004-08-04,29.562982005141386
2004-08-05,16.966580976863753
2004-08-06,9.768637532133676
2004-08-09,10.796915167095115
2004-08-10,19.28020565552699
2004-08-11,21.079691516709513
2004-08-12,14.652956298200515
2004-08-13,14.395886889460154
2004-08-16,25.96401028277635
2004-08-17,28.53470437017995
2004-08-18,36.50385604113111
2004-08-19,32.64781491002571
2004-08-20,41.131105398457585
2004-08-23,37.53213367609254
2004-08-24,38.56041131105398
2004-08-25,41.645244215938305
2004-08-26,41.90231362467866
2004-08-27,44.73007712082262
2004-08-30,38.81748071979435
2004-08-31,42.41645244215938
2004-09-01,43.18766066838046
2004-09-02,49.61439588688946
2004-09-03,49.61439588688946
2004-09-07,50.38560411311054
2004-09-08,46.7866323907455
2004-09-09,47.55784061696658
2004-09-10,50.128534704370175
2004-09-13,51.9280205655527
2004-09-14,49.61439588688946
2004-09-15,47.04370179948586
2004-09-16,50.128534704370175
2004-09-17,50.6426735218509
2004-09-20,45.501285347043705
2004-09-21,48.0719794344473
2004-09-22,39.588688946015424
2004-09-23,34.19023136246786
2004-09-24,35.98971722365039
2004-09-27,30.334190231362467
2004-09-28,35.2185089974293
2004-09-29,39.0745501285347
2004-09-30,41.38817480719794
2004-10-01,49.87146529562982
2004-10-04,50.899742930591266
2004-10-05,49.3573264781491
2004-10-06,51.9280205655527
2004-10-07,46.01542416452442
2004-10-08,40.3598971722365
2004-10-11,41.645244215938305
2004-10-12,36.50385604113111
2004-10-13,29.82005141388175
2004-10-14,23.39331619537275
2004-10-15,31.10539845758355
2004-10-18,34.70437017994858
2004-10-19,28.277634961439592
2004-10-20,31.10539845758355
2004-10-21,32.390745501285345
2004-10-22,29.82005141388175
2004-10-25,29.82005141388175
2004-10-26,39.0745501285347
2004-10-27,42.673521850899746
2004-10-28,40.616966580976865
2004-10-29,43.70179948586118
2004-11-01,45.501285347043705
2004-11-02,42.9305912596401
2004-11-03,50.6426735218509
2004-11-04,53.72750642673522
2004-11-05,53.98457583547558
2004-11-08,51.9280205655527
2004-11-09,52.95629820051414
2004-11-10,52.69922879177378
2004-11-11,54.24164524421594
2004-11-12,56.041131105398456
2004-11-15,54.75578406169666
2004-11-16,53.72750642673522
2004-11-17,53.98457583547558
2004-11-18,52.95629820051414
2004-11-19,47.04370179948586
2004-11-22,49.61439588688946
2004-11-23,50.899742930591266
2004-11-24,53.72750642673522
2004-11-26,51.670951156812336
2004-11-29,51.670951156812336
2004-11-30,48.0719794344473
2004-12-01,52.44215938303341
2004-12-02,50.6426735218509
2004-12-03,51.156812339331616
2004-12-06,49.61439588688946
2004-12-07,41.645244215938305
2004-12-08,43.70179948586118
2004-12-09,44.2159383033419
2004-12-10,42.41645244215938
2004-12-13,49.10025706940874
2004-12-14,49.87146529562982
2004-12-15,51.156812339331616
2004-12-16,45.75835475578406
2004-12-17,44.73007712082262
2004-12-20,42.673521850899746
2004-12-21,48.329048843187664
2004-12-22,49.3573264781491
2004-12-23,48.58611825192802
2004-12-27,44.2159383033419
2004-12-28,52.185089974293064
2004-12-29,52.44215938303341
2004-12-30,51.41388174807198
2004-12-31,48.58611825192802
2005-01-03,38.04627249357326
2005-01-04,22.62210796915167
2005-01-05,16.452442159383033
2005-01-06,21.85089974293059
2005-01-07,19.794344473007712
2005-01-10,23.65038560411311
2005-01-11,19.53727506426735
2005-01-12,21.85089974293059
2005-01-13,17.737789203084834
2005-01-14,26.221079691516707
2005-01-18,35.732647814910024
2005-01-19,28.020565552699228
2005-01-20,23.39331619537275
2005-01-21,18.50899742930591
2005-01-24,17.994858611825194
2005-01-25,19.53727506426735
2005-01-26,26.735218508997427
2005-01-27,28.53470437017995
2005-01-28,24.93573264781491
2005-01-31,34.19023136246786
2005-02-01,38.56041131105398
2005-02-02,39.588688946015424
2005-02-03,38.81748071979435
2005-02-04,46.01542416452442
2005-02-07,46.01542416452442
2005-02-08,46.27249357326478
2005-02-09,37.53213367609254
2005-02-10,40.3598971722365
2005-02-11,43.44473007712082
2005-02-14,42.9305912596401
2005-02-15,44.2159383033419
2005-02-16,42.41645244215938
2005-02-17,40.102827763496144
2005-02-18,37.53213367609254
2005-02-22,21.336760925449873
2005-02-23,25.449871465295633
2005-02-24,32.64781491002571
2005-02-25,39.84575835475578
2005-02-28,37.01799485861182
2005-03-01,40.87403598971722
2005-03-02,40.87403598971722
2005-03-03,41.645244215938305
2005-03-04,47.55784061696658
2005-03-07,48.58611825192802
2005-03-08,42.41645244215938
2005-03-09,33.16195372750643
2005-03-10,35.47557840616967
2005-03-11,30.077120822622106
2005-03-14,35.732647814910024
2005-03-15,31.10539845758355
2005-03-16,24.67866323907455
2005-03-17,25.19280205655527
2005-03-18,23.65038560411311
2005-03-21,22.87917737789203
2005-03-22,16.709511568123396
2005-03-23,15.681233933161954
2005-03-24,15.424164524421593
2005-03-28,19.28020565552699
2005-03-29,12.853470437017995
2005-03-30,23.39331619537275
2005-03-31,23.39331619537275
2005-04-01,20.565552699228792
2005-04-04,24.164524421593832
2005-04-05,28.020565552699228
2005-04-06,26.221079691516707
2005-04-07,30.334190231362467
2005-04-08,23.39331619537275
2005-04-11,23.65038560411311
2005-04-12,33.41902313624679
2005-04-13,20.822622107969153
2005-04-14,13.110539845758353
2005-04-15,6.940874035989718
2005-04-18,8.740359897172237
2005-04-19,14.395886889460154
2005-04-20,10.796915167095115
2005-04-21,20.565552699228792
2005-04-22,18.50899742930591
2005-04-25,25.19280205655527
2005-04-26,21.59383033419023
2005-04-27,25.19280205655527
2005-04-28,19.794344473007712
2005-04-29,25.70694087403599
2005-05-02,29.048843187660665
2005-05-03,30.077120822622106
2005-05-04,36.50385604113111
2005-05-05,37.275064267352185
2005-05-06,35.98971722365039
2005-05-09,40.87403598971722
2005-05-10,33.41902313624679
2005-05-11,37.01799485861182
2005-05-12,29.30591259640103
2005-05-13,25.449871465295633
2005-05-16,37.01799485861182
2005-05-17,40.616966580976865
2005-05-18,47.81491002570694
2005-05-19,49.61439588688946
2005-05-20,49.3573264781491
2005-05-23,49.87146529562982
2005-05-24,49.3573264781491
2005-05-25,45.501285347043705
2005-05-26,49.61439588688946
2005-05-27,49.87146529562982
2005-05-31,47.04370179948586
2005-06-01,51.41388174807198
2005-06-02,50.6426735218509
2005-06-03,45.501285347043705
2005-06-06,46.52956298200514
2005-06-07,46.52956298200514
2005-06-08,43.958868894601544
2005-06-09,43.958868894601544
2005-06-10,44.2159383033419
2005-06-13,45.75835475578406
2005-06-14,47.55784061696658
2005-06-15,48.58611825192802
2005-06-16,50.128534704370175
2005-06-17,50.128534704370175
2005-06-20,48.84318766066838
2005-06-21,47.55784061696658
2005-06-22,47.81491002570694
2005-06-23,37.789203084832906
2005-06-24,29.82005141388175
2005-06-27,28.53470437017995
2005-06-28,41.38817480719794
2005-06-29,38.81748071979435
2005-06-30,35.98971722365039
2005-07-01,38.04627249357326
2005-07-05,42.673521850899746
2005-07-06,37.789203084832906
2005-07-07,37.275064267352185
2005-07-08,48.329048843187664
2005-07-11,51.670951156812336
2005-07-12,50.38560411311054
2005-07-13,50.38560411311054
2005-07-14,50.899742930591266
2005-07-15,50.6426735218509
2005-07-18,46.7866323907455
2005-07-19,49.87146529562982
2005-07-20,52.69922879177378
2005-07-21,45.24421593830334
2005-07-22,49.87146529562982
2005-07-25,46.27249357326478
2005-07-26,46.52956298200514
2005-07-27,47.55784061696658
2005-07-28,51.156812339331616
2005-07-29,46.27249357326478
2005-08-01,44.987146529562985
2005-08-02,48.84318766066838
2005-08-03,47.04370179948586
2005-08-04,40.616966580976865
2005-08-05,30.077120822622106
2005-08-08,24.93573264781491
2005-08-09,28.53470437017995
2005-08-10,26.99228791773779
2005-08-11,34.19023136246786
2005-08-12,30.077120822622106
2005-08-15,34.96143958868895
2005-08-16,23.65038560411311
2005-08-17,23.65038560411311
2005-08-18,22.87917737789203
2005-08-19,25.70694087403599
2005-08-22,28.277634961439592
2005-08-23,23.90745501285347
2005-08-24,21.85089974293059
2005-08-25,25.70694087403599
2005-08-26,18.76606683804627
2005-08-29,27.249357326478147
2005-08-30,22.36503856041131
2005-08-31,32.13367609254499
2005-09-01,33.67609254498715
2005-09-02,31.619537275064268
2005-09-06,42.159383033419026
2005-09-07,45.501285347043705
2005-09-08,38.303341902313626
2005-09-09,42.673521850899746
2005-09-12,44.473007712082264
2005-09-13,38.56041131105398
2005-09-14,33.67609254498715
2005-09-15,34.447300771208226
2005-09-16,39.33161953727507
2005-09-19,30.59125964010283
2005-09-20,24.67866323907455
2005-09-21,18.50899742930591
2005-09-22,20.308483290488432
2005-09-23,22.10796915167095
2005-09-26,24.67866323907455
2005-09-27,25.96401028277635
2005-09-28,26.735218508997427
2005-09-29,34.19023136246786
2005-09-30,39.33161953727507
2005-10-03,37.53213367609254
2005-10-04,31.10539845758355
2005-10-05,18.251928020565554
2005-10-06,15.938303341902312
2005-10-07,20.822622107969153
2005-10-10,16.195372750642672
2005-10-11,14.395886889460154
2005-10-12,9.511568123393316
2005-10-13,8.997429305912597
2005-10-14,16.709511568123396
2005-10-17,19.794344473007712
2005-10-18,15.424164524421593
2005-10-19,24.93573264781491
2005-10-20,19.02313624678663
2005-10-21,21.079691516709513
2005-10-24,36.246786632390744
2005-10-25,33.933161953727506
2005-10-26,28.020565552699228
2005-10-27,21.59383033419023
2005-10-28,32.390745501285345
2005-10-31,38.56041131105398
2005-11-01,34.19023136246786
2005-11-02,40.616966580976865
2005-11-03,41.90231362467866
2005-11-04,40.616966580976865
2005-11-07,40.616966580976865
2005-11-08,39.33161953727507
2005-11-09,42.9305912596401
2005-11-10,45.24421593830334
2005-11-11,46.7866323907455
2005-11-14,46.52956298200514
2005-11-15,44.73007712082262
2005-11-16,45.24421593830334
2005-11-17,51.670951156812336
2005-11-18,52.95629820051414
2005-11-21,53.98457583547558
2005-11-22,54.498714652956295
2005-11-23,55.26992287917738
2005-11-25,56.041131105398456
2005-11-28,52.95629820051414
2005-11-29,52.69922879177378
2005-11-30,49.3573264781491
2005-12-01,54.498714652956295
2005-12-02,54.498714652956295
2005-12-05,52.185089974293064
2005-12-06,50.899742930591266
2005-12-07,47.04370179948586
2005-12-08,44.473007712082264
2005-12-09,47.30077120822622
2005-12-12,47.04370179948586
2005-12-13,49.10025706940874
2005-12-14,50.38560411311054
2005-12-15,47.81491002570694
2005-12-16,43.958868894601544
2005-12-19,35.732647814910024
2005-12-20,35.2185089974293
2005-12-21,40.3598971722365
2005-12-22,44.73007712082262
2005-12-23,44.2159383033419
2005-12-27,35.732647814910024
2005-12-28,38.303341902313626
2005-12-29,35.47557840616967
2005-12-30,26.47814910025707
2006-01-03,42.41645244215938
2006-01-04,45.75835475578406
2006-01-05,44.987146529562985
2006-01-06,51.156812339331616
2006-01-09,52.69922879177378
2006-01-10,51.9280205655527
2006-01-11,51.41388174807198
2006-01-12,47.30077120822622
2006-01-13,46.01542416452442
2006-01-17,41.38817480719794
2006-01-18,42.41645244215938
2006-01-19,45.75835475578406
2006-01-20,32.64781491002571
2006-01-23,32.904884318766065
2006-01-24,40.616966580976865
2006-01-25,35.2185089974293
2006-01-26,40.616966580976865
2006-01-27,42.673521850899746
2006-01-30,42.159383033419026
2006-01-31,40.87403598971722
2006-02-01,40.616966580976865
2006-02-02,36.50385604113111
2006-02-03,32.904884318766065
2006-02-06,35.2185089974293
2006-02-07,31.876606683804624
2006-02-08,33.16195372750643
2006-02-09,32.904884318766065
2006-02-10,34.19023136246786
2006-02-13,33.67609254498715
2006-02-14,41.90231362467866
2006-02-15,43.18766066838046
2006-02-16,47.30077120822622
2006-02-17,47.04370179948586
2006-02-21,44.2159383033419
2006-02-22,49.3573264781491
2006-02-23,47.30077120822622
2006-02-24,46.27249357326478
2006-02-27,50.38560411311054
2006-02-28,41.38817480719794
2006-03-01,47.04370179948586
2006-03-02,45.24421593830334
2006-03-03,42.673521850899746
2006-03-06,35.732647814910024
2006-03-07,31.876606683804624
2006-03-08,32.13367609254499
2006-03-09,29.30591259640103
2006-03-10,36.246786632390744
2006-03-13,37.53213367609254
2006-03-14,46.01542416452442
2006-03-15,49.3573264781491
2006-03-16,50.38560411311054
2006-03-17,48.0719794344473
2006-03-20,46.01542416452442
2006-03-21,41.131105398457585
2006-03-22,43.18766066838046
2006-03-23,41.645244215938305
2006-03-24,44.2159383033419
2006-03-27,40.616966580976865
2006-03-28,37.01799485861182
2006-03-29,43.18766066838046
2006-03-30,41.38817480719794
2006-03-31,39.84575835475578
2006-04-03,39.588688946015424
2006-04-04,40.616966580976865
2006-04-05,42.673521850899746
2006-04-06,38.303341902313626
2006-04-07,32.13367609254499
2006-04-10,28.53470437017995
2006-04-11,22.87917737789203
2006-04-12,24.67866323907455
2006-04-13,26.221079691516707
2006-04-17,24.67866323907455
2006-04-18,39.33161953727507
2006-04-19,39.0745501285347
2006-04-20,43.18766066838046
2006-04-21,39.84575835475578
2006-04-24,38.81748071979435
2006-04-25,33.933161953727506
2006-04-26,34.70437017994858
2006-04-27,37.275064267352185
2006-04-28,36.50385604113111
2006-05-01,33.67609254498715
2006-05-02,35.732647814910024
2006-05-03,34.19023136246786
2006-05-04,39.0745501285347
2006-05-05,44.73007712082262
2006-05-08,44.73007712082262
2006-05-09,41.90231362467866
2006-05-10,40.87403598971722
2006-05-11,30.334190231362467
2006-05-12,19.794344473007712
2006-05-15,22.36503856041131
2006-05-16,20.822622107969153
2006-05-17,11.825192802056556
2006-05-18,9.254498714652955
2006-05-19,12.082262210796916
2006-05-22,12.339331619537274
2006-05-23,7.969151670951156
2006-05-24,10.282776349614396
2006-05-25,16.709511568123396
2006-05-26,20.308483290488432
2006-05-30,12.339331619537274
2006-05-31,20.051413881748072
2006-06-01,33.16195372750643
2006-06-02,35.47557840616967
2006-06-05,17.480719794344473
2006-06-06,17.480719794344473
2006-06-07,19.53727506426735
2006-06-08,19.02313624678663
2006-06-09,16.195372750642672
2006-06-12,9.768637532133676
2006-06-13,7.455012853470437
2006-06-14,7.455012853470437
2006-06-15,20.822622107969153
2006-06-16,18.251928020565554
2006-06-19,11.311053984575835
2006-06-20,12.853470437017995
2006-06-21,20.565552699228792
2006-06-22,15.681233933161954
2006-06-23,17.737789203084834
2006-06-26,23.39331619537275
2006-06-27,17.994858611825194
2006-06-28,20.822622107969153
2006-06-29,43.70179948586118
2006-06-30,43.44473007712082
2006-07-03,47.30077120822622
2006-07-05,39.588688946015424
2006-07-06,40.87403598971722
2006-07-07,32.904884318766065
2006-07-10,33.16195372750643
2006-07-11,35.2185089974293
2006-07-12,28.53470437017995
2006-07-13,17.737789203084834
2006-07-14,15.938303341902312
2006-07-17,16.195372750642672
2006-07-18,17.994858611825194
2006-07-19,33.16195372750643
2006-07-20,25.96401028277635
2006-07-21,21.59383033419023
2006-07-24,30.848329048843187
2006-07-25,34.70437017994858
2006-07-26,34.96143958868895
2006-07-27,33.41902313624679
2006-07-28,39.84575835475578
2006-07-31,38.56041131105398
2006-08-01,34.19023136246786
2006-08-02,38.04627249357326
2006-08-03,40.87403598971722
2006-08-04,40.87403598971722
2006-08-07,37.789203084832906
2006-08-08,34.70437017994858
2006-08-09,31.619537275064268
2006-08-10,34.70437017994858
2006-08-11,30.848329048843187
2006-08-14,34.19023136246786
2006-08-15,44.73007712082262
2006-08-16,51.9280205655527
2006-08-17,52.44215938303341
2006-08-18,51.670951156812336
2006-08-21,48.84318766066838
2006-08-22,47.04370179948586
2006-08-23,42.673521850899746
2006-08-24,41.645244215938305
2006-08-25,41.645244215938305
2006-08-28,46.52956298200514
2006-08-29,48.58611825192802
2006-08-30,49.10025706940874
2006-08-31,51.41388174807198
2006-09-01,52.69922879177378
2006-09-05,54.24164524421594
2006-09-06,46.01542416452442
2006-09-07,37.01799485861182
2006-09-08,41.38817480719794
2006-09-11,42.673521850899746
2006-09-12,50.38560411311054
2006-09-13,54.24164524421594
2006-09-14,52.69922879177378
2006-09-15,53.72750642673522
2006-09-18,50.899742930591266
2006-09-19,49.61439588688946
2006-09-20,51.156812339331616
2006-09-21,44.987146529562985
2006-09-22,43.44473007712082
2006-09-25,50.6426735218509
2006-09-26,53.470437017994854
2006-09-27,53.470437017994854
2006-09-28,53.72750642673522
2006-09-29,50.128534704370175
2006-10-02,47.81491002570694
2006-10-03,47.04370179948586
2006-10-04,54.24164524421594
2006-10-05,56.81233933161953
2006-10-06,53.98457583547558
2006-10-09,53.470437017994854
2006-10-10,54.24164524421594
2006-10-11,52.185089974293064
2006-10-12,55.78406169665809
2006-10-13,55.012853470437015
2006-10-16,55.78406169665809
2006-10-17,54.24164524421594
2006-10-18,52.185089974293064
2006-10-19,50.128534704370175
2006-10-20,50.38560411311054
2006-10-23,51.156812339331616
2006-10-24,51.9280205655527
2006-10-25,50.38560411311054
2006-10-26,53.213367609254504
2006-10-27,47.55784061696658
2006-10-30,49.87146529562982
2006-10-31,46.27249357326478
2006-11-01,37.01799485861182
2006-11-02,37.275064267352185
2006-11-03,35.98971722365039
2006-11-06,44.2159383033419
2006-11-07,44.73007712082262
2006-11-08,45.24421593830334
2006-11-09,40.616966580976865
2006-11-10,43.958868894601544
2006-11-13,46.01542416452442
2006-11-14,50.38560411311054
2006-11-15,51.670951156812336
2006-11-16,53.213367609254504
2006-11-17,52.95629820051414
2006-11-20,50.899742930591266
2006-11-21,50.899742930591266
2006-11-22,50.128534704370175
2006-11-24,48.0719794344473
2006-11-27,34.96143958868895
2006-11-28,38.56041131105398
2006-11-29,44.73007712082262
2006-11-30,46.52956298200514
2006-12-01,41.38817480719794
2006-12-04,50.128534704370175
2006-12-05,51.670951156812336
2006-12-06,51.41388174807198
2006-12-07,49.10025706940874
2006-12-08,48.329048843187664
2006-12-11,49.61439588688946
2006-12-12,48.0719794344473
2006-12-13,46.27249357326478
2006-12-14,50.6426735218509
2006-12-15,47.55784061696658
2006-12-18,41.131105398457585
2006-12-19,42.159383033419026
2006-12-20,41.90231362467866
2006-12-21,37.53213367609254
2006-12-22,34.70437017994858
2006-12-26,38.81748071979435
2006-12-27,43.958868894601544
2006-12-28,43.44473007712082
2006-12-29,37.01799485861182
2007-01-03,39.0745501285347
2007-01-04,42.159383033419026
2007-01-05,28.79177377892031
2007-01-08,30.59125964010283
2007-01-09,33.67609254498715
2007-01-10,35.47557840616967
2007-01-11,42.9305912596401
2007-01-12,45.24421593830334
2007-01-16,44.73007712082262
2007-01-17,44.987146529562985
2007-01-18,39.33161953727507
2007-01-19,42.673521850899746
2007-01-22,36.50385604113111
2007-01-23,41.131105398457585
2007-01-24,46.52956298200514
2007-01-25,39.33161953727507
2007-01-26,36.50385604113111
2007-01-29,37.275064267352185
2007-01-30,40.3598971722365
2007-01-31,45.24421593830334
2007-02-01,49.87146529562982
2007-02-02,50.6426735218509
2007-02-05,48.58611825192802
2007-02-06,50.6426735218509
2007-02-07,51.9280205655527
2007-02-08,49.61439588688946
2007-02-09,45.501285347043705
2007-02-12,42.159383033419026
2007-02-13,45.75835475578406
2007-02-14,51.670951156812336
2007-02-15,50.6426735218509
2007-02-16,50.38560411311054
2007-02-20,53.72750642673522
2007-02-21,51.156812339331616
2007-02-22,48.84318766066838
2007-02-23,46.01542416452442
2007-02-26,42.9305912596401
2007-02-27,14.395886889460154
2007-02-28,17.737789203084834
2007-03-01,16.452442159383033
2007-03-02,9.511568123393316
2007-03-05,6.683804627249357
2007-03-06,13.624678663239074
2007-03-07,14.652956298200515
2007-03-08,22.62210796915167
2007-03-09,23.65038560411311
2007-03-12,26.99228791773779
2007-03-13,13.624678663239074
2007-03-14,17.737789203084834
2007-03-15,21.079691516709513
2007-03-16,20.565552699228792
2007-03-19,28.277634961439592
2007-03-20,35.732647814910024
2007-03-21,50.6426735218509
2007-03-22,48.329048843187664
2007-03-23,48.58611825192802
2007-03-26,43.70179948586118
2007-03-27,37.53213367609254
2007-03-28,31.876606683804624
2007-03-29,31.619537275064268
2007-03-30,32.904884318766065
2007-04-02,36.246786632390744
2007-04-03,44.987146529562985
2007-04-04,42.9305912596401
2007-04-05,45.501285347043705
2007-04-09,44.73007712082262
2007-04-10,47.04370179948586
2007-04-11,39.588688946015424
2007-04-12,45.501285347043705
2007-04-13,46.7866323907455
2007-04-16,52.44215938303341
2007-04-17,54.75578406169666
2007-04-18,53.213367609254504
2007-04-19,47.81491002570694
2007-04-20,54.24164524421594
2007-04-23,53.213367609254504
2007-04-24,48.58611825192802
2007-04-25,51.156812339331616
2007-04-26,52.44215938303341
2007-04-27,50.899742930591266
2007-04-30,40.616966580976865
2007-05-01,41.90231362467866
2007-05-02,45.24421593830334
2007-05-03,48.329048843187664
2007-05-04,47.30077120822622
2007-05-07,47.04370179948586
2007-05-08,47.04370179948586
2007-05-09,49.61439588688946
2007-05-10,35.732647814910024
2007-05-11,43.18766066838046
2007-05-14,39.84575835475578
2007-05-15,38.81748071979435
2007-05-16,44.73007712082262
2007-05-17,41.645244215938305
2007-05-18,47.55784061696658
2007-05-21,46.27249357326478
2007-05-22,47.04370179948586
2007-05-23,43.958868894601544
2007-05-24,33.933161953727506
2007-05-25,38.56041131105398
2007-05-29,42.159383033419026
2007-05-30,46.01542416452442
2007-05-31,50.128534704370175
2007-06-01,50.899742930591266
2007-06-04,52.44215938303341
2007-06-05,45.24421593830334
2007-06-06,35.2185089974293
2007-06-07,17.223650385604113
2007-06-08,29.562982005141386
2007-06-11,30.334190231362467
2007-06-12,20.051413881748072
2007-06-13,33.67609254498715
2007-06-14,37.53213367609254
2007-06-15,42.41645244215938
2007-06-18,39.84575835475578
2007-06-19,41.131105398457585
2007-06-20,28.53470437017995
2007-06-21,34.447300771208226
2007-06-22,24.93573264781491
2007-06-25,22.62210796915167
2007-06-26,22.62210796915167
2007-06-27,28.53470437017995
2007-06-28,29.048843187660665
2007-06-29,26.47814910025707
2007-07-02,36.50385604113111
2007-07-03,40.616966580976865
2007-07-05,42.159383033419026
2007-07-06,43.70179948586118
2007-07-09,42.9305912596401
2007-07-10,27.76349614395887
2007-07-11,31.362467866323907
2007-07-12,46.7866323907455
2007-07-13,51.156812339331616
2007-07-16,44.73007712082262
2007-07-17,44.2159383033419
2007-07-18,40.3598971722365
2007-07-19,42.673521850899746
2007-07-20,35.47557840616967
2007-07-23,34.96143958868895
2007-07-24,22.10796915167095
2007-07-25,21.59383033419023
2007-07-26,14.138817480719796
2007-07-27,9.254498714652955
2007-07-30,14.910025706940875
2007-07-31,11.053984575835475
2007-08-01,13.881748071979436
2007-08-02,20.822622107969153
2007-08-03,9.768637532133676
2007-08-06,21.079691516709513
2007-08-07,25.96401028277635
2007-08-08,34.447300771208226
2007-08-09,19.28020565552699
2007-08-10,19.794344473007712
2007-08-13,18.50899742930591
2007-08-14,9.254498714652955
2007-08-15,5.655526992287918
2007-08-16,7.455012853470437
2007-08-17,19.28020565552699
2007-08-20,19.794344473007712
2007-08-21,22.36503856041131
2007-08-22,37.01799485861182
2007-08-23,30.59125964010283
2007-08-24,41.38817480719794
2007-08-27,31.362467866323907
2007-08-28,11.311053984575835
2007-08-29,31.10539845758355
2007-08-30,26.47814910025707
2007-08-31,37.275064267352185
2007-09-04,46.27249357326478
2007-09-05,34.96143958868895
2007-09-06,41.131105398457585
2007-09-07,24.67866323907455
2007-09-10,23.65038560411311
2007-09-11,34.19023136246786
2007-09-12,33.16195372750643
2007-09-13,38.56041131105398
2007-09-14,38.81748071979435
2007-09-17,34.70437017994858
2007-09-18,53.98457583547558
2007-09-19,55.26992287917738
2007-09-20,51.9280205655527
2007-09-21,52.69922879177378
2007-09-24,47.30077120822622
2007-09-25,46.27249357326478
2007-09-26,47.81491002570694
2007-09-27,51.156812339331616
2007-09-28,49.3573264781491
2007-10-01,56.555269922879184
2007-10-02,55.78406169665809
2007-10-03,53.470437017994854
2007-10-04,51.9280205655527
2007-10-05,57.84061696658098
2007-10-08,55.012853470437015
2007-10-09,56.81233933161953
2007-10-10,53.72750642673522
2007-10-11,49.61439588688946
2007-10-12,51.670951156812336
2007-10-15,43.70179948586118
2007-10-16,38.81748071979435
2007-10-17,39.588688946015424
2007-10-18,38.56041131105398
2007-10-19,19.53727506426735
2007-10-22,26.221079691516707
2007-10-23,31.362467866323907
2007-10-24,30.59125964010283
2007-10-25,29.30591259640103
2007-10-26,37.01799485861182
2007-10-29,38.81748071979435
2007-10-30,37.275064267352185
2007-10-31,44.73007712082262
2007-11-01,24.67866323907455
2007-11-02,26.99228791773779
2007-11-05,25.96401028277635
2007-11-06,30.334190231362467
2007-11-07,19.28020565552699
2007-11-08,21.59383033419023
2007-11-09,16.709511568123396
2007-11-12,14.395886889460154
2007-11-13,26.47814910025707
2007-11-14,25.96401028277635
2007-11-15,17.737789203084834
2007-11-16,22.36503856041131
2007-11-19,16.195372750642672
2007-11-20,17.480719794344473
2007-11-21,12.596401028277635
2007-11-23,16.709511568123396
2007-11-26,10.539845758354756
2007-11-27,17.994858611825194
2007-11-28,35.2185089974293
2007-11-29,31.876606683804624
2007-11-30,38.303341902313626
2007-12-03,34.19023136246786
2007-12-04,30.077120822622106
2007-12-05,40.3598971722365
2007-12-06,50.899742930591266
2007-12-07,50.128534704370175
2007-12-10,51.9280205655527
2007-12-11,33.933161953727506
2007-12-12,36.246786632390744
2007-12-13,36.760925449871465
2007-12-14,29.30591259640103
2007-12-17,19.02313624678663
2007-12-18,23.65038560411311
2007-12-19,23.13624678663239
2007-12-20,24.67866323907455
2007-12-21,37.275064267352185
2007-12-24,44.473007712082264
2007-12-26,41.645244215938305
2007-12-27,29.562982005141386
2007-12-28,32.13367609254499
2007-12-31,27.76349614395887
2008-01-02,14.910025706940875
2008-01-03,14.395886889460154
2008-01-04,8.483290488431876
2008-01-07,12.082262210796916
2008-01-08,9.254498714652955
2008-01-09,13.881748071979436
2008-01-10,17.737789203084834
2008-01-11,13.367609254498714
2008-01-14,15.424164524421593
2008-01-15,10.025706940874036
2008-01-16,10.539845758354756
2008-01-17,5.141388174807198
2008-01-18,4.627249357326478
2008-01-22,3.8560411311053984
2008-01-23,16.452442159383033
2008-01-24,16.966580976863753
2008-01-25,14.395886889460154
2008-01-28,22.10796915167095
2008-01-29,25.70694087403599
2008-01-30,21.85089974293059
2008-01-31,29.82005141388175
2008-02-01,40.87403598971722
2008-02-04,36.246786632390744
2008-02-05,20.822622107969153
2008-02-06,17.223650385604113
2008-02-07,23.90745501285347
2008-02-08,19.794344473007712
2008-02-11,24.67866323907455
2008-02-12,28.79177377892031
2008-02-13,35.98971722365039
2008-02-14,28.53470437017995
2008-02-15,26.735218508997427
2008-02-19,26.735218508997427
2008-02-20,33.67609254498715
2008-02-21,25.96401028277635
2008-02-22,29.048843187660665
2008-02-25,40.616966580976865
2008-02-26,44.473007712082264
2008-02-27,41.90231362467866
2008-02-28,34.19023136246786
2008-02-29,16.966580976863753
2008-03-03,19.28020565552699
2008-03-04,18.251928020565554
2008-03-05,23.13624678663239
2008-03-06,12.082262210796916
2008-03-07,10.025706940874036
2008-03-10,5.655526992287918
2008-03-11,22.87917737789203
2008-03-12,19.02313624678663
2008-03-13,21.59383033419023
2008-03-14,14.910025706940875
2008-03-17,13.110539845758353
2008-03-18,32.904884318766065
2008-03-19,21.336760925449873
2008-03-20,34.447300771208226
2008-03-24,44.473007712082264
2008-03-25,46.27249357326478
2008-03-26,41.38817480719794
2008-03-27,32.64781491002571
2008-03-28,28.53470437017995
2008-03-31,34.96143958868895
2008-04-01,54.75578406169666
2008-04-02,54.75578406169666
2008-04-03,54.24164524421594
2008-04-04,54.75578406169666
2008-04-07,54.75578406169666
2008-04-08,51.41388174807198
2008-04-09,44.2159383033419
2008-04-10,46.27249357326478
2008-04-11,33.41902313624679
2008-04-14,31.619537275064268
2008-04-15,33.933161953727506
2008-04-16,47.81491002570694
2008-04-17,46.7866323907455
2008-04-18,53.98457583547558
2008-04-21,51.156812339331616
2008-04-22,42.41645244215938
2008-04-23,46.7866323907455
2008-04-24,50.38560411311054
2008-04-25,52.69922879177378
2008-04-28,52.95629820051414
2008-04-29,51.156812339331616
2008-04-30,49.10025706940874
2008-05-01,55.012853470437015
2008-05-02,54.498714652956295
2008-05-05,52.44215938303341
2008-05-06,53.72750642673522
2008-05-07,43.958868894601544
2008-05-08,44.473007712082264
2008-05-09,41.38817480719794
2008-05-12,51.9280205655527
2008-05-13,48.84318766066838
2008-05-14,51.9280205655527
2008-05-15,53.98457583547558
2008-05-16,52.185089974293064
2008-05-19,50.899742930591266
2008-05-20,45.24421593830334
2008-05-21,33.41902313624679
2008-05-22,38.04627249357326
2008-05-23,27.249357326478147
2008-05-27,34.70437017994858
2008-05-28,37.789203084832906
2008-05-29,43.70179948586118
2008-05-30,43.958868894601544
2008-06-02,34.19023136246786
2008-06-03,35.2185089974293
2008-06-04,37.789203084832906
2008-06-05,45.75835475578406
2008-06-06,26.735218508997427
2008-06-09,26.735218508997427
2008-06-10,27.249357326478147
2008-06-11,12.339331619537274
2008-06-12,17.480719794344473
2008-06-13,28.79177377892031
2008-06-16,30.077120822622106
2008-06-17,24.67866323907455
2008-06-18,21.079691516709513
2008-06-19,25.70694087403599
2008-06-20,17.737789203084834
2008-06-23,15.938303341902312
2008-06-24,13.110539845758353
2008-06-25,16.966580976863753
2008-06-26,5.3984575835475574
2008-06-27,7.197943444730077
2008-06-30,8.997429305912597
2008-07-01,10.539845758354756
2008-07-02,7.197943444730077
2008-07-03,6.683804627249357
2008-07-07,5.141388174807198
2008-07-08,13.881748071979436
2008-07-09,9.254498714652955
2008-07-10,11.053984575835475
2008-07-11,8.226221079691516
2008-07-14,7.455012853470437
2008-07-15,7.455012853470437
2008-07-16,19.02313624678663
2008-07-17,29.30591259640103
2008-07-18,28.020565552699228
2008-07-21,25.449871465295633
2008-07-22,36.50385604113111
2008-07-23,39.0745501285347
2008-07-24,25.70694087403599
2008-07-25,26.99228791773779
2008-07-28,17.223650385604113
2008-07-29,31.876606683804624
2008-07-30,38.81748071979435
2008-07-31,33.16195372750643
2008-08-01,29.82005141388175
2008-08-04,28.277634961439592
2008-08-05,41.645244215938305
2008-08-06,42.41645244215938
2008-08-07,34.447300771208226
2008-08-08,44.987146529562985
2008-08-11,50.6426735218509
2008-08-12,46.01542416452442
2008-08-13,42.159383033419026
2008-08-14,45.75835475578406
2008-08-15,49.3573264781491
2008-08-18,42.9305912596401
2008-08-19,30.848329048843187
2008-08-20,32.904884318766065
2008-08-21,33.41902313624679
2008-08-22,44.2159383033419
2008-08-25,27.506426735218508
2008-08-26,30.334190231362467
2008-08-27,37.275064267352185
2008-08-28,50.128534704370175
2008-08-29,41.90231362467866
2008-09-02,39.33161953727507
2008-09-03,37.789203084832906
2008-09-04,21.59383033419023
2008-09-05,22.10796915167095
2008-09-08,35.98971722365039
2008-09-09,24.93573264781491
2008-09-10,25.70694087403599
2008-09-11,30.334190231362467
2008-09-12,31.619537275064268
2008-09-15,15.681233933161954
2008-09-16,26.221079691516707
2008-09-17,9.768637532133676
2008-09-18,25.449871465295633
2008-09-19,36.50385604113111
2008-09-22,18.251928020565554
2008-09-23,14.138817480719796
2008-09-24,13.367609254498714
2008-09-25,19.02313624678663
2008-09-26,21.336760925449873
2008-09-29,5.655526992287918
2008-09-30,12.082262210796916
2008-10-01,11.825192802056556
2008-10-02,7.712082262210797
2008-10-03,4.370179948586118
2008-10-06,2.313624678663239
2008-10-07,0.7712082262210797
2008-10-08,0.2570694087403599
2008-10-09,0.0
2008-10-10,1.0282776349614395
2008-10-13,1.7994858611825193
2008-10-14,2.313624678663239
2008-10-15,0.2570694087403599
2008-10-16,1.7994858611825193
2008-10-17,1.2853470437017995
2008-10-20,4.884318766066838
2008-10-21,2.827763496143959
2008-10-22,1.2853470437017995
2008-10-23,2.313624678663239
2008-10-24,1.5424164524421593
2008-10-27,1.0282776349614395
2008-10-28,7.969151670951156
2008-10-29,7.197943444730077
2008-10-30,12.339331619537274
2008-10-31,17.737789203084834
2008-11-03,18.76606683804627
2008-11-04,34.70437017994858
2008-11-05,12.082262210796916
2008-11-06,4.370179948586118
2008-11-07,11.053984575835475
2008-11-10,9.511568123393316
2008-11-11,6.683804627249357
2008-11-12,2.313624678663239
2008-11-13,15.167095115681233
2008-11-14,8.483290488431876
2008-11-17,5.655526992287918
2008-11-18,7.197943444730077
2008-11-19,1.0282776349614395
2008-11-20,0.2570694087403599
2008-11-21,4.370179948586118
2008-11-24,11.311053984575835
2008-11-25,14.395886889460154
2008-11-26,24.67866323907455
2008-11-28,27.249357326478147
2008-12-01,4.370179948586118
2008-12-02,10.539845758354756
2008-12-03,23.13624678663239
2008-12-04,12.339331619537274
2008-12-05,30.848329048843187
2008-12-08,43.70179948586118
2008-12-09,32.390745501285345
2008-12-10,41.38817480719794
2008-12-11,21.85089974293059
2008-12-12,27.506426735218508
2008-12-15,20.565552699228792
2008-12-16,47.30077120822622
2008-12-17,45.24421593830334
2008-12-18,38.56041131105398
2008-12-19,40.3598971722365
2008-12-22,32.390745501285345
2008-12-23,26.99228791773779
2008-12-24,29.30591259640103
2008-12-26,32.64781491002571
2008-12-29,26.99228791773779
2008-12-30,40.616966580976865
2008-12-31,51.41388174807198
2009-01-02,58.354755784061695
2009-01-05,56.81233933161953
2009-01-06,55.52699228791774
2009-01-07,48.329048843187664
2009-01-08,47.30077120822622
2009-01-09,37.01799485861182
2009-01-12,28.277634961439592
2009-01-13,25.70694087403599
2009-01-14,10.796915167095115
2009-01-15,18.76606683804627
2009-01-16,27.249357326478147
2009-01-20,6.683804627249357
2009-01-21,19.28020565552699
2009-01-22,14.910025706940875
2009-01-23,17.480719794344473
2009-01-26,22.10796915167095
2009-01-27,26.99228791773779
2009-01-28,43.44473007712082
2009-01-29,26.735218508997427
2009-01-30,20.051413881748072
2009-02-02,21.59383033419023
2009-02-03,28.277634961439592
2009-02-04,28.277634961439592
2009-02-05,35.47557840616967
2009-02-06,43.18766066838046
2009-02-09,43.18766066838046
2009-02-10,22.10796915167095
2009-02-11,24.164524421593832
2009-02-12,26.99228791773779
2009-02-13,25.70694087403599
2009-02-17,12.082262210796916
2009-02-18,11.311053984575835
2009-02-19,10.796915167095115
2009-02-20,9.511568123393316
2009-02-23,4.113110539845758
2009-02-24,11.053984575835475
2009-02-25,9.511568123393316
2009-02-26,8.483290488431876
2009-02-27,7.969151670951156
2009-03-02,3.3419023136246784
2009-03-03,3.8560411311053984
2009-03-04,6.683804627249357
2009-03-05,4.113110539845758
2009-03-06,4.370179948586118
2009-03-09,4.113110539845758
2009-03-10,13.367609254498714
2009-03-11,15.938303341902312
2009-03-12,27.506426735218508
2009-03-13,30.334190231362467
2009-03-16,27.249357326478147
2009-03-17,38.56041131105398
2009-03-18,49.10025706940874
2009-03-19,45.501285347043705
2009-03-20,35.98971722365039
2009-03-23,56.555269922879184
2009-03-24,51.156812339331616
2009-03-25,52.69922879177378
2009-03-26,58.61182519280206
2009-03-27,53.213367609254504
2009-03-30,40.616966580976865
2009-03-31,47.81491002570694
2009-04-01,48.84318766066838
2009-04-02,58.09768637532133
2009-04-03,57.58354755784062
2009-04-06,58.09768637532133
2009-04-07,50.6426735218509
2009-04-08,55.012853470437015
2009-04-09,59.89717223650386
2009-04-13,58.09768637532133
2009-04-14,52.95629820051414
2009-04-15,54.498714652956295
2009-04-16,57.58354755784062
2009-04-17,57.84061696658098
2009-04-20,47.04370179948586
2009-04-21,53.72750642673522
2009-04-22,49.61439588688946
2009-04-23,50.6426735218509
2009-04-24,52.185089974293064
2009-04-27,50.6426735218509
2009-04-28,50.6426735218509
2009-04-29,57.84061696658098
2009-04-30,53.98457583547558
2009-05-01,54.24164524421594
2009-05-04,59.89717223650386
2009-05-05,56.555269922879184
2009-05-06,57.0694087403599
2009-05-07,54.24164524421594
2009-05-08,55.26992287917738
2009-05-11,52.44215938303341
2009-05-12,50.899742930591266
2009-05-13,32.13367609254499
2009-05-14,37.275064267352185
2009-05-15,33.933161953727506
2009-05-18,49.3573264781491
2009-05-19,49.3573264781491
2009-05-20,44.73007712082262
2009-05-21,37.01799485861182
2009-05-22,36.760925449871465
2009-05-26,52.44215938303341
2009-05-27,40.3598971722365
2009-05-28,45.75835475578406
2009-05-29,52.44215938303341
2009-06-01,60.9254498714653
2009-06-02,59.6401028277635
2009-06-03,57.58354755784062
2009-06-04,59.89717223650386
2009-06-05,56.81233933161953
2009-06-08,54.75578406169666
2009-06-09,55.52699228791774
2009-06-10,53.213367609254504
2009-06-11,52.44215938303341
2009-06-12,51.670951156812336
2009-06-15,36.760925449871465
2009-06-16,29.048843187660665
2009-06-17,28.53470437017995
2009-06-18,32.904884318766065
2009-06-19,34.96143958868895
2009-06-22,19.28020565552699
2009-06-23,19.28020565552699
2009-06-24,23.65038560411311
2009-06-25,37.53213367609254
2009-06-26,37.53213367609254
2009-06-29,41.38817480719794
2009-06-30,37.01799485861182
2009-07-01,41.38817480719794
2009-07-02,24.164524421593832
2009-07-06,26.735218508997427
2009-07-07,13.367609254498714
2009-07-08,13.110539845758353
2009-07-09,13.367609254498714
2009-07-10,13.624678663239074
2009-07-13,30.848329048843187
2009-07-14,35.47557840616967
2009-07-15,53.213367609254504
2009-07-16,57.326478149100254
2009-07-17,52.185089974293064
2009-07-20,57.326478149100254
2009-07-21,57.0694087403599
2009-07-22,56.041131105398456
2009-07-23,58.09768637532133
2009-07-24,59.12596401028277
2009-07-27,59.6401028277635
2009-07-28,58.61182519280206
2009-07-29,58.354755784061695
2009-07-30,58.354755784061695
2009-07-31,57.326478149100254
2009-08-03,60.15424164524421
2009-08-04,58.86889460154242
2009-08-05,54.498714652956295
2009-08-06,53.213367609254504
2009-08-07,56.555269922879184
2009-08-10,56.29820051413882
2009-08-11,52.69922879177378
2009-08-12,55.78406169665809
2009-08-13,55.52699228791774
2009-08-14,51.156812339331616
2009-08-17,39.33161953727507
2009-08-18,43.958868894601544
2009-08-19,50.128534704370175
2009-08-20,56.555269922879184
2009-08-21,61.43958868894601
2009-08-24,59.383033419023135
2009-08-25,59.89717223650386
2009-08-26,59.6401028277635
2009-08-27,59.6401028277635
2009-08-28,58.354755784061695
2009-08-31,52.69922879177378
2009-09-01,35.47557840616967
2009-09-02,31.876606683804624
2009-09-03,41.131105398457585
2009-09-04,52.44215938303341
2009-09-08,56.041131105398456
2009-09-09,56.555269922879184
2009-09-10,57.84061696658098
2009-09-11,56.29820051413882
2009-09-14,58.354755784061695
2009-09-15,59.12596401028277
2009-09-16,60.66838046272493
2009-09-17,58.86889460154242
2009-09-18,58.86889460154242
2009-09-21,59.12596401028277
2009-09-22,57.58354755784062
2009-09-23,53.213367609254504
2009-09-24,45.75835475578406
2009-09-25,40.87403598971722
2009-09-28,53.470437017994854
2009-09-29,50.38560411311054
2009-09-30,47.30077120822622
2009-10-01,25.19280205655527
2009-10-02,20.051413881748072
2009-10-05,33.67609254498715
2009-10-06,41.90231362467866
2009-10-07,42.159383033419026
2009-10-08,48.0719794344473
2009-10-09,52.44215938303341
2009-10-12,52.95629820051414
2009-10-13,50.38560411311054
2009-10-14,56.555269922879184
2009-10-15,58.86889460154242
2009-10-16,54.24164524421594
2009-10-19,56.29820051413882
2009-10-20,52.69922879177378
2009-10-21,43.18766066838046
2009-10-22,50.6426735218509
2009-10-23,39.588688946015424
2009-10-26,32.13367609254499
2009-10-27,25.70694087403599
2009-10-28,14.910025706940875
2009-10-29,27.76349614395887
2009-10-30,12.853470437017995
2009-11-02,19.53727506426735
2009-11-03,23.65038560411311
2009-11-04,22.87917737789203
2009-11-05,40.102827763496144
2009-11-06,41.131105398457585
2009-11-09,51.9280205655527
2009-11-10,50.38560411311054
2009-11-11,55.012853470437015
2009-11-12,47.04370179948586
2009-11-13,48.84318766066838
2009-11-16,56.041131105398456
2009-11-17,55.78406169665809
2009-11-18,55.26992287917738
2009-11-19,43.958868894601544
2009-11-20,40.87403598971722
2009-11-23,48.329048843187664
2009-11-24,47.30077120822622
2009-11-25,48.0719794344473
2009-11-27,35.98971722365039
2009-11-30,37.275064267352185
2009-12-01,46.01542416452442
2009-12-02,48.0719794344473
2009-12-03,43.18766066838046
2009-12-04,50.128534704370175
2009-12-07,47.30077120822622
2009-12-08,41.38817480719794
2009-12-09,43.18766066838046
2009-12-10,46.52956298200514
2009-12-11,49.3573264781491
2009-12-14,53.98457583547558
2009-12-15,48.329048843187664
2009-12-16,51.41388174807198
2009-12-17,42.9305912596401
2009-12-18,44.73007712082262
2009-12-21,52.69922879177378
2009-12-22,53.213367609254504
2009-12-23,54.75578406169666
2009-12-24,57.0694087403599
2009-12-28,55.52699228791774
2009-12-29,57.326478149100254
2009-12-30,58.09768637532133
2009-12-31,47.30077120822622
2010-01-04,58.09768637532133
2010-01-05,55.78406169665809
2010-01-06,53.98457583547558
2010-01-07,52.69922879177378
2010-01-08,51.9280205655527
2010-01-11,54.75578406169666
2010-01-12,48.58611825192802
2010-01-13,53.98457583547558
2010-01-14,52.185089974293064
2010-01-15,43.44473007712082
2010-01-19,52.44215938303341
2010-01-20,43.18766066838046
2010-01-21,31.10539845758355
2010-01-22,15.424164524421593
2010-01-25,19.53727506426735
2010-01-26,16.709511568123396
2010-01-27,21.079691516709513
2010-01-28,14.910025706940875
2010-01-29,12.853470437017995
2010-02-01,20.308483290488432
2010-02-02,31.362467866323907
2010-02-03,25.70694087403599
2010-02-04,7.969151670951156
2010-02-05,10.025706940874036
2010-02-08,7.712082262210797
2010-02-09,14.395886889460154
2010-02-10,14.138817480719796
2010-02-11,18.76606683804627
2010-02-12,20.051413881748072
2010-02-16,39.84575835475578
2010-02-17,43.70179948586118
2010-02-18,47.81491002570694
2010-02-19,49.10025706940874
2010-02-22,47.81491002570694
2010-02-23,37.789203084832906
2010-02-24,47.30077120822622
2010-02-25,42.673521850899746
2010-02-26,44.2159383033419
2010-03-01,51.670951156812336
2010-03-02,53.72750642673522
2010-03-03,53.98457583547558
2010-03-04,55.012853470437015
2010-03-05,60.9254498714653
2010-03-08,61.95372750642674
2010-03-09,59.6401028277635
2010-03-10,60.411311053984576
2010-03-11,59.383033419023135
2010-03-12,58.09768637532133
2010-03-15,57.326478149100254
2010-03-16,61.18251928020566
2010-03-17,61.43958868894601
2010-03-18,61.18251928020566
2010-03-19,58.86889460154242
2010-03-22,59.6401028277635
2010-03-23,61.18251928020566
2010-03-24,58.354755784061695
2010-03-25,52.44215938303341
2010-03-26,53.72750642673522
2010-03-29,57.326478149100254
2010-03-30,56.29820051413882
2010-03-31,53.72750642673522
2010-04-01,56.555269922879184
2010-04-05,59.89717223650386
2010-04-06,58.354755784061695
2010-04-07,55.26992287917738
2010-04-08,54.24164524421594
2010-04-09,57.84061696658098
2010-04-12,56.29820051413882
2010-04-13,55.52699228791774
2010-04-14,57.84061696658098
2010-04-15,55.78406169665809
2010-04-16,50.6426735218509
2010-04-19,50.6426735218509
2010-04-20,55.26992287917738
2010-04-21,54.75578406169666
2010-04-22,55.52699228791774
2010-04-23,55.78406169665809
2010-04-26,53.470437017994854
2010-04-27,39.84575835475578
2010-04-28,42.9305912596401
2010-04-29,50.6426735218509
2010-04-30,40.87403598971722
2010-05-03,49.10025706940874
2010-05-04,30.59125964010283
2010-05-05,24.42159383033419
2010-05-06,5.912596401028278
2010-05-07,3.0848329048843186
2010-05-10,26.221079691516707
2010-05-11,27.249357326478147
2010-05-12,41.131105398457585
2010-05-13,30.848329048843187
2010-05-14,15.167095115681233
2010-05-17,18.50899742930591
2010-05-18,12.853470437017995
2010-05-19,9.768637532133676
2010-05-20,2.827763496143959
2010-05-21,4.113110539845758
2010-05-24,3.8560411311053984
2010-05-25,3.8560411311053984
2010-05-26,4.370179948586118
2010-05-27,19.53727506426735
2010-05-28,14.395886889460154
2010-06-01,6.940874035989718
2010-06-02,20.565552699228792
2010-06-03,24.42159383033419
2010-06-04,7.455012853470437
2010-06-07,5.912596401028278
2010-06-08,8.740359897172237
2010-06-09,6.683804627249357
2010-06-10,27.249357326478147
2010-06-11,32.64781491002571
2010-06-14,33.67609254498715
2010-06-15,51.670951156812336
2010-06-16,50.6426735218509
2010-06-17,47.55784061696658
2010-06-18,48.84318766066838
2010-06-21,45.501285347043705
2010-06-22,29.82005141388175
2010-06-23,25.449871465295633
2010-06-24,13.367609254498714
2010-06-25,20.565552699228792
2010-06-28,19.794344473007712
2010-06-29,4.370179948586118
2010-06-30,3.3419023136246784
2010-07-01,2.827763496143959
2010-07-02,4.370179948586118
2010-07-06,5.3984575835475574
2010-07-07,20.565552699228792
2010-07-08,28.79177377892031
2010-07-09,37.275064267352185
2010-07-12,35.47557840616967
2010-07-13,49.87146529562982
2010-07-14,49.10025706940874
2010-07-15,48.0719794344473
2010-07-16,21.59383033419023
2010-07-19,26.47814910025707
2010-07-20,37.789203084832906
2010-07-21,27.506426735218508
2010-07-22,48.58611825192802
2010-07-23,55.52699228791774
2010-07-26,58.61182519280206
2010-07-27,56.041131105398456
2010-07-28,50.38560411311054
2010-07-29,46.27249357326478
2010-07-30,46.7866323907455
2010-08-02,55.78406169665809
2010-08-03,52.185089974293064
2010-08-04,55.26992287917738
2010-08-05,52.95629820051414
2010-08-06,52.44215938303341
2010-08-09,56.29820051413882
2010-08-10,50.128534704370175
2010-08-11,24.67866323907455
2010-08-12,21.59383033419023
2010-08-13,20.051413881748072
2010-08-16,20.822622107969153
2010-08-17,33.67609254498715
2010-08-18,35.2185089974293
2010-08-19,19.28020565552699
2010-08-20,21.336760925449873
2010-08-23,17.994858611825194
2010-08-24,12.082262210796916
2010-08-25,17.223650385604113
2010-08-26,14.910025706940875
2010-08-27,25.70694087403599
2010-08-30,15.167095115681233
2010-08-31,17.737789203084834
2010-09-01,41.131105398457585
2010-09-02,48.84318766066838
2010-09-03,58.09768637532133
2010-09-07,46.52956298200514
2010-09-08,51.156812339331616
2010-09-09,53.213367609254504
2010-09-10,52.44215938303341
2010-09-13,57.0694087403599
2010-09-14,56.29820051413882
2010-09-15,58.61182519280206
2010-09-16,57.58354755784062
2010-09-17,56.29820051413882
2010-09-20,61.95372750642674
2010-09-21,61.18251928020566
2010-09-22,57.58354755784062
2010-09-23,49.10025706940874
2010-09-24,60.9254498714653
2010-09-27,56.81233933161953
2010-09-28,58.86889460154242
2010-09-29,57.84061696658098
2010-09-30,56.29820051413882
2010-10-01,58.354755784061695
2010-10-04,54.498714652956295
2010-10-05,61.95372750642674
2010-10-06,59.89717223650386
2010-10-07,58.61182519280206
2010-10-08,59.12596401028277
2010-10-11,57.326478149100254
2010-10-12,58.61182519280206
2010-10-13,60.9254498714653
2010-10-14,58.86889460154242
2010-10-15,58.09768637532133
2010-10-18,59.6401028277635
2010-10-19,51.9280205655527
2010-10-20,57.0694087403599
2010-10-21,58.86889460154242
2010-10-22,57.84061696658098
2010-10-25,59.6401028277635
2010-10-26,56.81233933161953
2010-10-27,54.498714652956295
2010-10-28,51.670951156812336
2010-10-29,51.9280205655527
2010-11-01,51.156812339331616
2010-11-02,57.0694087403599
2010-11-03,56.041131105398456
2010-11-04,60.411311053984576
2010-11-05,60.66838046272493
2010-11-08,59.6401028277635
2010-11-09,55.78406169665809
2010-11-10,57.0694087403599
2010-11-11,54.75578406169666
2010-11-12,44.987146529562985
2010-11-15,43.70179948586118
2010-11-16,28.53470437017995
2010-11-17,31.10539845758355
2010-11-18,45.501285347043705
2010-11-19,46.01542416452442
2010-11-22,44.2159383033419
2010-11-23,32.904884318766065
2010-11-24,45.501285347043705
2010-11-26,41.131105398457585
2010-11-29,37.53213367609254
2010-11-30,34.19023136246786
2010-12-01,49.10025706940874
2010-12-02,57.0694087403599
2010-12-03,57.0694087403599
2010-12-06,55.78406169665809
2010-12-07,54.498714652956295
2010-12-08,55.26992287917738
2010-12-09,55.26992287917738
2010-12-10,57.58354755784062
2010-12-13,55.78406169665809
2010-12-14,56.555269922879184
2010-12-15,52.185089974293064
2010-12-16,55.52699228791774
2010-12-17,55.52699228791774
2010-12-20,55.26992287917738
2010-12-21,56.81233933161953
2010-12-22,57.326478149100254
2010-12-23,55.012853470437015
2010-12-27,54.75578406169666
2010-12-28,56.041131105398456
2010-12-29,56.041131105398456
2010-12-30,55.52699228791774
2010-12-31,54.24164524421594
2011-01-03,59.383033419023135
2011-01-04,54.24164524421594
2011-01-05,54.24164524421594
2011-01-06,49.87146529562982
2011-01-07,48.84318766066838
2011-01-10,47.81491002570694
2011-01-11,48.329048843187664
2011-01-12,53.470437017994854
2011-01-13,53.213367609254504
2011-01-14,56.555269922879184
2011-01-18,56.555269922879184
2011-01-19,50.6426735218509
2011-01-20,45.501285347043705
2011-01-21,45.501285347043705
2011-01-24,51.9280205655527
2011-01-25,50.6426735218509
2011-01-26,53.470437017994854
2011-01-27,53.72750642673522
2011-01-28,39.588688946015424
2011-01-31,43.18766066838046
2011-02-01,51.9280205655527
2011-02-02,47.81491002570694
2011-02-03,49.3573264781491
2011-02-04,51.9280205655527
2011-02-07,54.75578406169666
2011-02-08,57.58354755784062
2011-02-09,56.555269922879184
2011-02-10,55.012853470437015
2011-02-11,57.84061696658098
2011-02-14,57.326478149100254
2011-02-15,56.041131105398456
2011-02-16,58.354755784061695
2011-02-17,58.09768637532133
2011-02-18,58.09768637532133
2011-02-22,41.90231362467866
2011-02-23,30.59125964010283
2011-02-24,30.59125964010283
2011-02-25,44.473007712082264
2011-02-28,47.81491002570694
2011-03-01,32.64781491002571
2011-03-02,36.50385604113111
2011-03-03,52.44215938303341
2011-03-04,45.501285347043705
2011-03-07,37.275064267352185
2011-03-08,49.3573264781491
2011-03-09,46.27249357326478
2011-03-10,29.562982005141386
2011-03-11,37.01799485861182
2011-03-14,28.53470437017995
2011-03-15,18.50899742930591
2011-03-16,11.053984575835475
2011-03-17,15.938303341902312
2011-03-18,23.90745501285347
2011-03-21,39.0745501285347
2011-03-22,32.904884318766065
2011-03-23,35.2185089974293
2011-03-24,47.04370179948586
2011-03-25,49.87146529562982
2011-03-28,46.7866323907455
2011-03-29,53.213367609254504
2011-03-30,58.61182519280206
2011-03-31,56.81233933161953
2011-04-01,59.12596401028277
2011-04-04,58.61182519280206
2011-04-05,57.326478149100254
2011-04-06,59.383033419023135
2011-04-07,55.78406169665809
2011-04-08,48.84318766066838
2011-04-11,44.73007712082262
2011-04-12,34.447300771208226
2011-04-13,36.760925449871465
2011-04-14,37.53213367609254
2011-04-15,45.501285347043705
2011-04-18,33.67609254498715
2011-04-19,37.275064267352185
2011-04-20,51.9280205655527
2011-04-21,53.213367609254504
2011-04-25,51.41388174807198
2011-04-26,55.78406169665809
2011-04-27,58.354755784061695
2011-04-28,58.61182519280206
2011-04-29,56.81233933161953
2011-05-02,55.012853470437015
2011-05-03,51.9280205655527
2011-05-04,44.987146529562985
2011-05-05,41.645244215938305
2011-05-06,44.2159383033419
2011-05-09,49.10025706940874
2011-05-10,53.98457583547558
2011-05-11,46.01542416452442
2011-05-12,49.10025706940874
2011-05-13,42.9305912596401
2011-05-16,37.01799485861182
2011-05-17,33.67609254498715
2011-05-18,43.18766066838046
2011-05-19,44.73007712082262
2011-05-20,39.588688946015424
2011-05-23,25.70694087403599
2011-05-24,22.10796915167095
2011-05-25,26.735218508997427
2011-05-26,31.362467866323907
2011-05-27,35.47557840616967
2011-05-31,48.58611825192802
2011-06-01,24.67866323907455
2011-06-02,21.336760925449873
2011-06-03,11.825192802056556
2011-06-06,8.997429305912597
2011-06-07,9.254498714652955
2011-06-08,8.226221079691516
2011-06-09,12.853470437017995
2011-06-10,6.169665809768637
2011-06-13,6.683804627249357
2011-06-14,15.681233933161954
2011-06-15,6.169665809768637
2011-06-16,9.254498714652955
2011-06-17,15.167095115681233
2011-06-20,21.336760925449873
2011-06-21,35.732647814910024
2011-06-22,28.79177377892031
2011-06-23,24.93573264781491
2011-06-24,17.737789203084834
2011-06-27,23.90745501285347
2011-06-28,39.588688946015424
2011-06-29,47.81491002570694
2011-06-30,54.24164524421594
2011-07-01,63.49614395886889
2011-07-05,60.15424164524421
2011-07-06,59.383033419023135
2011-07-07,64.01028277634961
2011-07-08,58.61182519280206
2011-07-11,40.87403598971722
2011-07-12,38.04627249357326
2011-07-13,38.303341902313626
2011-07-14,27.249357326478147
2011-07-15,30.848329048843187
2011-07-18,20.822622107969153
2011-07-19,36.760925449871465
2011-07-20,35.47557840616967
2011-07-21,45.24421593830334
2011-07-22,43.18766066838046
2011-07-25,35.732647814910024
2011-07-26,31.362467866323907
2011-07-27,16.966580976863753
2011-07-28,15.424164524421593
2011-07-29,13.624678663239074
2011-08-01,12.596401028277635
2011-08-02,3.8560411311053984
2011-08-03,5.912596401028278
2011-08-04,1.0282776349614395
2011-08-05,1.7994858611825193
2011-08-08,0.0
2011-08-09,1.2853470437017995
2011-08-10,0.0
2011-08-11,3.3419023136246784
2011-08-12,4.627249357326478
2011-08-15,13.624678663239074
2011-08-16,10.539845758354756
2011-08-17,12.596401028277635
2011-08-18,3.5989717223650386
2011-08-19,2.570694087403599
2011-08-22,3.5989717223650386
2011-08-23,12.853470437017995
2011-08-24,17.994858611825194
2011-08-25,12.853470437017995
2011-08-26,18.76606683804627
2011-08-29,41.90231362467866
2011-08-30,43.44473007712082
2011-08-31,45.24421593830334
2011-09-01,34.447300771208226
2011-09-02,15.938303341902312
2011-09-06,15.424164524421593
2011-09-07,36.246786632390744
2011-09-08,26.47814910025707
2011-09-09,11.568123393316196
2011-09-12,15.681233933161954
2011-09-13,23.65038560411311
2011-09-14,37.789203084832906
2011-09-15,49.87146529562982
2011-09-16,50.899742930591266
2011-09-19,40.87403598971722
2011-09-20,35.47557840616967
2011-09-21,19.02313624678663
2011-09-22,9.254498714652955
2011-09-23,12.853470437017995
2011-09-26,21.336760925449873
2011-09-27,32.13367609254499
2011-09-28,16.709511568123396
2011-09-29,24.93573264781491
2011-09-30,11.053984575835475
2011-10-03,3.0848329048843186
2011-10-04,11.311053984575835
2011-10-05,20.822622107969153
2011-10-06,38.81748071979435
2011-10-07,29.562982005141386
2011-10-10,53.98457583547558
2011-10-11,52.44215938303341
2011-10-12,56.81233933161953
2011-10-13,54.75578406169666
2011-10-14,60.66838046272493
2011-10-17,46.52956298200514
2011-10-18,58.61182519280206
2011-10-19,52.185089974293064
2011-10-20,54.498714652956295
2011-10-21,64.01028277634961
2011-10-24,66.32390745501286
2011-10-25,58.86889460154242
2011-10-26,61.95372750642674
2011-10-27,66.58097686375322
2011-10-28,64.78149100257069
2011-10-31,60.411311053984576
2011-11-01,42.41645244215938
2011-11-02,53.72750642673522
2011-11-03,61.696658097686374
2011-11-04,58.354755784061695
2011-11-07,60.15424164524421
2011-11-08,62.98200514138818
2011-11-09,39.0745501285347
2011-11-10,47.30077120822622
2011-11-11,57.84061696658098
2011-11-14,53.213367609254504
2011-11-15,55.52699228791774
2011-11-16,41.38817480719794
2011-11-17,25.70694087403599
2011-11-18,30.848329048843187
2011-11-21,13.367609254498714
2011-11-22,11.311053984575835
2011-11-23,4.627249357326478
2011-11-25,4.627249357326478
2011-11-28,20.822622107969153
2011-11-29,26.99228791773779
2011-11-30,58.09768637532133
2011-12-01,55.78406169665809
2011-12-02,56.041131105398456
2011-12-05,60.15424164524421
2011-12-06,61.18251928020566
2011-12-07,61.18251928020566
2011-12-08,40.87403598971722
2011-12-09,56.29820051413882
2011-12-12,43.958868894601544
2011-12-13,32.13367609254499
2011-12-14,21.85089974293059
2011-12-15,29.048843187660665
2011-12-16,36.246786632390744
2011-12-19,26.47814910025707
2011-12-20,47.81491002570694
2011-12-21,47.81491002570694
2011-12-22,51.9280205655527
2011-12-23,56.81233933161953
2011-12-27,55.78406169665809
2011-12-28,45.501285347043705
2011-12-29,51.156812339331616
2011-12-30,50.38560411311054
2012-01-03,56.81233933161953
2012-01-04,53.98457583547558
2012-01-05,53.470437017994854
2012-01-06,55.012853470437015
2012-01-09,56.29820051413882
2012-01-10,58.354755784061695
2012-01-11,58.09768637532133
2012-01-12,57.326478149100254
2012-01-13,55.012853470437015
2012-01-17,56.555269922879184
2012-01-18,61.18251928020566
2012-01-19,60.66838046272493
2012-01-20,60.411311053984576
2012-01-23,60.9254498714653
2012-01-24,57.84061696658098
2012-01-25,62.46786632390745
2012-01-26,59.89717223650386
2012-01-27,58.354755784061695
2012-01-30,53.213367609254504
2012-01-31,55.012853470437015
2012-02-01,59.12596401028277
2012-02-02,59.12596401028277
2012-02-03,62.46786632390745
2012-02-06,61.43958868894601
2012-02-07,61.696658097686374
2012-02-08,61.696658097686374
2012-02-09,60.9254498714653
2012-02-10,56.041131105398456
2012-02-13,58.09768637532133
2012-02-14,56.555269922879184
2012-02-15,53.213367609254504
2012-02-16,59.12596401028277
2012-02-17,58.61182519280206
2012-02-21,53.98457583547558
2012-02-22,50.6426735218509
2012-02-23,54.498714652956295
2012-02-24,52.69922879177378
2012-02-27,53.98457583547558
2012-02-28,52.95629820051414
2012-02-29,49.87146529562982
2012-03-01,53.470437017994854
2012-03-02,49.3573264781491
2012-03-05,45.501285347043705
2012-03-06,26.221079691516707
2012-03-07,34.19023136246786
2012-03-08,46.7866323907455
2012-03-09,52.95629820051414
2012-03-12,51.670951156812336
2012-03-13,60.411311053984576
2012-03-14,58.354755784061695
2012-03-15,61.696658097686374
2012-03-16,60.66838046272493
2012-03-19,59.6401028277635
2012-03-20,55.52699228791774
2012-03-21,54.498714652956295
2012-03-22,48.329048843187664
2012-03-23,50.38560411311054
2012-03-26,62.2107969151671
2012-03-27,61.696658097686374
2012-03-28,55.78406169665809
2012-03-29,54.498714652956295
2012-03-30,57.84061696658098
2012-04-02,61.18251928020566
2012-04-03,56.81233933161953
2012-04-04,44.473007712082264
2012-04-05,41.131105398457585
2012-04-09,25.70694087403599
2012-04-10,10.282776349614396
2012-04-11,21.336760925449873
2012-04-12,36.760925449871465
2012-04-13,23.13624678663239
2012-04-16,26.99228791773779
2012-04-17,44.2159383033419
2012-04-18,39.0745501285347
2012-04-19,32.904884318766065
2012-04-20,38.56041131105398
2012-04-23,29.82005141388175
2012-04-24,30.848329048843187
2012-04-25,42.41645244215938
2012-04-26,46.7866323907455
2012-04-27,50.38560411311054
2012-04-30,46.52956298200514
2012-05-01,48.58611825192802
2012-05-02,43.958868894601544
2012-05-03,38.04627249357326
2012-05-04,29.562982005141386
2012-05-07,29.82005141388175
2012-05-08,27.249357326478147
2012-05-09,23.39331619537275
2012-05-10,26.99228791773779
2012-05-11,26.47814910025707
2012-05-14,20.051413881748072
2012-05-15,20.308483290488432
2012-05-16,18.251928020565554
2012-05-17,10.025706940874036
2012-05-18,6.169665809768637
2012-05-21,12.853470437017995
2012-05-22,17.480719794344473
2012-05-23,17.994858611825194
2012-05-24,24.164524421593832
2012-05-25,22.87917737789203
2012-05-29,34.447300771208226
2012-05-30,17.994858611825194
2012-05-31,18.251928020565554
2012-06-01,8.997429305912597
2012-06-04,10.282776349614396
2012-06-05,12.596401028277635
2012-06-06,29.048843187660665
2012-06-07,28.53470437017995
2012-06-08,37.789203084832906
2012-06-11,22.62210796915167
2012-06-12,37.275064267352185
2012-06-13,29.30591259640103
2012-06-14,37.01799485861182
2012-06-15,48.58611825192802
2012-06-18,51.670951156812336
2012-06-19,62.2107969151671
2012-06-20,57.326478149100254
2012-06-21,36.246786632390744
2012-06-22,42.9305912596401
2012-06-25,28.020565552699228
2012-06-26,32.13367609254499
2012-06-27,41.131105398457585
2012-06-28,38.81748071979435
2012-06-29,61.696658097686374
2012-07-02,60.411311053984576
2012-07-03,66.58097686375322
2012-07-05,63.75321336760925
2012-07-06,54.24164524421594
2012-07-09,49.3573264781491
2012-07-10,42.159383033419026
2012-07-11,40.616966580976865
2012-07-12,37.01799485861182
2012-07-13,49.61439588688946
2012-07-16,46.52956298200514
2012-07-17,51.41388174807198
2012-07-18,59.383033419023135
2012-07-19,60.9254498714653
2012-07-20,50.6426735218509
2012-07-23,38.303341902313626
2012-07-24,28.277634961439592
2012-07-25,30.077120822622106
2012-07-26,46.52956298200514
2012-07-27,58.09768637532133
2012-07-30,54.75578406169666
2012-07-31,53.470437017994854
2012-08-01,45.75835475578406
2012-08-02,42.673521850899746
2012-08-03,55.78406169665809
2012-08-06,55.26992287917738
2012-08-07,61.43958868894601
2012-08-08,60.66838046272493
2012-08-09,58.86889460154242
2012-08-10,60.15424164524421
2012-08-13,57.58354755784062
2012-08-14,56.29820051413882
2012-08-15,60.411311053984576
2012-08-16,64.52442159383034
2012-08-17,64.78149100257069
2012-08-20,63.75321336760925
2012-08-21,60.411311053984576
2012-08-22,58.86889460154242
2012-08-23,50.128534704370175
2012-08-24,53.98457583547558
2012-08-27,53.470437017994854
2012-08-28,53.470437017994854
2012-08-29,55.78406169665809
2012-08-30,46.52956298200514
2012-08-31,51.670951156812336
2012-09-04,53.213367609254504
2012-09-05,51.156812339331616
2012-09-06,64.26735218508998
2012-09-07,65.55269922879178
2012-09-10,59.383033419023135
2012-09-11,60.9254498714653
2012-09-12,59.89717223650386
2012-09-13,67.3521850899743
2012-09-14,65.29562982005142
2012-09-17,64.26735218508998
2012-09-18,61.43958868894601
2012-09-19,61.696658097686374
2012-09-20,58.09768637532133
2012-09-21,56.555269922879184
2012-09-24,55.26992287917738
2012-09-25,46.7866323907455
2012-09-26,39.84575835475578
2012-09-27,49.3573264781491
2012-09-28,44.987146529562985
2012-10-01,48.58611825192802
2012-10-02,46.7866323907455
2012-10-03,50.899742930591266
2012-10-04,58.61182519280206
2012-10-05,57.0694087403599
2012-10-08,56.29820051413882
2012-10-09,41.131105398457585
2012-10-10,37.01799485861182
2012-10-11,37.789203084832906
2012-10-12,32.390745501285345
2012-10-15,37.789203084832906
2012-10-16,52.69922879177378
2012-10-17,53.98457583547558
2012-10-18,52.95629820051414
2012-10-19,39.0745501285347
2012-10-22,37.789203084832906
2012-10-23,25.96401028277635
2012-10-24,24.93573264781491
2012-10-25,31.362467866323907
2012-10-26,32.64781491002571
2012-10-31,40.102827763496144
2012-11-01,47.81491002570694
2012-11-02,39.33161953727507
2012-11-05,41.645244215938305
2012-11-06,49.61439588688946
2012-11-07,33.67609254498715
2012-11-08,25.96401028277635
2012-11-09,27.249357326478147
2012-11-12,28.277634961439592
2012-11-13,27.76349614395887
2012-11-14,15.681233933161954
2012-11-15,15.681233933161954
2012-11-16,20.051413881748072
2012-11-19,36.246786632390744
2012-11-20,38.303341902313626
2012-11-21,40.3598971722365
2012-11-23,53.98457583547558
2012-11-26,50.6426735218509
2012-11-27,45.75835475578406
2012-11-28,52.95629820051414
2012-11-29,60.66838046272493
2012-11-30,61.696658097686374
2012-12-03,55.26992287917738
2012-12-04,53.470437017994854
2012-12-05,57.0694087403599
2012-12-06,59.6401028277635
2012-12-07,61.95372750642674
2012-12-10,62.2107969151671
2012-12-11,65.29562982005142
2012-12-12,64.01028277634961
2012-12-13,57.84061696658098
2012-12-14,52.95629820051414
2012-12-17,62.2107969151671
2012-12-18,69.1516709511568
2012-12-19,65.29562982005142
2012-12-20,67.86632390745501
2012-12-21,61.95372750642674
2012-12-24,60.15424164524421
2012-12-26,52.69922879177378
2012-12-27,50.38560411311054
2012-12-28,36.246786632390744
2012-12-31,57.58354755784062
2013-01-02,72.23650385604114
2013-01-03,71.97943444730078
2013-01-04,71.72236503856041
2013-01-07,68.89460154241645
2013-01-08,64.52442159383034
2013-01-09,66.58097686375322
2013-01-10,69.1516709511568
2013-01-11,68.12339331619538
2013-01-14,68.12339331619538
2013-01-15,70.4370179948586
2013-01-16,68.63753213367609
2013-01-17,69.40874035989717
2013-01-18,70.69408740359897
2013-01-22,72.23650385604114
2013-01-23,72.49357326478149
2013-01-24,73.26478149100257
2013-01-25,73.26478149100257
2013-01-28,72.23650385604114
2013-01-29,72.23650385604114
2013-01-30,69.9228791773779
2013-01-31,66.58097686375322
2013-02-01,70.4370179948586
2013-02-04,65.80976863753213
2013-02-05,69.1516709511568
2013-02-06,68.38046272493573
2013-02-07,65.03856041131105
2013-02-08,68.63753213367609
2013-02-11,66.58097686375322
2013-02-12,67.3521850899743
2013-02-13,66.58097686375322
2013-02-14,64.78149100257069
2013-02-15,63.239074550128535
2013-02-19,65.80976863753213
2013-02-20,54.498714652956295
2013-02-21,46.7866323907455
2013-02-22,55.26992287917738
2013-02-25,34.447300771208226
2013-02-26,40.87403598971722
2013-02-27,55.52699228791774
2013-02-28,55.52699228791774
2013-03-01,57.326478149100254
2013-03-04,58.61182519280206
2013-03-05,68.63753213367609
2013-03-06,68.89460154241645
2013-03-07,68.89460154241645
2013-03-08,70.4370179948586
2013-03-11,71.72236503856041
2013-03-12,69.66580976863753
2013-03-13,68.89460154241645
2013-03-14,71.2082262210797
2013-03-15,65.29562982005142
2013-03-18,61.18251928020566
2013-03-19,57.326478149100254
2013-03-20,63.49614395886889
2013-03-21,55.52699228791774
2013-03-22,59.383033419023135
2013-03-25,55.26992287917738
2013-03-26,61.43958868894601
2013-03-27,61.696658097686374
2013-03-28,65.55269922879178
2013-04-01,57.326478149100254
2013-04-02,53.98457583547558
2013-04-03,42.41645244215938
2013-04-04,47.30077120822622
2013-04-05,41.38817480719794
2013-04-08,50.6426735218509
2013-04-09,52.95629820051414
2013-04-10,66.0668380462725
2013-04-11,68.12339331619538
2013-04-12,62.2107969151671
2013-04-15,34.70437017994858
2013-04-16,48.84318766066838
2013-04-17,34.70437017994858
2013-04-18,29.562982005141386
2013-04-19,37.275064267352185
2013-04-22,40.87403598971722
2013-04-23,53.213367609254504
2013-04-24,56.81233933161953
2013-04-25,60.66838046272493
2013-04-26,55.52699228791774
2013-04-29,63.49614395886889
2013-04-30,62.98200514138818
2013-05-01,54.498714652956295
2013-05-02,60.15424164524421
2013-05-03,67.86632390745501
2013-05-06,67.86632390745501
2013-05-07,69.9228791773779
2013-05-08,70.17994858611826
2013-05-09,66.58097686375322
2013-05-10,68.89460154241645
2013-05-13,67.3521850899743
2013-05-14,71.46529562982005
2013-05-15,72.23650385604114
2013-05-16,70.17994858611826
2013-05-17,71.97943444730078
2013-05-20,69.66580976863753
2013-05-21,68.89460154241645
2013-05-22,60.411311053984576
2013-05-23,56.81233933161953
2013-05-24,55.26992287917738
2013-05-28,59.12596401028277
2013-05-29,52.44215938303341
2013-05-30,54.24164524421594
2013-05-31,42.159383033419026
2013-06-03,46.27249357326478
2013-06-04,37.789203084832906
2013-06-05,23.39331619537275
2013-06-06,31.876606683804624
2013-06-07,47.04370179948586
2013-06-10,48.58611825192802
2013-06-11,32.64781491002571
2013-06-12,23.90745501285347
2013-06-13,43.44473007712082
2013-06-14,38.56041131105398
2013-06-17,48.84318766066838
2013-06-18,56.29820051413882
2013-06-19,38.56041131105398
2013-06-20,14.395886889460154
2013-06-21,17.737789203084834
2013-06-24,9.254498714652955
2013-06-25,16.966580976863753
2013-06-26,28.020565552699228
2013-06-27,40.3598971722365
2013-06-28,39.33161953727507
2013-07-01,44.987146529562985
2013-07-02,41.38817480719794
2013-07-03,41.90231362467866
2013-07-05,55.26992287917738
2013-07-08,57.326478149100254
2013-07-09,66.58097686375322
2013-07-10,67.09511568123393
2013-07-11,74.03598971722364
2013-07-12,75.32133676092545
2013-07-15,75.06426735218508
2013-07-16,72.49357326478149
2013-07-17,74.293059125964
2013-07-18,73.7789203084833
2013-07-19,73.52185089974293
2013-07-22,73.00771208226222
2013-07-23,69.9228791773779
2013-07-24,60.66838046272493
2013-07-25,63.75321336760925
2013-07-26,62.98200514138818
2013-07-29,58.61182519280206
2013-07-30,60.66838046272493
2013-07-31,60.15424164524421
2013-08-01,65.55269922879178
2013-08-02,63.49614395886889
2013-08-05,63.239074550128535
2013-08-06,58.354755784061695
2013-08-07,52.95629820051414
2013-08-08,57.326478149100254
2013-08-09,53.98457583547558
2013-08-12,51.41388174807198
2013-08-13,52.95629820051414
2013-08-14,45.75835475578406
2013-08-15,26.99228791773779
2013-08-16,27.249357326478147
2013-08-19,21.079691516709513
2013-08-20,27.249357326478147
2013-08-21,24.164524421593832
2013-08-22,37.789203084832906
2013-08-23,39.84575835475578
2013-08-26,35.732647814910024
2013-08-27,18.251928020565554
2013-08-28,20.308483290488432
2013-08-29,23.13624678663239
2013-08-30,16.966580976863753
2013-09-03,25.19280205655527
2013-09-04,37.01799485861182
2013-09-05,41.131105398457585
2013-09-06,40.616966580976865
2013-09-09,56.041131105398456
2013-09-10,63.239074550128535
2013-09-11,62.724935732647815
2013-09-12,60.15424164524421
2013-09-13,61.696658097686374
2013-09-16,66.32390745501286
2013-09-17,69.66580976863753
2013-09-18,74.03598971722364
2013-09-19,71.46529562982005
2013-09-20,65.80976863753213
2013-09-23,62.98200514138818
2013-09-24,59.89717223650386
2013-09-25,56.555269922879184
2013-09-26,59.89717223650386
2013-09-27,52.95629820051414
2013-09-30,46.01542416452442
2013-10-01,57.84061696658098
2013-10-02,54.75578406169666
2013-10-03,42.41645244215938
2013-10-04,50.38560411311054
2013-10-07,37.275064267352185
2013-10-08,21.079691516709513
2013-10-09,20.822622107969153
2013-10-10,58.86889460154242
2013-10-11,65.03856041131105
2013-10-14,66.32390745501286
2013-10-15,51.41388174807198
2013-10-16,66.58097686375322
2013-10-17,68.89460154241645
2013-10-18,69.40874035989717
2013-10-21,69.66580976863753
2013-10-22,71.2082262210797
2013-10-23,64.78149100257069
2013-10-24,67.09511568123393
2013-10-25,67.86632390745501
2013-10-28,66.83804627249359
2013-10-29,67.09511568123393
2013-10-30,64.01028277634961
2013-10-31,60.411311053984576
2013-11-01,60.411311053984576
2013-11-04,63.75321336760925
2013-11-05,59.6401028277635
2013-11-06,60.411311053984576
2013-11-07,46.27249357326478
2013-11-08,57.58354755784062
2013-11-11,57.58354755784062
2013-11-12,56.29820051413882
2013-11-13,62.2107969151671
2013-11-14,65.29562982005142
2013-11-15,68.89460154241645
2013-11-18,62.2107969151671
2013-11-19,58.354755784061695
2013-11-20,54.24164524421594
2013-11-21,58.61182519280206
2013-11-22,59.383033419023135
2013-11-25,57.326478149100254
2013-11-26,59.12596401028277
2013-11-27,59.12596401028277
2013-11-29,58.09768637532133
2013-12-02,55.78406169665809
2013-12-03,51.156812339331616
2013-12-04,47.55784061696658
2013-12-05,43.18766066838046
2013-12-06,61.18251928020566
2013-12-09,61.43958868894601
2013-12-10,55.26992287917738
2013-12-11,35.47557840616967
2013-12-12,34.70437017994858
2013-12-13,38.56041131105398
2013-12-16,46.52956298200514
2013-12-17,43.70179948586118
2013-12-18,61.18251928020566
2013-12-19,55.78406169665809
2013-12-20,64.78149100257069
2013-12-23,65.03856041131105
2013-12-24,68.63753213367609
2013-12-26,68.12339331619538
2013-12-27,68.12339331619538
2013-12-30,70.69408740359897
2013-12-31,70.69408740359897
2014-01-02,60.411311053984576
2014-01-03,61.696658097686374
2014-01-06,55.78406169665809
2014-01-07,62.98200514138818
2014-01-08,59.12596401028277
2014-01-09,60.9254498714653
2014-01-10,64.78149100257069
2014-01-13,50.38560411311054
2014-01-14,61.95372750642674
2014-01-15,61.18251928020566
2014-01-16,60.9254498714653
2014-01-17,57.84061696658098
2014-01-21,57.58354755784062
2014-01-22,58.61182519280206
2014-01-23,49.10025706940874
2014-01-24,25.96401028277635
2014-01-27,24.164524421593832
2014-01-28,31.876606683804624
2014-01-29,24.42159383033419
2014-01-30,35.732647814910024
2014-01-31,32.390745501285345
2014-02-03,16.709511568123396
2014-02-04,21.85089974293059
2014-02-05,21.85089974293059
2014-02-06,32.390745501285345
2014-02-07,43.44473007712082
2014-02-10,46.01542416452442
2014-02-11,52.44215938303341
2014-02-12,52.44215938303341
2014-02-13,59.12596401028277
2014-02-14,63.239074550128535
2014-02-18,62.724935732647815
2014-02-19,56.041131105398456
2014-02-20,61.95372750642674
2014-02-21,60.411311053984576
2014-02-24,64.52442159383034
2014-02-25,60.9254498714653
2014-02-26,62.724935732647815
2014-02-27,66.0668380462725
2014-02-28,67.09511568123393
2014-03-03,59.12596401028277
2014-03-04,71.46529562982005
2014-03-05,69.40874035989717
2014-03-06,69.40874035989717
2014-03-07,66.58097686375322
2014-03-10,63.49614395886889
2014-03-11,61.18251928020566
2014-03-12,61.95372750642674
2014-03-13,45.75835475578406
2014-03-14,42.41645244215938
2014-03-17,54.24164524421594
2014-03-18,62.2107969151671
2014-03-19,51.156812339331616
2014-03-20,53.72750642673522
2014-03-21,51.156812339331616
2014-03-24,41.645244215938305
2014-03-25,45.24421593830334
2014-03-26,35.2185089974293
2014-03-27,35.2185089974293
2014-03-28,43.70179948586118
2014-03-31,53.98457583547558
2014-04-01,63.49614395886889
2014-04-02,61.95372750642674
2014-04-03,60.9254498714653
2014-04-04,47.55784061696658
2014-04-07,31.362467866323907
2014-04-08,35.47557840616967
2014-04-09,48.329048843187664
2014-04-10,24.67866323907455
2014-04-11,17.223650385604113
2014-04-14,23.65038560411311
2014-04-15,29.562982005141386
2014-04-16,38.81748071979435
2014-04-17,46.01542416452442
2014-04-21,46.7866323907455
2014-04-22,53.98457583547558
2014-04-23,51.156812339331616
2014-04-24,52.44215938303341
2014-04-25,39.84575835475578
2014-04-28,38.81748071979435
2014-04-29,44.987146529562985
2014-04-30,48.329048843187664
2014-05-01,51.9280205655527
2014-05-02,50.6426735218509
2014-05-05,50.38560411311054
2014-05-06,39.588688946015424
2014-05-07,46.7866323907455
2014-05-08,46.27249357326478
2014-05-09,47.55784061696658
2014-05-12,58.61182519280206
2014-05-13,56.81233933161953
2014-05-14,46.7866323907455
2014-05-15,34.19023136246786
2014-05-16,43.18766066838046
2014-05-19,48.84318766066838
2014-05-20,37.53213367609254
2014-05-21,46.7866323907455
2014-05-22,53.72750642673522
2014-05-23,58.61182519280206
2014-05-27,66.0668380462725
2014-05-28,61.696658097686374
2014-05-29,64.26735218508998
2014-05-30,65.29562982005142
2014-06-02,65.80976863753213
2014-06-03,65.55269922879178
2014-06-04,68.12339331619538
2014-06-05,72.49357326478149
2014-06-06,73.26478149100257
2014-06-09,70.95115681233933
2014-06-10,69.1516709511568
2014-06-11,65.55269922879178
2014-06-12,56.29820051413882
2014-06-13,58.86889460154242
2014-06-16,58.09768637532133
2014-06-17,60.9254498714653
2014-06-18,69.1516709511568
2014-06-19,68.12339331619538
2014-06-20,69.1516709511568
2014-06-23,65.55269922879178
2014-06-24,60.411311053984576
2014-06-25,61.18251928020566
2014-06-26,59.6401028277635
2014-06-27,61.95372750642674
2014-06-30,62.2107969151671
2014-07-01,68.38046272493573
2014-07-02,64.26735218508998
2014-07-03,68.63753213367609
2014-07-07,62.724935732647815
2014-07-08,53.98457583547558
2014-07-09,56.555269922879184
2014-07-10,49.87146529562982
2014-07-11,49.61439588688946
2014-07-14,53.98457583547558
2014-07-15,51.156812339331616
2014-07-16,52.185089974293064
2014-07-17,33.933161953727506
2014-07-18,50.38560411311054
2014-07-21,46.52956298200514
2014-07-22,52.69922879177378
2014-07-23,49.3573264781491
2014-07-24,52.185089974293064
2014-07-25,44.473007712082264
2014-07-28,43.70179948586118
2014-07-29,37.53213367609254
2014-07-30,34.70437017994858
2014-07-31,20.051413881748072
2014-08-01,17.994858611825194
2014-08-04,24.93573264781491
2014-08-05,19.794344473007712
2014-08-06,19.28020565552699
2014-08-07,16.709511568123396
2014-08-08,28.020565552699228
2014-08-11,33.933161953727506
2014-08-12,29.048843187660665
2014-08-13,42.159383033419026
2014-08-14,51.670951156812336
2014-08-15,48.0719794344473
2014-08-18,59.89717223650386
2014-08-19,64.01028277634961
2014-08-20,66.32390745501286
2014-08-21,67.86632390745501
2014-08-22,64.78149100257069
2014-08-25,67.86632390745501
2014-08-26,67.60925449871465
2014-08-27,67.86632390745501
2014-08-28,66.0668380462725
2014-08-29,68.38046272493573
2014-09-02,68.63753213367609
2014-09-03,67.09511568123393
2014-09-04,65.29562982005142
2014-09-05,67.86632390745501
2014-09-08,64.78149100257069
2014-09-09,53.470437017994854
2014-09-10,53.470437017994854
2014-09-11,56.81233933161953
2014-09-12,43.70179948586118
2014-09-15,39.0745501285347
2014-09-16,50.6426735218509
2014-09-17,49.87146529562982
2014-09-18,53.213367609254504
2014-09-19,50.128534704370175
2014-09-22,35.47557840616967
2014-09-23,28.020565552699228
2014-09-24,35.98971722365039
2014-09-25,21.336760925449873
2014-09-26,25.96401028277635
2014-09-29,26.99228791773779
2014-09-30,25.449871465295633
2014-10-01,11.568123393316196
2014-10-02,14.652956298200515
2014-10-03,33.41902313624679
2014-10-06,29.048843187660665
2014-10-07,15.424164524421593
2014-10-08,33.16195372750643
2014-10-09,19.02313624678663
2014-10-10,14.910025706940875
2014-10-13,11.568123393316196
2014-10-14,13.881748071979436
2014-10-15,11.568123393316196
2014-10-16,12.082262210796916
2014-10-17,19.28020565552699
2014-10-20,29.048843187660665
2014-10-21,55.012853470437015
2014-10-22,42.9305912596401
2014-10-23,57.58354755784062
2014-10-24,63.49614395886889
2014-10-27,60.66838046272493
2014-10-28,68.63753213367609
2014-10-29,66.0668380462725
2014-10-30,67.86632390745501
2014-10-31,73.26478149100257
2014-11-03,70.4370179948586
2014-11-04,68.38046272493573
2014-11-05,71.2082262210797
2014-11-06,71.97943444730078
2014-11-07,72.75064267352185
2014-11-10,71.97943444730078
2014-11-11,74.293059125964
2014-11-12,73.52185089974293
2014-11-13,69.9228791773779
2014-11-14,70.17994858611826
2014-11-17,71.46529562982005
2014-11-18,72.23650385604114
2014-11-19,69.66580976863753
2014-11-20,70.95115681233933
2014-11-21,74.03598971722364
2014-11-24,74.80719794344472
2014-11-25,72.23650385604114
2014-11-26,74.55012853470437
2014-11-28,70.69408740359897
2014-12-01,63.75321336760925
2014-12-02,67.3521850899743
2014-12-03,70.95115681233933
2014-12-04,68.38046272493573
2014-12-05,68.38046272493573
2014-12-08,62.2107969151671
2014-12-09,65.55269922879178
2014-12-10,48.84318766066838
2014-12-11,53.213367609254504
2014-12-12,35.732647814910024
2014-12-15,31.10539845758355
2014-12-16,22.62210796915167
2014-12-17,47.04370179948586
2014-12-18,65.55269922879178
2014-12-19,66.0668380462725
2014-12-22,70.17994858611826
2014-12-23,70.17994858611826
2014-12-24,70.17994858611826
2014-12-26,71.72236503856041
2014-12-29,72.49357326478149
2014-12-30,69.9228791773779
2014-12-31,58.86889460154242
2015-01-02,57.326478149100254
2015-01-05,26.735218508997427
2015-01-06,21.079691516709513
2015-01-07,34.96143958868895
2015-01-08,54.24164524421594
2015-01-09,43.958868894601544
2015-01-12,36.50385604113111
2015-01-13,37.53213367609254
2015-01-14,30.59125964010283
2015-01-15,25.449871465295633
2015-01-16,35.98971722365039
2015-01-20,35.2185089974293
2015-01-21,39.588688946015424
2015-01-22,58.09768637532133
2015-01-23,51.9280205655527
2015-01-26,57.84061696658098
2015-01-27,45.501285347043705
2015-01-28,35.98971722365039
2015-01-29,41.90231362467866
2015-01-30,28.53470437017995
2015-02-02,38.303341902313626
2015-02-03,56.555269922879184
2015-02-04,49.87146529562982
2015-02-05,61.43958868894601
2015-02-06,55.012853470437015
2015-02-09,49.3573264781491
2015-02-10,58.354755784061695
2015-02-11,58.354755784061695
2015-02-12,62.2107969151671
2015-02-13,62.724935732647815
2015-02-17,62.724935732647815
2015-02-18,66.58097686375322
2015-02-19,64.52442159383034
2015-02-20,68.38046272493573
2015-02-23,67.86632390745501
2015-02-24,65.29562982005142
2015-02-25,65.55269922879178
2015-02-26,61.696658097686374
2015-02-27,59.383033419023135
2015-03-02,63.239074550128535
2015-03-03,58.61182519280206
2015-03-04,53.213367609254504
2015-03-05,53.72750642673522
2015-03-06,37.275064267352185
2015-03-09,41.645244215938305
2015-03-10,23.90745501285347
2015-03-11,28.277634961439592
2015-03-12,43.958868894601544
2015-03-13,37.01799485861182
2015-03-16,50.899742930591266
2015-03-17,46.7866323907455
2015-03-18,60.411311053984576
2015-03-19,56.555269922879184
2015-03-20,65.55269922879178
2015-03-23,62.46786632390745
2015-03-24,55.26992287917738
2015-03-25,30.59125964010283
2015-03-26,28.79177377892031
2015-03-27,34.19023136246786
2015-03-30,56.29820051413882
2015-03-31,44.473007712082264
2015-04-01,37.53213367609254
2015-04-02,44.473007712082264
2015-04-06,52.69922879177378
2015-04-07,47.04370179948586
2015-04-08,53.213367609254504
2015-04-09,55.012853470437015
2015-04-10,57.58354755784062
2015-04-13,49.87146529562982
2015-04-14,50.38560411311054
2015-04-15,53.98457583547558
2015-04-16,52.95629820051414
2015-04-17,32.904884318766065
2015-04-20,46.52956298200514
2015-04-21,45.75835475578406
2015-04-22,51.670951156812336
2015-04-23,54.24164524421594
2015-04-24,51.156812339331616
2015-04-27,43.18766066838046
2015-04-28,48.329048843187664
2015-04-29,39.84575835475578
2015-04-30,29.048843187660665
2015-05-01,42.159383033419026
2015-05-04,46.52956298200514
2015-05-05,33.16195372750643
2015-05-06,27.249357326478147
2015-05-07,35.47557840616967
2015-05-08,51.41388174807198
2015-05-11,47.30077120822622
2015-05-12,42.41645244215938
2015-05-13,43.44473007712082
2015-05-14,55.52699228791774
2015-05-15,57.0694087403599
2015-05-18,62.2107969151671
2015-05-19,59.12596401028277
2015-05-20,59.12596401028277
2015-05-21,59.6401028277635
2015-05-22,55.26992287917738
2015-05-26,42.41645244215938
2015-05-27,53.213367609254504
2015-05-28,51.156812339331616
2015-05-29,41.90231362467866
2015-06-01,44.473007712082264
2015-06-02,40.616966580976865
2015-06-03,48.0719794344473
2015-06-04,34.447300771208226
2015-06-05,34.96143958868895
2015-06-08,26.221079691516707
2015-06-09,26.99228791773779
2015-06-10,44.2159383033419
2015-06-11,48.84318766066838
2015-06-12,42.41645244215938
2015-06-15,34.447300771208226
2015-06-16,39.33161953727507
2015-06-17,40.87403598971722
2015-06-18,60.411311053984576
2015-06-19,52.95629820051414
2015-06-22,55.78406169665809
2015-06-23,53.98457583547558
2015-06-24,41.645244215938305
2015-06-25,38.81748071979435
2015-06-26,38.303341902313626
2015-06-29,13.881748071979436
2015-06-30,19.02313624678663
2015-07-01,30.848329048843187
2015-07-02,30.848329048843187
2015-07-06,28.020565552699228
2015-07-07,34.447300771208226
2015-07-08,22.87917737789203
2015-07-09,25.19280205655527
2015-07-10,40.616966580976865
2015-07-13,49.3573264781491
2015-07-14,53.213367609254504
2015-07-15,50.899742930591266
2015-07-16,55.78406169665809
2015-07-17,51.41388174807198
2015-07-20,51.670951156812336
2015-07-21,42.9305912596401
2015-07-22,45.75835475578406
2015-07-23,41.645244215938305
2015-07-24,34.19023136246786
2015-07-27,28.277634961439592
2015-07-28,36.50385604113111
2015-07-29,49.3573264781491
2015-07-30,48.84318766066838
2015-07-31,52.69922879177378
2015-08-03,48.58611825192802
2015-08-04,49.10025706940874
2015-08-05,52.185089974293064
2015-08-06,43.958868894601544
2015-08-07,44.987146529562985
2015-08-10,55.26992287917738
2015-08-11,44.987146529562985
2015-08-12,42.673521850899746
2015-08-13,43.18766066838046
2015-08-14,49.3573264781491
2015-08-17,53.98457583547558
2015-08-18,51.670951156812336
2015-08-19,41.38817480719794
2015-08-20,22.62210796915167
2015-08-21,10.282776349614396
2015-08-24,1.0282776349614395
2015-08-25,1.0282776349614395
2015-08-26,3.5989717223650386
2015-08-27,13.624678663239074
2015-08-28,14.395886889460154
2015-08-31,8.997429305912597
2015-09-01,3.3419023136246784
2015-09-02,6.940874035989718
2015-09-03,10.282776349614396
2015-09-04,4.884318766066838
2015-09-08,24.164524421593832
2015-09-09,13.881748071979436
2015-09-10,17.737789203084834
2015-09-11,24.67866323907455
2015-09-14,22.10796915167095
2015-09-15,35.98971722365039
2015-09-16,47.81491002570694
2015-09-17,47.04370179948586
2015-09-18,29.30591259640103
2015-09-21,32.904884318766065
2015-09-22,21.079691516709513
2015-09-23,22.36503856041131
2015-09-24,19.02313624678663
2015-09-25,20.051413881748072
2015-09-28,7.969151670951156
2015-09-29,11.053984575835475
2015-09-30,21.85089974293059
2015-10-01,24.42159383033419
2015-10-02,37.01799485861182
2015-10-05,55.52699228791774
2015-10-06,51.41388174807198
2015-10-07,58.354755784061695
2015-10-08,64.26735218508998
2015-10-09,64.26735218508998
2015-10-12,61.95372750642674
2015-10-13,55.012853470437015
2015-10-14,48.0719794344473
2015-10-15,61.95372750642674
2015-10-16,61.43958868894601
2015-10-19,60.15424164524421
2015-10-20,60.9254498714653
2015-10-21,54.24164524421594
2015-10-22,63.49614395886889
2015-10-23,65.55269922879178
2015-10-26,64.01028277634961
2015-10-27,57.84061696658098
2015-10-28,63.75321336760925
2015-10-29,60.66838046272493
2015-10-30,59.6401028277635
2015-11-02,64.26735218508998
2015-11-03,63.239074550128535
2015-11-04,60.66838046272493
2015-11-05,60.411311053984576
2015-11-06,55.52699228791774
2015-11-09,49.61439588688946
2015-11-10,52.185089974293064
2015-11-11,50.128534704370175
2015-11-12,38.56041131105398
2015-11-13,30.334190231362467
2015-11-16,43.958868894601544
2015-11-17,41.131105398457585
2015-11-18,57.326478149100254
2015-11-19,56.555269922879184
2015-11-20,57.326478149100254
2015-11-23,57.84061696658098
2015-11-24,59.89717223650386
2015-11-25,61.43958868894601
2015-11-27,62.98200514138818
2015-11-30,57.58354755784062
2015-12-01,64.01028277634961
2015-12-02,54.24164524421594
2015-12-03,32.904884318766065
2015-12-04,56.29820051413882
2015-12-07,50.38560411311054
2015-12-08,41.131105398457585
2015-12-09,28.277634961439592
2015-12-10,31.619537275064268
2015-12-11,16.452442159383033
2015-12-14,22.62210796915167
2015-12-15,34.19023136246786
2015-12-16,49.61439588688946
2015-12-17,34.19023136246786
2015-12-18,19.794344473007712
2015-12-21,28.277634961439592
2015-12-22,39.33161953727507
2015-12-23,53.470437017994854
2015-12-24,53.72750642673522
2015-12-28,48.58611825192802
2015-12-29,58.354755784061695
2015-12-30,49.87146529562982
2015-12-31,38.303341902313626
2016-01-04,19.28020565552699
2016-01-05,24.67866323907455
2016-01-06,17.994858611825194
2016-01-07,10.282776349614396
2016-01-08,8.997429305912597
2016-01-11,10.796915167095115
2016-01-12,15.167095115681233
2016-01-13,6.683804627249357
2016-01-14,9.511568123393316
2016-01-15,6.940874035989718
2016-01-19,9.254498714652955
2016-01-20,5.3984575835475574
2016-01-21,7.197943444730077
2016-01-22,17.737789203084834
2016-01-25,12.339331619537274
2016-01-26,21.59383033419023
2016-01-27,15.938303341902312
2016-01-28,24.164524421593832
2016-01-29,42.159383033419026
2016-02-01,42.159383033419026
2016-02-02,27.506426735218508
2016-02-03,33.67609254498715
2016-02-04,35.2185089974293
2016-02-05,25.96401028277635
2016-02-08,21.336760925449873
2016-02-09,20.565552699228792
2016-02-10,23.65038560411311
2016-02-11,17.480719794344473
2016-02-12,28.020565552699228
2016-02-16,42.673521850899746
2016-02-17,51.9280205655527
2016-02-18,46.7866323907455
2016-02-19,49.87146529562982
2016-02-22,60.15424164524421
2016-02-23,51.156812339331616
2016-02-24,55.52699228791774
2016-02-25,64.52442159383034
2016-02-26,64.26735218508998
2016-02-29,58.09768637532133
2016-03-01,73.7789203084833
2016-03-02,74.03598971722364
2016-03-03,76.09254498714652
2016-03-04,75.83547557840618
2016-03-07,74.55012853470437
2016-03-08,70.17994858611826
2016-03-09,73.00771208226222
2016-03-10,72.23650385604114
2016-03-11,79.17737789203085
2016-03-14,77.37789203084833
2016-03-15,73.52185089974293
2016-03-16,76.09254498714652
2016-03-17,75.32133676092545
2016-03-18,77.12082262210797
2016-03-21,76.60668380462725
2016-03-22,76.60668380462725
2016-03-23,73.52185089974293
2016-03-24,70.95115681233933
2016-03-28,71.97943444730078
2016-03-29,75.32133676092545
2016-03-30,76.34961439588689
2016-03-31,75.57840616966581
2016-04-01,74.80719794344472
2016-04-04,71.72236503856041
2016-04-05,64.26735218508998
2016-04-06,69.1516709511568
2016-04-07,57.326478149100254
2016-04-08,60.9254498714653
2016-04-11,59.383033419023135
2016-04-12,63.75321336760925
2016-04-13,73.00771208226222
2016-04-14,69.1516709511568
2016-04-15,70.4370179948586
2016-04-18,74.293059125964
2016-04-19,73.7789203084833
2016-04-20,67.09511568123393
2016-04-21,61.18251928020566
2016-04-22,61.43958868894601
2016-04-25,60.411311053984576
2016-04-26,63.239074550128535
2016-04-27,67.3521850899743
2016-04-28,55.78406169665809
2016-04-29,48.329048843187664
2016-05-02,58.354755784061695
2016-05-03,46.01542416452442
2016-05-04,38.56041131105398
2016-05-05,40.3598971722365
2016-05-06,47.30077120822622
2016-05-09,46.52956298200514
2016-05-10,59.6401028277635
2016-05-11,48.84318766066838
2016-05-12,47.30077120822622
2016-05-13,38.81748071979435
2016-05-16,47.81491002570694
2016-05-17,34.96143958868895
2016-05-18,35.47557840616967
2016-05-19,32.64781491002571
2016-05-20,41.131105398457585
2016-05-23,40.102827763496144
2016-05-24,55.78406169665809
2016-05-25,59.383033419023135
2016-05-26,61.696658097686374
2016-05-27,64.78149100257069
2016-05-31,64.52442159383034
2016-06-01,65.03856041131105
2016-06-02,67.09511568123393
2016-06-03,62.2107969151671
2016-06-06,67.3521850899743
2016-06-07,68.63753213367609
2016-06-08,70.69408740359897
2016-06-09,63.75321336760925
2016-06-10,53.72750642673522
2016-06-13,41.90231362467866
2016-06-14,40.3598971722365
2016-06-15,38.04627249357326
2016-06-16,38.56041131105398
2016-06-17,37.53213367609254
2016-06-20,53.470437017994854
2016-06-21,54.24164524421594
2016-06-22,51.670951156812336
2016-06-23,67.60925449871465
2016-06-24,23.13624678663239
2016-06-27,16.195372750642672
2016-06-28,25.19280205655527
2016-06-29,39.33161953727507
2016-06-30,54.498714652956295
2016-07-01,56.29820051413882
2016-07-05,45.24421593830334
2016-07-06,51.156812339331616
2016-07-07,51.41388174807198
2016-07-08,67.3521850899743
2016-07-11,69.9228791773779
2016-07-12,75.57840616966581
2016-07-13,74.55012853470437
2016-07-14,75.83547557840618
2016-07-15,74.55012853470437
2016-07-18,75.32133676092545
2016-07-19,71.72236503856041
2016-07-20,73.26478149100257
2016-07-21,67.86632390745501
2016-07-22,70.69408740359897
2016-07-25,69.1516709511568
2016-07-26,67.3521850899743
2016-07-27,60.15424164524421
2016-07-28,62.724935732647815
2016-07-29,61.43958868894601
2016-08-01,58.354755784061695
2016-08-02,50.6426735218509
2016-08-03,51.9280205655527
2016-08-04,51.9280205655527
2016-08-05,56.81233933161953
2016-08-08,55.012853470437015
2016-08-09,55.012853470437015
2016-08-10,54.498714652956295
2016-08-11,56.555269922879184
2016-08-12,56.29820051413882
2016-08-15,58.61182519280206
2016-08-16,49.61439588688946
2016-08-17,50.38560411311054
2016-08-18,53.98457583547558
2016-08-19,52.95629820051414
2016-08-22,54.24164524421594
2016-08-23,55.52699228791774
2016-08-24,48.58611825192802
2016-08-25,50.128534704370175
2016-08-26,46.52956298200514
2016-08-29,53.213367609254504
2016-08-30,51.670951156812336
2016-08-31,48.84318766066838
2016-09-01,49.87146529562982
2016-09-02,55.78406169665809
2016-09-06,57.326478149100254
2016-09-07,55.78406169665809
2016-09-08,49.61439588688946
2016-09-09,19.794344473007712
2016-09-12,33.41902313624679
2016-09-13,16.195372750642672
2016-09-14,14.652956298200515
2016-09-15,30.59125964010283
2016-09-16,28.020565552699228
2016-09-19,33.67609254498715
2016-09-20,34.447300771208226
2016-09-21,49.87146529562982
2016-09-22,61.43958868894601
2016-09-23,54.24164524421594
2016-09-26,43.18766066838046
2016-09-27,51.41388174807198
2016-09-28,57.326478149100254
2016-09-29,41.90231362467866
2016-09-30,52.185089974293064
2016-10-03,47.81491002570694
2016-10-04,41.645244215938305
2016-10-05,47.04370179948586
2016-10-06,46.27249357326478
2016-10-07,40.616966580976865
2016-10-10,41.38817480719794
2016-10-11,25.96401028277635
2016-10-12,27.249357326478147
2016-10-13,20.822622107969153
2016-10-14,24.164524421593832
2016-10-17,20.565552699228792
2016-10-18,28.53470437017995
2016-10-19,32.64781491002571
2016-10-20,33.933161953727506
2016-10-21,32.64781491002571
2016-10-24,40.102827763496144
2016-10-25,32.390745501285345
2016-10-26,34.447300771208226
2016-10-27,29.048843187660665
2016-10-28,30.848329048843187
2016-10-31,35.47557840616967
2016-11-01,26.99228791773779
2016-11-02,22.10796915167095
2016-11-03,21.85089974293059
2016-11-04,21.336760925449873
2016-11-07,44.473007712082264
2016-11-08,52.44215938303341
2016-11-09,52.185089974293064
2016-11-10,47.04370179948586
2016-11-11,48.329048843187664
2016-11-14,49.61439588688946
2016-11-15,52.44215938303341
2016-11-16,51.670951156812336
2016-11-17,53.72750642673522
2016-11-18,53.72750642673522
2016-11-21,58.354755784061695
2016-11-22,58.354755784061695
2016-11-23,59.383033419023135
2016-11-25,61.95372750642674
2016-11-28,61.18251928020566
2016-11-29,61.18251928020566
2016-11-30,53.72750642673522
2016-12-01,41.645244215938305
2016-12-02,44.987146529562985
2016-12-05,48.84318766066838
2016-12-06,54.498714652956295
2016-12-07,64.78149100257069
2016-12-08,63.49614395886889
2016-12-09,68.89460154241645
2016-12-12,64.52442159383034
2016-12-13,70.4370179948586
2016-12-14,59.6401028277635
2016-12-15,60.66838046272493
2016-12-16,60.411311053984576
2016-12-19,60.411311053984576
2016-12-20,61.43958868894601
2016-12-21,59.6401028277635
2016-12-22,55.52699228791774
2016-12-23,58.86889460154242
2016-12-27,60.15424164524421
2016-12-28,47.81491002570694
2016-12-29,48.58611825192802
2016-12-30,41.38817480719794
2017-01-03,54.75578406169666
2017-01-04,65.80976863753213
2017-01-05,62.98200514138818
2017-01-06,65.80976863753213
2017-01-09,57.326478149100254
2017-01-10,59.6401028277635
2017-01-11,64.01028277634961
2017-01-12,58.86889460154242
2017-01-13,60.9254498714653
2017-01-17,57.84061696658098
2017-01-18,62.724935732647815
2017-01-19,53.470437017994854
2017-01-20,56.29820051413882
2017-01-23,51.41388174807198
2017-01-24,61.18251928020566
2017-01-25,62.98200514138818
2017-01-26,60.15424164524421
2017-01-27,57.58354755784062
2017-01-30,52.69922879177378
2017-01-31,54.498714652956295
2017-02-01,48.84318766066838
2017-02-02,50.6426735218509
2017-02-03,60.9254498714653
2017-02-06,56.041131105398456
2017-02-07,56.29820051413882
2017-02-08,57.58354755784062
2017-02-09,65.03856041131105
2017-02-10,67.60925449871465
2017-02-13,69.9228791773779
2017-02-14,69.66580976863753
2017-02-15,70.4370179948586
2017-02-16,67.60925449871465
2017-02-17,66.0668380462725
2017-02-21,69.40874035989717
2017-02-22,67.3521850899743
2017-02-23,63.75321336760925
2017-02-24,67.86632390745501
2017-02-27,68.12339331619538
2017-02-28,62.98200514138818
2017-03-01,72.23650385604114
2017-03-02,65.29562982005142
2017-03-03,66.0668380462725
2017-03-06,61.18251928020566
2017-03-07,57.58354755784062
2017-03-08,55.52699228791774
2017-03-09,51.41388174807198
2017-03-10,55.78406169665809
2017-03-13,57.84061696658098
2017-03-14,51.41388174807198
2017-03-15,63.49614395886889
2017-03-16,62.2107969151671
2017-03-17,60.66838046272493
2017-03-20,54.498714652956295
2017-03-21,36.760925449871465
2017-03-22,43.18766066838046
2017-03-23,43.18766066838046
2017-03-24,40.87403598971722
2017-03-27,39.588688946015424
2017-03-28,48.84318766066838
2017-03-29,50.899742930591266
2017-03-30,54.24164524421594
2017-03-31,53.213367609254504
2017-04-03,47.04370179948586
2017-04-04,45.501285347043705
2017-04-05,40.3598971722365
2017-04-06,46.7866323907455
2017-04-07,46.52956298200514
2017-04-10,49.10025706940874
2017-04-11,50.128534704370175
2017-04-12,39.84575835475578
2017-04-13,28.79177377892031
2017-04-17,45.24421593830334
2017-04-18,43.70179948586118
2017-04-19,43.958868894601544
2017-04-20,54.24164524421594
2017-04-21,52.44215938303341
2017-04-24,62.98200514138818
2017-04-25,64.78149100257069
2017-04-26,62.724935732647815
2017-04-27,62.46786632390745
2017-04-28,54.24164524421594
2017-05-01,53.72750642673522
2017-05-02,53.98457583547558
2017-05-03,51.9280205655527
2017-05-04,53.98457583547558
2017-05-05,57.58354755784062
2017-05-08,54.75578406169666
2017-05-09,52.44215938303341
2017-05-10,56.29820051413882
2017-05-11,55.52699228791774
2017-05-12,51.41388174807198
2017-05-15,57.84061696658098
2017-05-16,53.470437017994854
2017-05-17,37.01799485861182
2017-05-18,41.131105398457585
2017-05-19,50.6426735218509
2017-05-22,54.498714652956295
2017-05-23,53.98457583547558
2017-05-24,57.58354755784062
2017-05-25,60.411311053984576
2017-05-26,60.15424164524421
2017-05-30,58.09768637532133
2017-05-31,59.6401028277635
2017-06-01,67.09511568123393
2017-06-02,66.83804627249359
2017-06-05,65.03856041131105
2017-06-06,60.15424164524421
2017-06-07,61.18251928020566
2017-06-08,63.239074550128535
2017-06-09,61.95372750642674
2017-06-12,62.98200514138818
2017-06-13,68.89460154241645
2017-06-14,66.0668380462725
2017-06-15,60.9254498714653
2017-06-16,60.9254498714653
2017-06-19,67.60925449871465
2017-06-20,56.555269922879184
2017-06-21,53.72750642673522
2017-06-22,51.9280205655527
2017-06-23,56.81233933161953
2017-06-26,58.354755784061695
2017-06-27,44.987146529562985
2017-06-28,55.78406169665809
2017-06-29,44.2159383033419
2017-06-30,48.0719794344473
2017-07-03,49.10025706940874
2017-07-05,49.3573264781491
2017-07-06,36.246786632390744
2017-07-07,49.3573264781491
2017-07-10,48.58611825192802
2017-07-11,48.84318766066838
2017-07-12,58.354755784061695
2017-07-13,57.58354755784062
2017-07-14,62.724935732647815
2017-07-17,63.75321336760925
2017-07-18,60.9254498714653
2017-07-19,67.3521850899743
2017-07-20,64.78149100257069
2017-07-21,65.29562982005142
2017-07-24,62.2107969151671
2017-07-25,63.75321336760925
2017-07-26,61.696658097686374
2017-07-27,57.0694087403599
2017-07-28,56.29820051413882
2017-07-31,55.012853470437015
2017-08-01,56.041131105398456
2017-08-02,51.9280205655527
2017-08-03,50.6426735218509
2017-08-04,51.670951156812336
2017-08-07,54.498714652956295
2017-08-08,49.10025706940874
2017-08-09,47.55784061696658
2017-08-10,31.362467866323907
2017-08-11,31.10539845758355
2017-08-14,49.10025706940874
2017-08-15,46.7866323907455
2017-08-16,49.3573264781491
2017-08-17,31.362467866323907
2017-08-18,28.79177377892031
2017-08-21,31.876606683804624
2017-08-22,44.73007712082262
2017-08-23,41.645244215938305
2017-08-24,37.789203084832906
2017-08-25,42.41645244215938
2017-08-28,39.588688946015424
2017-08-29,39.84575835475578
2017-08-30,45.75835475578406
2017-08-31,56.041131105398456
2017-09-01,59.89717223650386
2017-09-05,50.128534704370175
2017-09-06,53.72750642673522
2017-09-07,54.498714652956295
2017-09-08,54.24164524421594
2017-09-11,63.49614395886889
2017-09-12,66.0668380462725
2017-09-13,60.411311053984576
2017-09-14,60.9254498714653
2017-09-15,61.95372750642674
2017-09-18,62.2107969151671
2017-09-19,60.15424164524421
2017-09-20,59.383033419023135
2017-09-21,56.041131105398456
2017-09-22,55.78406169665809
2017-09-25,53.98457583547558
2017-09-26,52.44215938303341
2017-09-27,56.29820051413882
2017-09-28,55.52699228791774
2017-09-29,59.6401028277635
2017-10-02,62.46786632390745
2017-10-03,63.239074550128535
2017-10-04,65.03856041131105
2017-10-05,69.40874035989717
2017-10-06,68.12339331619538
2017-10-09,64.01028277634961
2017-10-10,67.09511568123393
2017-10-11,67.09511568123393
2017-10-12,65.80976863753213
2017-10-13,65.55269922879178
2017-10-16,64.01028277634961
2017-10-17,62.2107969151671
2017-10-18,64.01028277634961
2017-10-19,64.52442159383034
2017-10-20,67.86632390745501
2017-10-23,64.52442159383034
2017-10-24,65.29562982005142
2017-10-25,58.61182519280206
2017-10-26,60.66838046272493
2017-10-27,62.2107969151671
2017-10-30,56.29820051413882
2017-10-31,59.383033419023135
2017-11-01,57.58354755784062
2017-11-02,57.326478149100254
2017-11-03,58.09768637532133
2017-11-06,57.84061696658098
2017-11-07,56.555269922879184
2017-11-08,55.52699228791774
2017-11-09,50.6426735218509
2017-11-10,52.44215938303341
2017-11-13,53.72750642673522
2017-11-14,54.498714652956295
2017-11-15,48.329048843187664
2017-11-16,56.041131105398456
2017-11-17,52.69922879177378
2017-11-20,55.78406169665809
2017-11-21,59.6401028277635
2017-11-22,56.555269922879184
2017-11-24,57.0694087403599
2017-11-27,55.012853470437015
2017-11-28,63.75321336760925
2017-11-29,59.6401028277635
2017-11-30,65.55269922879178
2017-12-01,64.52442159383034
2017-12-04,57.0694087403599
2017-12-05,51.9280205655527
2017-12-06,50.38560411311054
2017-12-07,57.58354755784062
2017-12-08,61.43958868894601
2017-12-11,61.43958868894601
2017-12-12,57.84061696658098
2017-12-13,60.411311053984576
2017-12-14,52.185089974293064
2017-12-15,61.696658097686374
2017-12-18,65.29562982005142
2017-12-19,62.46786632390745
2017-12-20,60.411311053984576
2017-12-21,57.58354755784062
2017-12-22,56.81233933161953
2017-12-26,56.81233933161953
2017-12-27,57.326478149100254
2017-12-28,61.18251928020566
2017-12-29,56.041131105398456
2018-01-02,60.411311053984576
2018-01-03,65.55269922879178
2018-01-04,68.12339331619538
2018-01-05,69.66580976863753
2018-01-08,69.40874035989717
2018-01-09,68.38046272493573
2018-01-10,65.29562982005142
2018-01-11,66.58097686375322
2018-01-12,68.63753213367609
2018-01-16,64.52442159383034
2018-01-17,68.63753213367609
2018-01-18,66.83804627249359
2018-01-19,69.1516709511568
2018-01-22,69.1516709511568
2018-01-23,70.95115681233933
2018-01-24,70.17994858611826
2018-01-25,69.1516709511568
2018-01-26,70.69408740359897
2018-01-29,66.58097686375322
2018-01-30,59.12596401028277
2018-01-31,58.09768637532133
2018-02-01,57.0694087403599
2018-02-02,34.19023136246786
2018-02-05,9.511568123393316
2018-02-06,15.424164524421593
2018-02-07,17.994858611825194
2018-02-08,5.3984575835475574
2018-02-09,8.997429305912597
2018-02-12,14.138817480719796
2018-02-13,17.737789203084834
2018-02-14,31.10539845758355
2018-02-15,46.01542416452442
2018-02-16,46.7866323907455
2018-02-20,39.33161953727507
2018-02-21,35.2185089974293
2018-02-22,36.246786632390744
2018-02-23,51.670951156812336
2018-02-26,56.041131105398456
2018-02-27,43.70179948586118
2018-02-28,34.96143958868895
2018-03-01,24.42159383033419
2018-03-02,32.904884318766065
2018-03-05,40.87403598971722
2018-03-06,44.73007712082262
2018-03-07,44.73007712082262
2018-03-08,49.10025706940874
2018-03-09,63.239074550128535
2018-03-12,61.43958868894601
2018-03-13,59.12596401028277
2018-03-14,53.470437017994854
2018-03-15,51.670951156812336
2018-03-16,56.81233933161953
2018-03-19,45.501285347043705
2018-03-20,45.501285347043705
2018-03-21,46.01542416452442
2018-03-22,21.079691516709513
2018-03-23,10.025706940874036
2018-03-26,26.47814910025707
2018-03-27,17.994858611825194
2018-03-28,17.994858611825194
2018-03-29,26.47814910025707
2018-04-02,15.424164524421593
2018-04-03,22.10796915167095
2018-04-04,33.41902313624679
2018-04-05,41.645244215938305
2018-04-06,21.079691516709513
2018-04-09,23.90745501285347
2018-04-10,39.84575835475578
2018-04-11,33.16195372750643
2018-04-12,41.645244215938305
2018-04-13,38.303341902313626
2018-04-16,53.470437017994854
2018-04-17,63.49614395886889
2018-04-18,64.01028277634961
2018-04-19,55.012853470437015
2018-04-20,48.0719794344473
2018-04-23,49.10025706940874
2018-04-24,33.67609254498715
2018-04-25,37.789203084832906
2018-04-26,46.7866323907455
2018-04-27,48.58611825192802
2018-04-30,42.673521850899746
2018-05-01,42.41645244215938
2018-05-02,35.47557840616967
2018-05-03,34.447300771208226
2018-05-04,45.75835475578406
2018-05-07,46.01542416452442
2018-05-08,44.2159383033419
2018-05-09,50.38560411311054
2018-05-10,57.326478149100254
2018-05-11,58.61182519280206
2018-05-14,59.383033419023135
2018-05-15,52.185089974293064
2018-05-16,56.041131105398456
2018-05-17,55.26992287917738
2018-05-18,53.213367609254504
2018-05-21,59.12596401028277
2018-05-22,55.52699228791774
2018-05-23,57.58354755784062
2018-05-24,55.26992287917738
2018-05-25,54.24164524421594
2018-05-29,40.87403598971722
2018-05-30,55.012853470437015
2018-05-31,44.2159383033419
2018-06-01,51.156812339331616
2018-06-04,55.26992287917738
2018-06-05,55.78406169665809
2018-06-06,60.66838046272493
2018-06-07,64.26735218508998
2018-06-08,67.09511568123393
2018-06-11,66.32390745501286
2018-06-12,66.0668380462725
2018-06-13,59.89717223650386
2018-06-14,60.9254498714653
2018-06-15,59.6401028277635
2018-06-18,56.81233933161953
2018-06-19,52.69922879177378
2018-06-20,55.012853470437015
2018-06-21,48.58611825192802
2018-06-22,51.156812339331616
2018-06-25,35.98971722365039
2018-06-26,37.53213367609254
2018-06-27,27.249357326478147
2018-06-28,34.19023136246786
2018-06-29,37.01799485861182
2018-07-02,37.789203084832906
2018-07-03,37.275064267352185
2018-07-05,45.75835475578406
2018-07-06,51.9280205655527
2018-07-09,61.95372750642674
2018-07-10,65.80976863753213
2018-07-11,52.69922879177378
2018-07-12,59.89717223650386
2018-07-13,62.2107969151671
2018-07-16,58.354755784061695
2018-07-17,62.46786632390745
2018-07-18,65.03856041131105
2018-07-19,62.46786632390745
2018-07-20,59.383033419023135
2018-07-23,53.213367609254504
2018-07-24,54.75578406169666
2018-07-25,59.6401028277635
2018-07-26,63.239074550128535
2018-07-27,53.213367609254504
2018-07-30,47.55784061696658
2018-07-31,55.012853470437015
2018-08-01,49.87146529562982
2018-08-02,54.75578406169666
2018-08-03,56.041131105398456
2018-08-06,59.6401028277635
2018-08-07,63.75321336760925
2018-08-08,61.43958868894601
2018-08-09,60.15424164524421
2018-08-10,51.9280205655527
2018-08-13,48.0719794344473
2018-08-14,54.24164524421594
2018-08-15,47.81491002570694
2018-08-16,54.24164524421594
2018-08-17,57.0694087403599
2018-08-20,59.6401028277635
2018-08-21,60.411311053984576
2018-08-22,60.9254498714653
2018-08-23,56.81233933161953
2018-08-24,62.46786632390745
2018-08-27,68.12339331619538
2018-08-28,66.83804627249359
2018-08-29,68.63753213367609
2018-08-30,60.411311053984576
2018-08-31,60.411311053984576
2018-09-04,58.09768637532133
2018-09-05,56.555269922879184
2018-09-06,56.555269922879184
2018-09-07,53.72750642673522
2018-09-10,57.84061696658098
2018-09-11,58.354755784061695
2018-09-12,56.29820051413882
2018-09-13,61.43958868894601
2018-09-14,59.89717223650386
2018-09-17,55.26992287917738
2018-09-18,57.0694087403599
2018-09-19,52.95629820051414
2018-09-20,59.6401028277635
2018-09-21,58.86889460154242
2018-09-24,49.10025706940874
2018-09-25,47.81491002570694
2018-09-26,43.70179948586118
2018-09-27,43.958868894601544
2018-09-28,46.27249357326478
2018-10-01,44.73007712082262
2018-10-02,44.73007712082262
2018-10-03,40.616966580976865
2018-10-04,34.70437017994858
2018-10-05,33.16195372750643
2018-10-08,33.41902313624679
2018-10-09,30.848329048843187
2018-10-10,13.624678663239074
2018-10-11,3.0848329048843186
2018-10-12,5.3984575835475574
2018-10-15,6.683804627249357
2018-10-16,24.42159383033419
2018-10-17,26.221079691516707
2018-10-18,17.737789203084834
2018-10-19,20.565552699228792
2018-10-22,15.681233933161954
2018-10-23,16.195372750642672
2018-10-24,13.110539845758353
2018-10-25,14.652956298200515
2018-10-26,10.539845758354756
2018-10-29,15.424164524421593
2018-10-30,21.85089974293059
2018-10-31,27.76349614395887
2018-11-01,34.96143958868895
2018-11-02,32.904884318766065
2018-11-05,36.50385604113111
2018-11-06,44.73007712082262
2018-11-07,59.89717223650386
2018-11-08,57.84061696658098
2018-11-09,50.6426735218509
2018-11-12,35.732647814910024
2018-11-13,35.47557840616967
2018-11-14,31.362467866323907
2018-11-15,41.645244215938305
2018-11-16,45.24421593830334
2018-11-19,30.848329048843187
2018-11-20,22.62210796915167
2018-11-21,25.19280205655527
2018-11-23,24.164524421593832
2018-11-26,37.789203084832906
2018-11-27,35.732647814910024
2018-11-28,56.041131105398456
2018-11-29,53.470437017994854
2018-11-30,57.58354755784062
2018-12-03,63.75321336760925
2018-12-04,34.447300771208226
2018-12-06,33.67609254498715
2018-12-07,16.452442159383033
2018-12-10,19.28020565552699
2018-12-11,19.794344473007712
2018-12-12,26.99228791773779
2018-12-13,26.735218508997427
2018-12-14,16.452442159383033
2018-12-17,4.627249357326478
2018-12-18,5.3984575835475574
2018-12-19,3.3419023136246784
2018-12-20,3.0848329048843186
2018-12-21,1.0282776349614395
2018-12-24,0.2570694087403599
2018-12-26,4.113110539845758
2018-12-27,8.997429305912597
2018-12-28,7.712082262210797
2018-12-31,12.596401028277635
2019-01-02,12.082262210796916
2019-01-03,4.884318766066838
2019-01-04,25.19280205655527
2019-01-07,37.789203084832906
2019-01-08,51.670951156812336
2019-01-09,58.354755784061695
2019-01-10,65.29562982005142
2019-01-11,62.724935732647815
2019-01-14,58.354755784061695
2019-01-15,66.32390745501286
2019-01-16,65.55269922879178
2019-01-17,73.00771208226222
2019-01-18,76.34961439588689
2019-01-22,67.60925449871465
2019-01-23,67.86632390745501
2019-01-24,69.9228791773779
2019-01-25,71.97943444730078
2019-01-28,69.66580976863753
2019-01-29,70.17994858611826
2019-01-30,75.57840616966581
2019-01-31,76.60668380462725
2019-02-01,76.34961439588689
2019-02-04,77.89203084832906
2019-02-05,77.37789203084833
2019-02-06,75.06426735218508
2019-02-07,72.49357326478149
2019-02-08,69.9228791773779
2019-02-11,70.17994858611826
2019-02-12,73.52185089974293
2019-02-13,75.83547557840618
2019-02-14,74.03598971722364
2019-02-15,76.60668380462725
2019-02-19,78.40616966580977
2019-02-20,78.1491002570694
2019-02-21,76.34961439588689
2019-02-22,77.12082262210797
2019-02-25,76.34961439588689
2019-02-26,73.00771208226222
2019-02-27,71.97943444730078
2019-02-28,71.97943444730078
2019-03-01,71.97943444730078
2019-03-04,70.69408740359897
2019-03-05,66.0668380462725
2019-03-06,56.041131105398456
2019-03-07,46.01542416452442
2019-03-08,43.18766066838046
2019-03-11,60.15424164524421
2019-03-12,62.724935732647815
2019-03-13,67.3521850899743
2019-03-14,65.29562982005142
2019-03-15,66.32390745501286
2019-03-18,68.38046272493573
2019-03-19,66.32390745501286
2019-03-20,59.12596401028277
2019-03-21,68.63753213367609
2019-03-22,53.213367609254504
2019-03-25,51.9280205655527
2019-03-26,57.0694087403599
2019-03-27,51.41388174807198
2019-03-28,56.041131105398456
2019-03-29,63.49614395886889
2019-04-01,74.55012853470437
2019-04-02,71.46529562982005
2019-04-03,71.97943444730078
2019-04-04,70.17994858611826
2019-04-05,75.83547557840618
2019-04-08,72.75064267352185
2019-04-09,68.89460154241645
2019-04-10,71.72236503856041
2019-04-11,71.97943444730078
2019-04-12,73.00771208226222
2019-04-15,70.95115681233933
2019-04-16,63.239074550128535
2019-04-17,59.6401028277635
2019-04-18,60.411311053984576
2019-04-22,60.411311053984576
2019-04-23,63.75321336760925
2019-04-24,66.58097686375322
2019-04-25,61.696658097686374
2019-04-26,64.78149100257069
2019-04-29,60.411311053984576
2019-04-30,63.49614395886889
2019-05-01,55.26992287917738
2019-05-02,57.326478149100254
2019-05-03,63.75321336760925
2019-05-06,59.89717223650386
2019-05-07,43.18766066838046
2019-05-08,38.303341902313626
2019-05-09,38.56041131105398
2019-05-10,45.75835475578406
2019-05-13,26.99228791773779
2019-05-14,33.41902313624679
2019-05-15,37.275064267352185
2019-05-16,44.2159383033419
2019-05-17,38.81748071979435
2019-05-20,35.2185089974293
2019-05-21,43.958868894601544
2019-05-22,44.473007712082264
2019-05-23,34.70437017994858
2019-05-24,36.246786632390744
2019-05-28,31.619537275064268
2019-05-29,23.65038560411311
2019-05-30,28.277634961439592
2019-05-31,23.13624678663239
2019-06-03,26.99228791773779
2019-06-04,42.673521850899746
2019-06-05,50.38560411311054
2019-06-06,54.498714652956295
2019-06-07,59.6401028277635
2019-06-10,64.01028277634961
2019-06-11,65.80976863753213
2019-06-12,61.43958868894601
2019-06-13,66.0668380462725
2019-06-14,62.2107969151671
2019-06-17,59.6401028277635
2019-06-18,69.9228791773779
2019-06-19,70.95115681233933
2019-06-20,74.55012853470437
2019-06-21,71.72236503856041
2019-06-24,68.89460154241645
2019-06-25,60.66838046272493
2019-06-26,54.75578406169666
2019-06-27,62.98200514138818
2019-06-28,69.9228791773779
2019-07-01,71.72236503856041
2019-07-02,72.75064267352185
2019-07-03,77.37789203084833
2019-07-05,77.6349614395887
2019-07-08,71.97943444730078
2019-07-09,69.9228791773779
2019-07-10,71.46529562982005
2019-07-11,68.12339331619538
2019-07-12,75.06426735218508
2019-07-15,72.75064267352185
2019-07-16,68.63753213367609
2019-07-17,60.411311053984576
2019-07-18,64.01028277634961
2019-07-19,52.69922879177378
2019-07-22,53.213367609254504
2019-07-23,61.18251928020566
2019-07-24,61.696658097686374
2019-07-25,58.61182519280206
2019-07-26,62.46786632390745
2019-07-29,60.66838046272493
2019-07-30,59.6401028277635
2019-07-31,44.73007712082262
2019-08-01,34.19023136246786
2019-08-02,29.562982005141386
2019-08-05,13.624678663239074
2019-08-06,24.164524421593832
2019-08-07,26.47814910025707
2019-08-08,40.87403598971722
2019-08-09,36.760925449871465
2019-08-12,29.82005141388175
2019-08-13,40.102827763496144
2019-08-14,21.079691516709513
2019-08-15,25.96401028277635
2019-08-16,36.760925449871465
2019-08-19,44.987146529562985
2019-08-20,39.0745501285347
2019-08-21,46.52956298200514
2019-08-22,46.52956298200514
2019-08-23,28.79177377892031
2019-08-26,35.98971722365039
2019-08-27,32.390745501285345
2019-08-28,36.50385604113111
2019-08-29,49.87146529562982
2019-08-30,51.670951156812336
2019-09-03,40.616966580976865
2019-09-04,50.38560411311054
2019-09-05,66.83804627249359
2019-09-06,67.60925449871465
2019-09-09,64.26735218508998
2019-09-10,56.81233933161953
2019-09-11,62.724935732647815
2019-09-12,65.29562982005142
2019-09-13,62.2107969151671
2019-09-16,60.66838046272493
2019-09-17,67.09511568123393
2019-09-18,65.29562982005142
2019-09-19,66.58097686375322
2019-09-20,60.15424164524421
2019-09-23,59.383033419023135
2019-09-24,48.0719794344473
2019-09-25,55.78406169665809
2019-09-26,53.470437017994854
2019-09-27,43.958868894601544
2019-09-30,52.44215938303341
2019-10-01,30.334190231362467
2019-10-02,17.223650385604113
2019-10-03,22.62210796915167
2019-10-04,39.588688946015424
2019-10-07,32.64781491002571
2019-10-08,18.50899742930591
2019-10-09,25.70694087403599
2019-10-10,33.933161953727506
2019-10-11,49.3573264781491
2019-10-14,46.7866323907455
2019-10-15,57.326478149100254
2019-10-16,53.213367609254504
2019-10-17,56.555269922879184
2019-10-18,51.9280205655527
2019-10-21,56.29820051413882
2019-10-22,50.128534704370175
2019-10-23,52.185089974293064
2019-10-24,53.98457583547558
2019-10-25,54.75578406169666
2019-10-28,54.24164524421594
2019-10-29,57.326478149100254
2019-10-30,59.6401028277635
2019-10-31,52.95629820051414
2019-11-01,58.61182519280206
2019-11-04,58.09768637532133
2019-11-05,54.498714652956295
2019-11-06,55.52699228791774
2019-11-07,55.52699228791774
2019-11-08,55.26992287917738
2019-11-11,56.041131105398456
2019-11-12,56.81233933161953
2019-11-13,58.09768637532133
2019-11-14,61.43958868894601
2019-11-15,64.26735218508998
2019-11-18,61.95372750642674
2019-11-19,60.9254498714653
2019-11-20,59.6401028277635
2019-11-21,53.98457583547558
2019-11-22,58.86889460154242
2019-11-25,63.75321336760925
2019-11-26,67.09511568123393
2019-11-27,69.1516709511568
2019-11-29,63.49614395886889
2019-12-02,50.899742930591266
2019-12-03,40.616966580976865
2019-12-04,51.41388174807198
2019-12-05,53.213367609254504
2019-12-06,60.9254498714653
2019-12-09,57.0694087403599
2019-12-10,54.75578406169666
2019-12-11,56.81233933161953
2019-12-12,60.15424164524421
2019-12-13,59.89717223650386
2019-12-16,68.63753213367609
2019-12-17,67.3521850899743
2019-12-18,64.01028277634961
2019-12-19,66.83804627249359
2019-12-20,69.66580976863753
2019-12-23,67.60925449871465
2019-12-24,69.1516709511568
2019-12-26,68.38046272493573
2019-12-27,69.1516709511568
2019-12-30,65.80976863753213
2019-12-31,69.40874035989717
2020-01-02,67.3521850899743
2020-01-03,59.6401028277635
2020-01-06,60.15424164524421
2020-01-07,55.78406169665809
2020-01-08,58.61182519280206
2020-01-09,62.98200514138818
2020-01-10,60.15424164524421
2020-01-13,64.26735218508998
2020-01-14,66.58097686375322
2020-01-15,66.0668380462725
2020-01-16,71.46529562982005
2020-01-17,71.97943444730078
2020-01-21,67.09511568123393
2020-01-22,64.01028277634961
2020-01-23,65.03856041131105
2020-01-24,54.498714652956295
2020-01-27,44.2159383033419
2020-01-28,51.9280205655527
2020-01-29,46.52956298200514
2020-01-30,49.10025706940874
2020-01-31,35.2185089974293
2020-02-03,42.673521850899746
2020-02-04,51.9280205655527
2020-02-05,61.18251928020566
2020-02-06,58.354755784061695
2020-02-07,54.24164524421594
2020-02-10,57.0694087403599
2020-02-11,61.696658097686374
2020-02-12,64.78149100257069
2020-02-13,64.26735218508998
2020-02-14,62.46786632390745
2020-02-18,57.326478149100254
2020-02-19,59.383033419023135
2020-02-20,60.411311053984576
2020-02-21,49.3573264781491
2020-02-24,25.70694087403599
2020-02-25,10.025706940874036
2020-02-26,10.539845758354756
2020-02-27,2.827763496143959
2020-02-28,2.827763496143959
2020-03-02,11.053984575835475
2020-03-03,6.426735218508997
2020-03-04,23.65038560411311
2020-03-05,14.652956298200515
2020-03-06,10.025706940874036
2020-03-09,4.370179948586118
2020-03-10,7.197943444730077
2020-03-11,2.313624678663239
2020-03-12,0.2570694087403599
2020-03-13,2.827763496143959
2020-03-16,1.2853470437017995
2020-03-17,4.884318766066838
2020-03-18,3.8560411311053984
2020-03-19,3.0848329048843186
2020-03-20,1.2853470437017995
2020-03-23,2.056555269922879
2020-03-24,4.627249357326478
2020-03-25,3.0848329048843186
2020-03-26,17.994858611825194
2020-03-27,9.511568123393316
2020-03-30,25.96401028277635
2020-03-31,15.167095115681233
2020-04-01,9.254498714652955
2020-04-02,15.938303341902312
2020-04-03,13.624678663239074
2020-04-06,40.102827763496144
2020-04-07,39.588688946015424
2020-04-08,71.97943444730078
2020-04-09,85.08997429305913
2020-04-13,67.86632390745501
2020-04-14,78.40616966580977
2020-04-15,57.58354755784062
2020-04-16,53.72750642673522
2020-04-17,76.60668380462725
2020-04-20,61.95372750642674
2020-04-21,40.102827763496144
2020-04-22,57.58354755784062
2020-04-23,58.09768637532133
2020-04-24,65.80976863753213
2020-04-27,84.31876606683805
2020-04-28,88.94601542416453
2020-04-29,90.23136246786633
2020-04-30,78.66323907455013
2020-05-01,60.9254498714653
2020-05-04,57.0694087403599
2020-05-05,62.46786632390745
2020-05-06,53.470437017994854
2020-05-07,65.03856041131105
2020-05-08,79.94858611825192
2020-05-11,70.69408740359897
2020-05-12,52.95629820051414
2020-05-13,39.588688946015424
2020-05-14,47.04370179948586
2020-05-15,46.52956298200514
2020-05-18,79.69151670951156
2020-05-19,69.40874035989717
2020-05-20,78.66323907455013
2020-05-21,74.80719794344472
2020-05-22,76.34961439588689
2020-05-26,84.57583547557842
2020-05-27,88.68894601542416
2020-05-28,92.54498714652956
2020-05-29,94.08740359897172
2020-06-01,95.11568123393316
2020-06-02,95.11568123393316
2020-06-03,94.34447300771208
2020-06-04,92.2879177377892
2020-06-05,93.573264781491
2020-06-08,94.60154241645245
2020-06-09,94.60154241645245
2020-06-10,94.08740359897172
2020-06-11,39.0745501285347
2020-06-12,58.09768637532133
2020-06-15,70.95115681233933
2020-06-16,80.97686375321337
2020-06-17,73.00771208226222
2020-06-18,71.97943444730078
2020-06-19,61.43958868894601
2020-06-22,61.18251928020566
2020-06-23,62.98200514138818
2020-06-24,32.13367609254499
2020-06-25,44.73007712082262
2020-06-26,25.70694087403599
2020-06-29,40.87403598971722
2020-06-30,58.61182519280206
2020-07-01,57.326478149100254
2020-07-02,63.49614395886889
2020-07-06,71.2082262210797
2020-07-07,55.012853470437015
2020-07-08,55.26992287917738
2020-07-09,44.2159383033419
2020-07-10,56.81233933161953
2020-07-13,52.69922879177378
2020-07-14,67.3521850899743
2020-07-15,79.43444730077121
2020-07-16,75.83547557840618
2020-07-17,79.43444730077121
2020-07-20,73.26478149100257
2020-07-21,82.77634961439588
2020-07-22,85.8611825192802
2020-07-23,78.1491002570694
2020-07-24,71.72236503856041
2020-07-27,71.2082262210797
2020-07-28,67.3521850899743
2020-07-29,78.40616966580977
2020-07-30,70.17994858611826
2020-07-31,68.89460154241645
2020-08-03,70.69408740359897
2020-08-04,73.26478149100257
2020-08-05,78.9203084832905
2020-08-06,77.12082262210797
2020-08-07,78.1491002570694
2020-08-10,80.20565552699229
2020-08-11,75.32133676092545
2020-08-12,81.74807197943444
2020-08-13,80.97686375321337
2020-08-14,79.17737789203085
2020-08-17,78.66323907455013
2020-08-18,74.55012853470437
2020-08-19,69.9228791773779
2020-08-20,65.03856041131105
2020-08-21,60.411311053984576
2020-08-24,74.03598971722364
2020-08-25,72.49357326478149
2020-08-26,68.89460154241645
2020-08-27,73.7789203084833
2020-08-28,78.40616966580977
2020-08-31,71.2082262210797
2020-09-01,70.17994858611826
2020-09-02,83.29048843187661
2020-09-03,60.66838046272493
2020-09-04,54.498714652956295
2020-09-08,31.619537275064268
2020-09-09,50.38560411311054
2020-09-10,36.246786632390744
2020-09-11,43.44473007712082
2020-09-14,59.383033419023135
2020-09-15,59.6401028277635
2020-09-16,63.75321336760925
2020-09-17,55.26992287917738
2020-09-18,44.987146529562985
2020-09-21,21.336760925449873
2020-09-22,30.077120822622106
2020-09-23,12.853470437017995
2020-09-24,14.395886889460154
2020-09-25,29.562982005141386
2020-09-28,51.41388174807198
2020-09-29,46.27249357326478
2020-09-30,54.498714652956295
2020-10-01,56.555269922879184
2020-10-02,60.66838046272493
2020-10-05,74.80719794344472
2020-10-06,63.49614395886889
2020-10-07,76.86375321336762
2020-10-08,85.60411311053984
2020-10-09,85.34704370179949
2020-10-12,86.11825192802056
2020-10-13,78.9203084832905
2020-10-14,74.293059125964
2020-10-15,74.80719794344472
2020-10-16,75.06426735218508
2020-10-19,61.95372750642674
2020-10-20,66.32390745501286
2020-10-21,60.411311053984576
2020-10-22,65.55269922879178
2020-10-23,69.9228791773779
2020-10-26,45.75835475578406
2020-10-27,35.98971722365039
2020-10-28,16.966580976863753
2020-10-29,25.449871465295633
2020-10-30,22.87917737789203
2020-11-02,41.90231362467866
2020-11-03,59.12596401028277
2020-11-04,62.98200514138818
2020-11-05,75.32133676092545
2020-11-06,71.2082262210797
2020-11-09,76.86375321336762
2020-11-10,77.6349614395887
2020-11-11,86.37532133676092
2020-11-12,79.43444730077121
2020-11-13,84.57583547557842
2020-11-16,86.11825192802056
2020-11-17,84.57583547557842
2020-11-18,77.89203084832906
2020-11-19,78.66323907455013
2020-11-20,74.293059125964
2020-11-23,75.83547557840618
2020-11-24,79.69151670951156
2020-11-25,79.17737789203085
2020-11-27,82.26221079691517
2020-11-30,79.94858611825192
2020-12-01,83.80462724935732
2020-12-02,77.89203084832906
2020-12-03,77.6349614395887
2020-12-04,80.20565552699229
2020-12-07,77.37789203084833
2020-12-08,80.20565552699229
2020-12-09,74.55012853470437
2020-12-10,71.72236503856041
2020-12-11,68.63753213367609
2020-12-14,65.29562982005142
2020-12-15,79.17737789203085
2020-12-16,72.75064267352185
2020-12-17,81.74807197943444
2020-12-18,76.60668380462725
2020-12-21,69.40874035989717
2020-12-22,64.78149100257069
2020-12-23,70.17994858611826
2020-12-24,74.293059125964
2020-12-28,77.12082262210797
2020-12-29,68.12339331619538
2020-12-30,75.06426735218508
2020-12-31,82.77634961439588
2021-01-04,54.24164524421594
2021-01-05,61.95372750642674
2021-01-06,76.86375321336762
2021-01-07,76.34961439588689
2021-01-08,78.1491002570694
2021-01-11,73.7789203084833
2021-01-12,71.2082262210797
2021-01-13,71.72236503856041
2021-01-14,69.66580976863753
2021-01-15,67.09511568123393
2021-01-19,66.83804627249359
2021-01-20,76.86375321336762
2021-01-21,70.95115681233933
2021-01-22,65.29562982005142
2021-01-25,65.55269922879178
2021-01-26,54.75578406169666
2021-01-27,30.59125964010283
2021-01-28,39.33161953727507
2021-01-29,23.65038560411311
2021-02-01,38.04627249357326
2021-02-02,53.213367609254504
2021-02-03,55.26992287917738
2021-02-04,67.09511568123393
2021-02-05,70.95115681233933
2021-02-08,76.60668380462725
2021-02-09,73.26478149100257
2021-02-10,75.32133676092545
2021-02-11,71.97943444730078
2021-02-12,73.00771208226222
2021-02-16,68.38046272493573
2021-02-17,66.83804627249359
2021-02-18,68.89460154241645
2021-02-19,62.724935732647815
2021-02-22,58.61182519280206
2021-02-23,58.354755784061695
2021-02-24,61.696658097686374
2021-02-25,49.61439588688946
2021-02-26,44.2159383033419
2021-03-01,59.383033419023135
2021-03-02,59.383033419023135
2021-03-03,50.38560411311054
2021-03-04,40.87403598971722
2021-03-05,57.58354755784062
2021-03-08,59.89717223650386
2021-03-09,64.78149100257069
2021-03-10,68.12339331619538
2021-03-11,73.26478149100257
2021-03-12,75.83547557840618
2021-03-15,80.719794344473
2021-03-16,79.94858611825192
2021-03-17,78.9203084832905
2021-03-18,67.60925449871465
2021-03-19,66.58097686375322
2021-03-22,70.69408740359897
2021-03-23,53.72750642673522
2021-03-24,55.52699228791774
2021-03-25,67.3521850899743
2021-03-26,80.719794344473
2021-03-29,73.7789203084833
2021-03-30,75.32133676092545
2021-03-31,74.80719794344472
2021-04-01,86.88946015424165
2021-04-05,88.68894601542416
2021-04-06,88.68894601542416
2021-04-07,87.66066838046272
2021-04-08,86.37532133676092
2021-04-09,88.17480719794345
2021-04-12,87.66066838046272
2021-04-13,88.4318766066838
2021-04-14,89.97429305912597
2021-04-15,91.00257069408741
2021-04-16,91.00257069408741
2021-04-19,85.8611825192802
2021-04-20,73.7789203084833
2021-04-21,85.34704370179949
2021-04-22,77.12082262210797
2021-04-23,86.37532133676092
2021-04-26,87.146529562982
2021-04-27,86.63239074550128
2021-04-28,82.51928020565553
2021-04-29,84.31876606683805
2021-04-30,77.6349614395887
2021-05-03,77.89203084832906
2021-05-04,67.86632390745501
2021-05-05,68.12339331619538
2021-05-06,69.40874035989717
2021-05-07,77.37789203084833
2021-05-10,70.95115681233933
2021-05-11,64.78149100257069
2021-05-12,42.41645244215938
2021-05-13,57.84061696658098
2021-05-14,67.09511568123393
2021-05-17,64.01028277634961
2021-05-18,56.81233933161953
2021-05-19,51.670951156812336
2021-05-20,61.696658097686374
2021-05-21,63.49614395886889
2021-05-24,70.95115681233933
2021-05-25,65.80976863753213
2021-05-26,71.2082262210797
2021-05-27,71.97943444730078
2021-05-28,74.293059125964
2021-06-01,71.97943444730078
2021-06-02,67.86632390745501
2021-06-03,66.32390745501286
2021-06-04,69.9228791773779
2021-06-07,65.55269922879178
2021-06-08,65.80976863753213
2021-06-09,61.43958868894601
2021-06-10,66.0668380462725
2021-06-11,69.66580976863753
2021-06-14,62.724935732647815
2021-06-15,62.46786632390745
2021-06-16,50.38560411311054
2021-06-17,43.18766066838046
2021-06-18,28.79177377892031
2021-06-21,46.52956298200514
2021-06-22,47.81491002570694
2021-06-23,43.18766066838046
2021-06-24,53.98457583547558
2021-06-25,62.46786632390745
2021-06-28,54.75578406169666
2021-06-29,51.41388174807198
2021-06-30,53.470437017994854
2021-07-01,64.52442159383034
2021-07-02,64.52442159383034
2021-07-06,52.69922879177378
2021-07-07,58.61182519280206
2021-07-08,47.81491002570694
2021-07-09,64.26735218508998
2021-07-12,68.38046272493573
2021-07-13,56.29820051413882
2021-07-14,55.78406169665809
2021-07-15,53.98457583547558
2021-07-16,48.84318766066838
2021-07-19,33.67609254498715
2021-07-20,48.329048843187664
2021-07-21,57.0694087403599
2021-07-22,51.670951156812336
2021-07-23,61.95372750642674
2021-07-26,64.01028277634961
2021-07-27,60.15424164524421
2021-07-28,59.383033419023135
2021-07-29,67.60925449871465
2021-07-30,59.89717223650386
2021-08-02,58.354755784061695
2021-08-03,65.80976863753213
2021-08-04,54.24164524421594
2021-08-05,63.75321336760925
2021-08-06,69.1516709511568
2021-08-09,62.98200514138818
2021-08-10,65.03856041131105
2021-08-11,69.1516709511568
2021-08-12,69.1516709511568
2021-08-13,69.66580976863753
2021-08-16,71.46529562982005
2021-08-17,61.696658097686374
2021-08-18,49.87146529562982
2021-08-19,48.0719794344473
2021-08-20,55.78406169665809
2021-08-23,62.724935732647815
2021-08-24,66.0668380462725
2021-08-25,68.63753213367609
2021-08-26,60.15424164524421
2021-08-27,71.97943444730078
2021-08-30,70.69408740359897
2021-08-31,70.95115681233933
2021-09-01,67.60925449871465
2021-09-02,75.06426735218508
2021-09-03,68.12339331619538
2021-09-07,52.185089974293064
2021-09-08,54.75578406169666
2021-09-09,48.58611825192802
2021-09-10,40.616966580976865
2021-09-13,47.55784061696658
2021-09-14,39.84575835475578
2021-09-15,52.44215938303341
2021-09-16,48.84318766066838
2021-09-17,38.04627249357326
2021-09-20,20.822622107969153
2021-09-21,23.13624678663239
2021-09-22,37.789203084832906
2021-09-23,51.156812339331616
2021-09-24,49.87146529562982
2021-09-27,46.27249357326478
2021-09-28,32.13367609254499
2021-09-29,33.16195372750643
2021-09-30,22.10796915167095
2021-10-01,33.16195372750643
2021-10-04,28.53470437017995
2021-10-05,33.67609254498715
2021-10-06,38.56041131105398
2021-10-07,49.61439588688946
2021-10-08,42.41645244215938
2021-10-11,39.588688946015424
2021-10-12,41.38817480719794
2021-10-13,44.473007712082264
2021-10-14,66.58097686375322
2021-10-15,70.69408740359897
2021-10-18,66.83804627249359
2021-10-19,74.80719794344472
2021-10-20,81.49100257069408
2021-10-21,79.43444730077121
2021-10-22,78.66323907455013
2021-10-25,78.9203084832905
2021-10-26,76.86375321336762
2021-10-27,60.15424164524421
2021-10-28,70.95115681233933
2021-10-29,67.09511568123393
2021-11-01,73.26478149100257
2021-11-02,72.75064267352185
2021-11-03,75.32133676092545
2021-11-04,70.69408740359897
2021-11-05,76.86375321336762
2021-11-08,78.1491002570694
2021-11-09,75.32133676092545
2021-11-10,73.26478149100257
2021-11-11,71.97943444730078
2021-11-12,72.23650385604114
2021-11-15,73.00771208226222
2021-11-16,73.26478149100257
2021-11-17,65.80976863753213
2021-11-18,62.724935732647815
2021-11-19,53.470437017994854
2021-11-22,56.041131105398456
2021-11-23,64.01028277634961
2021-11-24,63.239074550128535
2021-11-26,32.390745501285345
2021-11-29,45.24421593830334
2021-11-30,21.59383033419023
2021-12-01,15.681233933161954
2021-12-02,32.64781491002571
2021-12-03,32.13367609254499
2021-12-06,48.0719794344473
2021-12-07,66.0668380462725
2021-12-08,69.40874035989717
2021-12-09,61.43958868894601
2021-12-10,64.52442159383034
2021-12-13,54.24164524421594
2021-12-14,46.01542416452442
2021-12-15,58.09768637532133
2021-12-16,56.29820051413882
2021-12-17,42.41645244215938
2021-12-20,31.876606683804624
2021-12-21,53.213367609254504
2021-12-22,60.9254498714653
2021-12-23,67.86632390745501
2021-12-27,80.97686375321337
2021-12-28,81.49100257069408
2021-12-29,78.9203084832905
2021-12-30,78.9203084832905
2021-12-31,77.6349614395887
2022-01-03,78.40616966580977
2022-01-04,76.60668380462725
2022-01-05,61.95372750642674
2022-01-06,63.49614395886889
2022-01-07,54.498714652956295
2022-01-10,48.84318766066838
2022-01-11,54.498714652956295
2022-01-12,58.09768637532133
2022-01-13,54.24164524421594
2022-01-14,49.10025706940874
2022-01-18,38.303341902313626
2022-01-19,32.64781491002571
2022-01-20,28.277634961439592
2022-01-21,19.53727506426735
2022-01-24,20.565552699228792
2022-01-25,19.53727506426735
2022-01-26,17.223650385604113
2022-01-27,17.223650385604113
2022-01-28,28.020565552699228
2022-01-31,36.50385604113111
2022-02-01,41.38817480719794
2022-02-02,53.72750642673522
2022-02-03,39.84575835475578
2022-02-04,38.81748071979435
2022-02-07,41.131105398457585
2022-02-08,47.55784061696658
2022-02-09,61.696658097686374
2022-02-10,44.2159383033419
2022-02-11,35.98971722365039
2022-02-14,30.848329048843187
2022-02-15,42.41645244215938
2022-02-16,45.24421593830334
2022-02-17,31.619537275064268
2022-02-18,26.99228791773779
2022-02-22,22.62210796915167
2022-02-23,15.167095115681233
2022-02-24,20.565552699228792
2022-02-25,42.159383033419026
2022-02-28,35.2185089974293
2022-03-01,27.506426735218508
2022-03-02,43.70179948586118
2022-03-03,43.18766066838046
2022-03-04,40.87403598971722
2022-03-07,31.10539845758355
2022-03-08,23.65038560411311
2022-03-09,33.16195372750643
2022-03-10,32.64781491002571
2022-03-11,27.249357326478147
2022-03-14,25.96401028277635
2022-03-15,37.01799485861182
2022-03-16,57.326478149100254
2022-03-17,68.89460154241645
2022-03-18,77.37789203084833
2022-03-21,71.46529562982005
2022-03-22,79.94858611825192
2022-03-23,58.09768637532133
2022-03-24,71.72236503856041
2022-03-25,76.34961439588689
2022-03-28,77.37789203084833
2022-03-29,89.46015424164524
2022-03-30,80.97686375321337
2022-03-31,66.32390745501286
2022-04-01,66.32390745501286
2022-04-04,70.4370179948586
2022-04-05,59.6401028277635
2022-04-06,52.69922879177378
2022-04-07,52.185089974293064
2022-04-08,54.24164524421594
2022-04-11,48.58611825192802
2022-04-12,45.75835475578406
2022-04-13,52.69922879177378
2022-04-14,47.81491002570694
2022-04-18,44.473007712082264
2022-04-19,58.09768637532133
2022-04-20,65.29562982005142
2022-04-21,54.498714652956295
2022-04-22,28.277634961439592
2022-04-25,30.59125964010283
2022-04-26,20.308483290488432
2022-04-27,23.13624678663239
2022-04-28,35.732647814910024
2022-04-29,14.652956298200515
2022-05-02,12.596401028277635
2022-05-03,20.051413881748072
2022-05-04,47.04370179948586
2022-05-05,21.85089974293059
2022-05-06,21.336760925449873
2022-05-09,13.110539845758353
2022-05-10,11.053984575835475
2022-05-11,9.511568123393316
2022-05-12,12.339331619537274
2022-05-13,20.308483290488432
2022-05-16,19.53727506426735
2022-05-17,35.47557840616967
2022-05-18,16.709511568123396
2022-05-19,14.395886889460154
2022-05-20,17.223650385604113
2022-05-23,25.449871465295633
2022-05-24,24.93573264781491
2022-05-25,33.16195372750643
2022-05-26,51.670951156812336
2022-05-27,73.7789203084833
2022-05-31,64.78149100257069
2022-06-01,53.98457583547558
2022-06-02,72.23650385604114
2022-06-03,57.0694087403599
2022-06-06,60.66838046272493
2022-06-07,72.23650385604114
2022-06-08,50.128534704370175
2022-06-09,26.47814910025707
2022-06-10,10.025706940874036
2022-06-13,3.3419023136246784
2022-06-14,3.8560411311053984
2022-06-15,3.3419023136246784
2022-06-16,1.5424164524421593
2022-06-17,1.7994858611825193
2022-06-21,5.655526992287918
2022-06-22,6.683804627249357
2022-06-23,18.50899742930591
2022-06-24,39.33161953727507
2022-06-27,38.81748071979435
2022-06-28,22.10796915167095
2022-06-29,22.62210796915167
2022-06-30,25.19280205655527
2022-07-01,35.732647814910024
2022-07-05,32.64781491002571
2022-07-06,38.56041131105398
2022-07-07,46.52956298200514
2022-07-08,40.87403598971722
2022-07-11,37.275064267352185
2022-07-12,27.249357326478147
2022-07-13,22.62210796915167
2022-07-14,22.36503856041131
2022-07-15,39.0745501285347
2022-07-18,33.16195372750643
2022-07-19,71.46529562982005
2022-07-20,73.7789203084833
2022-07-21,74.293059125964
2022-07-22,74.03598971722364
2022-07-25,82.77634961439588
2022-07-26,70.69408740359897
2022-07-27,83.80462724935732
2022-07-28,84.83290488431876
2022-07-29,86.37532133676092
2022-08-01,85.60411311053984
2022-08-02,83.03341902313625
2022-08-03,84.06169665809769
2022-08-04,78.66323907455013
2022-08-05,79.43444730077121
2022-08-08,82.51928020565553
2022-08-09,80.719794344473
2022-08-10,88.17480719794345
2022-08-11,88.68894601542416
2022-08-12,93.05912596401028
2022-08-15,92.80205655526991
2022-08-16,91.25964010282776
2022-08-17,89.20308483290489
2022-08-18,89.46015424164524
2022-08-19,83.03341902313625
2022-08-22,55.012853470437015
2022-08-23,49.87146529562982
2022-08-24,56.81233933161953
2022-08-25,77.12082262210797
2022-08-26,33.16195372750643
2022-08-29,29.82005141388175
2022-08-30,20.822622107969153
2022-08-31,15.681233933161954
2022-09-01,21.079691516709513
2022-09-02,16.452442159383033
2022-09-06,15.681233933161954
2022-09-07,36.760925449871465
2022-09-08,45.24421593830334
2022-09-09,66.0668380462725
2022-09-12,77.37789203084833
2022-09-13,26.47814910025707
2022-09-14,32.64781491002571
2022-09-15,25.96401028277635
2022-09-16,16.966580976863753
2022-09-19,25.19280205655527
2022-09-20,15.424164524421593
2022-09-21,7.712082262210797
2022-09-22,4.370179948586118
2022-09-23,2.056555269922879
2022-09-26,1.5424164524421593
2022-09-27,1.2853470437017995
2022-09-28,7.455012853470437
2022-09-29,4.113110539845758
2022-09-30,2.570694087403599
2022-10-03,13.110539845758353
2022-10-04,44.987146529562985
2022-10-05,41.90231362467866
2022-10-06,32.904884318766065
2022-10-07,16.452442159383033
2022-10-10,14.652956298200515
2022-10-11,16.452442159383033
2022-10-12,14.910025706940875
2022-10-13,28.79177377892031
2022-10-14,17.994858611825194
2022-10-17,30.59125964010283
2022-10-18,46.7866323907455
2022-10-19,35.47557840616967
2022-10-20,27.76349614395887
2022-10-21,45.75835475578406
2022-10-24,54.24164524421594
2022-10-25,76.09254498714652
2022-10-26,72.49357326478149
2022-10-27,71.72236503856041
2022-10-28,82.0051413881748
2022-10-31,77.89203084832906
2022-11-01,78.66323907455013
2022-11-02,58.61182519280206
2022-11-03,56.81233933161953
2022-11-04,67.09511568123393
2022-11-07,68.12339331619538
2022-11-08,72.23650385604114
2022-11-09,61.696658097686374
2022-11-10,87.91773778920309
2022-11-11,86.88946015424165
2022-11-14,82.77634961439588
2022-11-15,87.146529562982
2022-11-16,84.83290488431876
2022-11-17,80.97686375321337
2022-11-18,84.83290488431876
2022-11-21,82.77634961439588
2022-11-22,85.8611825192802
2022-11-23,89.46015424164524
2022-11-25,88.68894601542416
2022-11-28,79.94858611825192
2022-11-29,82.0051413881748
2022-11-30,91.51670951156812
2022-12-01,90.23136246786633
2022-12-02,87.91773778920309
2022-12-05,74.55012853470437
2022-12-06,60.15424164524421
2022-12-07,58.86889460154242
2022-12-08,66.0668380462725
2022-12-09,58.354755784061695
2022-12-12,72.75064267352185
2022-12-13,74.55012853470437
2022-12-14,69.66580976863753
2022-12-15,40.616966580976865
2022-12-16,28.79177377892031
2022-12-19,22.36503856041131
2022-12-20,24.93573264781491
2022-12-21,43.44473007712082
2022-12-22,30.334190231362467
2022-12-23,39.33161953727507
2022-12-27,42.9305912596401
2022-12-28,27.249357326478147
2022-12-29,47.81491002570694
2022-12-30,39.0745501285347
2023-01-03,39.588688946015424
2023-01-04,57.0694087403599
2023-01-05,42.673521850899746
2023-01-06,69.40874035989717
2023-01-09,68.63753213367609
2023-01-10,70.95115681233933
2023-01-11,80.46272493573264
2023-01-12,82.26221079691517
2023-01-13,83.54755784061697
2023-01-17,78.9203084832905
2023-01-18,58.86889460154242
2023-01-19,45.75835475578406
2023-01-20,63.239074550128535
2023-01-23,71.46529562982005
2023-01-24,71.72236503856041
2023-01-25,70.17994858611826
2023-01-26,74.293059125964
2023-01-27,73.00771208226222
2023-01-30,65.80976863753213
2023-01-31,78.1491002570694
2023-02-01,80.719794344473
2023-02-02,75.83547557840618
2023-02-03,69.40874035989717
2023-02-06,67.09511568123393
2023-02-07,71.46529562982005
2023-02-08,63.75321336760925
2023-02-09,54.24164524421594
2023-02-10,60.15424164524421
2023-02-13,72.23650385604114
2023-02-14,67.09511568123393
2023-02-15,69.40874035989717
2023-02-16,58.354755784061695
2023-02-17,57.0694087403599
2023-02-21,30.59125964010283
2023-02-22,29.30591259640103
2023-02-23,34.96143958868895
2023-02-24,29.048843187660665
2023-02-27,30.59125964010283
2023-02-28,28.79177377892031
2023-03-01,29.30591259640103
2023-03-02,35.47557840616967
2023-03-03,51.41388174807198
2023-03-06,46.27249357326478
2023-03-07,30.848329048843187
2023-03-08,32.904884318766065
2023-03-09,19.28020565552699
2023-03-10,9.511568123393316
2023-03-13,12.596401028277635
2023-03-14,24.42159383033419
2023-03-15,20.308483290488432
2023-03-16,28.277634961439592
2023-03-17,22.87917737789203
2023-03-20,31.619537275064268
2023-03-21,35.732647814910024
2023-03-22,21.336760925449873
2023-03-23,23.90745501285347
2023-03-24,29.048843187660665
2023-03-27,34.96143958868895
2023-03-28,35.732647814910024
2023-03-29,56.81233933161953
2023-03-30,61.18251928020566
2023-03-31,79.43444730077121
2023-04-03,76.60668380462725
2023-04-04,63.49614395886889
2023-04-05,56.81233933161953
2023-04-06,55.52699228791774
2023-04-10,65.29562982005142
2023-04-11,71.72236503856041
2023-04-12,64.26735218508998
2023-04-13,72.49357326478149
2023-04-14,66.58097686375322
2023-04-17,76.34961439588689
2023-04-18,77.89203084832906
2023-04-19,72.75064267352185
2023-04-20,62.46786632390745
2023-04-21,65.03856041131105
2023-04-24,64.26735218508998
2023-04-25,41.645244215938305
2023-04-26,33.933161953727506
2023-04-27,50.6426735218509
2023-04-28,61.95372750642674
2023-05-01,62.2107969151671
2023-05-02,42.159383033419026
2023-05-03,37.275064267352185
2023-05-04,35.98971722365039
2023-05-05,50.38560411311054
2023-05-08,51.41388174807198
2023-05-09,47.55784061696658
2023-05-10,48.329048843187664
2023-05-11,43.44473007712082
2023-05-12,45.501285347043705
2023-05-15,46.52956298200514
2023-05-16,34.70437017994858
2023-05-17,44.987146529562985
2023-05-18,50.899742930591266
2023-05-19,47.55784061696658
2023-05-22,49.87146529562982
2023-05-23,36.246786632390744
2023-05-24,25.449871465295633
2023-05-25,28.79177377892031
2023-05-26,35.2185089974293
2023-05-30,36.246786632390744
2023-05-31,30.077120822622106
2023-06-01,35.98971722365039
2023-06-02,63.75321336760925
2023-06-05,58.354755784061695
2023-06-06,63.239074550128535
2023-06-07,69.1516709511568
2023-06-08,71.72236503856041
2023-06-09,68.63753213367609
2023-06-12,71.46529562982005
2023-06-13,77.6349614395887
2023-06-14,73.7789203084833
2023-06-15,86.37532133676092
2023-06-16,85.60411311053984
2023-06-20,72.75064267352185
2023-06-21,71.72236503856041
2023-06-22,66.32390745501286
2023-06-23,51.9280205655527
2023-06-26,61.43958868894601
2023-06-27,70.4370179948586
2023-06-28,66.0668380462725
2023-06-29,76.09254498714652
2023-06-30,82.26221079691517
2023-07-03,88.68894601542416
2023-07-05,86.11825192802056
2023-07-06,73.52185089974293
2023-07-07,72.75064267352185
2023-07-10,77.37789203084833
2023-07-11,84.57583547557842
2023-07-12,87.91773778920309
2023-07-13,88.68894601542416
2023-07-14,86.11825192802056
2023-07-17,81.23393316195373
2023-07-18,79.94858611825192
2023-07-19,85.08997429305913
2023-07-20,85.34704370179949
2023-07-21,86.11825192802056
2023-07-24,83.29048843187661
2023-07-25,83.03341902313625
2023-07-26,80.20565552699229
2023-07-27,69.9228791773779
2023-07-28,71.97943444730078
2023-07-31,76.09254498714652
2023-08-01,67.86632390745501
2023-08-02,57.0694087403599
2023-08-03,52.44215938303341
2023-08-04,48.0719794344473
2023-08-07,52.95629820051414
2023-08-08,49.61439588688946
2023-08-09,46.01542416452442
2023-08-10,44.73007712082262
2023-08-11,46.01542416452442
2023-08-14,45.24421593830334
2023-08-15,37.01799485861182
2023-08-16,29.82005141388175
2023-08-17,19.53727506426735
2023-08-18,23.65038560411311
2023-08-21,25.19280205655527
2023-08-22,24.42159383033419
2023-08-23,33.16195372750643
2023-08-24,20.565552699228792
2023-08-25,28.79177377892031
2023-08-28,37.275064267352185
2023-08-29,53.72750642673522
2023-08-30,59.12596401028277
2023-08-31,52.69922879177378
2023-09-01,56.29820051413882
2023-09-05,41.90231362467866
2023-09-06,38.81748071979435
2023-09-07,38.81748071979435
2023-09-08,35.98971722365039
2023-09-11,39.0745501285347
2023-09-12,39.84575835475578
2023-09-13,37.789203084832906
2023-09-14,53.98457583547558
2023-09-15,42.41645244215938
2023-09-18,40.102827763496144
2023-09-19,37.789203084832906
2023-09-20,33.16195372750643
2023-09-21,18.76606683804627
2023-09-22,17.737789203084834
2023-09-25,19.794344473007712
2023-09-26,12.082262210796916
2023-09-27,14.910025706940875
2023-09-28,22.36503856041131
2023-09-29,17.994858611825194
2023-10-02,13.110539845758353
2023-10-03,6.169665809768637
2023-10-04,13.110539845758353
2023-10-05,13.624678663239074
2023-10-06,23.90745501285347
2023-10-09,31.10539845758355
2023-10-10,40.3598971722365
2023-10-11,48.329048843187664
2023-10-12,34.70437017994858
2023-10-13,33.933161953727506
2023-10-16,44.473007712082264
2023-10-17,50.128534704370175
2023-10-18,35.2185089974293
2023-10-19,24.42159383033419
2023-10-20,14.910025706940875
2023-10-23,12.853470437017995
2023-10-24,17.223650385604113
2023-10-25,15.681233933161954
2023-10-26,18.251928020565554
2023-10-27,12.082262210796916
2023-10-30,18.76606683804627
2023-10-31,28.53470437017995
2023-11-01,35.98971722365039
2023-11-02,59.89717223650386
2023-11-03,71.97943444730078
2023-11-06,66.83804627249359
2023-11-07,65.80976863753213
2023-11-08,64.78149100257069
2023-11-09,57.58354755784062
2023-11-10,63.239074550128535
2023-11-13,58.86889460154242
2023-11-14,81.49100257069408
2023-11-15,83.29048843187661
2023-11-16,78.1491002570694
2023-11-17,81.23393316195373
2023-11-20,82.26221079691517
2023-11-21,79.69151670951156
2023-11-22,84.31876606683805
2023-11-24,85.34704370179949
2023-11-27,81.49100257069408
2023-11-28,81.23393316195373
2023-11-29,81.23393316195373
2023-11-30,83.03341902313625
2023-12-01,88.94601542416453
2023-12-04,87.91773778920309
2023-12-05,82.77634961439588
2023-12-06,80.97686375321337
2023-12-07,81.23393316195373
2023-12-08,83.54755784061697
2023-12-11,86.88946015424165
2023-12-12,86.37532133676092
2023-12-13,90.48843187660668
2023-12-14,88.17480719794345
2023-12-15,84.57583547557842
2023-12-18,87.40359897172236
2023-12-19,89.97429305912597
2023-12-20,82.0051413881748
2023-12-21,85.60411311053984
2023-12-22,87.40359897172236
2023-12-26,88.94601542416453
2023-12-27,89.20308483290489
2023-12-28,88.68894601542416
2023-12-29,88.68894601542416
2024-01-02,86.63239074550128
2024-01-03,71.97943444730078
2024-01-04,68.63753213367609
2024-01-05,68.63753213367609
2024-01-08,82.77634961439588
2024-01-09,74.80719794344472
2024-01-10,77.12082262210797
2024-01-11,71.97943444730078
2024-01-12,71.2082262210797
2024-01-16,60.411311053984576
2024-01-17,50.128534704370175
2024-01-18,56.81233933161953
2024-01-19,66.0668380462725
2024-01-22,69.1516709511568
2024-01-23,69.9228791773779
2024-01-24,60.15424164524421
2024-01-25,68.89460154241645
2024-01-26,68.12339331619538
2024-01-29,73.7789203084833
2024-01-30,69.40874035989717
2024-01-31,57.326478149100254
2024-02-01,67.09511568123393
2024-02-02,62.98200514138818
2024-02-05,55.012853470437015
2024-02-06,60.9254498714653
2024-02-07,62.724935732647815
2024-02-08,62.724935732647815
2024-02-09,60.66838046272493
2024-02-12,68.63753213367609
2024-02-13,51.156812339331616
2024-02-14,58.354755784061695
2024-02-15,69.9228791773779
2024-02-16,66.83804627249359
2024-02-20,62.724935732647815
2024-02-21,68.38046272493573
2024-02-22,74.293059125964
2024-02-23,76.86375321336762
2024-02-26,68.63753213367609
2024-02-27,71.46529562982005
2024-02-28,70.69408740359897
2024-02-29,74.03598971722364
2024-03-01,73.00771208226222
2024-03-04,77.89203084832906
2024-03-05,70.95115681233933
2024-03-06,75.32133676092545
2024-03-07,77.37789203084833
2024-03-08,79.94858611825192
2024-03-11,81.74807197943444
2024-03-12,81.74807197943444
2024-03-13,80.97686375321337
2024-03-14,68.38046272493573
2024-03-15,63.75321336760925
2024-03-18,65.80976863753213
2024-03-19,71.72236503856041
2024-03-20,78.40616966580977
2024-03-21,81.49100257069408
2024-03-22,76.09254498714652
2024-03-25,70.95115681233933
2024-03-26,68.89460154241645
2024-03-27,84.06169665809769
2024-03-28,86.37532133676092
2024-04-01,78.9203084832905
2024-04-02,66.58097686375322
2024-04-03,65.80976863753213
2024-04-04,52.69922879177378
2024-04-05,60.66838046272493
2024-04-08,64.78149100257069
2024-04-09,68.38046272493573
2024-04-10,43.18766066838046
2024-04-11,42.41645244215938
2024-04-12,24.42159383033419
2024-04-15,16.966580976863753
2024-04-16,15.938303341902312
2024-04-17,15.681233933161954
2024-04-18,18.76606683804627
2024-04-19,27.506426735218508
2024-04-22,36.50385604113111
2024-04-23,45.75835475578406
2024-04-24,46.52956298200514
2024-04-25,45.75835475578406
2024-04-26,46.52956298200514
2024-04-29,53.72750642673522
2024-04-30,41.131105398457585
2024-05-01,39.0745501285347
2024-05-02,44.2159383033419
2024-05-03,50.899742930591266
2024-05-06,60.15424164524421
2024-05-07,62.724935732647815
2024-05-08,62.46786632390745
2024-05-09,69.9228791773779
2024-05-10,69.1516709511568
2024-05-13,67.09511568123393
2024-05-14,68.63753213367609
2024-05-15,72.75064267352185
2024-05-16,73.52185089974293
2024-05-17,73.26478149100257
2024-05-20,71.2082262210797
2024-05-21,67.86632390745501
2024-05-22,63.239074550128535
2024-05-23,46.27249357326478
2024-05-24,50.6426735218509
2024-05-28,42.159383033419026
2024-05-29,32.904884318766065
2024-05-30,39.84575835475578
2024-05-31,53.72750642673522
2024-06-03,49.10025706940874
2024-06-04,46.01542416452442
2024-06-05,51.41388174807198
2024-06-06,47.04370179948586
2024-06-07,46.7866323907455
2024-06-10,48.58611825192802
2024-06-11,41.645244215938305
2024-06-12,48.58611825192802
2024-06-13,45.24421593830334
2024-06-14,39.33161953727507
2024-06-17,43.958868894601544
2024-06-18,47.81491002570694
2024-06-20,51.41388174807198
2024-06-21,53.470437017994854
2024-06-24,64.01028277634961
2024-06-25,51.156812339331616
2024-06-26,43.70179948586118
2024-06-27,47.30077120822622
2024-06-28,50.899742930591266
2024-07-01,42.159383033419026
2024-07-02,50.899742930591266
2024-07-03,48.329048843187664
2024-07-05,46.27249357326478
2024-07-08,50.128534704370175
2024-07-09,47.55784061696658
2024-07-10,57.84061696658098
2024-07-11,74.55012853470437
2024-07-12,79.43444730077121
2024-07-15,76.86375321336762
2024-07-16,84.83290488431876
2024-07-17,78.40616966580977
2024-07-18,72.75064267352185
2024-07-19,67.3521850899743
2024-07-22,75.83547557840618
2024-07-23,69.66580976863753
2024-07-24,56.29820051413882
2024-07-25,60.15424164524421
2024-07-26,67.3521850899743
2024-07-29,68.38046272493573
2024-07-30,65.03856041131105
2024-07-31,69.9228791773779
2024-08-01,59.89717223650386
2024-08-02,47.55784061696658
2024-08-05,32.13367609254499
2024-08-06,41.90231362467866
2024-08-07,37.789203084832906
2024-08-08,50.899742930591266
2024-08-09,53.98457583547558
2024-08-12,46.7866323907455
2024-08-13,56.041131105398456
2024-08-14,57.326478149100254
2024-08-15,74.293059125964
2024-08-16,77.12082262210797
2024-08-19,84.31876606683805
2024-08-20,79.43444730077121
2024-08-21,84.83290488431876
2024-08-22,78.40616966580977
2024-08-23,85.08997429305913
2024-08-26,85.34704370179949
2024-08-27,82.26221079691517
2024-08-28,79.94858611825192
2024-08-29,83.54755784061697
2024-08-30,87.66066838046272
2024-09-03,69.40874035989717
2024-09-04,68.89460154241645
2024-09-05,62.724935732647815
2024-09-06,49.10025706940874
2024-09-09,60.66838046272493
2024-09-10,60.411311053984576
2024-09-11,62.724935732647815
2024-09-12,67.09511568123393
2024-09-13,75.57840616966581
2024-09-16,80.719794344473
2024-09-17,79.43444730077121
2024-09-18,76.86375321336762
2024-09-19,84.57583547557842
2024-09-20,78.40616966580977
2024-09-23,82.0051413881748
2024-09-24,81.74807197943444
2024-09-25,72.49357326478149
2024-09-26,77.37789203084833
2024-09-27,78.40616966580977
2024-09-30,83.03341902313625
2024-10-01,72.75064267352185
2024-10-02,69.40874035989717
2024-10-03,61.696658097686374
2024-10-04,66.0668380462725
2024-10-07,55.26992287917738
2024-10-08,58.86889460154242
2024-10-09,64.52442159383034
2024-10-10,59.6401028277635
2024-10-11,70.95115681233933
2024-10-14,77.89203084832906
2024-10-15,76.60668380462725
2024-10-16,77.6349614395887
2024-10-17,74.293059125964
2024-10-18,76.60668380462725
2024-10-21,65.80976863753213
2024-10-22,60.15424164524421
2024-10-23,56.555269922879184
2024-10-24,52.69922879177378
2024-10-25,48.0719794344473
2024-10-28,55.012853470437015
2024-10-29,49.61439588688946
2024-10-30,47.30077120822622
2024-10-31,38.303341902313626
2024-11-01,39.0745501285347
2024-11-04,40.3598971722365
2024-11-05,53.72750642673522
2024-11-06,65.80976863753213
2024-11-07,64.78149100257069
2024-11-08,66.58097686375322
2024-11-11,66.58097686375322
2024-11-12,63.239074550128535
2024-11-13,64.78149100257069
2024-11-14,61.18251928020566
2024-11-15,55.78406169665809
2024-11-18,59.383033419023135
2024-11-19,54.24164524421594
2024-11-20,56.81233933161953
2024-11-21,66.58097686375322
2024-11-22,71.2082262210797
2024-11-25,78.66323907455013
2024-11-26,76.34961439588689
2024-11-27,75.57840616966581
2024-11-29,78.9203084832905
2024-12-02,77.6349614395887
2024-12-03,70.69408740359897
2024-12-04,68.12339331619538
2024-12-05,59.6401028277635
2024-12-06,57.326478149100254
2024-12-09,53.213367609254504
2024-12-10,42.673521850899746
2024-12-11,42.41645244215938
2024-12-12,42.159383033419026
2024-12-13,39.0745501285347
2024-12-16,34.447300771208226
2024-12-17,28.020565552699228
2024-12-18,10.282776349614396
2024-12-19,11.311053984575835
2024-12-20,19.28020565552699
2024-12-23,18.76606683804627
2024-12-24,29.30591259640103
2024-12-26,31.362467866323907
2024-12-27,22.62210796915167
2024-12-30,13.624678663239074
2024-12-31,13.367609254498714
2025-01-02,14.395886889460154
2025-01-03,24.67866323907455
2025-01-06,29.82005141388175
2025-01-07,26.47814910025707
2025-01-08,29.048843187660665
2025-01-10,17.994858611825194
2025-01-13,24.93573264781491
2025-01-14,31.10539845758355
2025-01-15,46.01542416452442
2025-01-16,58.61182519280206
2025-01-17,64.26735218508998
2025-01-21,77.89203084832906
2025-01-22,68.63753213367609
2025-01-23,73.52185089974293
2025-01-24,71.72236503856041
2025-01-27,78.1491002570694
2025-01-28,68.89460154241645
2025-01-29,60.66838046272493
2025-01-30,72.23650385604114
2025-01-31,65.55269922879178
2025-02-03,57.0694087403599
2025-02-04,55.52699228791774
2025-02-05,61.696658097686374
2025-02-06,60.15424164524421
2025-02-07,56.29820051413882
2025-02-10,57.0694087403599
2025-02-11,59.12596401028277
2025-02-12,48.58611825192802
2025-02-13,55.26992287917738
2025-02-14,54.498714652956295
2025-02-18,60.411311053984576
2025-02-19,59.89717223650386
2025-02-20,56.29820051413882
2025-02-21,46.01542416452442
2025-02-24,47.55784061696658
2025-02-25,47.30077120822622
2025-02-26,43.958868894601544
2025-02-27,40.87403598971722
2025-02-28,50.128534704370175
2025-03-03,41.645244215938305
2025-03-04,33.16195372750643
2025-03-05,40.3598971722365
2025-03-06,36.50385604113111
2025-03-07,44.73007712082262
2025-03-10,39.0745501285347
2025-03-11,28.020565552699228
2025-03-12,21.85089974293059
2025-03-13,18.76606683804627
2025-03-14,29.30591259640103
2025-03-17,41.645244215938305
2025-03-18,37.275064267352185
2025-03-19,42.673521850899746
2025-03-20,39.0745501285347
2025-03-21,32.13367609254499
2025-03-24,53.470437017994854
2025-03-25,45.75835475578406
2025-03-26,47.30077120822622
2025-03-27,46.27249357326478
2025-03-28,33.933161953727506
2025-03-31,42.673521850899746
2025-04-01,42.673521850899746
2025-04-02,52.44215938303341
2025-04-03,29.30591259640103
2025-04-04,6.169665809768637
2025-04-07,3.3419023136246784
2025-04-08,2.313624678663239
2025-04-09,19.794344473007712
2025-04-10,12.853470437017995
2025-04-11,25.19280205655527
2025-04-14,32.64781491002571
2025-04-15,33.41902313624679
2025-04-16,24.93573264781491
2025-04-17,29.048843187660665
2025-04-21,15.424164524421593
2025-04-22,32.13367609254499
2025-04-23,40.3598971722365
2025-04-24,58.354755784061695
2025-04-25,54.75578406169666
2025-04-28,58.61182519280206
2025-04-29,64.01028277634961
2025-04-30,65.29562982005142
2025-05-01,62.2107969151671
2025-05-02,73.7789203084833
2025-05-05,71.46529562982005
2025-05-06,64.26735218508998
2025-05-07,68.12339331619538
2025-05-08,71.46529562982005
2025-05-09,71.46529562982005
2025-05-12,79.17737789203085
2025-05-13,74.80719794344472
2025-05-14,69.9228791773779
2025-05-15,79.69151670951156
2025-05-16,86.37532133676092
2025-05-19,86.88946015424165
2025-05-20,83.80462724935732
2025-05-21,64.52442159383034
2025-05-22,60.9254498714653
2025-05-23,57.58354755784062
2025-05-27,75.32133676092545
2025-05-28,61.18251928020566
2025-05-29,67.3521850899743
2025-05-30,67.86632390745501
2025-06-02,63.49614395886889
2025-06-03,70.4370179948586
2025-06-04,66.32390745501286
2025-06-05,61.696658097686374
2025-06-06,71.2082262210797
2025-06-09,71.72236503856041
2025-06-10,74.80719794344472
2025-06-11,70.17994858611826
2025-06-12,72.49357326478149
2025-06-13,48.84318766066838
2025-06-16,61.43958868894601
2025-06-17,42.673521850899746
2025-06-18,46.7866323907455
2025-06-20,50.128534704370175
2025-06-23,65.80976863753213
2025-06-24,74.03598971722364
2025-06-25,60.9254498714653
2025-06-26,66.0668380462725
2025-06-27,69.9228791773779
2025-06-30,75.83547557840618
2025-07-01,82.51928020565553
2025-07-02,79.43444730077121
2025-07-03,82.0051413881748
2025-07-07,74.55012853470437
2025-07-08,75.32133676092545
2025-07-09,74.55012853470437
2025-07-10,76.09254498714652
2025-07-11,69.66580976863753
2025-07-14,70.4370179948586
2025-07-15,53.213367609254504
2025-07-16,58.09768637532133
2025-07-17,63.75321336760925
2025-07-18,62.724935732647815
2025-07-21,58.354755784061695
2025-07-22,72.75064267352185
2025-07-23,78.40616966580977
2025-07-24,73.00771208226222
2025-07-25,73.7789203084833
2025-07-28,68.38046272493573
2025-07-29,68.89460154241645
2025-07-30,56.555269922879184
2025-07-31,44.987146529562985
2025-08-01,41.645244215938305
2025-08-04,51.41388174807198
2025-08-05,49.10025706940874
2025-08-06,48.0719794344473
2025-08-07,49.10025706940874
2025-08-08,52.44215938303341
2025-08-11,49.87146529562982
2025-08-12,61.43958868894601
2025-08-13,69.66580976863753
2025-08-14,64.01028277634961
2025-08-15,59.383033419023135
2025-08-18,58.354755784061695
2025-08-19,66.32390745501286
2025-08-20,64.26735218508998
2025-08-21,59.6401028277635
2025-08-22,77.12082262210797
2025-08-25,66.83804627249359
2025-08-26,67.60925449871465
2025-08-27,69.9228791773779
2025-08-28,68.63753213367609
2025-08-29,67.09511568123393
2025-09-02,54.498714652956295
2025-09-03,53.72750642673522
2025-09-04,59.12596401028277
2025-09-05,59.89717223650386
2025-09-08,58.61182519280206
2025-09-09,53.470437017994854
2025-09-10,48.58611825192802
2025-09-11,67.09511568123393
2025-09-12,57.58354755784062
2025-09-15,53.98457583547558
2025-09-16,50.128534704370175
2025-09-17,51.670951156812336
2025-09-18,57.326478149100254
2025-09-19,53.213367609254504
2025-09-22,52.44215938303341
2025-09-23,56.29820051413882
2025-09-24,53.72750642673522
2025-09-25,46.01542416452442
2025-09-26,55.78406169665809
2025-09-29,57.326478149100254
2025-09-30,59.383033419023135
2025-10-01,54.498714652956295
2025-10-02,55.52699228791774
2025-10-03,60.15424164524421
2025-10-06,55.78406169665809
2025-10-07,51.156812339331616
2025-10-08,52.69922879177378
2025-10-09,43.70179948586118
2025-10-10,24.93573264781491
2025-10-13,33.67609254498715
2025-10-14,42.41645244215938
2025-10-15,43.958868894601544
2025-10-16,37.789203084832906
2025-10-17,41.645244215938305
2025-10-20,53.470437017994854
2025-10-21,61.18251928020566
2025-10-22,52.95629820051414
2025-10-23,58.86889460154242
2025-10-24,57.84061696658098
2025-10-27,62.2107969151671
2025-10-28,48.329048843187664
2025-10-29,37.53213367609254
2025-10-30,37.789203084832906
2025-10-31,38.56041131105398
2025-11-03,34.96143958868895
2025-11-04,36.760925449871465
2025-11-05,39.84575835475578
2025-11-06,36.246786632390744
2025-11-07,45.24421593830334
2025-11-10,49.3573264781491
2025-11-11,54.498714652956295
2025-11-12,56.555269922879184
2025-11-13,46.7866323907455
2025-11-14,43.958868894601544
2025-11-17,33.67609254498715
2025-11-18,35.732647814910024
2025-11-19,31.362467866323907
2025-11-20,25.19280205655527
2025-11-21,45.24421593830334
2025-11-24,45.75835475578406
2025-11-25,56.81233933161953
2025-11-26,65.29562982005142
2025-11-28,69.66580976863753
2025-12-01,58.86889460154242
2025-12-02,56.81233933161953
2025-12-03,64.01028277634961
2025-12-04,61.43958868894601
2025-12-05,58.86889460154242
2025-12-08,51.670951156812336
2025-12-09,49.3573264781491
2025-12-10,55.26992287917738
2025-12-11,67.09511568123393
2025-12-12,63.49614395886889
2025-12-15,63.75321336760925
2025-12-16,57.84061696658098
2025-12-17,56.29820051413882
2025-12-18,55.52699228791774
2025-12-19,57.0694087403599
2025-12-22,64.78149100257069
2025-12-23,63.239074550128535
2025-12-24,65.80976863753213
2025-12-26,65.55269922879178
2025-12-29,66.83804627249359
2025-12-30,67.3521850899743
2025-12-31,52.185089974293064
2026-01-02,58.61182519280206
2026-01-05,62.2107969151671
2026-01-06,68.63753213367609
2026-01-07,59.383033419023135
2026-01-08,68.63753213367609
2026-01-09,71.2082262210797
2026-01-12,67.86632390745501
2026-01-13,68.38046272493573
2026-01-14,72.49357326478149
2026-01-15,74.55012853470437
2026-01-16,68.63753213367609
2026-01-20,57.0694087403599
2026-01-21,68.12339331619538
2026-01-22,66.58097686375322
2026-01-23,63.49614395886889
2026-01-26,66.32390745501286
2026-01-27,63.239074550128535
2026-01-28,55.52699228791774
2026-01-29,57.326478149100254
2026-01-30,59.383033419023135
2026-02-02,59.383033419023135
2026-02-03,59.6401028277635
2026-02-04,64.52442159383034
2026-02-05,60.9254498714653
2026-02-06,69.1516709511568
2026-02-09,66.32390745501286
2026-02-10,69.40874035989717
2026-02-11,66.83804627249359
2026-02-12,60.9254498714653
2026-02-13,63.239074550128535
2026-02-17,62.2107969151671
2026-02-18,66.0668380462725
2026-02-19,61.696658097686374
2026-02-20,63.75321336760925
2026-02-23,57.84061696658098
2026-02-24,61.18251928020566
2026-02-25,59.383033419023135
2026-02-26,66.83804627249359
2026-02-27,60.15424164524421
2026-03-02,58.354755784061695
2026-03-03,49.61439588688946
2026-03-04,51.156812339331616
2026-03-05,44.2159383033419
2026-03-06,36.760925449871465
2026-03-09,36.760925449871465
2026-03-10,31.876606683804624
2026-03-11,30.077120822622106
2026-03-12,23.90745501285347
2026-03-13,24.164524421593832
2026-03-16,28.53470437017995
2026-03-17,29.82005141388175
2026-03-18,22.62210796915167
2026-03-19,22.10796915167095
2026-03-20,12.596401028277635
2026-03-23,17.223650385604113
2026-03-24,19.02313624678663
2026-03-25,20.822622107969153
2026-03-26,19.02313624678663
2026-03-27,15.938303341902312
2026-03-30,17.994858611825194
2026-03-31,28.79177377892031
2026-04-01,34.70437017994858
2026-04-02,39.588688946015424
2026-04-06,46.52956298200514
2026-04-07,43.70179948586118
2026-04-08,66.83804627249359
2026-04-09,63.75321336760925
2026-04-10,56.041131105398456
2026-04-13,63.75321336760925
2026-04-14,64.01028277634961
2026-04-15,60.15424164524421
2026-04-16,60.9254498714653
2026-04-17,71.97943444730078
2026-04-20,69.66580976863753
2026-04-21,61.95372750642674
2026-04-22,58.61182519280206
2026-04-23,58.86889460154242
2026-04-24,55.78406169665809
2026-04-27,53.72750642673522
2026-04-28,53.213367609254504
2026-04-29,49.3573264781491
2026-04-30,59.6401028277635
2026-05-01,57.0694087403599
2026-05-04,50.38560411311054
2026-05-05,53.470437017994854
2026-05-06,56.29820051413882
2026-05-07,52.185089974293064
2026-05-08,47.55784061696658
2026-05-11,45.501285347043705
2026-05-12,44.987146529562985
2026-05-13,41.90231362467866
2026-05-14,44.73007712082262
2026-05-15,38.303341902313626
2026-05-18,45.24421593830334
2026-05-19,43.18766066838046
2026-05-20,48.84318766066838
2026-05-21,52.185089974293064
2026-05-22,59.89717223650386
2026-05-26,58.354755784061695
2026-05-27,57.326478149100254
2026-05-28,56.041131105398456
2026-05-29,52.44215938303341
2026-06-01,47.30077120822622
2026-06-02,51.156812339331616
2026-06-03,49.87146529562982
2026-06-04,58.09768637532133
2026-06-05,56.81233933161953
2026-06-08,49.3573264781491
2026-06-09,61.696658097686374
2026-06-10,51.9280205655527
2026-06-11,60.9254498714653
2026-06-12,69.40874035989717
2026-06-15,69.1516709511568
2026-06-16,70.17994858611826
2026-06-17,47.55784061696658
2026-06-18,50.6426735218509
2026-06-22,53.470437017994854
2026-06-23,54.24164524421594
2026-06-24,59.383033419023135
2026-06-25,61.696658097686374
2026-06-26,65.29562982005142
2026-06-29,65.03856041131105
2026-06-30,60.9254498714653
2026-07-01,64.01028277634961
2026-07-02,68.89460154241645
2026-07-06,69.1516709511568
2026-07-07,69.1516709511568
2026-07-08,59.6401028277635
2026-07-09,59.383033419023135
2026-07-10,67.86632390745501
2026-07-13,66.0668380462725
2026-07-14,60.411311053984576
2026-07-15,56.81233933161953
2026-07-16,71.72236503856041
2026-07-17,60.15424164524421
2026-07-20,58.09768637532133
2026-07-21,55.012853470437015
2026-07-22,58.354755784061695
2026-07-23,49.87146529562982
2026-07-24,61.95372750642674
2026-07-27,69.40874035989717
2026-07-28,72.23650385604114
2026-07-29,66.83804627249359
2026-07-30,62.724935732647815
2026-07-31,61.43958868894601
2026-08-03,64.52442159383034
2026-08-04,69.40874035989717
2026-08-05,66.58097686375322
2026-08-06,62.98200514138818
2026-08-07,69.9228791773779
2026-08-10,66.0668380462725
2026-08-11,64.26735218508998
2026-08-12,67.60925449871465
2026-08-13,71.2082262210797
2026-08-14,72.23650385604114
2026-08-17,61.18251928020566
2026-08-18,57.326478149100254
2026-08-19,58.86889460154242
2026-08-20,51.41388174807198
2026-08-21,56.29820051413882
2026-08-24,60.15424164524421
2026-08-25,56.555269922879184
2026-08-26,58.354755784061695
2026-08-27,51.670951156812336
2026-08-28,50.899742930591266
2026-08-31,46.7866323907455
2026-09-01,42.41645244215938
2026-09-02,43.958868894601544
2026-09-03,49.3573264781491
2026-09-04,44.2159383033419
2026-09-08,33.16195372750643
2026-09-09,25.70694087403599
2026-09-10,23.39331619537275
2026-09-11,31.10539845758355
2026-09-14,34.19023136246786
2026-09-15,29.30591259640103
2026-09-16,24.67866323907455
2026-09-17,25.19280205655527
2026-09-18,22.62210796915167
2026-09-21,28.277634961439592
2026-09-22,28.79177377892031
2026-09-23,26.735218508997427
2026-09-24,24.42159383033419
2026-09-25,28.020565552699228
2026-09-28,27.506426735218508
2026-09-29,25.70694087403599
2026-09-30,20.565552699228792
