Date,RSI60_Breadth
2003-01-02,0.0
2003-01-03,0.0
2003-01-06,0.0
2003-01-07,0.0
2003-01-08,0.0
2003-01-09,0.0
2003-01-10,0.0
2003-01-13,0.0
2003-01-14,0.0
2003-01-15,0.0
2003-01-16,0.0
2003-01-17,0.0
2003-01-21,0.0
2003-01-22,0.0
2003-01-23,12.585034013605442
2003-01-24,7.8231292517006805
2003-01-27,5.442176870748299
2003-01-28,5.782312925170068
2003-01-29,6.802721088435375
2003-01-30,4.761904761904762
2003-01-31,6.802721088435375
2003-02-03,6.122448979591836
2003-02-04,4.081632653061225
2003-02-05,4.081632653061225
2003-02-06,4.081632653061225
2003-02-07,2.380952380952381
2003-02-10,3.4013605442176873
2003-02-11,3.4013605442176873
2003-02-12,3.061224489795918
2003-02-13,2.0408163265306123
2003-02-14,4.081632653061225
2003-02-18,4.761904761904762
2003-02-19,4.761904761904762
2003-02-20,5.782312925170068
2003-02-21,8.16326530612245
2003-02-24,5.782312925170068
2003-02-25,6.462585034013606
2003-02-26,4.761904761904762
2003-02-27,6.122448979591836
2003-02-28,7.482993197278912
2003-03-03,5.782312925170068
2003-03-04,4.421768707482993
2003-03-05,6.122448979591836
2003-03-06,5.1020408163265305
2003-03-07,7.482993197278912
2003-03-10,3.4013605442176873
2003-03-11,2.380952380952381
2003-03-12,3.061224489795918
2003-03-13,9.183673469387756
2003-03-14,7.482993197278912
2003-03-17,19.387755102040817
2003-03-18,21.08843537414966
2003-03-19,21.428571428571427
2003-03-20,26.87074829931973
2003-03-21,36.054421768707485
2003-03-24,12.244897959183673
2003-03-25,20.74829931972789
2003-03-26,12.925170068027212
2003-03-27,13.60544217687075
2003-03-28,14.625850340136054
2003-03-31,8.503401360544217
2003-04-01,12.585034013605442
2003-04-02,20.408163265306122
2003-04-03,17.687074829931973
2003-04-04,20.74829931972789
2003-04-07,21.08843537414966
2003-04-08,19.387755102040817
2003-04-09,13.60544217687075
2003-04-10,15.306122448979592
2003-04-11,14.625850340136054
2003-04-14,21.428571428571427
2003-04-15,27.89115646258503
2003-04-16,20.068027210884352
2003-04-17,30.272108843537417
2003-04-21,26.87074829931973
2003-04-22,36.394557823129254
2003-04-23,36.394557823129254
2003-04-24,31.63265306122449
2003-04-25,22.108843537414966
2003-04-28,32.99319727891156
2003-04-29,32.31292517006803
2003-04-30,32.31292517006803
2003-05-01,30.272108843537417
2003-05-02,37.755102040816325
2003-05-05,35.714285714285715
2003-05-06,40.136054421768705
2003-05-07,32.31292517006803
2003-05-08,24.829931972789115
2003-05-09,31.63265306122449
2003-05-12,37.41496598639456
2003-05-13,34.01360544217687
2003-05-14,32.99319727891156
2003-05-15,37.755102040816325
2003-05-16,33.33333333333333
2003-05-19,18.027210884353742
2003-05-20,17.346938775510203
2003-05-21,19.387755102040817
2003-05-22,24.489795918367346
2003-05-23,28.2312925170068
2003-05-27,36.394557823129254
2003-05-28,38.435374149659864
2003-05-29,35.034013605442176
2003-05-30,42.17687074829932
2003-06-02,44.21768707482993
2003-06-03,42.857142857142854
2003-06-04,46.93877551020408
2003-06-05,47.27891156462585
2003-06-06,44.21768707482993
2003-06-09,29.591836734693878
2003-06-10,36.394557823129254
2003-06-11,39.1156462585034
2003-06-12,41.49659863945578
2003-06-13,32.99319727891156
2003-06-16,41.83673469387755
2003-06-17,40.136054421768705
2003-06-18,36.734693877551024
2003-06-19,24.829931972789115
2003-06-20,24.149659863945576
2003-06-23,14.285714285714285
2003-06-24,13.60544217687075
2003-06-25,12.244897959183673
2003-06-26,18.027210884353742
2003-06-27,13.26530612244898
2003-06-30,11.224489795918368
2003-07-01,14.625850340136054
2003-07-02,21.08843537414966
2003-07-03,15.646258503401361
2003-07-07,24.829931972789115
2003-07-08,28.91156462585034
2003-07-09,24.829931972789115
2003-07-10,15.646258503401361
2003-07-11,17.687074829931973
2003-07-14,22.108843537414966
2003-07-15,19.047619047619047
2003-07-16,15.98639455782313
2003-07-17,9.183673469387756
2003-07-18,11.224489795918368
2003-07-21,6.462585034013606
2003-07-22,9.863945578231291
2003-07-23,12.244897959183673
2003-07-24,12.244897959183673
2003-07-25,17.687074829931973
2003-07-28,19.047619047619047
2003-07-29,14.625850340136054
2003-07-30,13.60544217687075
2003-07-31,15.646258503401361
2003-08-01,11.904761904761903
2003-08-04,8.503401360544217
2003-08-05,3.061224489795918
2003-08-06,3.741496598639456
2003-08-07,5.1020408163265305
2003-08-08,7.142857142857142
2003-08-11,8.843537414965986
2003-08-12,16.3265306122449
2003-08-13,15.646258503401361
2003-08-14,16.3265306122449
2003-08-15,16.666666666666664
2003-08-18,23.809523809523807
2003-08-19,26.87074829931973
2003-08-20,26.53061224489796
2003-08-21,30.952380952380953
2003-08-22,19.727891156462583
2003-08-25,17.346938775510203
2003-08-26,17.346938775510203
2003-08-27,19.727891156462583
2003-08-28,25.850340136054424
2003-08-29,28.57142857142857
2003-09-02,37.07482993197279
2003-09-03,36.394557823129254
2003-09-04,37.41496598639456
2003-09-05,26.190476190476193
2003-09-08,31.292517006802722
2003-09-09,24.149659863945576
2003-09-10,14.285714285714285
2003-09-11,16.3265306122449
2003-09-12,16.3265306122449
2003-09-15,16.666666666666664
2003-09-16,22.789115646258505
2003-09-17,21.08843537414966
2003-09-18,29.931972789115648
2003-09-19,27.89115646258503
2003-09-22,17.687074829931973
2003-09-23,22.789115646258505
2003-09-24,13.26530612244898
2003-09-25,10.54421768707483
2003-09-26,8.503401360544217
2003-09-29,9.183673469387756
2003-09-30,7.482993197278912
2003-10-01,16.3265306122449
2003-10-02,18.027210884353742
2003-10-03,21.768707482993197
2003-10-06,27.2108843537415
2003-10-07,27.55102040816326
2003-10-08,24.829931972789115
2003-10-09,27.55102040816326
2003-10-10,25.850340136054424
2003-10-13,30.952380952380953
2003-10-14,33.33333333333333
2003-10-15,27.2108843537415
2003-10-16,30.612244897959183
2003-10-17,19.727891156462583
2003-10-20,21.428571428571427
2003-10-21,21.768707482993197
2003-10-22,13.945578231292515
2003-10-23,15.646258503401361
2003-10-24,13.945578231292515
2003-10-27,17.006802721088434
2003-10-28,24.489795918367346
2003-10-29,28.2312925170068
2003-10-30,29.591836734693878
2003-10-31,26.87074829931973
2003-11-03,32.99319727891156
2003-11-04,28.2312925170068
2003-11-05,28.2312925170068
2003-11-06,28.57142857142857
2003-11-07,25.850340136054424
2003-11-10,19.047619047619047
2003-11-11,17.006802721088434
2003-11-12,26.53061224489796
2003-11-13,25.170068027210885
2003-11-14,19.047619047619047
2003-11-17,14.625850340136054
2003-11-18,10.54421768707483
2003-11-19,12.585034013605442
2003-11-20,8.843537414965986
2003-11-21,9.183673469387756
2003-11-24,19.047619047619047
2003-11-25,22.789115646258505
2003-11-26,27.2108843537415
2003-11-28,24.489795918367346
2003-12-01,35.374149659863946
2003-12-02,30.952380952380953
2003-12-03,27.55102040816326
2003-12-04,27.2108843537415
2003-12-05,19.727891156462583
2003-12-08,26.190476190476193
2003-12-09,19.727891156462583
2003-12-10,15.306122448979592
2003-12-11,22.789115646258505
2003-12-12,23.46938775510204
2003-12-15,19.727891156462583
2003-12-16,23.12925170068027
2003-12-17,22.789115646258505
2003-12-18,27.55102040816326
2003-12-19,29.25170068027211
2003-12-22,27.89115646258503
2003-12-23,29.591836734693878
2003-12-24,26.87074829931973
2003-12-26,28.91156462585034
2003-12-29,36.734693877551024
2003-12-30,36.734693877551024
2003-12-31,35.714285714285715
2004-01-02,29.591836734693878
2004-01-05,36.054421768707485
2004-01-06,37.07482993197279
2004-01-07,34.01360544217687
2004-01-08,32.99319727891156
2004-01-09,28.91156462585034
2004-01-12,31.292517006802722
2004-01-13,29.591836734693878
2004-01-14,35.714285714285715
2004-01-15,31.292517006802722
2004-01-16,35.374149659863946
2004-01-20,36.054421768707485
2004-01-21,36.054421768707485
2004-01-22,33.33333333333333
2004-01-23,30.952380952380953
2004-01-26,34.69387755102041
2004-01-27,28.2312925170068
2004-01-28,18.70748299319728
2004-01-29,23.12925170068027
2004-01-30,20.068027210884352
2004-02-02,23.12925170068027
2004-02-03,21.428571428571427
2004-02-04,17.006802721088434
2004-02-05,17.006802721088434
2004-02-06,22.448979591836736
2004-02-09,21.768707482993197
2004-02-10,22.789115646258505
2004-02-11,29.931972789115648
2004-02-12,24.829931972789115
2004-02-13,21.768707482993197
2004-02-17,27.2108843537415
2004-02-18,24.149659863945576
2004-02-19,19.387755102040817
2004-02-20,17.006802721088434
2004-02-23,15.306122448979592
2004-02-24,13.60544217687075
2004-02-25,17.346938775510203
2004-02-26,19.387755102040817
2004-02-27,22.448979591836736
2004-03-01,27.55102040816326
2004-03-02,25.510204081632654
2004-03-03,26.190476190476193
2004-03-04,26.53061224489796
2004-03-05,28.91156462585034
2004-03-08,22.448979591836736
2004-03-09,16.3265306122449
2004-03-10,10.884353741496598
2004-03-11,4.761904761904762
2004-03-12,6.802721088435375
2004-03-15,2.7210884353741496
2004-03-16,4.081632653061225
2004-03-17,8.843537414965986
2004-03-18,10.204081632653061
2004-03-19,7.482993197278912
2004-03-22,4.761904761904762
2004-03-23,5.1020408163265305
2004-03-24,4.421768707482993
2004-03-25,8.16326530612245
2004-03-26,8.503401360544217
2004-03-29,11.564625850340136
2004-03-30,14.625850340136054
2004-03-31,14.965986394557824
2004-04-01,21.768707482993197
2004-04-02,29.591836734693878
2004-04-05,34.01360544217687
2004-04-06,27.89115646258503
2004-04-07,22.448979591836736
2004-04-08,20.408163265306122
2004-04-12,23.809523809523807
2004-04-13,10.884353741496598
2004-04-14,12.925170068027212
2004-04-15,12.244897959183673
2004-04-16,15.306122448979592
2004-04-19,15.306122448979592
2004-04-20,8.843537414965986
2004-04-21,11.564625850340136
2004-04-22,22.448979591836736
2004-04-23,18.027210884353742
2004-04-26,13.26530612244898
2004-04-27,14.965986394557824
2004-04-28,9.863945578231291
2004-04-29,6.122448979591836
2004-04-30,6.462585034013606
2004-05-03,10.204081632653061
2004-05-04,10.204081632653061
2004-05-05,10.884353741496598
2004-05-06,8.503401360544217
2004-05-07,5.442176870748299
2004-05-10,2.0408163265306123
2004-05-11,2.380952380952381
2004-05-12,2.7210884353741496
2004-05-13,3.741496598639456
2004-05-14,3.061224489795918
2004-05-17,2.380952380952381
2004-05-18,3.061224489795918
2004-05-19,2.380952380952381
2004-05-20,2.380952380952381
2004-05-21,3.4013605442176873
2004-05-24,4.761904761904762
2004-05-25,11.224489795918368
2004-05-26,14.625850340136054
2004-05-27,19.047619047619047
2004-05-28,21.08843537414966
2004-06-01,19.727891156462583
2004-06-02,24.149659863945576
2004-06-03,13.26530612244898
2004-06-04,16.3265306122449
2004-06-07,27.2108843537415
2004-06-08,28.2312925170068
2004-06-09,15.306122448979592
2004-06-10,16.666666666666664
2004-06-14,9.183673469387756
2004-06-15,15.98639455782313
2004-06-16,16.666666666666664
2004-06-17,18.367346938775512
2004-06-18,21.428571428571427
2004-06-21,17.346938775510203
2004-06-22,21.428571428571427
2004-06-23,27.55102040816326
2004-06-24,26.87074829931973
2004-06-25,26.190476190476193
2004-06-28,22.789115646258505
2004-06-29,22.789115646258505
2004-06-30,26.87074829931973
2004-07-01,17.006802721088434
2004-07-02,14.285714285714285
2004-07-06,11.904761904761903
2004-07-07,13.60544217687075
2004-07-08,7.8231292517006805
2004-07-09,7.142857142857142
2004-07-12,10.204081632653061
2004-07-13,10.204081632653061
2004-07-14,10.884353741496598
2004-07-15,11.904761904761903
2004-07-16,13.945578231292515
2004-07-19,12.585034013605442
2004-07-20,13.945578231292515
2004-07-21,5.442176870748299
2004-07-22,3.741496598639456
2004-07-23,3.4013605442176873
2004-07-26,3.061224489795918
2004-07-27,4.421768707482993
2004-07-28,6.802721088435375
2004-07-29,8.16326530612245
2004-07-30,9.523809523809524
2004-08-02,9.863945578231291
2004-08-03,8.843537414965986
2004-08-04,10.54421768707483
2004-08-05,4.081632653061225
2004-08-06,4.081632653061225
2004-08-09,3.061224489795918
2004-08-10,5.1020408163265305
2004-08-11,5.442176870748299
2004-08-12,3.061224489795918
2004-08-13,2.380952380952381
2004-08-16,6.802721088435375
2004-08-17,8.503401360544217
2004-08-18,13.60544217687075
2004-08-19,9.183673469387756
2004-08-20,17.006802721088434
2004-08-23,10.884353741496598
2004-08-24,13.60544217687075
2004-08-25,20.74829931972789
2004-08-26,18.027210884353742
2004-08-27,18.027210884353742
2004-08-30,11.904761904761903
2004-08-31,18.027210884353742
2004-09-01,23.12925170068027
2004-09-02,30.952380952380953
2004-09-03,28.2312925170068
2004-09-07,34.35374149659864
2004-09-08,27.89115646258503
2004-09-09,23.12925170068027
2004-09-10,27.55102040816326
2004-09-13,29.25170068027211
2004-09-14,29.931972789115648
2004-09-15,20.408163265306122
2004-09-16,24.829931972789115
2004-09-17,26.53061224489796
2004-09-20,21.08843537414966
2004-09-21,25.510204081632654
2004-09-22,14.965986394557824
2004-09-23,11.224489795918368
2004-09-24,12.244897959183673
2004-09-27,8.843537414965986
2004-09-28,11.904761904761903
2004-09-29,14.285714285714285
2004-09-30,20.408163265306122
2004-10-01,29.25170068027211
2004-10-04,32.6530612244898
2004-10-05,28.91156462585034
2004-10-06,31.63265306122449
2004-10-07,22.108843537414966
2004-10-08,14.285714285714285
2004-10-11,17.687074829931973
2004-10-12,17.346938775510203
2004-10-13,8.843537414965986
2004-10-14,7.8231292517006805
2004-10-15,11.224489795918368
2004-10-18,12.585034013605442
2004-10-19,10.884353741496598
2004-10-20,12.244897959183673
2004-10-21,15.306122448979592
2004-10-22,10.54421768707483
2004-10-25,12.244897959183673
2004-10-26,15.646258503401361
2004-10-27,23.12925170068027
2004-10-28,22.789115646258505
2004-10-29,23.809523809523807
2004-11-01,26.190476190476193
2004-11-02,25.170068027210885
2004-11-03,31.97278911564626
2004-11-04,39.795918367346935
2004-11-05,38.775510204081634
2004-11-08,38.775510204081634
2004-11-09,38.775510204081634
2004-11-10,37.755102040816325
2004-11-11,42.17687074829932
2004-11-12,45.57823129251701
2004-11-15,47.61904761904761
2004-11-16,38.435374149659864
2004-11-17,39.1156462585034
2004-11-18,38.775510204081634
2004-11-19,22.448979591836736
2004-11-22,30.612244897959183
2004-11-23,29.931972789115648
2004-11-24,36.054421768707485
2004-11-26,36.394557823129254
2004-11-29,29.931972789115648
2004-11-30,27.2108843537415
2004-12-01,38.095238095238095
2004-12-02,34.69387755102041
2004-12-03,34.35374149659864
2004-12-06,29.931972789115648
2004-12-07,18.027210884353742
2004-12-08,20.408163265306122
2004-12-09,25.170068027210885
2004-12-10,26.53061224489796
2004-12-13,31.292517006802722
2004-12-14,36.054421768707485
2004-12-15,37.755102040816325
2004-12-16,30.272108843537417
2004-12-17,27.89115646258503
2004-12-20,26.87074829931973
2004-12-21,32.99319727891156
2004-12-22,31.97278911564626
2004-12-23,29.591836734693878
2004-12-27,22.108843537414966
2004-12-28,30.272108843537417
2004-12-29,29.931972789115648
2004-12-30,32.31292517006803
2004-12-31,28.2312925170068
2005-01-03,16.3265306122449
2005-01-04,6.462585034013606
2005-01-05,4.761904761904762
2005-01-06,8.503401360544217
2005-01-07,7.142857142857142
2005-01-10,9.523809523809524
2005-01-11,8.16326530612245
2005-01-12,8.503401360544217
2005-01-13,6.122448979591836
2005-01-14,8.843537414965986
2005-01-18,16.666666666666664
2005-01-19,10.884353741496598
2005-01-20,8.16326530612245
2005-01-21,4.421768707482993
2005-01-24,2.7210884353741496
2005-01-25,4.081632653061225
2005-01-26,5.1020408163265305
2005-01-27,8.843537414965986
2005-01-28,9.183673469387756
2005-01-31,13.60544217687075
2005-02-01,18.70748299319728
2005-02-02,21.428571428571427
2005-02-03,20.74829931972789
2005-02-04,27.89115646258503
2005-02-07,24.829931972789115
2005-02-08,24.489795918367346
2005-02-09,17.006802721088434
2005-02-10,18.70748299319728
2005-02-11,24.149659863945576
2005-02-14,24.149659863945576
2005-02-15,25.850340136054424
2005-02-16,25.850340136054424
2005-02-17,17.346938775510203
2005-02-18,14.965986394557824
2005-02-22,5.442176870748299
2005-02-23,8.16326530612245
2005-02-24,13.26530612244898
2005-02-25,18.027210884353742
2005-02-28,14.625850340136054
2005-03-01,18.70748299319728
2005-03-02,19.727891156462583
2005-03-03,19.727891156462583
2005-03-04,26.53061224489796
2005-03-07,28.2312925170068
2005-03-08,23.809523809523807
2005-03-09,14.285714285714285
2005-03-10,13.945578231292515
2005-03-11,10.884353741496598
2005-03-14,14.285714285714285
2005-03-15,9.523809523809524
2005-03-16,5.442176870748299
2005-03-17,7.142857142857142
2005-03-18,8.843537414965986
2005-03-21,8.843537414965986
2005-03-22,7.142857142857142
2005-03-23,7.142857142857142
2005-03-24,7.142857142857142
2005-03-28,7.142857142857142
2005-03-29,5.1020408163265305
2005-03-30,8.16326530612245
2005-03-31,8.16326530612245
2005-04-01,5.442176870748299
2005-04-04,8.16326530612245
2005-04-05,8.843537414965986
2005-04-06,9.183673469387756
2005-04-07,11.224489795918368
2005-04-08,6.802721088435375
2005-04-11,7.142857142857142
2005-04-12,11.564625850340136
2005-04-13,6.122448979591836
2005-04-14,3.741496598639456
2005-04-15,2.0408163265306123
2005-04-18,1.3605442176870748
2005-04-19,2.7210884353741496
2005-04-20,2.0408163265306123
2005-04-21,4.761904761904762
2005-04-22,5.442176870748299
2005-04-25,8.503401360544217
2005-04-26,4.761904761904762
2005-04-27,7.142857142857142
2005-04-28,3.741496598639456
2005-04-29,7.8231292517006805
2005-05-02,10.204081632653061
2005-05-03,10.884353741496598
2005-05-04,16.666666666666664
2005-05-05,14.625850340136054
2005-05-06,11.904761904761903
2005-05-09,14.625850340136054
2005-05-10,12.244897959183673
2005-05-11,12.244897959183673
2005-05-12,10.204081632653061
2005-05-13,7.8231292517006805
2005-05-16,10.54421768707483
2005-05-17,18.367346938775512
2005-05-18,25.850340136054424
2005-05-19,26.53061224489796
2005-05-20,23.46938775510204
2005-05-23,26.190476190476193
2005-05-24,22.448979591836736
2005-05-25,15.306122448979592
2005-05-26,22.448979591836736
2005-05-27,26.190476190476193
2005-05-31,23.46938775510204
2005-06-01,28.91156462585034
2005-06-02,29.25170068027211
2005-06-03,23.809523809523807
2005-06-06,25.170068027210885
2005-06-07,25.510204081632654
2005-06-08,24.829931972789115
2005-06-09,25.170068027210885
2005-06-10,24.489795918367346
2005-06-13,27.55102040816326
2005-06-14,27.89115646258503
2005-06-15,26.53061224489796
2005-06-16,30.612244897959183
2005-06-17,31.63265306122449
2005-06-20,29.25170068027211
2005-06-21,27.55102040816326
2005-06-22,27.89115646258503
2005-06-23,15.98639455782313
2005-06-24,12.244897959183673
2005-06-27,12.585034013605442
2005-06-28,19.047619047619047
2005-06-29,19.727891156462583
2005-06-30,17.006802721088434
2005-07-01,20.408163265306122
2005-07-05,24.829931972789115
2005-07-06,19.387755102040817
2005-07-07,21.768707482993197
2005-07-08,26.87074829931973
2005-07-11,31.97278911564626
2005-07-12,33.33333333333333
2005-07-13,29.591836734693878
2005-07-14,27.89115646258503
2005-07-15,28.2312925170068
2005-07-18,23.12925170068027
2005-07-19,29.25170068027211
2005-07-20,33.6734693877551
2005-07-21,24.489795918367346
2005-07-22,28.57142857142857
2005-07-25,26.190476190476193
2005-07-26,27.89115646258503
2005-07-27,29.931972789115648
2005-07-28,33.6734693877551
2005-07-29,29.25170068027211
2005-08-01,26.87074829931973
2005-08-02,29.25170068027211
2005-08-03,28.91156462585034
2005-08-04,19.387755102040817
2005-08-05,12.244897959183673
2005-08-08,10.204081632653061
2005-08-09,13.945578231292515
2005-08-10,14.285714285714285
2005-08-11,15.306122448979592
2005-08-12,12.585034013605442
2005-08-15,13.945578231292515
2005-08-16,5.782312925170068
2005-08-17,5.442176870748299
2005-08-18,7.482993197278912
2005-08-19,9.183673469387756
2005-08-22,11.564625850340136
2005-08-23,8.503401360544217
2005-08-24,7.482993197278912
2005-08-25,10.54421768707483
2005-08-26,8.503401360544217
2005-08-29,8.503401360544217
2005-08-30,8.16326530612245
2005-08-31,15.646258503401361
2005-09-01,15.646258503401361
2005-09-02,12.244897959183673
2005-09-06,21.08843537414966
2005-09-07,23.12925170068027
2005-09-08,17.006802721088434
2005-09-09,21.08843537414966
2005-09-12,20.068027210884352
2005-09-13,13.945578231292515
2005-09-14,11.904761904761903
2005-09-15,12.925170068027212
2005-09-16,19.727891156462583
2005-09-19,12.244897959183673
2005-09-20,11.224489795918368
2005-09-21,5.442176870748299
2005-09-22,6.802721088435375
2005-09-23,7.8231292517006805
2005-09-26,6.802721088435375
2005-09-27,8.16326530612245
2005-09-28,12.925170068027212
2005-09-29,18.027210884353742
2005-09-30,19.387755102040817
2005-10-03,19.727891156462583
2005-10-04,13.60544217687075
2005-10-05,7.142857142857142
2005-10-06,4.421768707482993
2005-10-07,5.1020408163265305
2005-10-10,2.380952380952381
2005-10-11,1.7006802721088436
2005-10-12,1.0204081632653061
2005-10-13,2.0408163265306123
2005-10-14,5.782312925170068
2005-10-17,5.782312925170068
2005-10-18,5.1020408163265305
2005-10-19,11.224489795918368
2005-10-20,7.142857142857142
2005-10-21,7.8231292517006805
2005-10-24,14.965986394557824
2005-10-25,13.26530612244898
2005-10-26,10.884353741496598
2005-10-27,8.503401360544217
2005-10-28,12.925170068027212
2005-10-31,14.965986394557824
2005-11-01,15.306122448979592
2005-11-02,20.74829931972789
2005-11-03,21.428571428571427
2005-11-04,21.08843537414966
2005-11-07,22.789115646258505
2005-11-08,20.408163265306122
2005-11-09,22.448979591836736
2005-11-10,27.89115646258503
2005-11-11,30.272108843537417
2005-11-14,27.2108843537415
2005-11-15,23.46938775510204
2005-11-16,21.08843537414966
2005-11-17,29.931972789115648
2005-11-18,30.952380952380953
2005-11-21,32.99319727891156
2005-11-22,36.394557823129254
2005-11-23,37.41496598639456
2005-11-25,37.07482993197279
2005-11-28,25.510204081632654
2005-11-29,27.2108843537415
2005-11-30,23.46938775510204
2005-12-01,31.97278911564626
2005-12-02,32.99319727891156
2005-12-05,25.850340136054424
2005-12-06,27.89115646258503
2005-12-07,19.727891156462583
2005-12-08,17.006802721088434
2005-12-09,22.448979591836736
2005-12-12,21.428571428571427
2005-12-13,25.170068027210885
2005-12-14,27.89115646258503
2005-12-15,20.74829931972789
2005-12-16,21.768707482993197
2005-12-19,12.244897959183673
2005-12-20,10.884353741496598
2005-12-21,12.925170068027212
2005-12-22,15.646258503401361
2005-12-23,17.687074829931973
2005-12-27,10.204081632653061
2005-12-28,11.564625850340136
2005-12-29,10.884353741496598
2005-12-30,7.8231292517006805
2006-01-03,17.346938775510203
2006-01-04,23.46938775510204
2006-01-05,21.768707482993197
2006-01-06,28.57142857142857
2006-01-09,34.35374149659864
2006-01-10,31.292517006802722
2006-01-11,34.69387755102041
2006-01-12,28.91156462585034
2006-01-13,26.87074829931973
2006-01-17,17.006802721088434
2006-01-18,17.687074829931973
2006-01-19,23.46938775510204
2006-01-20,12.925170068027212
2006-01-23,13.26530612244898
2006-01-24,17.346938775510203
2006-01-25,17.687074829931973
2006-01-26,23.12925170068027
2006-01-27,26.87074829931973
2006-01-30,25.510204081632654
2006-01-31,24.489795918367346
2006-02-01,22.448979591836736
2006-02-02,19.727891156462583
2006-02-03,17.006802721088434
2006-02-06,17.006802721088434
2006-02-07,11.904761904761903
2006-02-08,13.60544217687075
2006-02-09,14.285714285714285
2006-02-10,14.285714285714285
2006-02-13,11.224489795918368
2006-02-14,17.687074829931973
2006-02-15,21.428571428571427
2006-02-16,25.850340136054424
2006-02-17,25.170068027210885
2006-02-21,21.428571428571427
2006-02-22,28.2312925170068
2006-02-23,24.829931972789115
2006-02-24,24.829931972789115
2006-02-27,27.55102040816326
2006-02-28,17.346938775510203
2006-03-01,24.829931972789115
2006-03-02,20.068027210884352
2006-03-03,17.346938775510203
2006-03-06,13.26530612244898
2006-03-07,10.54421768707483
2006-03-08,11.224489795918368
2006-03-09,9.863945578231291
2006-03-10,14.625850340136054
2006-03-13,15.306122448979592
2006-03-14,21.08843537414966
2006-03-15,27.55102040816326
2006-03-16,28.91156462585034
2006-03-17,28.91156462585034
2006-03-20,25.850340136054424
2006-03-21,20.74829931972789
2006-03-22,23.809523809523807
2006-03-23,21.08843537414966
2006-03-24,22.789115646258505
2006-03-27,19.047619047619047
2006-03-28,15.306122448979592
2006-03-29,20.408163265306122
2006-03-30,18.367346938775512
2006-03-31,19.727891156462583
2006-04-03,15.306122448979592
2006-04-04,18.367346938775512
2006-04-05,22.108843537414966
2006-04-06,20.408163265306122
2006-04-07,13.945578231292515
2006-04-10,11.224489795918368
2006-04-11,7.8231292517006805
2006-04-12,6.462585034013606
2006-04-13,9.183673469387756
2006-04-17,7.8231292517006805
2006-04-18,20.74829931972789
2006-04-19,22.789115646258505
2006-04-20,22.448979591836736
2006-04-21,22.448979591836736
2006-04-24,19.387755102040817
2006-04-25,14.285714285714285
2006-04-26,15.98639455782313
2006-04-27,17.006802721088434
2006-04-28,17.006802721088434
2006-05-01,12.244897959183673
2006-05-02,15.646258503401361
2006-05-03,13.60544217687075
2006-05-04,17.006802721088434
2006-05-05,24.149659863945576
2006-05-08,22.448979591836736
2006-05-09,23.46938775510204
2006-05-10,22.448979591836736
2006-05-11,13.60544217687075
2006-05-12,5.1020408163265305
2006-05-15,7.8231292517006805
2006-05-16,8.16326530612245
2006-05-17,3.061224489795918
2006-05-18,2.380952380952381
2006-05-19,3.741496598639456
2006-05-22,3.061224489795918
2006-05-23,0.6802721088435374
2006-05-24,2.0408163265306123
2006-05-25,3.061224489795918
2006-05-26,3.4013605442176873
2006-05-30,0.6802721088435374
2006-05-31,4.761904761904762
2006-06-01,7.142857142857142
2006-06-02,9.523809523809524
2006-06-05,2.380952380952381
2006-06-06,3.4013605442176873
2006-06-07,3.061224489795918
2006-06-08,3.741496598639456
2006-06-09,4.081632653061225
2006-06-12,3.4013605442176873
2006-06-13,2.380952380952381
2006-06-14,2.7210884353741496
2006-06-15,4.421768707482993
2006-06-16,3.4013605442176873
2006-06-19,2.7210884353741496
2006-06-20,3.4013605442176873
2006-06-21,5.1020408163265305
2006-06-22,3.741496598639456
2006-06-23,3.741496598639456
2006-06-26,5.1020408163265305
2006-06-27,2.7210884353741496
2006-06-28,4.081632653061225
2006-06-29,14.625850340136054
2006-06-30,14.625850340136054
2006-07-03,19.387755102040817
2006-07-05,11.904761904761903
2006-07-06,13.26530612244898
2006-07-07,10.204081632653061
2006-07-10,12.244897959183673
2006-07-11,14.965986394557824
2006-07-12,11.564625850340136
2006-07-13,6.462585034013606
2006-07-14,4.421768707482993
2006-07-17,4.081632653061225
2006-07-18,6.802721088435375
2006-07-19,14.285714285714285
2006-07-20,12.585034013605442
2006-07-21,10.204081632653061
2006-07-24,15.98639455782313
2006-07-25,19.387755102040817
2006-07-26,19.387755102040817
2006-07-27,15.98639455782313
2006-07-28,24.829931972789115
2006-07-31,22.448979591836736
2006-08-01,19.387755102040817
2006-08-02,21.428571428571427
2006-08-03,22.789115646258505
2006-08-04,21.768707482993197
2006-08-07,20.408163265306122
2006-08-08,15.306122448979592
2006-08-09,14.625850340136054
2006-08-10,17.006802721088434
2006-08-11,14.285714285714285
2006-08-14,13.945578231292515
2006-08-15,24.149659863945576
2006-08-16,26.87074829931973
2006-08-17,26.53061224489796
2006-08-18,25.170068027210885
2006-08-21,20.74829931972789
2006-08-22,23.12925170068027
2006-08-23,17.006802721088434
2006-08-24,16.3265306122449
2006-08-25,16.666666666666664
2006-08-28,21.768707482993197
2006-08-29,28.57142857142857
2006-08-30,25.170068027210885
2006-08-31,26.87074829931973
2006-09-01,30.272108843537417
2006-09-05,29.25170068027211
2006-09-06,15.646258503401361
2006-09-07,12.585034013605442
2006-09-08,16.666666666666664
2006-09-11,20.74829931972789
2006-09-12,28.2312925170068
2006-09-13,28.91156462585034
2006-09-14,29.25170068027211
2006-09-15,32.31292517006803
2006-09-18,28.2312925170068
2006-09-19,24.489795918367346
2006-09-20,30.272108843537417
2006-09-21,24.149659863945576
2006-09-22,19.047619047619047
2006-09-25,27.55102040816326
2006-09-26,29.591836734693878
2006-09-27,29.931972789115648
2006-09-28,28.57142857142857
2006-09-29,23.809523809523807
2006-10-02,19.727891156462583
2006-10-03,23.809523809523807
2006-10-04,34.35374149659864
2006-10-05,39.455782312925166
2006-10-06,34.01360544217687
2006-10-09,35.034013605442176
2006-10-10,35.034013605442176
2006-10-11,32.6530612244898
2006-10-12,40.136054421768705
2006-10-13,39.795918367346935
2006-10-16,39.795918367346935
2006-10-17,31.292517006802722
2006-10-18,32.6530612244898
2006-10-19,30.272108843537417
2006-10-20,27.2108843537415
2006-10-23,31.97278911564626
2006-10-24,28.57142857142857
2006-10-25,27.2108843537415
2006-10-26,34.01360544217687
2006-10-27,24.149659863945576
2006-10-30,25.850340136054424
2006-10-31,26.190476190476193
2006-11-01,17.687074829931973
2006-11-02,17.687074829931973
2006-11-03,16.3265306122449
2006-11-06,22.448979591836736
2006-11-07,24.489795918367346
2006-11-08,26.53061224489796
2006-11-09,21.08843537414966
2006-11-10,22.789115646258505
2006-11-13,25.510204081632654
2006-11-14,29.25170068027211
2006-11-15,30.952380952380953
2006-11-16,33.33333333333333
2006-11-17,29.591836734693878
2006-11-20,29.931972789115648
2006-11-21,32.31292517006803
2006-11-22,35.034013605442176
2006-11-24,31.63265306122449
2006-11-27,12.585034013605442
2006-11-28,13.60544217687075
2006-11-29,22.448979591836736
2006-11-30,23.46938775510204
2006-12-01,21.428571428571427
2006-12-04,31.63265306122449
2006-12-05,33.33333333333333
2006-12-06,33.6734693877551
2006-12-07,25.850340136054424
2006-12-08,28.2312925170068
2006-12-11,27.55102040816326
2006-12-12,25.510204081632654
2006-12-13,25.850340136054424
2006-12-14,31.97278911564626
2006-12-15,28.2312925170068
2006-12-18,22.108843537414966
2006-12-19,21.428571428571427
2006-12-20,21.768707482993197
2006-12-21,19.047619047619047
2006-12-22,14.285714285714285
2006-12-26,19.047619047619047
2006-12-27,24.149659863945576
2006-12-28,20.74829931972789
2006-12-29,13.26530612244898
2007-01-03,16.3265306122449
2007-01-04,18.70748299319728
2007-01-05,11.564625850340136
2007-01-08,13.945578231292515
2007-01-09,16.3265306122449
2007-01-10,18.367346938775512
2007-01-11,24.829931972789115
2007-01-12,26.53061224489796
2007-01-16,31.63265306122449
2007-01-17,27.89115646258503
2007-01-18,22.789115646258505
2007-01-19,24.149659863945576
2007-01-22,20.408163265306122
2007-01-23,23.809523809523807
2007-01-24,29.25170068027211
2007-01-25,16.666666666666664
2007-01-26,18.70748299319728
2007-01-29,17.006802721088434
2007-01-30,20.068027210884352
2007-01-31,28.2312925170068
2007-02-01,32.99319727891156
2007-02-02,32.99319727891156
2007-02-05,33.33333333333333
2007-02-06,33.6734693877551
2007-02-07,32.31292517006803
2007-02-08,31.63265306122449
2007-02-09,24.489795918367346
2007-02-12,22.108843537414966
2007-02-13,26.190476190476193
2007-02-14,29.25170068027211
2007-02-15,30.952380952380953
2007-02-16,27.89115646258503
2007-02-20,35.374149659863946
2007-02-21,30.952380952380953
2007-02-22,29.25170068027211
2007-02-23,26.53061224489796
2007-02-26,22.448979591836736
2007-02-27,3.061224489795918
2007-02-28,2.7210884353741496
2007-03-01,3.061224489795918
2007-03-02,1.3605442176870748
2007-03-05,0.6802721088435374
2007-03-06,1.7006802721088436
2007-03-07,2.380952380952381
2007-03-08,3.061224489795918
2007-03-09,4.421768707482993
2007-03-12,6.462585034013606
2007-03-13,1.3605442176870748
2007-03-14,2.380952380952381
2007-03-15,4.081632653061225
2007-03-16,3.741496598639456
2007-03-19,6.802721088435375
2007-03-20,8.843537414965986
2007-03-21,15.646258503401361
2007-03-22,17.346938775510203
2007-03-23,19.047619047619047
2007-03-26,16.666666666666664
2007-03-27,11.904761904761903
2007-03-28,8.16326530612245
2007-03-29,10.884353741496598
2007-03-30,10.204081632653061
2007-04-02,14.285714285714285
2007-04-03,19.387755102040817
2007-04-04,19.387755102040817
2007-04-05,20.74829931972789
2007-04-09,20.74829931972789
2007-04-10,22.789115646258505
2007-04-11,16.666666666666664
2007-04-12,20.068027210884352
2007-04-13,22.448979591836736
2007-04-16,32.6530612244898
2007-04-17,32.6530612244898
2007-04-18,32.99319727891156
2007-04-19,28.57142857142857
2007-04-20,34.69387755102041
2007-04-23,32.99319727891156
2007-04-24,31.63265306122449
2007-04-25,32.99319727891156
2007-04-26,35.034013605442176
2007-04-27,31.63265306122449
2007-04-30,20.408163265306122
2007-05-01,24.489795918367346
2007-05-02,28.57142857142857
2007-05-03,29.591836734693878
2007-05-04,29.25170068027211
2007-05-07,30.272108843537417
2007-05-08,26.190476190476193
2007-05-09,28.57142857142857
2007-05-10,17.687074829931973
2007-05-11,22.108843537414966
2007-05-14,22.108843537414966
2007-05-15,19.387755102040817
2007-05-16,23.809523809523807
2007-05-17,21.428571428571427
2007-05-18,25.510204081632654
2007-05-21,28.57142857142857
2007-05-22,25.850340136054424
2007-05-23,24.829931972789115
2007-05-24,14.965986394557824
2007-05-25,17.687074829931973
2007-05-29,19.047619047619047
2007-05-30,25.510204081632654
2007-05-31,26.190476190476193
2007-06-01,28.91156462585034
2007-06-04,29.931972789115648
2007-06-05,21.768707482993197
2007-06-06,12.585034013605442
2007-06-07,6.122448979591836
2007-06-08,9.523809523809524
2007-06-11,10.204081632653061
2007-06-12,5.1020408163265305
2007-06-13,10.54421768707483
2007-06-14,14.285714285714285
2007-06-15,18.70748299319728
2007-06-18,15.98639455782313
2007-06-19,15.646258503401361
2007-06-20,11.564625850340136
2007-06-21,14.285714285714285
2007-06-22,10.204081632653061
2007-06-25,6.802721088435375
2007-06-26,5.782312925170068
2007-06-27,8.843537414965986
2007-06-28,8.843537414965986
2007-06-29,6.802721088435375
2007-07-02,13.945578231292515
2007-07-03,14.625850340136054
2007-07-05,13.945578231292515
2007-07-06,18.027210884353742
2007-07-09,19.727891156462583
2007-07-10,9.523809523809524
2007-07-11,12.244897959183673
2007-07-12,20.408163265306122
2007-07-13,22.448979591836736
2007-07-16,20.74829931972789
2007-07-17,20.408163265306122
2007-07-18,19.727891156462583
2007-07-19,23.46938775510204
2007-07-20,13.60544217687075
2007-07-23,14.625850340136054
2007-07-24,8.16326530612245
2007-07-25,12.244897959183673
2007-07-26,6.122448979591836
2007-07-27,3.741496598639456
2007-07-30,5.442176870748299
2007-07-31,3.741496598639456
2007-08-01,4.761904761904762
2007-08-02,5.782312925170068
2007-08-03,2.380952380952381
2007-08-06,5.1020408163265305
2007-08-07,8.16326530612245
2007-08-08,12.244897959183673
2007-08-09,7.482993197278912
2007-08-10,4.081632653061225
2007-08-13,3.061224489795918
2007-08-14,2.0408163265306123
2007-08-15,1.0204081632653061
2007-08-16,1.3605442176870748
2007-08-17,3.741496598639456
2007-08-20,3.4013605442176873
2007-08-21,3.741496598639456
2007-08-22,7.482993197278912
2007-08-23,4.081632653061225
2007-08-24,5.782312925170068
2007-08-27,4.081632653061225
2007-08-28,2.0408163265306123
2007-08-29,4.081632653061225
2007-08-30,4.761904761904762
2007-08-31,6.122448979591836
2007-09-04,9.863945578231291
2007-09-05,7.482993197278912
2007-09-06,7.8231292517006805
2007-09-07,3.061224489795918
2007-09-10,3.4013605442176873
2007-09-11,8.16326530612245
2007-09-12,9.523809523809524
2007-09-13,11.224489795918368
2007-09-14,11.564625850340136
2007-09-17,6.802721088435375
2007-09-18,25.170068027210885
2007-09-19,30.272108843537417
2007-09-20,22.108843537414966
2007-09-21,24.829931972789115
2007-09-24,20.068027210884352
2007-09-25,20.74829931972789
2007-09-26,27.55102040816326
2007-09-27,26.190476190476193
2007-09-28,25.510204081632654
2007-10-01,35.034013605442176
2007-10-02,33.33333333333333
2007-10-03,26.190476190476193
2007-10-04,29.25170068027211
2007-10-05,35.374149659863946
2007-10-08,30.612244897959183
2007-10-09,37.41496598639456
2007-10-10,32.6530612244898
2007-10-11,25.850340136054424
2007-10-12,30.952380952380953
2007-10-15,18.70748299319728
2007-10-16,12.244897959183673
2007-10-17,13.945578231292515
2007-10-18,15.98639455782313
2007-10-19,6.462585034013606
2007-10-22,7.8231292517006805
2007-10-23,14.285714285714285
2007-10-24,12.925170068027212
2007-10-25,12.585034013605442
2007-10-26,16.666666666666664
2007-10-29,17.006802721088434
2007-10-30,15.646258503401361
2007-10-31,20.74829931972789
2007-11-01,8.16326530612245
2007-11-02,11.224489795918368
2007-11-05,11.224489795918368
2007-11-06,13.60544217687075
2007-11-07,5.442176870748299
2007-11-08,7.142857142857142
2007-11-09,5.1020408163265305
2007-11-12,3.4013605442176873
2007-11-13,7.142857142857142
2007-11-14,6.122448979591836
2007-11-15,5.442176870748299
2007-11-16,7.142857142857142
2007-11-19,6.462585034013606
2007-11-20,6.802721088435375
2007-11-21,4.081632653061225
2007-11-23,4.761904761904762
2007-11-26,4.081632653061225
2007-11-27,5.442176870748299
2007-11-28,11.564625850340136
2007-11-29,9.863945578231291
2007-11-30,10.884353741496598
2007-12-03,10.884353741496598
2007-12-04,10.884353741496598
2007-12-05,13.945578231292515
2007-12-06,20.408163265306122
2007-12-07,20.068027210884352
2007-12-10,25.510204081632654
2007-12-11,6.122448979591836
2007-12-12,9.183673469387756
2007-12-13,11.564625850340136
2007-12-14,5.1020408163265305
2007-12-17,2.0408163265306123
2007-12-18,2.0408163265306123
2007-12-19,2.7210884353741496
2007-12-20,6.462585034013606
2007-12-21,9.863945578231291
2007-12-24,15.306122448979592
2007-12-26,13.60544217687075
2007-12-27,5.442176870748299
2007-12-28,6.802721088435375
2007-12-31,3.061224489795918
2008-01-02,2.7210884353741496
2008-01-03,3.4013605442176873
2008-01-04,1.0204081632653061
2008-01-07,2.380952380952381
2008-01-08,3.061224489795918
2008-01-09,4.421768707482993
2008-01-10,5.442176870748299
2008-01-11,4.761904761904762
2008-01-14,3.741496598639456
2008-01-15,2.7210884353741496
2008-01-16,1.7006802721088436
2008-01-17,0.6802721088435374
2008-01-18,0.3401360544217687
2008-01-22,1.0204081632653061
2008-01-23,2.380952380952381
2008-01-24,2.0408163265306123
2008-01-25,2.0408163265306123
2008-01-28,3.4013605442176873
2008-01-29,4.761904761904762
2008-01-30,4.081632653061225
2008-01-31,9.183673469387756
2008-02-01,14.625850340136054
2008-02-04,7.482993197278912
2008-02-05,2.0408163265306123
2008-02-06,1.7006802721088436
2008-02-07,2.0408163265306123
2008-02-08,1.7006802721088436
2008-02-11,2.7210884353741496
2008-02-12,4.081632653061225
2008-02-13,9.863945578231291
2008-02-14,3.741496598639456
2008-02-15,3.061224489795918
2008-02-19,4.081632653061225
2008-02-20,5.442176870748299
2008-02-21,3.741496598639456
2008-02-22,4.421768707482993
2008-02-25,10.204081632653061
2008-02-26,17.006802721088434
2008-02-27,13.26530612244898
2008-02-28,8.843537414965986
2008-02-29,3.741496598639456
2008-03-03,4.081632653061225
2008-03-04,3.4013605442176873
2008-03-05,5.782312925170068
2008-03-06,2.7210884353741496
2008-03-07,2.380952380952381
2008-03-10,2.0408163265306123
2008-03-11,3.061224489795918
2008-03-12,3.741496598639456
2008-03-13,5.1020408163265305
2008-03-14,3.061224489795918
2008-03-17,2.0408163265306123
2008-03-18,7.8231292517006805
2008-03-19,4.081632653061225
2008-03-20,8.503401360544217
2008-03-24,12.925170068027212
2008-03-25,13.26530612244898
2008-03-26,7.482993197278912
2008-03-27,4.081632653061225
2008-03-28,3.061224489795918
2008-03-31,5.782312925170068
2008-04-01,22.789115646258505
2008-04-02,21.428571428571427
2008-04-03,19.047619047619047
2008-04-04,18.70748299319728
2008-04-07,19.727891156462583
2008-04-08,13.945578231292515
2008-04-09,9.183673469387756
2008-04-10,8.503401360544217
2008-04-11,6.122448979591836
2008-04-14,5.442176870748299
2008-04-15,7.8231292517006805
2008-04-16,19.727891156462583
2008-04-17,18.027210884353742
2008-04-18,26.87074829931973
2008-04-21,22.448979591836736
2008-04-22,12.925170068027212
2008-04-23,19.727891156462583
2008-04-24,22.789115646258505
2008-04-25,29.931972789115648
2008-04-28,27.55102040816326
2008-04-29,22.789115646258505
2008-04-30,21.428571428571427
2008-05-01,33.6734693877551
2008-05-02,28.57142857142857
2008-05-05,24.149659863945576
2008-05-06,28.91156462585034
2008-05-07,11.904761904761903
2008-05-08,15.306122448979592
2008-05-09,14.625850340136054
2008-05-12,22.789115646258505
2008-05-13,24.489795918367346
2008-05-14,26.190476190476193
2008-05-15,32.6530612244898
2008-05-16,30.612244897959183
2008-05-19,28.57142857142857
2008-05-20,21.08843537414966
2008-05-21,13.60544217687075
2008-05-22,14.285714285714285
2008-05-23,7.482993197278912
2008-05-27,10.54421768707483
2008-05-28,11.904761904761903
2008-05-29,16.3265306122449
2008-05-30,19.387755102040817
2008-06-02,12.925170068027212
2008-06-03,10.54421768707483
2008-06-04,12.585034013605442
2008-06-05,22.789115646258505
2008-06-06,4.761904761904762
2008-06-09,5.782312925170068
2008-06-10,3.061224489795918
2008-06-11,1.3605442176870748
2008-06-12,1.3605442176870748
2008-06-13,5.782312925170068
2008-06-16,5.442176870748299
2008-06-17,6.122448979591836
2008-06-18,2.7210884353741496
2008-06-19,6.122448979591836
2008-06-20,2.380952380952381
2008-06-23,2.7210884353741496
2008-06-24,1.3605442176870748
2008-06-25,3.741496598639456
2008-06-26,1.3605442176870748
2008-06-27,1.7006802721088436
2008-06-30,1.7006802721088436
2008-07-01,2.7210884353741496
2008-07-02,2.0408163265306123
2008-07-03,2.380952380952381
2008-07-07,1.0204081632653061
2008-07-08,3.4013605442176873
2008-07-09,2.380952380952381
2008-07-10,3.061224489795918
2008-07-11,1.0204081632653061
2008-07-14,1.0204081632653061
2008-07-15,2.7210884353741496
2008-07-16,5.782312925170068
2008-07-17,9.523809523809524
2008-07-18,9.523809523809524
2008-07-21,5.782312925170068
2008-07-22,12.925170068027212
2008-07-23,16.666666666666664
2008-07-24,6.802721088435375
2008-07-25,7.8231292517006805
2008-07-28,4.421768707482993
2008-07-29,9.183673469387756
2008-07-30,9.523809523809524
2008-07-31,10.204081632653061
2008-08-01,8.843537414965986
2008-08-04,8.843537414965986
2008-08-05,18.027210884353742
2008-08-06,17.687074829931973
2008-08-07,9.863945578231291
2008-08-08,20.408163265306122
2008-08-11,29.931972789115648
2008-08-12,18.70748299319728
2008-08-13,14.625850340136054
2008-08-14,20.068027210884352
2008-08-15,21.768707482993197
2008-08-18,12.244897959183673
2008-08-19,8.16326530612245
2008-08-20,7.142857142857142
2008-08-21,6.122448979591836
2008-08-22,11.904761904761903
2008-08-25,3.741496598639456
2008-08-26,6.122448979591836
2008-08-27,9.183673469387756
2008-08-28,15.646258503401361
2008-08-29,8.503401360544217
2008-09-02,10.204081632653061
2008-09-03,13.26530612244898
2008-09-04,3.741496598639456
2008-09-05,5.442176870748299
2008-09-08,15.306122448979592
2008-09-09,5.1020408163265305
2008-09-10,4.761904761904762
2008-09-11,7.8231292517006805
2008-09-12,8.503401360544217
2008-09-15,3.741496598639456
2008-09-16,8.503401360544217
2008-09-17,2.7210884353741496
2008-09-18,9.863945578231291
2008-09-19,10.884353741496598
2008-09-22,2.7210884353741496
2008-09-23,2.380952380952381
2008-09-24,2.380952380952381
2008-09-25,2.380952380952381
2008-09-26,4.081632653061225
2008-09-29,0.6802721088435374
2008-09-30,1.7006802721088436
2008-10-01,1.0204081632653061
2008-10-02,0.6802721088435374
2008-10-03,0.3401360544217687
2008-10-06,0.0
2008-10-07,0.0
2008-10-08,0.0
2008-10-09,0.0
2008-10-10,0.3401360544217687
2008-10-13,0.0
2008-10-14,0.0
2008-10-15,0.0
2008-10-16,0.0
2008-10-17,0.3401360544217687
2008-10-20,0.3401360544217687
2008-10-21,0.3401360544217687
2008-10-22,0.3401360544217687
2008-10-23,0.0
2008-10-24,0.0
2008-10-27,0.0
2008-10-28,0.0
2008-10-29,0.3401360544217687
2008-10-30,0.3401360544217687
2008-10-31,1.0204081632653061
2008-11-03,0.6802721088435374
2008-11-04,1.7006802721088436
2008-11-05,0.6802721088435374
2008-11-06,0.0
2008-11-07,0.0
2008-11-10,0.0
2008-11-11,0.3401360544217687
2008-11-12,0.3401360544217687
2008-11-13,0.6802721088435374
2008-11-14,0.6802721088435374
2008-11-17,0.6802721088435374
2008-11-18,0.6802721088435374
2008-11-19,0.0
2008-11-20,0.0
2008-11-21,0.0
2008-11-24,1.0204081632653061
2008-11-25,0.6802721088435374
2008-11-26,1.7006802721088436
2008-11-28,2.7210884353741496
2008-12-01,0.0
2008-12-02,0.3401360544217687
2008-12-03,0.6802721088435374
2008-12-04,0.6802721088435374
2008-12-05,2.380952380952381
2008-12-08,3.741496598639456
2008-12-09,2.0408163265306123
2008-12-10,5.782312925170068
2008-12-11,1.0204081632653061
2008-12-12,3.4013605442176873
2008-12-15,2.380952380952381
2008-12-16,8.16326530612245
2008-12-17,9.183673469387756
2008-12-18,7.142857142857142
2008-12-19,8.503401360544217
2008-12-22,3.4013605442176873
2008-12-23,2.7210884353741496
2008-12-24,2.0408163265306123
2008-12-26,4.081632653061225
2008-12-29,4.081632653061225
2008-12-30,8.16326530612245
2008-12-31,12.925170068027212
2009-01-02,24.149659863945576
2009-01-05,25.170068027210885
2009-01-06,29.25170068027211
2009-01-07,11.904761904761903
2009-01-08,16.3265306122449
2009-01-09,7.482993197278912
2009-01-12,3.061224489795918
2009-01-13,5.1020408163265305
2009-01-14,2.380952380952381
2009-01-15,3.4013605442176873
2009-01-16,4.421768707482993
2009-01-20,1.3605442176870748
2009-01-21,2.7210884353741496
2009-01-22,3.061224489795918
2009-01-23,2.380952380952381
2009-01-26,3.4013605442176873
2009-01-27,6.462585034013606
2009-01-28,11.904761904761903
2009-01-29,7.142857142857142
2009-01-30,3.4013605442176873
2009-02-02,5.1020408163265305
2009-02-03,7.8231292517006805
2009-02-04,6.802721088435375
2009-02-05,11.564625850340136
2009-02-06,16.3265306122449
2009-02-09,14.625850340136054
2009-02-10,4.081632653061225
2009-02-11,4.761904761904762
2009-02-12,4.421768707482993
2009-02-13,5.442176870748299
2009-02-17,1.3605442176870748
2009-02-18,2.0408163265306123
2009-02-19,1.3605442176870748
2009-02-20,2.0408163265306123
2009-02-23,0.3401360544217687
2009-02-24,2.0408163265306123
2009-02-25,2.380952380952381
2009-02-26,1.3605442176870748
2009-02-27,2.0408163265306123
2009-03-02,0.6802721088435374
2009-03-03,1.3605442176870748
2009-03-04,2.0408163265306123
2009-03-05,0.6802721088435374
2009-03-06,0.6802721088435374
2009-03-09,0.3401360544217687
2009-03-10,2.0408163265306123
2009-03-11,2.7210884353741496
2009-03-12,5.782312925170068
2009-03-13,7.142857142857142
2009-03-16,5.1020408163265305
2009-03-17,9.523809523809524
2009-03-18,19.387755102040817
2009-03-19,13.60544217687075
2009-03-20,7.482993197278912
2009-03-23,27.55102040816326
2009-03-24,17.006802721088434
2009-03-25,18.027210884353742
2009-03-26,31.292517006802722
2009-03-27,17.006802721088434
2009-03-30,7.142857142857142
2009-03-31,9.183673469387756
2009-04-01,13.26530612244898
2009-04-02,27.89115646258503
2009-04-03,31.292517006802722
2009-04-06,23.809523809523807
2009-04-07,9.523809523809524
2009-04-08,13.945578231292515
2009-04-09,33.6734693877551
2009-04-13,31.63265306122449
2009-04-14,18.367346938775512
2009-04-15,24.149659863945576
2009-04-16,33.33333333333333
2009-04-17,38.095238095238095
2009-04-20,8.16326530612245
2009-04-21,19.047619047619047
2009-04-22,22.108843537414966
2009-04-23,21.08843537414966
2009-04-24,27.2108843537415
2009-04-27,19.047619047619047
2009-04-28,17.006802721088434
2009-04-29,27.89115646258503
2009-04-30,28.91156462585034
2009-05-01,28.2312925170068
2009-05-04,40.136054421768705
2009-05-05,36.054421768707485
2009-05-06,36.734693877551024
2009-05-07,23.809523809523807
2009-05-08,30.612244897959183
2009-05-11,20.408163265306122
2009-05-12,17.687074829931973
2009-05-13,5.782312925170068
2009-05-14,7.142857142857142
2009-05-15,4.081632653061225
2009-05-18,12.244897959183673
2009-05-19,14.285714285714285
2009-05-20,14.625850340136054
2009-05-21,5.782312925170068
2009-05-22,7.142857142857142
2009-05-26,18.367346938775512
2009-05-27,9.183673469387756
2009-05-28,13.26530612244898
2009-05-29,18.70748299319728
2009-06-01,31.97278911564626
2009-06-02,32.6530612244898
2009-06-03,23.12925170068027
2009-06-04,27.89115646258503
2009-06-05,23.809523809523807
2009-06-08,20.74829931972789
2009-06-09,21.768707482993197
2009-06-10,20.408163265306122
2009-06-11,22.789115646258505
2009-06-12,23.809523809523807
2009-06-15,6.802721088435375
2009-06-16,4.421768707482993
2009-06-17,5.442176870748299
2009-06-18,10.54421768707483
2009-06-19,11.224489795918368
2009-06-22,6.462585034013606
2009-06-23,5.1020408163265305
2009-06-24,6.462585034013606
2009-06-25,10.884353741496598
2009-06-26,13.26530612244898
2009-06-29,15.646258503401361
2009-06-30,11.904761904761903
2009-07-01,15.646258503401361
2009-07-02,4.081632653061225
2009-07-06,5.782312925170068
2009-07-07,1.7006802721088436
2009-07-08,2.0408163265306123
2009-07-09,2.0408163265306123
2009-07-10,1.7006802721088436
2009-07-13,4.761904761904762
2009-07-14,7.142857142857142
2009-07-15,20.408163265306122
2009-07-16,23.12925170068027
2009-07-17,23.12925170068027
2009-07-20,33.33333333333333
2009-07-21,33.33333333333333
2009-07-22,34.35374149659864
2009-07-23,48.97959183673469
2009-07-24,47.61904761904761
2009-07-27,48.29931972789115
2009-07-28,43.197278911564624
2009-07-29,39.1156462585034
2009-07-30,44.5578231292517
2009-07-31,42.517006802721085
2009-08-03,47.27891156462585
2009-08-04,49.31972789115646
2009-08-05,41.83673469387755
2009-08-06,35.714285714285715
2009-08-07,42.857142857142854
2009-08-10,40.136054421768705
2009-08-11,32.31292517006803
2009-08-12,38.095238095238095
2009-08-13,38.775510204081634
2009-08-14,31.63265306122449
2009-08-17,14.965986394557824
2009-08-18,19.047619047619047
2009-08-19,21.428571428571427
2009-08-20,27.89115646258503
2009-08-21,40.136054421768705
2009-08-24,35.714285714285715
2009-08-25,37.07482993197279
2009-08-26,35.714285714285715
2009-08-27,36.734693877551024
2009-08-28,34.69387755102041
2009-08-31,26.53061224489796
2009-09-01,7.8231292517006805
2009-09-02,7.142857142857142
2009-09-03,9.863945578231291
2009-09-04,19.727891156462583
2009-09-08,23.809523809523807
2009-09-09,28.57142857142857
2009-09-10,35.374149659863946
2009-09-11,32.6530612244898
2009-09-14,36.734693877551024
2009-09-15,38.435374149659864
2009-09-16,43.87755102040816
2009-09-17,39.1156462585034
2009-09-18,39.1156462585034
2009-09-21,37.07482993197279
2009-09-22,36.054421768707485
2009-09-23,28.57142857142857
2009-09-24,18.027210884353742
2009-09-25,11.904761904761903
2009-09-28,26.87074829931973
2009-09-29,22.789115646258505
2009-09-30,17.687074829931973
2009-10-01,5.442176870748299
2009-10-02,4.761904761904762
2009-10-05,7.142857142857142
2009-10-06,14.625850340136054
2009-10-07,14.285714285714285
2009-10-08,20.068027210884352
2009-10-09,26.190476190476193
2009-10-12,28.57142857142857
2009-10-13,21.428571428571427
2009-10-14,36.394557823129254
2009-10-15,37.755102040816325
2009-10-16,29.25170068027211
2009-10-19,34.35374149659864
2009-10-20,25.850340136054424
2009-10-21,19.047619047619047
2009-10-22,25.170068027210885
2009-10-23,13.945578231292515
2009-10-26,9.523809523809524
2009-10-27,6.462585034013606
2009-10-28,2.7210884353741496
2009-10-29,5.782312925170068
2009-10-30,2.0408163265306123
2009-11-02,3.741496598639456
2009-11-03,4.421768707482993
2009-11-04,5.782312925170068
2009-11-05,11.564625850340136
2009-11-06,12.244897959183673
2009-11-09,26.87074829931973
2009-11-10,26.190476190476193
2009-11-11,28.2312925170068
2009-11-12,18.367346938775512
2009-11-13,24.489795918367346
2009-11-16,35.374149659863946
2009-11-17,31.63265306122449
2009-11-18,29.25170068027211
2009-11-19,15.98639455782313
2009-11-20,15.306122448979592
2009-11-23,22.448979591836736
2009-11-24,21.428571428571427
2009-11-25,24.829931972789115
2009-11-27,13.26530612244898
2009-11-30,13.26530612244898
2009-12-01,22.448979591836736
2009-12-02,24.829931972789115
2009-12-03,19.727891156462583
2009-12-04,27.89115646258503
2009-12-07,23.809523809523807
2009-12-08,19.047619047619047
2009-12-09,18.027210884353742
2009-12-10,20.068027210884352
2009-12-11,21.08843537414966
2009-12-14,30.612244897959183
2009-12-15,25.850340136054424
2009-12-16,29.591836734693878
2009-12-17,18.70748299319728
2009-12-18,21.428571428571427
2009-12-21,26.190476190476193
2009-12-22,28.57142857142857
2009-12-23,34.01360544217687
2009-12-24,36.734693877551024
2009-12-28,34.69387755102041
2009-12-29,30.952380952380953
2009-12-30,29.591836734693878
2009-12-31,18.027210884353742
2010-01-04,27.2108843537415
2010-01-05,26.190476190476193
2010-01-06,27.2108843537415
2010-01-07,28.2312925170068
2010-01-08,30.952380952380953
2010-01-11,31.63265306122449
2010-01-12,22.789115646258505
2010-01-13,30.952380952380953
2010-01-14,28.91156462585034
2010-01-15,19.047619047619047
2010-01-19,25.850340136054424
2010-01-20,19.387755102040817
2010-01-21,7.482993197278912
2010-01-22,2.7210884353741496
2010-01-25,3.741496598639456
2010-01-26,4.761904761904762
2010-01-27,7.142857142857142
2010-01-28,4.081632653061225
2010-01-29,3.741496598639456
2010-02-01,4.081632653061225
2010-02-02,7.8231292517006805
2010-02-03,5.442176870748299
2010-02-04,1.3605442176870748
2010-02-05,2.0408163265306123
2010-02-08,1.7006802721088436
2010-02-09,3.4013605442176873
2010-02-10,3.061224489795918
2010-02-11,5.1020408163265305
2010-02-12,5.442176870748299
2010-02-16,8.503401360544217
2010-02-17,12.244897959183673
2010-02-18,19.727891156462583
2010-02-19,23.12925170068027
2010-02-22,20.74829931972789
2010-02-23,12.585034013605442
2010-02-24,18.367346938775512
2010-02-25,17.346938775510203
2010-02-26,18.367346938775512
2010-03-01,24.829931972789115
2010-03-02,28.91156462585034
2010-03-03,27.89115646258503
2010-03-04,30.952380952380953
2010-03-05,45.91836734693878
2010-03-08,43.53741496598639
2010-03-09,45.23809523809524
2010-03-10,45.57823129251701
2010-03-11,46.93877551020408
2010-03-12,42.857142857142854
2010-03-15,43.197278911564624
2010-03-16,47.95918367346938
2010-03-17,53.06122448979592
2010-03-18,48.63945578231292
2010-03-19,39.795918367346935
2010-03-22,46.59863945578231
2010-03-23,50.34013605442177
2010-03-24,40.476190476190474
2010-03-25,33.6734693877551
2010-03-26,32.31292517006803
2010-03-29,36.734693877551024
2010-03-30,37.755102040816325
2010-03-31,30.952380952380953
2010-04-01,35.034013605442176
2010-04-05,43.197278911564624
2010-04-06,45.23809523809524
2010-04-07,36.734693877551024
2010-04-08,34.01360544217687
2010-04-09,40.476190476190474
2010-04-12,41.83673469387755
2010-04-13,41.156462585034014
2010-04-14,46.25850340136054
2010-04-15,45.91836734693878
2010-04-16,31.292517006802722
2010-04-19,28.57142857142857
2010-04-20,39.795918367346935
2010-04-21,40.136054421768705
2010-04-22,41.156462585034014
2010-04-23,46.93877551020408
2010-04-26,44.21768707482993
2010-04-27,18.70748299319728
2010-04-28,20.068027210884352
2010-04-29,31.97278911564626
2010-04-30,16.3265306122449
2010-05-03,27.2108843537415
2010-05-04,8.503401360544217
2010-05-05,6.462585034013606
2010-05-06,1.7006802721088436
2010-05-07,1.0204081632653061
2010-05-10,4.081632653061225
2010-05-11,6.122448979591836
2010-05-12,9.523809523809524
2010-05-13,7.142857142857142
2010-05-14,3.061224489795918
2010-05-17,4.421768707482993
2010-05-18,3.741496598639456
2010-05-19,2.7210884353741496
2010-05-20,0.6802721088435374
2010-05-21,0.6802721088435374
2010-05-24,0.6802721088435374
2010-05-25,1.0204081632653061
2010-05-26,1.3605442176870748
2010-05-27,3.4013605442176873
2010-05-28,3.4013605442176873
2010-06-01,1.7006802721088436
2010-06-02,3.061224489795918
2010-06-03,4.761904761904762
2010-06-04,1.0204081632653061
2010-06-07,0.6802721088435374
2010-06-08,1.0204081632653061
2010-06-09,1.0204081632653061
2010-06-10,2.380952380952381
2010-06-11,4.421768707482993
2010-06-14,6.122448979591836
2010-06-15,14.965986394557824
2010-06-16,13.26530612244898
2010-06-17,16.666666666666664
2010-06-18,17.006802721088434
2010-06-21,11.564625850340136
2010-06-22,3.741496598639456
2010-06-23,4.081632653061225
2010-06-24,1.7006802721088436
2010-06-25,4.081632653061225
2010-06-28,3.741496598639456
2010-06-29,1.3605442176870748
2010-06-30,0.3401360544217687
2010-07-01,0.3401360544217687
2010-07-02,0.3401360544217687
2010-07-06,1.0204081632653061
2010-07-07,4.761904761904762
2010-07-08,6.462585034013606
2010-07-09,10.54421768707483
2010-07-12,8.16326530612245
2010-07-13,15.646258503401361
2010-07-14,14.625850340136054
2010-07-15,15.306122448979592
2010-07-16,2.380952380952381
2010-07-19,5.1020408163265305
2010-07-20,10.884353741496598
2010-07-21,4.421768707482993
2010-07-22,14.285714285714285
2010-07-23,23.809523809523807
2010-07-26,33.33333333333333
2010-07-27,29.591836734693878
2010-07-28,21.08843537414966
2010-07-29,16.666666666666664
2010-07-30,14.965986394557824
2010-08-02,31.292517006802722
2010-08-03,23.809523809523807
2010-08-04,31.292517006802722
2010-08-05,27.55102040816326
2010-08-06,24.489795918367346
2010-08-09,29.591836734693878
2010-08-10,21.428571428571427
2010-08-11,6.462585034013606
2010-08-12,5.1020408163265305
2010-08-13,5.1020408163265305
2010-08-16,5.1020408163265305
2010-08-17,9.183673469387756
2010-08-18,9.183673469387756
2010-08-19,4.761904761904762
2010-08-20,5.442176870748299
2010-08-23,5.442176870748299
2010-08-24,3.061224489795918
2010-08-25,4.421768707482993
2010-08-26,3.061224489795918
2010-08-27,7.482993197278912
2010-08-30,3.061224489795918
2010-08-31,4.421768707482993
2010-09-01,11.224489795918368
2010-09-02,17.006802721088434
2010-09-03,27.89115646258503
2010-09-07,17.687074829931973
2010-09-08,19.387755102040817
2010-09-09,23.809523809523807
2010-09-10,27.55102040816326
2010-09-13,32.99319727891156
2010-09-14,34.69387755102041
2010-09-15,37.41496598639456
2010-09-16,34.35374149659864
2010-09-17,37.41496598639456
2010-09-20,47.95918367346938
2010-09-21,42.17687074829932
2010-09-22,34.01360544217687
2010-09-23,21.08843537414966
2010-09-24,41.49659863945578
2010-09-27,34.69387755102041
2010-09-28,38.095238095238095
2010-09-29,36.054421768707485
2010-09-30,32.99319727891156
2010-10-01,34.35374149659864
2010-10-04,24.149659863945576
2010-10-05,42.857142857142854
2010-10-06,37.07482993197279
2010-10-07,32.99319727891156
2010-10-08,38.095238095238095
2010-10-11,39.1156462585034
2010-10-12,40.136054421768705
2010-10-13,45.57823129251701
2010-10-14,41.156462585034014
2010-10-15,39.1156462585034
2010-10-18,46.93877551020408
2010-10-19,20.74829931972789
2010-10-20,39.1156462585034
2010-10-21,36.394557823129254
2010-10-22,39.455782312925166
2010-10-25,42.17687074829932
2010-10-26,38.775510204081634
2010-10-27,34.35374149659864
2010-10-28,33.6734693877551
2010-10-29,31.97278911564626
2010-11-01,30.612244897959183
2010-11-02,39.1156462585034
2010-11-03,40.476190476190474
2010-11-04,51.70068027210885
2010-11-05,52.04081632653062
2010-11-08,46.25850340136054
2010-11-09,37.07482993197279
2010-11-10,36.394557823129254
2010-11-11,31.97278911564626
2010-11-12,17.346938775510203
2010-11-15,20.068027210884352
2010-11-16,6.802721088435375
2010-11-17,8.503401360544217
2010-11-18,17.687074829931973
2010-11-19,19.387755102040817
2010-11-22,20.408163265306122
2010-11-23,9.863945578231291
2010-11-24,21.08843537414966
2010-11-26,14.285714285714285
2010-11-29,12.244897959183673
2010-11-30,11.224489795918368
2010-12-01,27.2108843537415
2010-12-02,31.63265306122449
2010-12-03,35.034013605442176
2010-12-06,30.952380952380953
2010-12-07,35.374149659863946
2010-12-08,32.6530612244898
2010-12-09,36.394557823129254
2010-12-10,41.156462585034014
2010-12-13,39.1156462585034
2010-12-14,38.775510204081634
2010-12-15,34.35374149659864
2010-12-16,41.83673469387755
2010-12-17,40.816326530612244
2010-12-20,41.49659863945578
2010-12-21,44.89795918367347
2010-12-22,44.21768707482993
2010-12-23,40.136054421768705
2010-12-27,40.816326530612244
2010-12-28,39.455782312925166
2010-12-29,40.136054421768705
2010-12-30,37.07482993197279
2010-12-31,29.25170068027211
2011-01-03,42.17687074829932
2011-01-04,32.6530612244898
2011-01-05,31.292517006802722
2011-01-06,29.25170068027211
2011-01-07,26.53061224489796
2011-01-10,28.57142857142857
2011-01-11,31.292517006802722
2011-01-12,36.394557823129254
2011-01-13,36.734693877551024
2011-01-14,39.455782312925166
2011-01-18,41.49659863945578
2011-01-19,24.489795918367346
2011-01-20,22.448979591836736
2011-01-21,23.12925170068027
2011-01-24,28.2312925170068
2011-01-25,31.292517006802722
2011-01-26,35.374149659863946
2011-01-27,38.775510204081634
2011-01-28,15.98639455782313
2011-01-31,18.70748299319728
2011-02-01,34.01360544217687
2011-02-02,27.89115646258503
2011-02-03,29.25170068027211
2011-02-04,34.35374149659864
2011-02-07,37.755102040816325
2011-02-08,41.156462585034014
2011-02-09,39.1156462585034
2011-02-10,39.1156462585034
2011-02-11,43.53741496598639
2011-02-14,41.49659863945578
2011-02-15,37.755102040816325
2011-02-16,41.83673469387755
2011-02-17,42.17687074829932
2011-02-18,45.23809523809524
2011-02-22,19.387755102040817
2011-02-23,11.564625850340136
2011-02-24,12.585034013605442
2011-02-25,21.428571428571427
2011-02-28,26.87074829931973
2011-03-01,11.224489795918368
2011-03-02,13.945578231292515
2011-03-03,27.55102040816326
2011-03-04,21.428571428571427
2011-03-07,12.585034013605442
2011-03-08,21.08843537414966
2011-03-09,23.12925170068027
2011-03-10,9.183673469387756
2011-03-11,11.224489795918368
2011-03-14,6.462585034013606
2011-03-15,3.4013605442176873
2011-03-16,2.380952380952381
2011-03-17,3.061224489795918
2011-03-18,6.122448979591836
2011-03-21,10.204081632653061
2011-03-22,9.183673469387756
2011-03-23,9.523809523809524
2011-03-24,13.945578231292515
2011-03-25,17.687074829931973
2011-03-28,15.646258503401361
2011-03-29,22.789115646258505
2011-03-30,28.2312925170068
2011-03-31,27.89115646258503
2011-04-01,35.374149659863946
2011-04-04,36.054421768707485
2011-04-05,35.374149659863946
2011-04-06,37.07482993197279
2011-04-07,29.931972789115648
2011-04-08,20.74829931972789
2011-04-11,19.387755102040817
2011-04-12,15.646258503401361
2011-04-13,16.3265306122449
2011-04-14,17.006802721088434
2011-04-15,22.789115646258505
2011-04-18,12.925170068027212
2011-04-19,15.98639455782313
2011-04-20,27.89115646258503
2011-04-21,31.292517006802722
2011-04-25,26.87074829931973
2011-04-26,37.41496598639456
2011-04-27,42.517006802721085
2011-04-28,44.21768707482993
2011-04-29,45.91836734693878
2011-05-02,43.87755102040816
2011-05-03,36.054421768707485
2011-05-04,27.2108843537415
2011-05-05,23.12925170068027
2011-05-06,25.510204081632654
2011-05-09,31.292517006802722
2011-05-10,36.054421768707485
2011-05-11,27.89115646258503
2011-05-12,34.35374149659864
2011-05-13,26.87074829931973
2011-05-16,20.068027210884352
2011-05-17,19.727891156462583
2011-05-18,24.149659863945576
2011-05-19,24.489795918367346
2011-05-20,18.367346938775512
2011-05-23,9.183673469387756
2011-05-24,8.503401360544217
2011-05-25,8.16326530612245
2011-05-26,11.904761904761903
2011-05-27,13.26530612244898
2011-05-31,21.428571428571427
2011-06-01,5.442176870748299
2011-06-02,3.4013605442176873
2011-06-03,2.7210884353741496
2011-06-06,0.6802721088435374
2011-06-07,2.0408163265306123
2011-06-08,1.7006802721088436
2011-06-09,3.4013605442176873
2011-06-10,0.3401360544217687
2011-06-13,0.6802721088435374
2011-06-14,2.0408163265306123
2011-06-15,0.3401360544217687
2011-06-16,0.6802721088435374
2011-06-17,1.3605442176870748
2011-06-20,4.081632653061225
2011-06-21,7.482993197278912
2011-06-22,5.1020408163265305
2011-06-23,6.802721088435375
2011-06-24,4.081632653061225
2011-06-27,5.442176870748299
2011-06-28,12.244897959183673
2011-06-29,14.965986394557824
2011-06-30,23.12925170068027
2011-07-01,39.455782312925166
2011-07-05,31.97278911564626
2011-07-06,35.034013605442176
2011-07-07,42.857142857142854
2011-07-08,31.292517006802722
2011-07-11,10.884353741496598
2011-07-12,8.843537414965986
2011-07-13,10.54421768707483
2011-07-14,8.503401360544217
2011-07-15,9.863945578231291
2011-07-18,6.122448979591836
2011-07-19,14.285714285714285
2011-07-20,13.26530612244898
2011-07-21,22.448979591836736
2011-07-22,20.74829931972789
2011-07-25,12.244897959183673
2011-07-26,11.564625850340136
2011-07-27,4.081632653061225
2011-07-28,3.4013605442176873
2011-07-29,2.7210884353741496
2011-08-01,3.061224489795918
2011-08-02,0.6802721088435374
2011-08-03,0.6802721088435374
2011-08-04,0.0
2011-08-05,0.0
2011-08-08,0.0
2011-08-09,0.0
2011-08-10,0.0
2011-08-11,0.0
2011-08-12,0.0
2011-08-15,0.3401360544217687
2011-08-16,0.6802721088435374
2011-08-17,0.6802721088435374
2011-08-18,0.0
2011-08-19,0.0
2011-08-22,0.3401360544217687
2011-08-23,1.3605442176870748
2011-08-24,2.380952380952381
2011-08-25,0.3401360544217687
2011-08-26,1.7006802721088436
2011-08-29,4.421768707482993
2011-08-30,5.782312925170068
2011-08-31,9.523809523809524
2011-09-01,4.421768707482993
2011-09-02,1.0204081632653061
2011-09-06,1.3605442176870748
2011-09-07,4.421768707482993
2011-09-08,3.061224489795918
2011-09-09,1.7006802721088436
2011-09-12,1.7006802721088436
2011-09-13,2.380952380952381
2011-09-14,6.122448979591836
2011-09-15,12.244897959183673
2011-09-16,15.646258503401361
2011-09-19,12.925170068027212
2011-09-20,11.224489795918368
2011-09-21,4.761904761904762
2011-09-22,0.3401360544217687
2011-09-23,1.7006802721088436
2011-09-26,4.421768707482993
2011-09-27,5.1020408163265305
2011-09-28,0.6802721088435374
2011-09-29,2.0408163265306123
2011-09-30,1.0204081632653061
2011-10-03,0.6802721088435374
2011-10-04,0.3401360544217687
2011-10-05,1.0204081632653061
2011-10-06,3.741496598639456
2011-10-07,3.4013605442176873
2011-10-10,10.884353741496598
2011-10-11,8.16326530612245
2011-10-12,15.646258503401361
2011-10-13,14.965986394557824
2011-10-14,23.809523809523807
2011-10-17,7.142857142857142
2011-10-18,21.08843537414966
2011-10-19,11.564625850340136
2011-10-20,17.006802721088434
2011-10-21,31.292517006802722
2011-10-24,46.59863945578231
2011-10-25,20.068027210884352
2011-10-26,28.91156462585034
2011-10-27,53.40136054421769
2011-10-28,48.97959183673469
2011-10-31,23.46938775510204
2011-11-01,5.782312925170068
2011-11-02,12.925170068027212
2011-11-03,28.2312925170068
2011-11-04,25.850340136054424
2011-11-07,25.850340136054424
2011-11-08,32.6530612244898
2011-11-09,5.782312925170068
2011-11-10,8.503401360544217
2011-11-11,19.727891156462583
2011-11-14,12.244897959183673
2011-11-15,15.646258503401361
2011-11-16,6.462585034013606
2011-11-17,3.061224489795918
2011-11-18,2.0408163265306123
2011-11-21,1.3605442176870748
2011-11-22,1.0204081632653061
2011-11-23,1.0204081632653061
2011-11-25,0.3401360544217687
2011-11-28,1.3605442176870748
2011-11-29,2.0408163265306123
2011-11-30,19.047619047619047
2011-12-01,17.346938775510203
2011-12-02,15.646258503401361
2011-12-05,26.190476190476193
2011-12-06,24.829931972789115
2011-12-07,24.829931972789115
2011-12-08,7.482993197278912
2011-12-09,19.387755102040817
2011-12-12,10.204081632653061
2011-12-13,6.802721088435375
2011-12-14,4.421768707482993
2011-12-15,7.142857142857142
2011-12-16,11.224489795918368
2011-12-19,7.142857142857142
2011-12-20,19.727891156462583
2011-12-21,23.809523809523807
2011-12-22,28.91156462585034
2011-12-23,34.69387755102041
2011-12-27,37.07482993197279
2011-12-28,22.448979591836736
2011-12-29,34.01360544217687
2011-12-30,23.46938775510204
2012-01-03,28.2312925170068
2012-01-04,22.789115646258505
2012-01-05,28.2312925170068
2012-01-06,26.53061224489796
2012-01-09,30.952380952380953
2012-01-10,40.816326530612244
2012-01-11,41.49659863945578
2012-01-12,44.5578231292517
2012-01-13,33.33333333333333
2012-01-17,41.156462585034014
2012-01-18,45.91836734693878
2012-01-19,50.0
2012-01-20,47.27891156462585
2012-01-23,46.25850340136054
2012-01-24,44.89795918367347
2012-01-25,50.34013605442177
2012-01-26,43.197278911564624
2012-01-27,38.095238095238095
2012-01-30,34.69387755102041
2012-01-31,35.034013605442176
2012-02-01,43.87755102040816
2012-02-02,44.5578231292517
2012-02-03,51.02040816326531
2012-02-06,48.97959183673469
2012-02-07,47.27891156462585
2012-02-08,45.23809523809524
2012-02-09,46.93877551020408
2012-02-10,36.394557823129254
2012-02-13,40.816326530612244
2012-02-14,36.394557823129254
2012-02-15,30.272108843537417
2012-02-16,41.49659863945578
2012-02-17,42.857142857142854
2012-02-21,35.714285714285715
2012-02-22,34.01360544217687
2012-02-23,36.394557823129254
2012-02-24,35.714285714285715
2012-02-27,36.394557823129254
2012-02-28,32.99319727891156
2012-02-29,27.55102040816326
2012-03-01,33.33333333333333
2012-03-02,24.829931972789115
2012-03-05,20.408163265306122
2012-03-06,8.16326530612245
2012-03-07,12.585034013605442
2012-03-08,19.047619047619047
2012-03-09,25.850340136054424
2012-03-12,25.510204081632654
2012-03-13,45.57823129251701
2012-03-14,34.01360544217687
2012-03-15,38.435374149659864
2012-03-16,36.054421768707485
2012-03-19,36.054421768707485
2012-03-20,27.55102040816326
2012-03-21,26.87074829931973
2012-03-22,24.489795918367346
2012-03-23,23.46938775510204
2012-03-26,40.816326530612244
2012-03-27,37.755102040816325
2012-03-28,27.55102040816326
2012-03-29,24.829931972789115
2012-03-30,27.55102040816326
2012-04-02,37.07482993197279
2012-04-03,33.33333333333333
2012-04-04,18.367346938775512
2012-04-05,17.346938775510203
2012-04-09,9.523809523809524
2012-04-10,2.0408163265306123
2012-04-11,6.122448979591836
2012-04-12,10.884353741496598
2012-04-13,8.503401360544217
2012-04-16,7.8231292517006805
2012-04-17,15.306122448979592
2012-04-18,15.306122448979592
2012-04-19,14.965986394557824
2012-04-20,19.047619047619047
2012-04-23,10.884353741496598
2012-04-24,14.285714285714285
2012-04-25,26.190476190476193
2012-04-26,30.272108843537417
2012-04-27,33.6734693877551
2012-04-30,27.2108843537415
2012-05-01,30.272108843537417
2012-05-02,27.55102040816326
2012-05-03,22.108843537414966
2012-05-04,13.945578231292515
2012-05-07,16.3265306122449
2012-05-08,18.027210884353742
2012-05-09,13.26530612244898
2012-05-10,18.027210884353742
2012-05-11,14.625850340136054
2012-05-14,9.523809523809524
2012-05-15,8.843537414965986
2012-05-16,8.843537414965986
2012-05-17,4.421768707482993
2012-05-18,2.7210884353741496
2012-05-21,4.421768707482993
2012-05-22,5.442176870748299
2012-05-23,4.081632653061225
2012-05-24,7.8231292517006805
2012-05-25,7.8231292517006805
2012-05-29,9.183673469387756
2012-05-30,4.761904761904762
2012-05-31,7.142857142857142
2012-06-01,2.7210884353741496
2012-06-04,2.7210884353741496
2012-06-05,5.1020408163265305
2012-06-06,9.523809523809524
2012-06-07,10.204081632653061
2012-06-08,14.965986394557824
2012-06-11,10.204081632653061
2012-06-12,12.585034013605442
2012-06-13,11.904761904761903
2012-06-14,15.646258503401361
2012-06-15,19.047619047619047
2012-06-18,22.108843537414966
2012-06-19,29.931972789115648
2012-06-20,27.2108843537415
2012-06-21,7.8231292517006805
2012-06-22,9.523809523809524
2012-06-25,4.081632653061225
2012-06-26,5.782312925170068
2012-06-27,12.585034013605442
2012-06-28,13.945578231292515
2012-06-29,33.33333333333333
2012-07-02,36.394557823129254
2012-07-03,41.83673469387755
2012-07-05,33.6734693877551
2012-07-06,21.428571428571427
2012-07-09,18.367346938775512
2012-07-10,15.306122448979592
2012-07-11,15.98639455782313
2012-07-12,15.646258503401361
2012-07-13,28.2312925170068
2012-07-16,23.12925170068027
2012-07-17,26.87074829931973
2012-07-18,31.97278911564626
2012-07-19,30.612244897959183
2012-07-20,20.408163265306122
2012-07-23,13.26530612244898
2012-07-24,7.482993197278912
2012-07-25,8.843537414965986
2012-07-26,20.74829931972789
2012-07-27,35.034013605442176
2012-07-30,31.63265306122449
2012-07-31,25.170068027210885
2012-08-01,19.387755102040817
2012-08-02,14.625850340136054
2012-08-03,25.850340136054424
2012-08-06,24.829931972789115
2012-08-07,29.591836734693878
2012-08-08,27.55102040816326
2012-08-09,27.2108843537415
2012-08-10,27.55102040816326
2012-08-13,26.53061224489796
2012-08-14,25.510204081632654
2012-08-15,27.2108843537415
2012-08-16,34.35374149659864
2012-08-17,37.41496598639456
2012-08-20,32.6530612244898
2012-08-21,31.292517006802722
2012-08-22,27.2108843537415
2012-08-23,17.346938775510203
2012-08-24,23.46938775510204
2012-08-27,18.70748299319728
2012-08-28,19.047619047619047
2012-08-29,20.74829931972789
2012-08-30,12.585034013605442
2012-08-31,19.387755102040817
2012-09-04,22.108843537414966
2012-09-05,19.387755102040817
2012-09-06,42.17687074829932
2012-09-07,41.83673469387755
2012-09-10,33.6734693877551
2012-09-11,35.714285714285715
2012-09-12,37.755102040816325
2012-09-13,48.97959183673469
2012-09-14,47.95918367346938
2012-09-17,42.857142857142854
2012-09-18,38.095238095238095
2012-09-19,37.755102040816325
2012-09-20,34.69387755102041
2012-09-21,32.6530612244898
2012-09-24,29.25170068027211
2012-09-25,19.387755102040817
2012-09-26,12.585034013605442
2012-09-27,20.408163265306122
2012-09-28,16.3265306122449
2012-10-01,20.408163265306122
2012-10-02,20.408163265306122
2012-10-03,25.170068027210885
2012-10-04,32.6530612244898
2012-10-05,34.35374149659864
2012-10-08,28.91156462585034
2012-10-09,14.625850340136054
2012-10-10,9.523809523809524
2012-10-11,11.224489795918368
2012-10-12,9.183673469387756
2012-10-15,21.08843537414966
2012-10-16,28.2312925170068
2012-10-17,32.6530612244898
2012-10-18,32.99319727891156
2012-10-19,18.70748299319728
2012-10-22,18.027210884353742
2012-10-23,9.183673469387756
2012-10-24,7.142857142857142
2012-10-25,12.244897959183673
2012-10-26,11.224489795918368
2012-10-31,13.60544217687075
2012-11-01,25.850340136054424
2012-11-02,19.727891156462583
2012-11-05,20.74829931972789
2012-11-06,26.53061224489796
2012-11-07,10.204081632653061
2012-11-08,5.782312925170068
2012-11-09,6.122448979591836
2012-11-12,7.142857142857142
2012-11-13,6.462585034013606
2012-11-14,3.4013605442176873
2012-11-15,3.4013605442176873
2012-11-16,5.782312925170068
2012-11-19,11.224489795918368
2012-11-20,13.945578231292515
2012-11-21,17.346938775510203
2012-11-23,27.89115646258503
2012-11-26,22.448979591836736
2012-11-27,15.646258503401361
2012-11-28,23.12925170068027
2012-11-29,26.87074829931973
2012-11-30,27.55102040816326
2012-12-03,21.428571428571427
2012-12-04,19.727891156462583
2012-12-05,23.809523809523807
2012-12-06,26.53061224489796
2012-12-07,31.292517006802722
2012-12-10,31.97278911564626
2012-12-11,34.35374149659864
2012-12-12,36.054421768707485
2012-12-13,23.46938775510204
2012-12-14,19.727891156462583
2012-12-17,34.01360544217687
2012-12-18,42.857142857142854
2012-12-19,38.775510204081634
2012-12-20,44.5578231292517
2012-12-21,30.272108843537417
2012-12-24,28.2312925170068
2012-12-26,16.3265306122449
2012-12-27,15.306122448979592
2012-12-28,8.16326530612245
2012-12-31,19.387755102040817
2013-01-02,48.29931972789115
2013-01-03,44.5578231292517
2013-01-04,51.36054421768708
2013-01-07,41.83673469387755
2013-01-08,36.734693877551024
2013-01-09,40.476190476190474
2013-01-10,46.93877551020408
2013-01-11,43.53741496598639
2013-01-14,41.156462585034014
2013-01-15,43.53741496598639
2013-01-16,37.41496598639456
2013-01-17,46.59863945578231
2013-01-18,48.63945578231292
2013-01-22,53.74149659863946
2013-01-23,51.36054421768708
2013-01-24,54.761904761904766
2013-01-25,56.80272108843537
2013-01-28,51.02040816326531
2013-01-29,52.721088435374156
2013-01-30,45.23809523809524
2013-01-31,43.87755102040816
2013-02-01,51.36054421768708
2013-02-04,35.714285714285715
2013-02-05,44.5578231292517
2013-02-06,44.5578231292517
2013-02-07,40.816326530612244
2013-02-08,45.91836734693878
2013-02-11,43.197278911564624
2013-02-12,46.59863945578231
2013-02-13,47.61904761904761
2013-02-14,42.17687074829932
2013-02-15,43.53741496598639
2013-02-19,46.59863945578231
2013-02-20,30.952380952380953
2013-02-21,23.809523809523807
2013-02-22,31.97278911564626
2013-02-25,12.585034013605442
2013-02-26,17.346938775510203
2013-02-27,30.272108843537417
2013-02-28,27.2108843537415
2013-03-01,30.612244897959183
2013-03-04,35.374149659863946
2013-03-05,44.21768707482993
2013-03-06,45.57823129251701
2013-03-07,41.83673469387755
2013-03-08,48.97959183673469
2013-03-11,52.38095238095239
2013-03-12,45.23809523809524
2013-03-13,47.95918367346938
2013-03-14,49.31972789115646
2013-03-15,44.5578231292517
2013-03-18,37.07482993197279
2013-03-19,34.35374149659864
2013-03-20,42.517006802721085
2013-03-21,31.63265306122449
2013-03-22,37.755102040816325
2013-03-25,33.33333333333333
2013-03-26,43.197278911564624
2013-03-27,41.83673469387755
2013-03-28,45.91836734693878
2013-04-01,37.07482993197279
2013-04-02,38.775510204081634
2013-04-03,24.489795918367346
2013-04-04,29.25170068027211
2013-04-05,22.448979591836736
2013-04-08,26.87074829931973
2013-04-09,27.55102040816326
2013-04-10,42.517006802721085
2013-04-11,45.57823129251701
2013-04-12,42.17687074829932
2013-04-15,12.585034013605442
2013-04-16,23.12925170068027
2013-04-17,13.60544217687075
2013-04-18,12.244897959183673
2013-04-19,20.068027210884352
2013-04-22,18.367346938775512
2013-04-23,25.850340136054424
2013-04-24,23.12925170068027
2013-04-25,29.591836734693878
2013-04-26,26.53061224489796
2013-04-29,30.612244897959183
2013-04-30,35.374149659863946
2013-05-01,22.108843537414966
2013-05-02,30.612244897959183
2013-05-03,41.83673469387755
2013-05-06,38.095238095238095
2013-05-07,44.5578231292517
2013-05-08,48.63945578231292
2013-05-09,40.136054421768705
2013-05-10,44.89795918367347
2013-05-13,41.83673469387755
2013-05-14,51.36054421768708
2013-05-15,57.48299319727891
2013-05-16,45.91836734693878
2013-05-17,52.04081632653062
2013-05-20,49.31972789115646
2013-05-21,47.61904761904761
2013-05-22,28.91156462585034
2013-05-23,25.510204081632654
2013-05-24,23.46938775510204
2013-05-28,32.99319727891156
2013-05-29,22.448979591836736
2013-05-30,27.2108843537415
2013-05-31,17.346938775510203
2013-06-03,17.346938775510203
2013-06-04,15.306122448979592
2013-06-05,5.1020408163265305
2013-06-06,9.523809523809524
2013-06-07,19.047619047619047
2013-06-10,18.027210884353742
2013-06-11,7.482993197278912
2013-06-12,5.442176870748299
2013-06-13,11.904761904761903
2013-06-14,7.8231292517006805
2013-06-17,13.945578231292515
2013-06-18,20.408163265306122
2013-06-19,9.523809523809524
2013-06-20,2.0408163265306123
2013-06-21,2.7210884353741496
2013-06-24,3.061224489795918
2013-06-25,4.421768707482993
2013-06-26,5.1020408163265305
2013-06-27,6.802721088435375
2013-06-28,7.142857142857142
2013-07-01,13.26530612244898
2013-07-02,11.224489795918368
2013-07-03,12.585034013605442
2013-07-05,20.408163265306122
2013-07-08,25.510204081632654
2013-07-09,31.292517006802722
2013-07-10,35.034013605442176
2013-07-11,49.31972789115646
2013-07-12,53.40136054421769
2013-07-15,53.40136054421769
2013-07-16,41.83673469387755
2013-07-17,40.136054421768705
2013-07-18,49.65986394557823
2013-07-19,51.02040816326531
2013-07-22,52.38095238095239
2013-07-23,43.53741496598639
2013-07-24,30.612244897959183
2013-07-25,34.35374149659864
2013-07-26,32.99319727891156
2013-07-29,30.272108843537417
2013-07-30,29.591836734693878
2013-07-31,26.87074829931973
2013-08-01,44.21768707482993
2013-08-02,43.87755102040816
2013-08-05,38.775510204081634
2013-08-06,30.272108843537417
2013-08-07,23.46938775510204
2013-08-08,25.510204081632654
2013-08-09,21.768707482993197
2013-08-12,20.74829931972789
2013-08-13,25.510204081632654
2013-08-14,17.687074829931973
2013-08-15,8.503401360544217
2013-08-16,9.523809523809524
2013-08-19,5.442176870748299
2013-08-20,7.8231292517006805
2013-08-21,7.482993197278912
2013-08-22,10.204081632653061
2013-08-23,11.564625850340136
2013-08-26,9.863945578231291
2013-08-27,2.380952380952381
2013-08-28,3.4013605442176873
2013-08-29,5.1020408163265305
2013-08-30,3.061224489795918
2013-09-03,3.741496598639456
2013-09-04,8.503401360544217
2013-09-05,11.224489795918368
2013-09-06,12.244897959183673
2013-09-09,22.789115646258505
2013-09-10,33.6734693877551
2013-09-11,36.394557823129254
2013-09-12,29.931972789115648
2013-09-13,32.99319727891156
2013-09-16,39.795918367346935
2013-09-17,44.5578231292517
2013-09-18,55.78231292517006
2013-09-19,52.721088435374156
2013-09-20,40.476190476190474
2013-09-23,32.6530612244898
2013-09-24,30.952380952380953
2013-09-25,25.510204081632654
2013-09-26,31.63265306122449
2013-09-27,27.2108843537415
2013-09-30,22.108843537414966
2013-10-01,29.931972789115648
2013-10-02,26.87074829931973
2013-10-03,14.965986394557824
2013-10-04,22.448979591836736
2013-10-07,11.564625850340136
2013-10-08,6.462585034013606
2013-10-09,4.761904761904762
2013-10-10,17.006802721088434
2013-10-11,28.2312925170068
2013-10-14,30.272108843537417
2013-10-15,17.346938775510203
2013-10-16,34.01360544217687
2013-10-17,47.61904761904761
2013-10-18,51.02040816326531
2013-10-21,49.31972789115646
2013-10-22,55.10204081632652
2013-10-23,46.25850340136054
2013-10-24,48.97959183673469
2013-10-25,50.0
2013-10-28,48.29931972789115
2013-10-29,52.04081632653062
2013-10-30,40.476190476190474
2013-10-31,35.374149659863946
2013-11-01,37.41496598639456
2013-11-04,41.49659863945578
2013-11-05,34.69387755102041
2013-11-06,41.49659863945578
2013-11-07,18.027210884353742
2013-11-08,30.272108843537417
2013-11-11,30.612244897959183
2013-11-12,26.87074829931973
2013-11-13,36.054421768707485
2013-11-14,42.857142857142854
2013-11-15,43.197278911564624
2013-11-18,37.41496598639456
2013-11-19,29.931972789115648
2013-11-20,24.149659863945576
2013-11-21,32.99319727891156
2013-11-22,38.095238095238095
2013-11-25,36.734693877551024
2013-11-26,37.07482993197279
2013-11-27,37.07482993197279
2013-11-29,33.6734693877551
2013-12-02,26.87074829931973
2013-12-03,21.08843537414966
2013-12-04,17.346938775510203
2013-12-05,15.646258503401361
2013-12-06,26.190476190476193
2013-12-09,28.2312925170068
2013-12-10,23.46938775510204
2013-12-11,8.503401360544217
2013-12-12,9.183673469387756
2013-12-13,10.884353741496598
2013-12-16,17.006802721088434
2013-12-17,16.3265306122449
2013-12-18,29.591836734693878
2013-12-19,27.2108843537415
2013-12-20,33.33333333333333
2013-12-23,37.41496598639456
2013-12-24,41.49659863945578
2013-12-26,43.197278911564624
2013-12-27,40.476190476190474
2013-12-30,41.156462585034014
2013-12-31,43.87755102040816
2014-01-02,25.170068027210885
2014-01-03,29.931972789115648
2014-01-06,26.190476190476193
2014-01-07,32.99319727891156
2014-01-08,35.034013605442176
2014-01-09,37.07482993197279
2014-01-10,39.795918367346935
2014-01-13,22.448979591836736
2014-01-14,34.69387755102041
2014-01-15,39.455782312925166
2014-01-16,37.755102040816325
2014-01-17,33.6734693877551
2014-01-21,36.734693877551024
2014-01-22,38.095238095238095
2014-01-23,26.53061224489796
2014-01-24,7.482993197278912
2014-01-27,5.1020408163265305
2014-01-28,11.224489795918368
2014-01-29,6.462585034013606
2014-01-30,14.965986394557824
2014-01-31,15.306122448979592
2014-02-03,5.1020408163265305
2014-02-04,6.462585034013606
2014-02-05,3.741496598639456
2014-02-06,9.183673469387756
2014-02-07,17.346938775510203
2014-02-10,18.027210884353742
2014-02-11,23.12925170068027
2014-02-12,24.149659863945576
2014-02-13,28.91156462585034
2014-02-14,31.97278911564626
2014-02-18,35.034013605442176
2014-02-19,30.612244897959183
2014-02-20,35.714285714285715
2014-02-21,34.01360544217687
2014-02-24,37.755102040816325
2014-02-25,35.714285714285715
2014-02-26,34.01360544217687
2014-02-27,38.095238095238095
2014-02-28,38.775510204081634
2014-03-03,30.272108843537417
2014-03-04,44.89795918367347
2014-03-05,42.517006802721085
2014-03-06,43.197278911564624
2014-03-07,41.156462585034014
2014-03-10,36.734693877551024
2014-03-11,25.850340136054424
2014-03-12,28.91156462585034
2014-03-13,14.965986394557824
2014-03-14,14.625850340136054
2014-03-17,22.448979591836736
2014-03-18,26.53061224489796
2014-03-19,17.687074829931973
2014-03-20,20.408163265306122
2014-03-21,19.387755102040817
2014-03-24,17.006802721088434
2014-03-25,17.687074829931973
2014-03-26,10.54421768707483
2014-03-27,10.54421768707483
2014-03-28,14.965986394557824
2014-03-31,25.850340136054424
2014-04-01,26.53061224489796
2014-04-02,31.292517006802722
2014-04-03,29.591836734693878
2014-04-04,16.3265306122449
2014-04-07,11.564625850340136
2014-04-08,13.60544217687075
2014-04-09,15.646258503401361
2014-04-10,7.482993197278912
2014-04-11,6.122448979591836
2014-04-14,8.503401360544217
2014-04-15,10.884353741496598
2014-04-16,15.306122448979592
2014-04-17,15.306122448979592
2014-04-21,16.666666666666664
2014-04-22,19.387755102040817
2014-04-23,20.74829931972789
2014-04-24,22.448979591836736
2014-04-25,17.346938775510203
2014-04-28,20.74829931972789
2014-04-29,19.727891156462583
2014-04-30,23.809523809523807
2014-05-01,23.809523809523807
2014-05-02,20.068027210884352
2014-05-05,21.08843537414966
2014-05-06,15.98639455782313
2014-05-07,22.108843537414966
2014-05-08,17.687074829931973
2014-05-09,20.408163265306122
2014-05-12,30.612244897959183
2014-05-13,28.2312925170068
2014-05-14,21.08843537414966
2014-05-15,12.585034013605442
2014-05-16,17.346938775510203
2014-05-19,18.367346938775512
2014-05-20,12.585034013605442
2014-05-21,15.646258503401361
2014-05-22,17.687074829931973
2014-05-23,24.489795918367346
2014-05-27,31.63265306122449
2014-05-28,27.2108843537415
2014-05-29,33.6734693877551
2014-05-30,35.374149659863946
2014-06-02,38.095238095238095
2014-06-03,31.97278911564626
2014-06-04,37.07482993197279
2014-06-05,44.89795918367347
2014-06-06,51.02040816326531
2014-06-09,49.65986394557823
2014-06-10,44.5578231292517
2014-06-11,36.734693877551024
2014-06-12,24.489795918367346
2014-06-13,26.190476190476193
2014-06-16,25.510204081632654
2014-06-17,30.272108843537417
2014-06-18,40.816326530612244
2014-06-19,41.156462585034014
2014-06-20,41.83673469387755
2014-06-23,38.775510204081634
2014-06-24,27.55102040816326
2014-06-25,32.99319727891156
2014-06-26,27.89115646258503
2014-06-27,32.6530612244898
2014-06-30,34.69387755102041
2014-07-01,44.21768707482993
2014-07-02,37.41496598639456
2014-07-03,43.197278911564624
2014-07-07,28.57142857142857
2014-07-08,16.666666666666664
2014-07-09,22.448979591836736
2014-07-10,15.98639455782313
2014-07-11,18.027210884353742
2014-07-14,21.428571428571427
2014-07-15,18.027210884353742
2014-07-16,18.70748299319728
2014-07-17,8.843537414965986
2014-07-18,16.666666666666664
2014-07-21,14.965986394557824
2014-07-22,21.08843537414966
2014-07-23,21.768707482993197
2014-07-24,22.789115646258505
2014-07-25,17.687074829931973
2014-07-28,17.346938775510203
2014-07-29,14.625850340136054
2014-07-30,15.98639455782313
2014-07-31,6.462585034013606
2014-08-01,5.782312925170068
2014-08-04,8.843537414965986
2014-08-05,7.8231292517006805
2014-08-06,6.122448979591836
2014-08-07,6.122448979591836
2014-08-08,8.16326530612245
2014-08-11,9.183673469387756
2014-08-12,8.843537414965986
2014-08-13,12.925170068027212
2014-08-14,18.70748299319728
2014-08-15,18.367346938775512
2014-08-18,27.55102040816326
2014-08-19,34.01360544217687
2014-08-20,37.07482993197279
2014-08-21,36.734693877551024
2014-08-22,32.99319727891156
2014-08-25,37.41496598639456
2014-08-26,35.714285714285715
2014-08-27,34.35374149659864
2014-08-28,32.99319727891156
2014-08-29,37.41496598639456
2014-09-02,35.034013605442176
2014-09-03,36.394557823129254
2014-09-04,33.33333333333333
2014-09-05,41.49659863945578
2014-09-08,36.394557823129254
2014-09-09,23.809523809523807
2014-09-10,26.87074829931973
2014-09-11,27.55102040816326
2014-09-12,20.74829931972789
2014-09-15,19.727891156462583
2014-09-16,24.489795918367346
2014-09-17,25.850340136054424
2014-09-18,30.952380952380953
2014-09-19,27.55102040816326
2014-09-22,17.687074829931973
2014-09-23,6.122448979591836
2014-09-24,15.306122448979592
2014-09-25,3.4013605442176873
2014-09-26,6.802721088435375
2014-09-29,7.142857142857142
2014-09-30,5.442176870748299
2014-10-01,2.380952380952381
2014-10-02,3.061224489795918
2014-10-03,7.8231292517006805
2014-10-06,6.462585034013606
2014-10-07,3.4013605442176873
2014-10-08,10.884353741496598
2014-10-09,4.761904761904762
2014-10-10,5.1020408163265305
2014-10-13,4.421768707482993
2014-10-14,6.802721088435375
2014-10-15,5.1020408163265305
2014-10-16,3.061224489795918
2014-10-17,3.741496598639456
2014-10-20,8.843537414965986
2014-10-21,16.3265306122449
2014-10-22,14.965986394557824
2014-10-23,22.448979591836736
2014-10-24,28.91156462585034
2014-10-27,31.292517006802722
2014-10-28,39.795918367346935
2014-10-29,36.054421768707485
2014-10-30,41.83673469387755
2014-10-31,53.06122448979592
2014-11-03,51.70068027210885
2014-11-04,48.97959183673469
2014-11-05,51.70068027210885
2014-11-06,55.10204081632652
2014-11-07,52.721088435374156
2014-11-10,57.14285714285714
2014-11-11,55.44217687074829
2014-11-12,50.68027210884354
2014-11-13,48.63945578231292
2014-11-14,46.59863945578231
2014-11-17,44.21768707482993
2014-11-18,48.63945578231292
2014-11-19,40.816326530612244
2014-11-20,41.83673469387755
2014-11-21,46.93877551020408
2014-11-24,50.68027210884354
2014-11-25,50.34013605442177
2014-11-26,50.68027210884354
2014-11-28,51.70068027210885
2014-12-01,40.816326530612244
2014-12-02,46.59863945578231
2014-12-03,50.68027210884354
2014-12-04,47.27891156462585
2014-12-05,48.63945578231292
2014-12-08,44.5578231292517
2014-12-09,41.49659863945578
2014-12-10,19.047619047619047
2014-12-11,26.190476190476193
2014-12-12,11.564625850340136
2014-12-15,8.843537414965986
2014-12-16,3.061224489795918
2014-12-17,15.646258503401361
2014-12-18,33.6734693877551
2014-12-19,35.374149659863946
2014-12-22,40.816326530612244
2014-12-23,40.476190476190474
2014-12-24,42.17687074829932
2014-12-26,41.49659863945578
2014-12-29,43.197278911564624
2014-12-30,34.69387755102041
2014-12-31,13.945578231292515
2015-01-02,11.904761904761903
2015-01-05,6.462585034013606
2015-01-06,6.802721088435375
2015-01-07,16.3265306122449
2015-01-08,26.190476190476193
2015-01-09,19.387755102040817
2015-01-12,14.625850340136054
2015-01-13,14.285714285714285
2015-01-14,14.285714285714285
2015-01-15,11.904761904761903
2015-01-16,14.625850340136054
2015-01-20,17.346938775510203
2015-01-21,17.346938775510203
2015-01-22,26.190476190476193
2015-01-23,23.809523809523807
2015-01-26,26.87074829931973
2015-01-27,20.74829931972789
2015-01-28,16.3265306122449
2015-01-29,20.74829931972789
2015-01-30,9.523809523809524
2015-02-02,12.244897959183673
2015-02-03,17.346938775510203
2015-02-04,16.666666666666664
2015-02-05,22.108843537414966
2015-02-06,21.08843537414966
2015-02-09,15.98639455782313
2015-02-10,23.809523809523807
2015-02-11,24.149659863945576
2015-02-12,30.612244897959183
2015-02-13,35.714285714285715
2015-02-17,36.054421768707485
2015-02-18,32.99319727891156
2015-02-19,33.6734693877551
2015-02-20,40.476190476190474
2015-02-23,37.07482993197279
2015-02-24,36.054421768707485
2015-02-25,35.034013605442176
2015-02-26,32.99319727891156
2015-02-27,26.190476190476193
2015-03-02,36.054421768707485
2015-03-03,28.2312925170068
2015-03-04,21.08843537414966
2015-03-05,25.510204081632654
2015-03-06,12.925170068027212
2015-03-09,13.26530612244898
2015-03-10,6.462585034013606
2015-03-11,7.8231292517006805
2015-03-12,12.925170068027212
2015-03-13,9.183673469387756
2015-03-16,18.367346938775512
2015-03-17,17.687074829931973
2015-03-18,25.510204081632654
2015-03-19,20.068027210884352
2015-03-20,27.2108843537415
2015-03-23,24.149659863945576
2015-03-24,18.027210884353742
2015-03-25,6.462585034013606
2015-03-26,6.122448979591836
2015-03-27,8.503401360544217
2015-03-30,17.346938775510203
2015-03-31,12.244897959183673
2015-04-01,10.204081632653061
2015-04-02,11.904761904761903
2015-04-06,19.047619047619047
2015-04-07,13.26530612244898
2015-04-08,17.006802721088434
2015-04-09,21.768707482993197
2015-04-10,24.829931972789115
2015-04-13,17.006802721088434
2015-04-14,17.346938775510203
2015-04-15,20.408163265306122
2015-04-16,20.068027210884352
2015-04-17,8.16326530612245
2015-04-20,14.625850340136054
2015-04-21,17.006802721088434
2015-04-22,17.687074829931973
2015-04-23,20.408163265306122
2015-04-24,19.387755102040817
2015-04-27,12.585034013605442
2015-04-28,13.60544217687075
2015-04-29,13.60544217687075
2015-04-30,11.564625850340136
2015-05-01,15.646258503401361
2015-05-04,19.047619047619047
2015-05-05,11.564625850340136
2015-05-06,9.523809523809524
2015-05-07,9.863945578231291
2015-05-08,18.027210884353742
2015-05-11,15.306122448979592
2015-05-12,13.945578231292515
2015-05-13,15.98639455782313
2015-05-14,24.149659863945576
2015-05-15,20.068027210884352
2015-05-18,25.510204081632654
2015-05-19,27.2108843537415
2015-05-20,27.89115646258503
2015-05-21,26.53061224489796
2015-05-22,22.108843537414966
2015-05-26,12.585034013605442
2015-05-27,19.047619047619047
2015-05-28,17.687074829931973
2015-05-29,10.884353741496598
2015-06-01,11.904761904761903
2015-06-02,11.224489795918368
2015-06-03,15.98639455782313
2015-06-04,10.204081632653061
2015-06-05,12.244897959183673
2015-06-08,6.122448979591836
2015-06-09,7.482993197278912
2015-06-10,14.965986394557824
2015-06-11,15.306122448979592
2015-06-12,11.564625850340136
2015-06-15,9.523809523809524
2015-06-16,13.26530612244898
2015-06-17,13.945578231292515
2015-06-18,22.448979591836736
2015-06-19,18.367346938775512
2015-06-22,23.12925170068027
2015-06-23,23.12925170068027
2015-06-24,14.625850340136054
2015-06-25,13.945578231292515
2015-06-26,15.306122448979592
2015-06-29,3.741496598639456
2015-06-30,4.081632653061225
2015-07-01,8.16326530612245
2015-07-02,6.802721088435375
2015-07-06,5.782312925170068
2015-07-07,12.585034013605442
2015-07-08,7.142857142857142
2015-07-09,4.761904761904762
2015-07-10,12.244897959183673
2015-07-13,19.047619047619047
2015-07-14,23.46938775510204
2015-07-15,23.809523809523807
2015-07-16,32.99319727891156
2015-07-17,25.170068027210885
2015-07-20,25.850340136054424
2015-07-21,18.70748299319728
2015-07-22,24.489795918367346
2015-07-23,17.346938775510203
2015-07-24,10.884353741496598
2015-07-27,8.16326530612245
2015-07-28,14.965986394557824
2015-07-29,21.768707482993197
2015-07-30,25.510204081632654
2015-07-31,26.87074829931973
2015-08-03,26.190476190476193
2015-08-04,23.12925170068027
2015-08-05,28.2312925170068
2015-08-06,20.408163265306122
2015-08-07,20.74829931972789
2015-08-10,28.91156462585034
2015-08-11,22.789115646258505
2015-08-12,21.768707482993197
2015-08-13,23.12925170068027
2015-08-14,26.87074829931973
2015-08-17,30.952380952380953
2015-08-18,28.57142857142857
2015-08-19,23.12925170068027
2015-08-20,10.54421768707483
2015-08-21,4.421768707482993
2015-08-24,0.3401360544217687
2015-08-25,0.3401360544217687
2015-08-26,0.6802721088435374
2015-08-27,1.0204081632653061
2015-08-28,1.3605442176870748
2015-08-31,1.0204081632653061
2015-09-01,0.3401360544217687
2015-09-02,1.0204081632653061
2015-09-03,1.7006802721088436
2015-09-04,0.3401360544217687
2015-09-08,2.7210884353741496
2015-09-09,1.7006802721088436
2015-09-10,2.0408163265306123
2015-09-11,2.380952380952381
2015-09-14,2.380952380952381
2015-09-15,5.1020408163265305
2015-09-16,8.503401360544217
2015-09-17,7.482993197278912
2015-09-18,5.1020408163265305
2015-09-21,8.16326530612245
2015-09-22,3.741496598639456
2015-09-23,4.421768707482993
2015-09-24,4.421768707482993
2015-09-25,7.482993197278912
2015-09-28,3.061224489795918
2015-09-29,3.061224489795918
2015-09-30,5.782312925170068
2015-10-01,4.761904761904762
2015-10-02,8.16326530612245
2015-10-05,19.047619047619047
2015-10-06,13.26530612244898
2015-10-07,21.08843537414966
2015-10-08,29.25170068027211
2015-10-09,26.53061224489796
2015-10-12,28.2312925170068
2015-10-13,22.448979591836736
2015-10-14,17.006802721088434
2015-10-15,24.149659863945576
2015-10-16,26.87074829931973
2015-10-19,27.55102040816326
2015-10-20,27.89115646258503
2015-10-21,23.46938775510204
2015-10-22,37.07482993197279
2015-10-23,37.755102040816325
2015-10-26,34.01360544217687
2015-10-27,28.91156462585034
2015-10-28,35.374149659863946
2015-10-29,35.034013605442176
2015-10-30,30.612244897959183
2015-11-02,39.1156462585034
2015-11-03,38.095238095238095
2015-11-04,33.6734693877551
2015-11-05,32.6530612244898
2015-11-06,30.612244897959183
2015-11-09,20.74829931972789
2015-11-10,20.74829931972789
2015-11-11,22.448979591836736
2015-11-12,7.8231292517006805
2015-11-13,5.1020408163265305
2015-11-16,12.925170068027212
2015-11-17,14.965986394557824
2015-11-18,24.149659863945576
2015-11-19,25.510204081632654
2015-11-20,27.89115646258503
2015-11-23,27.2108843537415
2015-11-24,26.190476190476193
2015-11-25,25.850340136054424
2015-11-27,26.87074829931973
2015-11-30,20.74829931972789
2015-12-01,32.31292517006803
2015-12-02,18.367346938775512
2015-12-03,7.142857142857142
2015-12-04,21.428571428571427
2015-12-07,15.98639455782313
2015-12-08,10.204081632653061
2015-12-09,5.1020408163265305
2015-12-10,5.782312925170068
2015-12-11,4.081632653061225
2015-12-14,4.081632653061225
2015-12-15,6.802721088435375
2015-12-16,15.646258503401361
2015-12-17,8.843537414965986
2015-12-18,3.061224489795918
2015-12-21,6.122448979591836
2015-12-22,8.843537414965986
2015-12-23,13.60544217687075
2015-12-24,13.60544217687075
2015-12-28,15.98639455782313
2015-12-29,24.149659863945576
2015-12-30,16.3265306122449
2015-12-31,7.482993197278912
2016-01-04,4.761904761904762
2016-01-05,5.782312925170068
2016-01-06,4.421768707482993
2016-01-07,2.380952380952381
2016-01-08,1.7006802721088436
2016-01-11,2.380952380952381
2016-01-12,2.380952380952381
2016-01-13,0.3401360544217687
2016-01-14,2.7210884353741496
2016-01-15,1.3605442176870748
2016-01-19,4.081632653061225
2016-01-20,0.6802721088435374
2016-01-21,0.6802721088435374
2016-01-22,2.7210884353741496
2016-01-25,2.0408163265306123
2016-01-26,3.061224489795918
2016-01-27,3.741496598639456
2016-01-28,6.462585034013606
2016-01-29,11.904761904761903
2016-02-01,14.965986394557824
2016-02-02,11.904761904761903
2016-02-03,10.54421768707483
2016-02-04,11.564625850340136
2016-02-05,9.523809523809524
2016-02-08,9.863945578231291
2016-02-09,8.503401360544217
2016-02-10,8.16326530612245
2016-02-11,4.421768707482993
2016-02-12,7.482993197278912
2016-02-16,12.244897959183673
2016-02-17,17.687074829931973
2016-02-18,18.027210884353742
2016-02-19,15.646258503401361
2016-02-22,25.170068027210885
2016-02-23,18.70748299319728
2016-02-24,24.489795918367346
2016-02-25,31.292517006802722
2016-02-26,24.149659863945576
2016-02-29,19.047619047619047
2016-03-01,38.095238095238095
2016-03-02,40.816326530612244
2016-03-03,44.5578231292517
2016-03-04,47.61904761904761
2016-03-07,46.93877551020408
2016-03-08,34.35374149659864
2016-03-09,37.755102040816325
2016-03-10,35.034013605442176
2016-03-11,51.70068027210885
2016-03-14,48.63945578231292
2016-03-15,42.857142857142854
2016-03-16,48.29931972789115
2016-03-17,52.04081632653062
2016-03-18,54.08163265306123
2016-03-21,50.0
2016-03-22,49.31972789115646
2016-03-23,39.1156462585034
2016-03-24,36.394557823129254
2016-03-28,38.095238095238095
2016-03-29,47.61904761904761
2016-03-30,51.70068027210885
2016-03-31,47.61904761904761
2016-04-01,55.10204081632652
2016-04-04,44.21768707482993
2016-04-05,27.55102040816326
2016-04-06,35.714285714285715
2016-04-07,23.46938775510204
2016-04-08,27.89115646258503
2016-04-11,20.74829931972789
2016-04-12,29.931972789115648
2016-04-13,41.156462585034014
2016-04-14,40.816326530612244
2016-04-15,39.455782312925166
2016-04-18,43.197278911564624
2016-04-19,46.59863945578231
2016-04-20,41.156462585034014
2016-04-21,35.374149659863946
2016-04-22,35.374149659863946
2016-04-25,33.33333333333333
2016-04-26,36.054421768707485
2016-04-27,39.455782312925166
2016-04-28,22.448979591836736
2016-04-29,18.367346938775512
2016-05-02,25.170068027210885
2016-05-03,18.027210884353742
2016-05-04,17.006802721088434
2016-05-05,18.70748299319728
2016-05-06,19.047619047619047
2016-05-09,20.74829931972789
2016-05-10,30.272108843537417
2016-05-11,22.448979591836736
2016-05-12,24.149659863945576
2016-05-13,19.387755102040817
2016-05-16,25.170068027210885
2016-05-17,11.904761904761903
2016-05-18,14.625850340136054
2016-05-19,9.863945578231291
2016-05-20,16.666666666666664
2016-05-23,13.60544217687075
2016-05-24,25.850340136054424
2016-05-25,31.292517006802722
2016-05-26,26.87074829931973
2016-05-27,33.6734693877551
2016-05-31,30.612244897959183
2016-06-01,34.01360544217687
2016-06-02,38.435374149659864
2016-06-03,33.33333333333333
2016-06-06,40.136054421768705
2016-06-07,39.795918367346935
2016-06-08,44.89795918367347
2016-06-09,42.17687074829932
2016-06-10,27.2108843537415
2016-06-13,18.367346938775512
2016-06-14,18.027210884353742
2016-06-15,17.346938775510203
2016-06-16,20.408163265306122
2016-06-17,17.687074829931973
2016-06-20,23.12925170068027
2016-06-21,24.149659863945576
2016-06-22,23.12925170068027
2016-06-23,36.734693877551024
2016-06-24,10.884353741496598
2016-06-27,9.863945578231291
2016-06-28,12.925170068027212
2016-06-29,18.70748299319728
2016-06-30,27.2108843537415
2016-07-01,26.87074829931973
2016-07-05,25.170068027210885
2016-07-06,28.57142857142857
2016-07-07,25.850340136054424
2016-07-08,38.775510204081634
2016-07-11,39.455782312925166
2016-07-12,40.816326530612244
2016-07-13,40.136054421768705
2016-07-14,40.476190476190474
2016-07-15,39.455782312925166
2016-07-18,37.07482993197279
2016-07-19,35.714285714285715
2016-07-20,42.857142857142854
2016-07-21,31.292517006802722
2016-07-22,40.476190476190474
2016-07-25,36.054421768707485
2016-07-26,36.054421768707485
2016-07-27,30.272108843537417
2016-07-28,33.6734693877551
2016-07-29,32.6530612244898
2016-08-01,30.272108843537417
2016-08-02,17.687074829931973
2016-08-03,20.068027210884352
2016-08-04,23.809523809523807
2016-08-05,32.31292517006803
2016-08-08,29.931972789115648
2016-08-09,30.952380952380953
2016-08-10,28.2312925170068
2016-08-11,30.952380952380953
2016-08-12,28.91156462585034
2016-08-15,34.01360544217687
2016-08-16,23.46938775510204
2016-08-17,24.829931972789115
2016-08-18,28.2312925170068
2016-08-19,29.591836734693878
2016-08-22,25.510204081632654
2016-08-23,28.2312925170068
2016-08-24,19.727891156462583
2016-08-25,21.768707482993197
2016-08-26,21.428571428571427
2016-08-29,30.272108843537417
2016-08-30,28.2312925170068
2016-08-31,24.489795918367346
2016-09-01,25.850340136054424
2016-09-02,28.57142857142857
2016-09-06,26.190476190476193
2016-09-07,28.91156462585034
2016-09-08,23.46938775510204
2016-09-09,6.122448979591836
2016-09-12,10.54421768707483
2016-09-13,4.081632653061225
2016-09-14,4.081632653061225
2016-09-15,7.142857142857142
2016-09-16,7.482993197278912
2016-09-19,7.142857142857142
2016-09-20,6.122448979591836
2016-09-21,17.346938775510203
2016-09-22,25.170068027210885
2016-09-23,15.646258503401361
2016-09-26,11.904761904761903
2016-09-27,15.646258503401361
2016-09-28,18.367346938775512
2016-09-29,11.564625850340136
2016-09-30,15.98639455782313
2016-10-03,14.965986394557824
2016-10-04,10.54421768707483
2016-10-05,15.98639455782313
2016-10-06,18.367346938775512
2016-10-07,13.945578231292515
2016-10-10,17.687074829931973
2016-10-11,4.421768707482993
2016-10-12,5.1020408163265305
2016-10-13,4.081632653061225
2016-10-14,4.081632653061225
2016-10-17,3.4013605442176873
2016-10-18,6.802721088435375
2016-10-19,9.183673469387756
2016-10-20,7.8231292517006805
2016-10-21,8.503401360544217
2016-10-24,11.224489795918368
2016-10-25,10.204081632653061
2016-10-26,8.843537414965986
2016-10-27,8.503401360544217
2016-10-28,10.204081632653061
2016-10-31,12.244897959183673
2016-11-01,7.142857142857142
2016-11-02,5.442176870748299
2016-11-03,4.761904761904762
2016-11-04,4.761904761904762
2016-11-07,19.047619047619047
2016-11-08,21.08843537414966
2016-11-09,25.170068027210885
2016-11-10,31.97278911564626
2016-11-11,32.31292517006803
2016-11-14,31.63265306122449
2016-11-15,35.034013605442176
2016-11-16,31.97278911564626
2016-11-17,36.734693877551024
2016-11-18,36.734693877551024
2016-11-21,38.775510204081634
2016-11-22,40.136054421768705
2016-11-23,41.83673469387755
2016-11-25,41.83673469387755
2016-11-28,35.034013605442176
2016-11-29,37.41496598639456
2016-11-30,31.63265306122449
2016-12-01,27.55102040816326
2016-12-02,26.190476190476193
2016-12-05,28.2312925170068
2016-12-06,33.6734693877551
2016-12-07,42.857142857142854
2016-12-08,41.49659863945578
2016-12-09,42.517006802721085
2016-12-12,37.755102040816325
2016-12-13,43.197278911564624
2016-12-14,26.53061224489796
2016-12-15,32.6530612244898
2016-12-16,29.25170068027211
2016-12-19,30.272108843537417
2016-12-20,34.35374149659864
2016-12-21,28.2312925170068
2016-12-22,26.87074829931973
2016-12-23,28.91156462585034
2016-12-27,29.25170068027211
2016-12-28,15.98639455782313
2016-12-29,17.687074829931973
2016-12-30,11.564625850340136
2017-01-03,17.687074829931973
2017-01-04,26.53061224489796
2017-01-05,23.12925170068027
2017-01-06,26.190476190476193
2017-01-09,20.068027210884352
2017-01-10,21.768707482993197
2017-01-11,22.108843537414966
2017-01-12,20.408163265306122
2017-01-13,25.170068027210885
2017-01-17,17.346938775510203
2017-01-18,22.108843537414966
2017-01-19,19.387755102040817
2017-01-20,20.408163265306122
2017-01-23,15.98639455782313
2017-01-24,26.53061224489796
2017-01-25,35.714285714285715
2017-01-26,31.292517006802722
2017-01-27,29.931972789115648
2017-01-30,22.789115646258505
2017-01-31,23.46938775510204
2017-02-01,24.149659863945576
2017-02-02,26.87074829931973
2017-02-03,30.952380952380953
2017-02-06,26.87074829931973
2017-02-07,30.952380952380953
2017-02-08,31.292517006802722
2017-02-09,36.394557823129254
2017-02-10,39.1156462585034
2017-02-13,45.57823129251701
2017-02-14,45.91836734693878
2017-02-15,51.02040816326531
2017-02-16,44.5578231292517
2017-02-17,45.23809523809524
2017-02-21,51.02040816326531
2017-02-22,48.97959183673469
2017-02-23,46.25850340136054
2017-02-24,46.59863945578231
2017-02-27,47.61904761904761
2017-02-28,40.476190476190474
2017-03-01,52.721088435374156
2017-03-02,41.49659863945578
2017-03-03,41.156462585034014
2017-03-06,33.33333333333333
2017-03-07,26.190476190476193
2017-03-08,25.170068027210885
2017-03-09,24.829931972789115
2017-03-10,30.612244897959183
2017-03-13,30.952380952380953
2017-03-14,27.89115646258503
2017-03-15,39.1156462585034
2017-03-16,29.591836734693878
2017-03-17,31.292517006802722
2017-03-20,21.08843537414966
2017-03-21,13.945578231292515
2017-03-22,16.666666666666664
2017-03-23,17.006802721088434
2017-03-24,15.646258503401361
2017-03-27,16.666666666666664
2017-03-28,19.387755102040817
2017-03-29,20.408163265306122
2017-03-30,19.727891156462583
2017-03-31,18.367346938775512
2017-04-03,16.3265306122449
2017-04-04,15.646258503401361
2017-04-05,15.646258503401361
2017-04-06,18.027210884353742
2017-04-07,16.3265306122449
2017-04-10,17.687074829931973
2017-04-11,18.027210884353742
2017-04-12,15.306122448979592
2017-04-13,9.863945578231291
2017-04-17,18.027210884353742
2017-04-18,17.687074829931973
2017-04-19,17.006802721088434
2017-04-20,25.510204081632654
2017-04-21,21.08843537414966
2017-04-24,36.394557823129254
2017-04-25,39.795918367346935
2017-04-26,37.41496598639456
2017-04-27,39.455782312925166
2017-04-28,35.714285714285715
2017-05-01,33.33333333333333
2017-05-02,34.01360544217687
2017-05-03,31.97278911564626
2017-05-04,31.97278911564626
2017-05-05,35.374149659863946
2017-05-08,31.292517006802722
2017-05-09,30.612244897959183
2017-05-10,30.952380952380953
2017-05-11,28.57142857142857
2017-05-12,25.850340136054424
2017-05-15,31.63265306122449
2017-05-16,28.57142857142857
2017-05-17,13.60544217687075
2017-05-18,17.006802721088434
2017-05-19,23.809523809523807
2017-05-22,31.97278911564626
2017-05-23,32.31292517006803
2017-05-24,35.034013605442176
2017-05-25,38.095238095238095
2017-05-26,39.455782312925166
2017-05-30,38.775510204081634
2017-05-31,41.156462585034014
2017-06-01,48.63945578231292
2017-06-02,51.02040816326531
2017-06-05,45.57823129251701
2017-06-06,37.07482993197279
2017-06-07,40.136054421768705
2017-06-08,35.714285714285715
2017-06-09,33.6734693877551
2017-06-12,28.2312925170068
2017-06-13,39.1156462585034
2017-06-14,38.095238095238095
2017-06-15,38.775510204081634
2017-06-16,38.095238095238095
2017-06-19,41.83673469387755
2017-06-20,34.69387755102041
2017-06-21,29.931972789115648
2017-06-22,26.53061224489796
2017-06-23,28.2312925170068
2017-06-26,28.57142857142857
2017-06-27,17.346938775510203
2017-06-28,26.87074829931973
2017-06-29,12.925170068027212
2017-06-30,16.666666666666664
2017-07-03,21.428571428571427
2017-07-05,21.428571428571427
2017-07-06,8.843537414965986
2017-07-07,16.666666666666664
2017-07-10,18.027210884353742
2017-07-11,14.625850340136054
2017-07-12,25.510204081632654
2017-07-13,22.789115646258505
2017-07-14,28.57142857142857
2017-07-17,27.89115646258503
2017-07-18,24.149659863945576
2017-07-19,34.69387755102041
2017-07-20,34.01360544217687
2017-07-21,35.714285714285715
2017-07-24,34.35374149659864
2017-07-25,36.054421768707485
2017-07-26,28.2312925170068
2017-07-27,21.08843537414966
2017-07-28,23.46938775510204
2017-07-31,22.108843537414966
2017-08-01,27.55102040816326
2017-08-02,22.448979591836736
2017-08-03,23.12925170068027
2017-08-04,22.448979591836736
2017-08-07,24.489795918367346
2017-08-08,23.12925170068027
2017-08-09,22.108843537414966
2017-08-10,11.564625850340136
2017-08-11,11.564625850340136
2017-08-14,20.068027210884352
2017-08-15,20.74829931972789
2017-08-16,23.46938775510204
2017-08-17,9.183673469387756
2017-08-18,8.843537414965986
2017-08-21,11.904761904761903
2017-08-22,19.047619047619047
2017-08-23,15.98639455782313
2017-08-24,14.625850340136054
2017-08-25,16.666666666666664
2017-08-28,18.027210884353742
2017-08-29,17.346938775510203
2017-08-30,21.768707482993197
2017-08-31,29.591836734693878
2017-09-01,29.25170068027211
2017-09-05,23.809523809523807
2017-09-06,24.829931972789115
2017-09-07,30.272108843537417
2017-09-08,31.63265306122449
2017-09-11,38.435374149659864
2017-09-12,35.374149659863946
2017-09-13,32.31292517006803
2017-09-14,32.6530612244898
2017-09-15,34.69387755102041
2017-09-18,37.755102040816325
2017-09-19,36.394557823129254
2017-09-20,35.034013605442176
2017-09-21,31.63265306122449
2017-09-22,35.714285714285715
2017-09-25,31.292517006802722
2017-09-26,30.272108843537417
2017-09-27,32.6530612244898
2017-09-28,34.69387755102041
2017-09-29,38.095238095238095
2017-10-02,39.1156462585034
2017-10-03,40.476190476190474
2017-10-04,42.517006802721085
2017-10-05,45.23809523809524
2017-10-06,44.89795918367347
2017-10-09,41.83673469387755
2017-10-10,43.197278911564624
2017-10-11,42.517006802721085
2017-10-12,44.21768707482993
2017-10-13,45.57823129251701
2017-10-16,43.87755102040816
2017-10-17,39.1156462585034
2017-10-18,38.435374149659864
2017-10-19,39.1156462585034
2017-10-20,47.27891156462585
2017-10-23,41.83673469387755
2017-10-24,43.53741496598639
2017-10-25,34.69387755102041
2017-10-26,40.136054421768705
2017-10-27,40.136054421768705
2017-10-30,32.6530612244898
2017-10-31,35.374149659863946
2017-11-01,31.97278911564626
2017-11-02,34.69387755102041
2017-11-03,33.6734693877551
2017-11-06,35.714285714285715
2017-11-07,30.952380952380953
2017-11-08,31.63265306122449
2017-11-09,25.850340136054424
2017-11-10,27.2108843537415
2017-11-13,29.25170068027211
2017-11-14,29.25170068027211
2017-11-15,21.428571428571427
2017-11-16,29.25170068027211
2017-11-17,24.489795918367346
2017-11-20,27.89115646258503
2017-11-21,31.97278911564626
2017-11-22,30.952380952380953
2017-11-24,31.97278911564626
2017-11-27,30.952380952380953
2017-11-28,40.476190476190474
2017-11-29,42.857142857142854
2017-11-30,47.61904761904761
2017-12-01,43.87755102040816
2017-12-04,42.517006802721085
2017-12-05,33.6734693877551
2017-12-06,31.292517006802722
2017-12-07,34.01360544217687
2017-12-08,37.41496598639456
2017-12-11,39.1156462585034
2017-12-12,34.69387755102041
2017-12-13,31.97278911564626
2017-12-14,24.829931972789115
2017-12-15,31.292517006802722
2017-12-18,39.1156462585034
2017-12-19,37.41496598639456
2017-12-20,34.35374149659864
2017-12-21,35.714285714285715
2017-12-22,33.33333333333333
2017-12-26,33.6734693877551
2017-12-27,34.35374149659864
2017-12-28,38.775510204081634
2017-12-29,30.272108843537417
2018-01-02,31.97278911564626
2018-01-03,37.41496598639456
2018-01-04,43.87755102040816
2018-01-05,47.95918367346938
2018-01-08,48.29931972789115
2018-01-09,49.31972789115646
2018-01-10,43.87755102040816
2018-01-11,50.68027210884354
2018-01-12,54.08163265306123
2018-01-16,44.21768707482993
2018-01-17,53.06122448979592
2018-01-18,48.63945578231292
2018-01-19,52.721088435374156
2018-01-22,56.12244897959183
2018-01-23,55.78231292517006
2018-01-24,53.74149659863946
2018-01-25,48.63945578231292
2018-01-26,54.421768707483
2018-01-29,46.59863945578231
2018-01-30,33.6734693877551
2018-01-31,34.69387755102041
2018-02-01,30.952380952380953
2018-02-02,11.224489795918368
2018-02-05,1.7006802721088436
2018-02-06,2.0408163265306123
2018-02-07,2.7210884353741496
2018-02-08,1.3605442176870748
2018-02-09,1.7006802721088436
2018-02-12,2.0408163265306123
2018-02-13,1.7006802721088436
2018-02-14,5.1020408163265305
2018-02-15,8.16326530612245
2018-02-16,10.204081632653061
2018-02-20,8.843537414965986
2018-02-21,7.8231292517006805
2018-02-22,7.142857142857142
2018-02-23,12.585034013605442
2018-02-26,23.46938775510204
2018-02-27,11.564625850340136
2018-02-28,8.503401360544217
2018-03-01,3.741496598639456
2018-03-02,9.523809523809524
2018-03-05,12.585034013605442
2018-03-06,15.646258503401361
2018-03-07,14.285714285714285
2018-03-08,18.70748299319728
2018-03-09,30.952380952380953
2018-03-12,27.55102040816326
2018-03-13,23.12925170068027
2018-03-14,17.687074829931973
2018-03-15,17.346938775510203
2018-03-16,19.047619047619047
2018-03-19,9.183673469387756
2018-03-20,12.925170068027212
2018-03-21,11.224489795918368
2018-03-22,3.4013605442176873
2018-03-23,1.0204081632653061
2018-03-26,4.421768707482993
2018-03-27,3.061224489795918
2018-03-28,3.741496598639456
2018-03-29,6.122448979591836
2018-04-02,2.380952380952381
2018-04-03,2.7210884353741496
2018-04-04,6.462585034013606
2018-04-05,9.863945578231291
2018-04-06,3.741496598639456
2018-04-09,2.380952380952381
2018-04-10,5.1020408163265305
2018-04-11,4.421768707482993
2018-04-12,6.122448979591836
2018-04-13,6.122448979591836
2018-04-16,12.585034013605442
2018-04-17,20.74829931972789
2018-04-18,21.768707482993197
2018-04-19,17.006802721088434
2018-04-20,14.285714285714285
2018-04-23,14.285714285714285
2018-04-24,9.183673469387756
2018-04-25,10.884353741496598
2018-04-26,19.727891156462583
2018-04-27,20.408163265306122
2018-04-30,12.925170068027212
2018-05-01,13.60544217687075
2018-05-02,9.183673469387756
2018-05-03,10.54421768707483
2018-05-04,15.306122448979592
2018-05-07,17.687074829931973
2018-05-08,15.98639455782313
2018-05-09,23.46938775510204
2018-05-10,29.931972789115648
2018-05-11,28.91156462585034
2018-05-14,28.91156462585034
2018-05-15,22.448979591836736
2018-05-16,25.510204081632654
2018-05-17,26.190476190476193
2018-05-18,25.170068027210885
2018-05-21,30.612244897959183
2018-05-22,26.87074829931973
2018-05-23,26.190476190476193
2018-05-24,24.829931972789115
2018-05-25,22.448979591836736
2018-05-29,16.3265306122449
2018-05-30,23.46938775510204
2018-05-31,18.70748299319728
2018-06-01,24.149659863945576
2018-06-04,25.850340136054424
2018-06-05,25.850340136054424
2018-06-06,29.931972789115648
2018-06-07,31.63265306122449
2018-06-08,36.054421768707485
2018-06-11,36.394557823129254
2018-06-12,38.435374149659864
2018-06-13,27.89115646258503
2018-06-14,31.292517006802722
2018-06-15,32.99319727891156
2018-06-18,27.55102040816326
2018-06-19,25.170068027210885
2018-06-20,24.829931972789115
2018-06-21,22.108843537414966
2018-06-22,21.768707482993197
2018-06-25,15.306122448979592
2018-06-26,15.98639455782313
2018-06-27,13.26530612244898
2018-06-28,16.3265306122449
2018-06-29,16.3265306122449
2018-07-02,15.646258503401361
2018-07-03,15.306122448979592
2018-07-05,21.428571428571427
2018-07-06,26.53061224489796
2018-07-09,27.55102040816326
2018-07-10,30.612244897959183
2018-07-11,24.489795918367346
2018-07-12,31.97278911564626
2018-07-13,30.612244897959183
2018-07-16,27.89115646258503
2018-07-17,30.612244897959183
2018-07-18,30.272108843537417
2018-07-19,30.952380952380953
2018-07-20,25.170068027210885
2018-07-23,25.850340136054424
2018-07-24,23.809523809523807
2018-07-25,31.63265306122449
2018-07-26,38.435374149659864
2018-07-27,29.25170068027211
2018-07-30,20.74829931972789
2018-07-31,28.91156462585034
2018-08-01,24.149659863945576
2018-08-02,28.57142857142857
2018-08-03,31.97278911564626
2018-08-06,34.01360544217687
2018-08-07,35.374149659863946
2018-08-08,32.99319727891156
2018-08-09,31.97278911564626
2018-08-10,24.149659863945576
2018-08-13,20.74829931972789
2018-08-14,27.2108843537415
2018-08-15,25.510204081632654
2018-08-16,31.63265306122449
2018-08-17,35.034013605442176
2018-08-20,37.07482993197279
2018-08-21,34.35374149659864
2018-08-22,30.272108843537417
2018-08-23,30.612244897959183
2018-08-24,35.714285714285715
2018-08-27,39.1156462585034
2018-08-28,37.755102040816325
2018-08-29,39.455782312925166
2018-08-30,32.31292517006803
2018-08-31,34.35374149659864
2018-09-04,32.6530612244898
2018-09-05,32.6530612244898
2018-09-06,32.6530612244898
2018-09-07,27.2108843537415
2018-09-10,29.25170068027211
2018-09-11,31.292517006802722
2018-09-12,33.33333333333333
2018-09-13,39.455782312925166
2018-09-14,38.775510204081634
2018-09-17,30.612244897959183
2018-09-18,35.034013605442176
2018-09-19,29.931972789115648
2018-09-20,33.6734693877551
2018-09-21,33.33333333333333
2018-09-24,23.46938775510204
2018-09-25,22.448979591836736
2018-09-26,19.387755102040817
2018-09-27,21.428571428571427
2018-09-28,22.789115646258505
2018-10-01,22.789115646258505
2018-10-02,20.74829931972789
2018-10-03,18.367346938775512
2018-10-04,11.904761904761903
2018-10-05,9.863945578231291
2018-10-08,13.60544217687075
2018-10-09,14.285714285714285
2018-10-10,4.421768707482993
2018-10-11,0.0
2018-10-12,1.0204081632653061
2018-10-15,1.3605442176870748
2018-10-16,4.081632653061225
2018-10-17,3.741496598639456
2018-10-18,2.380952380952381
2018-10-19,7.142857142857142
2018-10-22,3.4013605442176873
2018-10-23,3.741496598639456
2018-10-24,6.122448979591836
2018-10-25,4.761904761904762
2018-10-26,2.7210884353741496
2018-10-29,5.1020408163265305
2018-10-30,8.16326530612245
2018-10-31,6.462585034013606
2018-11-01,6.462585034013606
2018-11-02,6.802721088435375
2018-11-05,10.54421768707483
2018-11-06,12.925170068027212
2018-11-07,23.12925170068027
2018-11-08,23.12925170068027
2018-11-09,20.74829931972789
2018-11-12,15.98639455782313
2018-11-13,15.646258503401361
2018-11-14,11.564625850340136
2018-11-15,14.965986394557824
2018-11-16,18.367346938775512
2018-11-19,15.306122448979592
2018-11-20,8.16326530612245
2018-11-21,3.741496598639456
2018-11-23,4.081632653061225
2018-11-26,5.1020408163265305
2018-11-27,7.8231292517006805
2018-11-28,17.346938775510203
2018-11-29,16.666666666666664
2018-11-30,21.428571428571427
2018-12-03,30.952380952380953
2018-12-04,9.523809523809524
2018-12-06,9.523809523809524
2018-12-07,7.142857142857142
2018-12-10,8.503401360544217
2018-12-11,9.523809523809524
2018-12-12,7.482993197278912
2018-12-13,9.523809523809524
2018-12-14,7.142857142857142
2018-12-17,0.6802721088435374
2018-12-18,0.3401360544217687
2018-12-19,0.0
2018-12-20,0.0
2018-12-21,0.0
2018-12-24,0.0
2018-12-26,0.0
2018-12-27,0.0
2018-12-28,0.0
2018-12-31,1.0204081632653061
2019-01-02,0.3401360544217687
2019-01-03,0.3401360544217687
2019-01-04,0.3401360544217687
2019-01-07,3.4013605442176873
2019-01-08,9.863945578231291
2019-01-09,9.523809523809524
2019-01-10,12.925170068027212
2019-01-11,12.585034013605442
2019-01-14,11.564625850340136
2019-01-15,14.285714285714285
2019-01-16,18.70748299319728
2019-01-17,28.2312925170068
2019-01-18,41.156462585034014
2019-01-22,24.829931972789115
2019-01-23,22.108843537414966
2019-01-24,29.931972789115648
2019-01-25,37.07482993197279
2019-01-28,31.292517006802722
2019-01-29,28.91156462585034
2019-01-30,41.83673469387755
2019-01-31,48.63945578231292
2019-02-01,51.36054421768708
2019-02-04,56.80272108843537
2019-02-05,55.44217687074829
2019-02-06,53.06122448979592
2019-02-07,42.517006802721085
2019-02-08,42.517006802721085
2019-02-11,41.83673469387755
2019-02-12,53.06122448979592
2019-02-13,53.74149659863946
2019-02-14,49.31972789115646
2019-02-15,58.843537414965986
2019-02-19,59.863945578231295
2019-02-20,59.523809523809526
2019-02-21,53.74149659863946
2019-02-22,56.4625850340136
2019-02-25,51.02040816326531
2019-02-26,48.97959183673469
2019-02-27,46.93877551020408
2019-02-28,47.27891156462585
2019-03-01,49.31972789115646
2019-03-04,41.83673469387755
2019-03-05,38.435374149659864
2019-03-06,29.25170068027211
2019-03-07,23.12925170068027
2019-03-08,20.408163265306122
2019-03-11,31.63265306122449
2019-03-12,32.31292517006803
2019-03-13,37.07482993197279
2019-03-14,36.054421768707485
2019-03-15,39.1156462585034
2019-03-18,42.517006802721085
2019-03-19,37.755102040816325
2019-03-20,32.31292517006803
2019-03-21,44.21768707482993
2019-03-22,25.850340136054424
2019-03-25,27.55102040816326
2019-03-26,31.292517006802722
2019-03-27,28.2312925170068
2019-03-28,27.55102040816326
2019-03-29,31.97278911564626
2019-04-01,42.17687074829932
2019-04-02,40.816326530612244
2019-04-03,42.17687074829932
2019-04-04,41.49659863945578
2019-04-05,45.57823129251701
2019-04-08,42.517006802721085
2019-04-09,30.612244897959183
2019-04-10,38.435374149659864
2019-04-11,41.83673469387755
2019-04-12,47.61904761904761
2019-04-15,42.17687074829932
2019-04-16,43.53741496598639
2019-04-17,38.095238095238095
2019-04-18,38.095238095238095
2019-04-22,36.054421768707485
2019-04-23,42.517006802721085
2019-04-24,39.1156462585034
2019-04-25,33.6734693877551
2019-04-26,39.1156462585034
2019-04-29,37.755102040816325
2019-04-30,42.517006802721085
2019-05-01,30.272108843537417
2019-05-02,31.63265306122449
2019-05-03,38.435374149659864
2019-05-06,31.63265306122449
2019-05-07,14.285714285714285
2019-05-08,14.965986394557824
2019-05-09,15.646258503401361
2019-05-10,20.74829931972789
2019-05-13,12.244897959183673
2019-05-14,14.625850340136054
2019-05-15,17.006802721088434
2019-05-16,23.809523809523807
2019-05-17,19.727891156462583
2019-05-20,16.3265306122449
2019-05-21,21.768707482993197
2019-05-22,20.068027210884352
2019-05-23,15.646258503401361
2019-05-24,16.666666666666664
2019-05-28,8.843537414965986
2019-05-29,6.462585034013606
2019-05-30,7.482993197278912
2019-05-31,6.802721088435375
2019-06-03,11.904761904761903
2019-06-04,16.3265306122449
2019-06-05,26.87074829931973
2019-06-06,27.89115646258503
2019-06-07,31.97278911564626
2019-06-10,31.97278911564626
2019-06-11,29.591836734693878
2019-06-12,31.63265306122449
2019-06-13,36.394557823129254
2019-06-14,32.6530612244898
2019-06-17,27.89115646258503
2019-06-18,35.714285714285715
2019-06-19,41.156462585034014
2019-06-20,48.97959183673469
2019-06-21,39.1156462585034
2019-06-24,35.714285714285715
2019-06-25,23.809523809523807
2019-06-26,14.625850340136054
2019-06-27,23.12925170068027
2019-06-28,31.97278911564626
2019-07-01,39.455782312925166
2019-07-02,41.156462585034014
2019-07-03,49.65986394557823
2019-07-05,45.23809523809524
2019-07-08,37.07482993197279
2019-07-09,37.41496598639456
2019-07-10,38.095238095238095
2019-07-11,37.07482993197279
2019-07-12,42.857142857142854
2019-07-15,40.136054421768705
2019-07-16,37.41496598639456
2019-07-17,24.829931972789115
2019-07-18,28.57142857142857
2019-07-19,20.068027210884352
2019-07-22,17.687074829931973
2019-07-23,25.170068027210885
2019-07-24,31.63265306122449
2019-07-25,25.850340136054424
2019-07-26,31.292517006802722
2019-07-29,25.510204081632654
2019-07-30,24.489795918367346
2019-07-31,17.346938775510203
2019-08-01,12.925170068027212
2019-08-02,11.904761904761903
2019-08-05,4.761904761904762
2019-08-06,8.16326530612245
2019-08-07,11.224489795918368
2019-08-08,19.387755102040817
2019-08-09,19.047619047619047
2019-08-12,12.925170068027212
2019-08-13,18.027210884353742
2019-08-14,6.122448979591836
2019-08-15,8.16326530612245
2019-08-16,14.285714285714285
2019-08-19,20.74829931972789
2019-08-20,14.285714285714285
2019-08-21,20.068027210884352
2019-08-22,21.08843537414966
2019-08-23,6.462585034013606
2019-08-26,12.244897959183673
2019-08-27,10.884353741496598
2019-08-28,12.244897959183673
2019-08-29,18.367346938775512
2019-08-30,18.70748299319728
2019-09-03,18.70748299319728
2019-09-04,22.789115646258505
2019-09-05,25.850340136054424
2019-09-06,27.55102040816326
2019-09-09,25.170068027210885
2019-09-10,26.53061224489796
2019-09-11,33.6734693877551
2019-09-12,35.034013605442176
2019-09-13,34.69387755102041
2019-09-16,31.292517006802722
2019-09-17,31.97278911564626
2019-09-18,30.612244897959183
2019-09-19,25.850340136054424
2019-09-20,22.789115646258505
2019-09-23,21.768707482993197
2019-09-24,15.98639455782313
2019-09-25,19.387755102040817
2019-09-26,20.74829931972789
2019-09-27,18.027210884353742
2019-09-30,18.367346938775512
2019-10-01,8.843537414965986
2019-10-02,2.380952380952381
2019-10-03,4.421768707482993
2019-10-04,11.224489795918368
2019-10-07,6.122448979591836
2019-10-08,2.0408163265306123
2019-10-09,5.782312925170068
2019-10-10,7.8231292517006805
2019-10-11,8.16326530612245
2019-10-14,7.482993197278912
2019-10-15,14.625850340136054
2019-10-16,15.646258503401361
2019-10-17,20.068027210884352
2019-10-18,20.408163265306122
2019-10-21,26.190476190476193
2019-10-22,25.850340136054424
2019-10-23,24.829931972789115
2019-10-24,24.489795918367346
2019-10-25,25.850340136054424
2019-10-28,31.292517006802722
2019-10-29,29.25170068027211
2019-10-30,28.91156462585034
2019-10-31,24.149659863945576
2019-11-01,34.01360544217687
2019-11-04,32.6530612244898
2019-11-05,33.33333333333333
2019-11-06,30.612244897959183
2019-11-07,32.6530612244898
2019-11-08,35.034013605442176
2019-11-11,34.01360544217687
2019-11-12,34.01360544217687
2019-11-13,33.6734693877551
2019-11-14,33.6734693877551
2019-11-15,39.795918367346935
2019-11-18,37.755102040816325
2019-11-19,38.095238095238095
2019-11-20,32.99319727891156
2019-11-21,26.87074829931973
2019-11-22,29.25170068027211
2019-11-25,35.034013605442176
2019-11-26,36.394557823129254
2019-11-27,40.476190476190474
2019-11-29,33.33333333333333
2019-12-02,21.768707482993197
2019-12-03,13.60544217687075
2019-12-04,20.068027210884352
2019-12-05,23.12925170068027
2019-12-06,29.931972789115648
2019-12-09,25.510204081632654
2019-12-10,24.149659863945576
2019-12-11,26.87074829931973
2019-12-12,34.69387755102041
2019-12-13,28.91156462585034
2019-12-16,36.394557823129254
2019-12-17,36.054421768707485
2019-12-18,36.734693877551024
2019-12-19,37.41496598639456
2019-12-20,45.57823129251701
2019-12-23,39.795918367346935
2019-12-24,38.095238095238095
2019-12-26,41.83673469387755
2019-12-27,42.517006802721085
2019-12-30,32.99319727891156
2019-12-31,37.07482993197279
2020-01-02,40.136054421768705
2020-01-03,28.57142857142857
2020-01-06,30.952380952380953
2020-01-07,28.2312925170068
2020-01-08,29.25170068027211
2020-01-09,35.034013605442176
2020-01-10,31.63265306122449
2020-01-13,39.795918367346935
2020-01-14,36.394557823129254
2020-01-15,38.095238095238095
2020-01-16,47.27891156462585
2020-01-17,50.68027210884354
2020-01-21,44.21768707482993
2020-01-22,44.5578231292517
2020-01-23,44.21768707482993
2020-01-24,34.69387755102041
2020-01-27,22.789115646258505
2020-01-28,29.25170068027211
2020-01-29,28.2312925170068
2020-01-30,27.2108843537415
2020-01-31,18.367346938775512
2020-02-03,21.428571428571427
2020-02-04,28.91156462585034
2020-02-05,31.97278911564626
2020-02-06,34.69387755102041
2020-02-07,27.89115646258503
2020-02-10,32.31292517006803
2020-02-11,34.01360544217687
2020-02-12,36.734693877551024
2020-02-13,36.054421768707485
2020-02-14,37.41496598639456
2020-02-18,33.6734693877551
2020-02-19,32.31292517006803
2020-02-20,32.31292517006803
2020-02-21,23.809523809523807
2020-02-24,8.503401360544217
2020-02-25,1.7006802721088436
2020-02-26,2.0408163265306123
2020-02-27,0.3401360544217687
2020-02-28,0.3401360544217687
2020-03-02,0.3401360544217687
2020-03-03,0.0
2020-03-04,3.741496598639456
2020-03-05,1.7006802721088436
2020-03-06,1.7006802721088436
2020-03-09,0.3401360544217687
2020-03-10,1.0204081632653061
2020-03-11,0.0
2020-03-12,0.0
2020-03-13,0.0
2020-03-16,0.0
2020-03-17,1.0204081632653061
2020-03-18,1.0204081632653061
2020-03-19,1.0204081632653061
2020-03-20,0.3401360544217687
2020-03-23,0.0
2020-03-24,0.0
2020-03-25,0.0
2020-03-26,0.0
2020-03-27,0.0
2020-03-30,0.0
2020-03-31,0.0
2020-04-01,0.0
2020-04-02,0.3401360544217687
2020-04-03,0.3401360544217687
2020-04-06,1.3605442176870748
2020-04-07,0.3401360544217687
2020-04-08,2.0408163265306123
2020-04-09,6.462585034013606
2020-04-13,2.380952380952381
2020-04-14,9.863945578231291
2020-04-15,5.1020408163265305
2020-04-16,10.884353741496598
2020-04-17,15.98639455782313
2020-04-20,10.884353741496598
2020-04-21,3.741496598639456
2020-04-22,9.863945578231291
2020-04-23,8.843537414965986
2020-04-24,12.244897959183673
2020-04-27,16.666666666666664
2020-04-28,14.625850340136054
2020-04-29,33.6734693877551
2020-04-30,17.346938775510203
2020-05-01,4.421768707482993
2020-05-04,6.462585034013606
2020-05-05,10.54421768707483
2020-05-06,10.884353741496598
2020-05-07,15.98639455782313
2020-05-08,26.87074829931973
2020-05-11,23.12925170068027
2020-05-12,12.244897959183673
2020-05-13,8.16326530612245
2020-05-14,9.183673469387756
2020-05-15,12.585034013605442
2020-05-18,25.850340136054424
2020-05-19,19.727891156462583
2020-05-20,28.57142857142857
2020-05-21,21.428571428571427
2020-05-22,24.829931972789115
2020-05-26,37.07482993197279
2020-05-27,55.10204081632652
2020-05-28,47.95918367346938
2020-05-29,47.61904761904761
2020-06-01,53.40136054421769
2020-06-02,60.204081632653065
2020-06-03,74.82993197278913
2020-06-04,65.98639455782312
2020-06-05,77.21088435374149
2020-06-08,81.63265306122449
2020-06-09,68.02721088435374
2020-06-10,47.27891156462585
2020-06-11,2.0408163265306123
2020-06-12,3.061224489795918
2020-06-15,9.523809523809524
2020-06-16,16.666666666666664
2020-06-17,15.306122448979592
2020-06-18,17.006802721088434
2020-06-19,12.925170068027212
2020-06-22,14.625850340136054
2020-06-23,14.965986394557824
2020-06-24,5.442176870748299
2020-06-25,9.863945578231291
2020-06-26,5.442176870748299
2020-06-29,8.16326530612245
2020-06-30,12.585034013605442
2020-07-01,14.285714285714285
2020-07-02,15.306122448979592
2020-07-06,21.08843537414966
2020-07-07,18.027210884353742
2020-07-08,20.74829931972789
2020-07-09,18.367346938775512
2020-07-10,19.047619047619047
2020-07-13,11.564625850340136
2020-07-14,24.829931972789115
2020-07-15,36.734693877551024
2020-07-16,35.714285714285715
2020-07-17,41.83673469387755
2020-07-20,37.755102040816325
2020-07-21,39.795918367346935
2020-07-22,48.63945578231292
2020-07-23,42.17687074829932
2020-07-24,34.69387755102041
2020-07-27,38.095238095238095
2020-07-28,31.292517006802722
2020-07-29,40.816326530612244
2020-07-30,35.034013605442176
2020-07-31,33.33333333333333
2020-08-03,32.99319727891156
2020-08-04,36.054421768707485
2020-08-05,37.755102040816325
2020-08-06,39.1156462585034
2020-08-07,46.25850340136054
2020-08-10,53.40136054421769
2020-08-11,47.95918367346938
2020-08-12,51.36054421768708
2020-08-13,46.25850340136054
2020-08-14,46.25850340136054
2020-08-17,45.57823129251701
2020-08-18,40.476190476190474
2020-08-19,33.6734693877551
2020-08-20,29.591836734693878
2020-08-21,29.25170068027211
2020-08-24,37.07482993197279
2020-08-25,36.394557823129254
2020-08-26,37.41496598639456
2020-08-27,37.755102040816325
2020-08-28,42.517006802721085
2020-08-31,35.374149659863946
2020-09-01,40.476190476190474
2020-09-02,54.08163265306123
2020-09-03,16.3265306122449
2020-09-04,17.687074829931973
2020-09-08,10.204081632653061
2020-09-09,15.98639455782313
2020-09-10,10.884353741496598
2020-09-11,12.925170068027212
2020-09-14,23.809523809523807
2020-09-15,26.53061224489796
2020-09-16,27.55102040816326
2020-09-17,22.448979591836736
2020-09-18,14.965986394557824
2020-09-21,2.7210884353741496
2020-09-22,3.741496598639456
2020-09-23,1.3605442176870748
2020-09-24,1.0204081632653061
2020-09-25,1.3605442176870748
2020-09-28,7.482993197278912
2020-09-29,6.462585034013606
2020-09-30,9.183673469387756
2020-10-01,15.306122448979592
2020-10-02,15.306122448979592
2020-10-05,29.931972789115648
2020-10-06,20.408163265306122
2020-10-07,37.07482993197279
2020-10-08,49.65986394557823
2020-10-09,51.36054421768708
2020-10-12,59.523809523809526
2020-10-13,44.89795918367347
2020-10-14,40.476190476190474
2020-10-15,44.89795918367347
2020-10-16,44.89795918367347
2020-10-19,25.510204081632654
2020-10-20,28.91156462585034
2020-10-21,27.89115646258503
2020-10-22,32.6530612244898
2020-10-23,37.07482993197279
2020-10-26,16.666666666666664
2020-10-27,12.925170068027212
2020-10-28,4.761904761904762
2020-10-29,7.8231292517006805
2020-10-30,4.761904761904762
2020-11-02,10.884353741496598
2020-11-03,21.768707482993197
2020-11-04,19.727891156462583
2020-11-05,36.734693877551024
2020-11-06,36.054421768707485
2020-11-09,55.10204081632652
2020-11-10,59.523809523809526
2020-11-11,55.44217687074829
2020-11-12,34.35374149659864
2020-11-13,51.70068027210885
2020-11-16,62.925170068027214
2020-11-17,57.48299319727891
2020-11-18,46.25850340136054
2020-11-19,48.97959183673469
2020-11-20,39.1156462585034
2020-11-23,48.29931972789115
2020-11-24,57.14285714285714
2020-11-25,51.36054421768708
2020-11-27,49.31972789115646
2020-11-30,37.41496598639456
2020-12-01,45.57823129251701
2020-12-02,43.197278911564624
2020-12-03,46.59863945578231
2020-12-04,55.44217687074829
2020-12-07,50.0
2020-12-08,50.0
2020-12-09,44.21768707482993
2020-12-10,40.476190476190474
2020-12-11,34.69387755102041
2020-12-14,23.12925170068027
2020-12-15,35.714285714285715
2020-12-16,31.63265306122449
2020-12-17,40.136054421768705
2020-12-18,35.714285714285715
2020-12-21,28.2312925170068
2020-12-22,25.850340136054424
2020-12-23,28.91156462585034
2020-12-24,28.2312925170068
2020-12-28,27.55102040816326
2020-12-29,19.727891156462583
2020-12-30,26.190476190476193
2020-12-31,40.136054421768705
2021-01-04,14.625850340136054
2021-01-05,23.12925170068027
2021-01-06,44.5578231292517
2021-01-07,51.36054421768708
2021-01-08,50.34013605442177
2021-01-11,48.97959183673469
2021-01-12,47.61904761904761
2021-01-13,44.5578231292517
2021-01-14,44.89795918367347
2021-01-15,34.01360544217687
2021-01-19,36.394557823129254
2021-01-20,41.49659863945578
2021-01-21,33.6734693877551
2021-01-22,28.91156462585034
2021-01-25,24.829931972789115
2021-01-26,22.108843537414966
2021-01-27,12.585034013605442
2021-01-28,9.183673469387756
2021-01-29,5.442176870748299
2021-02-01,8.503401360544217
2021-02-02,11.564625850340136
2021-02-03,11.564625850340136
2021-02-04,19.387755102040817
2021-02-05,25.850340136054424
2021-02-08,35.714285714285715
2021-02-09,34.69387755102041
2021-02-10,35.374149659863946
2021-02-11,36.734693877551024
2021-02-12,39.795918367346935
2021-02-16,38.775510204081634
2021-02-17,37.755102040816325
2021-02-18,25.850340136054424
2021-02-19,32.99319727891156
2021-02-22,29.931972789115648
2021-02-23,32.31292517006803
2021-02-24,40.136054421768705
2021-02-25,26.190476190476193
2021-02-26,17.346938775510203
2021-03-01,31.63265306122449
2021-03-02,26.53061224489796
2021-03-03,27.55102040816326
2021-03-04,15.306122448979592
2021-03-05,26.87074829931973
2021-03-08,34.69387755102041
2021-03-09,29.931972789115648
2021-03-10,38.095238095238095
2021-03-11,38.435374149659864
2021-03-12,42.857142857142854
2021-03-15,48.97959183673469
2021-03-16,38.775510204081634
2021-03-17,40.816326530612244
2021-03-18,30.612244897959183
2021-03-19,26.87074829931973
2021-03-22,24.489795918367346
2021-03-23,15.646258503401361
2021-03-24,17.687074829931973
2021-03-25,26.53061224489796
2021-03-26,43.53741496598639
2021-03-29,40.476190476190474
2021-03-30,36.394557823129254
2021-03-31,29.931972789115648
2021-04-01,37.755102040816325
2021-04-05,52.721088435374156
2021-04-06,49.65986394557823
2021-04-07,42.17687074829932
2021-04-08,44.21768707482993
2021-04-09,53.74149659863946
2021-04-12,52.04081632653062
2021-04-13,48.29931972789115
2021-04-14,41.83673469387755
2021-04-15,56.4625850340136
2021-04-16,59.863945578231295
2021-04-19,52.38095238095239
2021-04-20,41.49659863945578
2021-04-21,51.02040816326531
2021-04-22,42.517006802721085
2021-04-23,51.02040816326531
2021-04-26,48.29931972789115
2021-04-27,47.27891156462585
2021-04-28,44.5578231292517
2021-04-29,53.74149659863946
2021-04-30,41.83673469387755
2021-05-03,50.68027210884354
2021-05-04,47.95918367346938
2021-05-05,44.21768707482993
2021-05-06,50.68027210884354
2021-05-07,54.421768707483
2021-05-10,55.44217687074829
2021-05-11,34.35374149659864
2021-05-12,14.965986394557824
2021-05-13,26.53061224489796
2021-05-14,34.35374149659864
2021-05-17,30.272108843537417
2021-05-18,18.70748299319728
2021-05-19,13.26530612244898
2021-05-20,19.387755102040817
2021-05-21,21.768707482993197
2021-05-24,25.850340136054424
2021-05-25,19.387755102040817
2021-05-26,19.047619047619047
2021-05-27,26.53061224489796
2021-05-28,30.612244897959183
2021-06-01,32.6530612244898
2021-06-02,32.99319727891156
2021-06-03,30.952380952380953
2021-06-04,35.374149659863946
2021-06-07,30.272108843537417
2021-06-08,31.63265306122449
2021-06-09,24.489795918367346
2021-06-10,27.89115646258503
2021-06-11,32.6530612244898
2021-06-14,28.2312925170068
2021-06-15,27.89115646258503
2021-06-16,18.70748299319728
2021-06-17,20.068027210884352
2021-06-18,12.585034013605442
2021-06-21,17.687074829931973
2021-06-22,19.387755102040817
2021-06-23,17.346938775510203
2021-06-24,23.809523809523807
2021-06-25,25.850340136054424
2021-06-28,24.829931972789115
2021-06-29,27.89115646258503
2021-06-30,23.12925170068027
2021-07-01,25.850340136054424
2021-07-02,33.33333333333333
2021-07-06,29.25170068027211
2021-07-07,34.69387755102041
2021-07-08,24.149659863945576
2021-07-09,30.952380952380953
2021-07-12,32.6530612244898
2021-07-13,24.149659863945576
2021-07-14,24.489795918367346
2021-07-15,24.149659863945576
2021-07-16,23.809523809523807
2021-07-19,14.285714285714285
2021-07-20,21.768707482993197
2021-07-21,22.448979591836736
2021-07-22,23.46938775510204
2021-07-23,32.6530612244898
2021-07-26,28.91156462585034
2021-07-27,29.931972789115648
2021-07-28,28.57142857142857
2021-07-29,36.394557823129254
2021-07-30,32.6530612244898
2021-08-02,30.952380952380953
2021-08-03,38.095238095238095
2021-08-04,30.952380952380953
2021-08-05,32.99319727891156
2021-08-06,36.394557823129254
2021-08-09,35.034013605442176
2021-08-10,37.07482993197279
2021-08-11,44.5578231292517
2021-08-12,44.21768707482993
2021-08-13,42.517006802721085
2021-08-16,44.5578231292517
2021-08-17,34.69387755102041
2021-08-18,20.408163265306122
2021-08-19,25.510204081632654
2021-08-20,29.25170068027211
2021-08-23,28.91156462585034
2021-08-24,27.89115646258503
2021-08-25,30.952380952380953
2021-08-26,24.489795918367346
2021-08-27,31.97278911564626
2021-08-30,30.612244897959183
2021-08-31,31.97278911564626
2021-09-01,33.33333333333333
2021-09-02,41.83673469387755
2021-09-03,37.755102040816325
2021-09-07,25.510204081632654
2021-09-08,25.170068027210885
2021-09-09,20.408163265306122
2021-09-10,13.945578231292515
2021-09-13,12.244897959183673
2021-09-14,10.54421768707483
2021-09-15,18.027210884353742
2021-09-16,15.306122448979592
2021-09-17,8.843537414965986
2021-09-20,3.741496598639456
2021-09-21,4.421768707482993
2021-09-22,7.8231292517006805
2021-09-23,14.965986394557824
2021-09-24,17.687074829931973
2021-09-27,21.08843537414966
2021-09-28,11.904761904761903
2021-09-29,11.224489795918368
2021-09-30,5.442176870748299
2021-10-01,12.244897959183673
2021-10-04,9.863945578231291
2021-10-05,11.564625850340136
2021-10-06,12.585034013605442
2021-10-07,16.666666666666664
2021-10-08,20.408163265306122
2021-10-11,18.70748299319728
2021-10-12,19.047619047619047
2021-10-13,21.428571428571427
2021-10-14,31.63265306122449
2021-10-15,33.6734693877551
2021-10-18,32.99319727891156
2021-10-19,39.795918367346935
2021-10-20,45.91836734693878
2021-10-21,45.91836734693878
2021-10-22,49.31972789115646
2021-10-25,47.95918367346938
2021-10-26,43.197278911564624
2021-10-27,29.25170068027211
2021-10-28,40.136054421768705
2021-10-29,35.714285714285715
2021-11-01,38.435374149659864
2021-11-02,40.136054421768705
2021-11-03,44.5578231292517
2021-11-04,38.435374149659864
2021-11-05,45.57823129251701
2021-11-08,42.517006802721085
2021-11-09,42.517006802721085
2021-11-10,33.33333333333333
2021-11-11,34.35374149659864
2021-11-12,37.755102040816325
2021-11-15,40.476190476190474
2021-11-16,40.816326530612244
2021-11-17,35.374149659863946
2021-11-18,30.612244897959183
2021-11-19,27.89115646258503
2021-11-22,26.53061224489796
2021-11-23,27.89115646258503
2021-11-24,26.87074829931973
2021-11-26,8.16326530612245
2021-11-29,15.646258503401361
2021-11-30,3.4013605442176873
2021-12-01,3.4013605442176873
2021-12-02,7.8231292517006805
2021-12-03,6.802721088435375
2021-12-06,12.244897959183673
2021-12-07,19.387755102040817
2021-12-08,23.46938775510204
2021-12-09,15.306122448979592
2021-12-10,23.12925170068027
2021-12-13,22.448979591836736
2021-12-14,18.027210884353742
2021-12-15,26.53061224489796
2021-12-16,29.25170068027211
2021-12-17,16.3265306122449
2021-12-20,15.646258503401361
2021-12-21,14.965986394557824
2021-12-22,18.367346938775512
2021-12-23,22.448979591836736
2021-12-27,35.714285714285715
2021-12-28,39.1156462585034
2021-12-29,44.21768707482993
2021-12-30,37.755102040816325
2021-12-31,38.775510204081634
2022-01-03,31.97278911564626
2022-01-04,46.59863945578231
2022-01-05,31.63265306122449
2022-01-06,35.034013605442176
2022-01-07,36.734693877551024
2022-01-10,30.952380952380953
2022-01-11,30.272108843537417
2022-01-12,29.931972789115648
2022-01-13,34.35374149659864
2022-01-14,31.63265306122449
2022-01-18,24.489795918367346
2022-01-19,17.006802721088434
2022-01-20,7.8231292517006805
2022-01-21,6.462585034013606
2022-01-24,5.1020408163265305
2022-01-25,6.122448979591836
2022-01-26,5.1020408163265305
2022-01-27,6.462585034013606
2022-01-28,10.204081632653061
2022-01-31,13.60544217687075
2022-02-01,14.625850340136054
2022-02-02,19.387755102040817
2022-02-03,16.3265306122449
2022-02-04,14.965986394557824
2022-02-07,17.687074829931973
2022-02-08,23.12925170068027
2022-02-09,29.591836734693878
2022-02-10,19.727891156462583
2022-02-11,12.925170068027212
2022-02-14,7.482993197278912
2022-02-15,13.945578231292515
2022-02-16,15.646258503401361
2022-02-17,8.503401360544217
2022-02-18,8.503401360544217
2022-02-22,4.761904761904762
2022-02-23,3.4013605442176873
2022-02-24,3.4013605442176873
2022-02-25,11.564625850340136
2022-02-28,11.564625850340136
2022-03-01,9.863945578231291
2022-03-02,15.98639455782313
2022-03-03,19.047619047619047
2022-03-04,22.448979591836736
2022-03-07,18.027210884353742
2022-03-08,11.904761904761903
2022-03-09,9.863945578231291
2022-03-10,14.285714285714285
2022-03-11,12.244897959183673
2022-03-14,11.224489795918368
2022-03-15,14.965986394557824
2022-03-16,15.98639455782313
2022-03-17,25.170068027210885
2022-03-18,26.53061224489796
2022-03-21,25.510204081632654
2022-03-22,26.190476190476193
2022-03-23,19.387755102040817
2022-03-24,27.89115646258503
2022-03-25,35.374149659863946
2022-03-28,35.034013605442176
2022-03-29,48.63945578231292
2022-03-30,42.857142857142854
2022-03-31,31.292517006802722
2022-04-01,37.41496598639456
2022-04-04,32.31292517006803
2022-04-05,27.2108843537415
2022-04-06,29.591836734693878
2022-04-07,34.69387755102041
2022-04-08,36.394557823129254
2022-04-11,29.931972789115648
2022-04-12,25.850340136054424
2022-04-13,28.91156462585034
2022-04-14,27.55102040816326
2022-04-18,26.53061224489796
2022-04-19,33.33333333333333
2022-04-20,38.435374149659864
2022-04-21,30.272108843537417
2022-04-22,11.224489795918368
2022-04-25,10.204081632653061
2022-04-26,2.380952380952381
2022-04-27,4.421768707482993
2022-04-28,10.54421768707483
2022-04-29,2.7210884353741496
2022-05-02,2.0408163265306123
2022-05-03,4.081632653061225
2022-05-04,10.884353741496598
2022-05-05,5.1020408163265305
2022-05-06,5.1020408163265305
2022-05-09,2.0408163265306123
2022-05-10,1.0204081632653061
2022-05-11,2.380952380952381
2022-05-12,2.0408163265306123
2022-05-13,3.4013605442176873
2022-05-16,4.081632653061225
2022-05-17,7.8231292517006805
2022-05-18,2.380952380952381
2022-05-19,1.7006802721088436
2022-05-20,2.380952380952381
2022-05-23,4.081632653061225
2022-05-24,8.16326530612245
2022-05-25,9.523809523809524
2022-05-26,11.904761904761903
2022-05-27,21.768707482993197
2022-05-31,12.585034013605442
2022-06-01,7.8231292517006805
2022-06-02,16.3265306122449
2022-06-03,10.884353741496598
2022-06-06,12.585034013605442
2022-06-07,18.367346938775512
2022-06-08,11.224489795918368
2022-06-09,3.741496598639456
2022-06-10,2.0408163265306123
2022-06-13,0.0
2022-06-14,0.3401360544217687
2022-06-15,0.3401360544217687
2022-06-16,0.0
2022-06-17,0.0
2022-06-21,0.0
2022-06-22,0.3401360544217687
2022-06-23,2.7210884353741496
2022-06-24,7.142857142857142
2022-06-27,4.421768707482993
2022-06-28,2.0408163265306123
2022-06-29,3.061224489795918
2022-06-30,2.7210884353741496
2022-07-01,7.482993197278912
2022-07-05,6.122448979591836
2022-07-06,8.843537414965986
2022-07-07,12.244897959183673
2022-07-08,10.204081632653061
2022-07-11,7.482993197278912
2022-07-12,5.1020408163265305
2022-07-13,5.1020408163265305
2022-07-14,5.1020408163265305
2022-07-15,9.523809523809524
2022-07-18,3.741496598639456
2022-07-19,14.965986394557824
2022-07-20,23.809523809523807
2022-07-21,35.034013605442176
2022-07-22,23.12925170068027
2022-07-25,25.510204081632654
2022-07-26,20.408163265306122
2022-07-27,37.07482993197279
2022-07-28,53.40136054421769
2022-07-29,60.544217687074834
2022-08-01,56.4625850340136
2022-08-02,47.27891156462585
2022-08-03,55.78231292517006
2022-08-04,48.63945578231292
2022-08-05,45.91836734693878
2022-08-08,49.65986394557823
2022-08-09,42.17687074829932
2022-08-10,57.48299319727891
2022-08-11,58.16326530612245
2022-08-12,66.66666666666666
2022-08-15,65.98639455782312
2022-08-16,70.40816326530613
2022-08-17,58.50340136054422
2022-08-18,59.523809523809526
2022-08-19,41.49659863945578
2022-08-22,20.74829931972789
2022-08-23,17.346938775510203
2022-08-24,20.408163265306122
2022-08-25,29.591836734693878
2022-08-26,8.843537414965986
2022-08-29,8.843537414965986
2022-08-30,1.3605442176870748
2022-08-31,1.3605442176870748
2022-09-01,1.7006802721088436
2022-09-02,1.3605442176870748
2022-09-06,1.3605442176870748
2022-09-07,7.142857142857142
2022-09-08,11.564625850340136
2022-09-09,15.646258503401361
2022-09-12,23.809523809523807
2022-09-13,3.4013605442176873
2022-09-14,4.761904761904762
2022-09-15,3.741496598639456
2022-09-16,1.7006802721088436
2022-09-19,2.7210884353741496
2022-09-20,2.0408163265306123
2022-09-21,0.0
2022-09-22,0.0
2022-09-23,0.3401360544217687
2022-09-26,0.0
2022-09-27,0.0
2022-09-28,1.0204081632653061
2022-09-29,0.6802721088435374
2022-09-30,0.3401360544217687
2022-10-03,1.3605442176870748
2022-10-04,5.442176870748299
2022-10-05,8.503401360544217
2022-10-06,7.142857142857142
2022-10-07,4.761904761904762
2022-10-10,3.741496598639456
2022-10-11,4.421768707482993
2022-10-12,3.4013605442176873
2022-10-13,8.16326530612245
2022-10-14,2.7210884353741496
2022-10-17,3.4013605442176873
2022-10-18,8.16326530612245
2022-10-19,5.782312925170068
2022-10-20,5.782312925170068
2022-10-21,15.98639455782313
2022-10-24,21.428571428571427
2022-10-25,30.952380952380953
2022-10-26,32.6530612244898
2022-10-27,34.35374149659864
2022-10-28,51.36054421768708
2022-10-31,46.59863945578231
2022-11-01,46.25850340136054
2022-11-02,25.510204081632654
2022-11-03,25.850340136054424
2022-11-04,36.054421768707485
2022-11-07,39.795918367346935
2022-11-08,42.857142857142854
2022-11-09,24.829931972789115
2022-11-10,60.204081632653065
2022-11-11,61.224489795918366
2022-11-14,48.63945578231292
2022-11-15,54.08163265306123
2022-11-16,44.5578231292517
2022-11-17,36.394557823129254
2022-11-18,43.87755102040816
2022-11-21,45.91836734693878
2022-11-22,58.16326530612245
2022-11-23,58.50340136054422
2022-11-25,61.904761904761905
2022-11-28,34.35374149659864
2022-11-29,34.01360544217687
2022-11-30,60.8843537414966
2022-12-01,59.523809523809526
2022-12-02,54.761904761904766
2022-12-05,26.87074829931973
2022-12-06,19.387755102040817
2022-12-07,20.408163265306122
2022-12-08,24.149659863945576
2022-12-09,15.306122448979592
2022-12-12,27.55102040816326
2022-12-13,35.374149659863946
2022-12-14,26.87074829931973
2022-12-15,11.904761904761903
2022-12-16,6.462585034013606
2022-12-19,2.380952380952381
2022-12-20,3.4013605442176873
2022-12-21,8.843537414965986
2022-12-22,5.1020408163265305
2022-12-23,9.863945578231291
2022-12-27,11.904761904761903
2022-12-28,4.421768707482993
2022-12-29,8.843537414965986
2022-12-30,6.802721088435375
2023-01-03,7.8231292517006805
2023-01-04,20.408163265306122
2023-01-05,11.564625850340136
2023-01-06,28.91156462585034
2023-01-09,25.850340136054424
2023-01-10,33.6734693877551
2023-01-11,46.25850340136054
2023-01-12,45.57823129251701
2023-01-13,47.27891156462585
2023-01-17,42.857142857142854
2023-01-18,23.12925170068027
2023-01-19,15.98639455782313
2023-01-20,28.2312925170068
2023-01-23,35.034013605442176
2023-01-24,32.31292517006803
2023-01-25,35.374149659863946
2023-01-26,40.816326530612244
2023-01-27,42.17687074829932
2023-01-30,32.31292517006803
2023-01-31,46.25850340136054
2023-02-01,52.721088435374156
2023-02-02,56.4625850340136
2023-02-03,46.25850340136054
2023-02-06,36.054421768707485
2023-02-07,39.1156462585034
2023-02-08,26.53061224489796
2023-02-09,17.346938775510203
2023-02-10,16.666666666666664
2023-02-13,28.2312925170068
2023-02-14,26.87074829931973
2023-02-15,30.952380952380953
2023-02-16,20.068027210884352
2023-02-17,19.047619047619047
2023-02-21,4.421768707482993
2023-02-22,5.442176870748299
2023-02-23,5.782312925170068
2023-02-24,4.421768707482993
2023-02-27,5.782312925170068
2023-02-28,6.462585034013606
2023-03-01,7.482993197278912
2023-03-02,9.863945578231291
2023-03-03,18.027210884353742
2023-03-06,14.625850340136054
2023-03-07,9.523809523809524
2023-03-08,11.904761904761903
2023-03-09,3.4013605442176873
2023-03-10,2.0408163265306123
2023-03-13,2.380952380952381
2023-03-14,6.462585034013606
2023-03-15,6.462585034013606
2023-03-16,10.204081632653061
2023-03-17,6.122448979591836
2023-03-20,9.183673469387756
2023-03-21,9.523809523809524
2023-03-22,4.081632653061225
2023-03-23,5.1020408163265305
2023-03-24,8.503401360544217
2023-03-27,9.523809523809524
2023-03-28,9.863945578231291
2023-03-29,14.625850340136054
2023-03-30,18.367346938775512
2023-03-31,31.292517006802722
2023-04-03,32.6530612244898
2023-04-04,26.190476190476193
2023-04-05,27.55102040816326
2023-04-06,27.2108843537415
2023-04-10,29.931972789115648
2023-04-11,37.41496598639456
2023-04-12,31.292517006802722
2023-04-13,37.07482993197279
2023-04-14,29.591836734693878
2023-04-17,33.6734693877551
2023-04-18,32.6530612244898
2023-04-19,34.69387755102041
2023-04-20,30.952380952380953
2023-04-21,29.25170068027211
2023-04-24,29.931972789115648
2023-04-25,22.448979591836736
2023-04-26,12.925170068027212
2023-04-27,22.789115646258505
2023-04-28,27.55102040816326
2023-05-01,29.931972789115648
2023-05-02,25.850340136054424
2023-05-03,22.448979591836736
2023-05-04,17.346938775510203
2023-05-05,24.149659863945576
2023-05-08,24.149659863945576
2023-05-09,21.768707482993197
2023-05-10,24.829931972789115
2023-05-11,21.428571428571427
2023-05-12,21.428571428571427
2023-05-15,22.789115646258505
2023-05-16,15.306122448979592
2023-05-17,18.70748299319728
2023-05-18,24.149659863945576
2023-05-19,22.448979591836736
2023-05-22,21.428571428571427
2023-05-23,10.54421768707483
2023-05-24,7.482993197278912
2023-05-25,9.863945578231291
2023-05-26,12.925170068027212
2023-05-30,14.625850340136054
2023-05-31,11.564625850340136
2023-06-01,14.965986394557824
2023-06-02,20.74829931972789
2023-06-05,19.387755102040817
2023-06-06,25.510204081632654
2023-06-07,34.69387755102041
2023-06-08,32.99319727891156
2023-06-09,31.63265306122449
2023-06-12,33.33333333333333
2023-06-13,46.93877551020408
2023-06-14,42.17687074829932
2023-06-15,53.40136054421769
2023-06-16,51.02040816326531
2023-06-20,33.6734693877551
2023-06-21,34.35374149659864
2023-06-22,29.931972789115648
2023-06-23,23.46938775510204
2023-06-26,23.809523809523807
2023-06-27,37.41496598639456
2023-06-28,36.734693877551024
2023-06-29,42.517006802721085
2023-06-30,52.721088435374156
2023-07-03,52.721088435374156
2023-07-05,42.857142857142854
2023-07-06,28.57142857142857
2023-07-07,26.190476190476193
2023-07-10,37.41496598639456
2023-07-11,51.02040816326531
2023-07-12,55.78231292517006
2023-07-13,60.8843537414966
2023-07-14,46.25850340136054
2023-07-17,46.59863945578231
2023-07-18,51.36054421768708
2023-07-19,52.38095238095239
2023-07-20,51.70068027210885
2023-07-21,53.74149659863946
2023-07-24,52.721088435374156
2023-07-25,53.40136054421769
2023-07-26,53.06122448979592
2023-07-27,38.435374149659864
2023-07-28,42.17687074829932
2023-07-31,42.517006802721085
2023-08-01,39.795918367346935
2023-08-02,26.190476190476193
2023-08-03,27.55102040816326
2023-08-04,23.46938775510204
2023-08-07,30.952380952380953
2023-08-08,27.2108843537415
2023-08-09,26.87074829931973
2023-08-10,23.46938775510204
2023-08-11,22.789115646258505
2023-08-14,24.149659863945576
2023-08-15,12.244897959183673
2023-08-16,11.564625850340136
2023-08-17,9.183673469387756
2023-08-18,8.843537414965986
2023-08-21,8.843537414965986
2023-08-22,6.802721088435375
2023-08-23,8.843537414965986
2023-08-24,6.122448979591836
2023-08-25,7.482993197278912
2023-08-28,12.244897959183673
2023-08-29,20.068027210884352
2023-08-30,24.149659863945576
2023-08-31,23.46938775510204
2023-09-01,26.190476190476193
2023-09-05,12.244897959183673
2023-09-06,14.285714285714285
2023-09-07,13.26530612244898
2023-09-08,13.26530612244898
2023-09-11,15.98639455782313
2023-09-12,15.306122448979592
2023-09-13,12.244897959183673
2023-09-14,20.068027210884352
2023-09-15,11.564625850340136
2023-09-18,12.585034013605442
2023-09-19,13.60544217687075
2023-09-20,13.60544217687075
2023-09-21,7.142857142857142
2023-09-22,7.482993197278912
2023-09-25,8.503401360544217
2023-09-26,5.1020408163265305
2023-09-27,5.782312925170068
2023-09-28,6.462585034013606
2023-09-29,2.380952380952381
2023-10-02,2.0408163265306123
2023-10-03,0.6802721088435374
2023-10-04,2.0408163265306123
2023-10-05,2.380952380952381
2023-10-06,5.442176870748299
2023-10-09,8.16326530612245
2023-10-10,10.204081632653061
2023-10-11,15.306122448979592
2023-10-12,10.204081632653061
2023-10-13,8.843537414965986
2023-10-16,13.945578231292515
2023-10-17,15.306122448979592
2023-10-18,10.204081632653061
2023-10-19,6.462585034013606
2023-10-20,2.7210884353741496
2023-10-23,1.7006802721088436
2023-10-24,3.4013605442176873
2023-10-25,4.421768707482993
2023-10-26,4.081632653061225
2023-10-27,1.0204081632653061
2023-10-30,2.7210884353741496
2023-10-31,5.782312925170068
2023-11-01,9.863945578231291
2023-11-02,24.829931972789115
2023-11-03,37.07482993197279
2023-11-06,30.272108843537417
2023-11-07,28.2312925170068
2023-11-08,25.850340136054424
2023-11-09,21.768707482993197
2023-11-10,30.952380952380953
2023-11-13,30.952380952380953
2023-11-14,51.70068027210885
2023-11-15,49.65986394557823
2023-11-16,49.31972789115646
2023-11-17,50.34013605442177
2023-11-20,54.08163265306123
2023-11-21,51.36054421768708
2023-11-22,55.44217687074829
2023-11-24,58.16326530612245
2023-11-27,54.08163265306123
2023-11-28,49.65986394557823
2023-11-29,48.63945578231292
2023-11-30,61.224489795918366
2023-12-01,70.40816326530613
2023-12-04,67.00680272108843
2023-12-05,55.44217687074829
2023-12-06,56.80272108843537
2023-12-07,57.48299319727891
2023-12-08,57.14285714285714
2023-12-11,63.26530612244898
2023-12-12,63.94557823129252
2023-12-13,78.91156462585033
2023-12-14,72.10884353741497
2023-12-15,64.96598639455783
2023-12-18,65.98639455782312
2023-12-19,69.04761904761905
2023-12-20,49.31972789115646
2023-12-21,59.863945578231295
2023-12-22,60.204081632653065
2023-12-26,64.62585034013605
2023-12-27,62.585034013605444
2023-12-28,64.96598639455783
2023-12-29,61.904761904761905
2024-01-02,55.78231292517006
2024-01-03,31.292517006802722
2024-01-04,28.57142857142857
2024-01-05,34.01360544217687
2024-01-08,42.857142857142854
2024-01-09,37.07482993197279
2024-01-10,39.1156462585034
2024-01-11,32.31292517006803
2024-01-12,30.952380952380953
2024-01-16,27.2108843537415
2024-01-17,19.727891156462583
2024-01-18,23.12925170068027
2024-01-19,34.69387755102041
2024-01-22,41.156462585034014
2024-01-23,38.775510204081634
2024-01-24,30.272108843537417
2024-01-25,38.435374149659864
2024-01-26,40.136054421768705
2024-01-29,43.87755102040816
2024-01-30,45.23809523809524
2024-01-31,26.53061224489796
2024-02-01,37.755102040816325
2024-02-02,38.095238095238095
2024-02-05,29.591836734693878
2024-02-06,31.97278911564626
2024-02-07,36.394557823129254
2024-02-08,37.41496598639456
2024-02-09,40.476190476190474
2024-02-12,39.455782312925166
2024-02-13,24.489795918367346
2024-02-14,32.31292517006803
2024-02-15,39.455782312925166
2024-02-16,34.69387755102041
2024-02-20,30.612244897959183
2024-02-21,31.97278911564626
2024-02-22,42.17687074829932
2024-02-23,44.21768707482993
2024-02-26,39.455782312925166
2024-02-27,41.83673469387755
2024-02-28,42.857142857142854
2024-02-29,44.89795918367347
2024-03-01,46.59863945578231
2024-03-04,47.95918367346938
2024-03-05,41.83673469387755
2024-03-06,44.89795918367347
2024-03-07,51.36054421768708
2024-03-08,46.59863945578231
2024-03-11,46.59863945578231
2024-03-12,47.61904761904761
2024-03-13,46.93877551020408
2024-03-14,35.374149659863946
2024-03-15,31.63265306122449
2024-03-18,31.97278911564626
2024-03-19,38.775510204081634
2024-03-20,45.57823129251701
2024-03-21,55.44217687074829
2024-03-22,48.97959183673469
2024-03-25,41.49659863945578
2024-03-26,39.1156462585034
2024-03-27,57.82312925170068
2024-03-28,58.50340136054422
2024-04-01,43.53741496598639
2024-04-02,32.31292517006803
2024-04-03,30.952380952380953
2024-04-04,18.367346938775512
2024-04-05,24.489795918367346
2024-04-08,27.55102040816326
2024-04-09,27.89115646258503
2024-04-10,12.585034013605442
2024-04-11,14.625850340136054
2024-04-12,5.1020408163265305
2024-04-15,3.061224489795918
2024-04-16,3.741496598639456
2024-04-17,3.741496598639456
2024-04-18,5.1020408163265305
2024-04-19,8.843537414965986
2024-04-22,13.26530612244898
2024-04-23,15.98639455782313
2024-04-24,20.068027210884352
2024-04-25,20.408163265306122
2024-04-26,19.727891156462583
2024-04-29,24.149659863945576
2024-04-30,15.646258503401361
2024-05-01,13.945578231292515
2024-05-02,21.08843537414966
2024-05-03,25.170068027210885
2024-05-06,29.591836734693878
2024-05-07,33.33333333333333
2024-05-08,31.63265306122449
2024-05-09,38.435374149659864
2024-05-10,41.49659863945578
2024-05-13,35.374149659863946
2024-05-14,38.435374149659864
2024-05-15,46.93877551020408
2024-05-16,42.517006802721085
2024-05-17,43.53741496598639
2024-05-20,40.476190476190474
2024-05-21,39.455782312925166
2024-05-22,35.034013605442176
2024-05-23,19.387755102040817
2024-05-24,25.850340136054424
2024-05-28,17.346938775510203
2024-05-29,11.904761904761903
2024-05-30,14.285714285714285
2024-05-31,22.448979591836736
2024-06-03,18.367346938775512
2024-06-04,21.768707482993197
2024-06-05,24.489795918367346
2024-06-06,20.74829931972789
2024-06-07,17.346938775510203
2024-06-10,19.387755102040817
2024-06-11,16.666666666666664
2024-06-12,20.74829931972789
2024-06-13,19.727891156462583
2024-06-14,14.965986394557824
2024-06-17,20.068027210884352
2024-06-18,23.809523809523807
2024-06-20,20.74829931972789
2024-06-21,21.768707482993197
2024-06-24,24.149659863945576
2024-06-25,18.027210884353742
2024-06-26,13.945578231292515
2024-06-27,14.625850340136054
2024-06-28,17.006802721088434
2024-07-01,13.60544217687075
2024-07-02,17.346938775510203
2024-07-03,14.625850340136054
2024-07-05,15.306122448979592
2024-07-08,15.646258503401361
2024-07-09,17.346938775510203
2024-07-10,26.190476190476193
2024-07-11,38.775510204081634
2024-07-12,47.27891156462585
2024-07-15,46.59863945578231
2024-07-16,61.564625850340136
2024-07-17,60.544217687074834
2024-07-18,47.27891156462585
2024-07-19,36.394557823129254
2024-07-22,42.517006802721085
2024-07-23,38.435374149659864
2024-07-24,24.829931972789115
2024-07-25,28.91156462585034
2024-07-26,39.1156462585034
2024-07-29,41.49659863945578
2024-07-30,46.93877551020408
2024-07-31,46.59863945578231
2024-08-01,40.136054421768705
2024-08-02,31.292517006802722
2024-08-05,15.306122448979592
2024-08-06,20.408163265306122
2024-08-07,15.306122448979592
2024-08-08,22.108843537414966
2024-08-09,21.768707482993197
2024-08-12,17.687074829931973
2024-08-13,21.768707482993197
2024-08-14,25.170068027210885
2024-08-15,30.952380952380953
2024-08-16,29.931972789115648
2024-08-19,37.755102040816325
2024-08-20,34.01360544217687
2024-08-21,40.136054421768705
2024-08-22,38.095238095238095
2024-08-23,51.02040816326531
2024-08-26,50.0
2024-08-27,50.34013605442177
2024-08-28,44.21768707482993
2024-08-29,50.0
2024-08-30,57.48299319727891
2024-09-03,43.197278911564624
2024-09-04,40.476190476190474
2024-09-05,31.97278911564626
2024-09-06,26.53061224489796
2024-09-09,32.99319727891156
2024-09-10,33.6734693877551
2024-09-11,24.489795918367346
2024-09-12,32.31292517006803
2024-09-13,39.795918367346935
2024-09-16,47.95918367346938
2024-09-17,48.97959183673469
2024-09-18,40.816326530612244
2024-09-19,49.31972789115646
2024-09-20,40.816326530612244
2024-09-23,47.27891156462585
2024-09-24,44.5578231292517
2024-09-25,37.07482993197279
2024-09-26,40.136054421768705
2024-09-27,44.21768707482993
2024-09-30,46.93877551020408
2024-10-01,42.517006802721085
2024-10-02,36.054421768707485
2024-10-03,30.272108843537417
2024-10-04,32.31292517006803
2024-10-07,25.510204081632654
2024-10-08,28.2312925170068
2024-10-09,33.6734693877551
2024-10-10,26.87074829931973
2024-10-11,36.394557823129254
2024-10-14,45.23809523809524
2024-10-15,42.17687074829932
2024-10-16,46.25850340136054
2024-10-17,44.21768707482993
2024-10-18,46.25850340136054
2024-10-21,35.034013605442176
2024-10-22,26.87074829931973
2024-10-23,24.829931972789115
2024-10-24,26.190476190476193
2024-10-25,18.367346938775512
2024-10-28,23.12925170068027
2024-10-29,21.428571428571427
2024-10-30,21.428571428571427
2024-10-31,14.625850340136054
2024-11-01,14.625850340136054
2024-11-04,15.98639455782313
2024-11-05,26.53061224489796
2024-11-06,42.857142857142854
2024-11-07,42.517006802721085
2024-11-08,47.61904761904761
2024-11-11,48.97959183673469
2024-11-12,44.21768707482993
2024-11-13,44.5578231292517
2024-11-14,35.374149659863946
2024-11-15,30.952380952380953
2024-11-18,32.31292517006803
2024-11-19,29.25170068027211
2024-11-20,32.31292517006803
2024-11-21,41.156462585034014
2024-11-22,45.57823129251701
2024-11-25,50.34013605442177
2024-11-26,53.06122448979592
2024-11-27,48.29931972789115
2024-11-29,48.63945578231292
2024-12-02,40.136054421768705
2024-12-03,31.292517006802722
2024-12-04,32.31292517006803
2024-12-05,27.89115646258503
2024-12-06,26.190476190476193
2024-12-09,19.727891156462583
2024-12-10,15.98639455782313
2024-12-11,18.367346938775512
2024-12-12,14.625850340136054
2024-12-13,11.564625850340136
2024-12-16,11.904761904761903
2024-12-17,7.142857142857142
2024-12-18,2.380952380952381
2024-12-19,3.061224489795918
2024-12-20,4.761904761904762
2024-12-23,4.081632653061225
2024-12-24,5.442176870748299
2024-12-26,6.122448979591836
2024-12-27,3.741496598639456
2024-12-30,2.380952380952381
2024-12-31,2.380952380952381
2025-01-02,2.380952380952381
2025-01-03,5.1020408163265305
2025-01-06,5.782312925170068
2025-01-07,6.462585034013606
2025-01-08,6.802721088435375
2025-01-10,5.442176870748299
2025-01-13,6.462585034013606
2025-01-14,8.503401360544217
2025-01-15,11.564625850340136
2025-01-16,18.367346938775512
2025-01-17,24.489795918367346
2025-01-21,38.435374149659864
2025-01-22,30.612244897959183
2025-01-23,36.054421768707485
2025-01-24,35.374149659863946
2025-01-27,40.816326530612244
2025-01-28,28.2312925170068
2025-01-29,23.12925170068027
2025-01-30,33.33333333333333
2025-01-31,26.87074829931973
2025-02-03,20.74829931972789
2025-02-04,20.068027210884352
2025-02-05,26.53061224489796
2025-02-06,27.89115646258503
2025-02-07,22.108843537414966
2025-02-10,24.489795918367346
2025-02-11,26.53061224489796
2025-02-12,23.12925170068027
2025-02-13,30.272108843537417
2025-02-14,26.53061224489796
2025-02-18,31.63265306122449
2025-02-19,32.6530612244898
2025-02-20,29.931972789115648
2025-02-21,23.809523809523807
2025-02-24,26.190476190476193
2025-02-25,29.591836734693878
2025-02-26,22.108843537414966
2025-02-27,21.08843537414966
2025-02-28,30.272108843537417
2025-03-03,30.612244897959183
2025-03-04,15.98639455782313
2025-03-05,19.387755102040817
2025-03-06,16.3265306122449
2025-03-07,24.489795918367346
2025-03-10,25.170068027210885
2025-03-11,10.884353741496598
2025-03-12,2.7210884353741496
2025-03-13,4.761904761904762
2025-03-14,6.802721088435375
2025-03-17,13.945578231292515
2025-03-18,11.904761904761903
2025-03-19,11.224489795918368
2025-03-20,10.204081632653061
2025-03-21,7.8231292517006805
2025-03-24,10.54421768707483
2025-03-25,10.884353741496598
2025-03-26,14.625850340136054
2025-03-27,13.945578231292515
2025-03-28,11.904761904761903
2025-03-31,19.727891156462583
2025-04-01,20.068027210884352
2025-04-02,20.068027210884352
2025-04-03,17.687074829931973
2025-04-04,1.3605442176870748
2025-04-07,0.0
2025-04-08,0.3401360544217687
2025-04-09,0.6802721088435374
2025-04-10,1.3605442176870748
2025-04-11,3.741496598639456
2025-04-14,5.442176870748299
2025-04-15,4.421768707482993
2025-04-16,2.380952380952381
2025-04-17,4.421768707482993
2025-04-21,1.3605442176870748
2025-04-22,4.761904761904762
2025-04-23,4.081632653061225
2025-04-24,7.482993197278912
2025-04-25,7.482993197278912
2025-04-28,9.183673469387756
2025-04-29,13.26530612244898
2025-04-30,16.666666666666664
2025-05-01,18.367346938775512
2025-05-02,27.55102040816326
2025-05-05,26.53061224489796
2025-05-06,20.408163265306122
2025-05-07,25.510204081632654
2025-05-08,29.591836734693878
2025-05-09,27.89115646258503
2025-05-12,49.65986394557823
2025-05-13,48.29931972789115
2025-05-14,43.197278911564624
2025-05-15,48.63945578231292
2025-05-16,54.421768707483
2025-05-19,53.06122448979592
2025-05-20,48.29931972789115
2025-05-21,23.12925170068027
2025-05-22,19.047619047619047
2025-05-23,16.666666666666664
2025-05-27,30.612244897959183
2025-05-28,20.068027210884352
2025-05-29,23.46938775510204
2025-05-30,24.149659863945576
2025-06-02,23.12925170068027
2025-06-03,26.190476190476193
2025-06-04,21.428571428571427
2025-06-05,19.727891156462583
2025-06-06,29.931972789115648
2025-06-09,26.190476190476193
2025-06-10,34.35374149659864
2025-06-11,29.25170068027211
2025-06-12,25.850340136054424
2025-06-13,13.60544217687075
2025-06-16,21.428571428571427
2025-06-17,13.60544217687075
2025-06-18,15.306122448979592
2025-06-20,16.666666666666664
2025-06-23,22.448979591836736
2025-06-24,28.91156462585034
2025-06-25,24.149659863945576
2025-06-26,30.952380952380953
2025-06-27,32.31292517006803
2025-06-30,38.095238095238095
2025-07-01,50.0
2025-07-02,53.06122448979592
2025-07-03,52.38095238095239
2025-07-07,39.1156462585034
2025-07-08,42.857142857142854
2025-07-09,43.197278911564624
2025-07-10,52.38095238095239
2025-07-11,41.83673469387755
2025-07-14,39.455782312925166
2025-07-15,20.408163265306122
2025-07-16,24.829931972789115
2025-07-17,34.01360544217687
2025-07-18,34.69387755102041
2025-07-21,30.272108843537417
2025-07-22,42.857142857142854
2025-07-23,50.0
2025-07-24,44.5578231292517
2025-07-25,47.61904761904761
2025-07-28,33.33333333333333
2025-07-29,33.6734693877551
2025-07-30,27.55102040816326
2025-07-31,24.829931972789115
2025-08-01,19.387755102040817
2025-08-04,29.25170068027211
2025-08-05,26.53061224489796
2025-08-06,25.850340136054424
2025-08-07,26.53061224489796
2025-08-08,24.489795918367346
2025-08-11,24.149659863945576
2025-08-12,30.612244897959183
2025-08-13,39.795918367346935
2025-08-14,31.97278911564626
2025-08-15,24.829931972789115
2025-08-18,24.149659863945576
2025-08-19,27.55102040816326
2025-08-20,27.55102040816326
2025-08-21,23.12925170068027
2025-08-22,42.517006802721085
2025-08-25,29.591836734693878
2025-08-26,28.91156462585034
2025-08-27,31.97278911564626
2025-08-28,28.91156462585034
2025-08-29,26.87074829931973
2025-09-02,20.74829931972789
2025-09-03,18.367346938775512
2025-09-04,25.510204081632654
2025-09-05,27.2108843537415
2025-09-08,24.149659863945576
2025-09-09,17.006802721088434
2025-09-10,17.006802721088434
2025-09-11,29.591836734693878
2025-09-12,22.789115646258505
2025-09-15,18.367346938775512
2025-09-16,17.346938775510203
2025-09-17,16.666666666666664
2025-09-18,22.448979591836736
2025-09-19,19.387755102040817
2025-09-22,19.047619047619047
2025-09-23,21.08843537414966
2025-09-24,21.08843537414966
2025-09-25,17.006802721088434
2025-09-26,26.53061224489796
2025-09-29,25.850340136054424
2025-09-30,28.2312925170068
2025-10-01,29.931972789115648
2025-10-02,28.91156462585034
2025-10-03,30.612244897959183
2025-10-06,30.612244897959183
2025-10-07,26.190476190476193
2025-10-08,25.170068027210885
2025-10-09,17.006802721088434
2025-10-10,8.16326530612245
2025-10-13,10.54421768707483
2025-10-14,14.285714285714285
2025-10-15,18.027210884353742
2025-10-16,13.26530612244898
2025-10-17,15.306122448979592
2025-10-20,20.408163265306122
2025-10-21,18.70748299319728
2025-10-22,17.006802721088434
2025-10-23,17.346938775510203
2025-10-24,16.3265306122449
2025-10-27,23.46938775510204
2025-10-28,17.346938775510203
2025-10-29,14.965986394557824
2025-10-30,15.646258503401361
2025-10-31,17.006802721088434
2025-11-03,16.666666666666664
2025-11-04,10.54421768707483
2025-11-05,13.945578231292515
2025-11-06,13.945578231292515
2025-11-07,18.367346938775512
2025-11-10,21.768707482993197
2025-11-11,28.91156462585034
2025-11-12,28.91156462585034
2025-11-13,20.408163265306122
2025-11-14,18.367346938775512
2025-11-17,11.224489795918368
2025-11-18,12.585034013605442
2025-11-19,9.523809523809524
2025-11-20,9.183673469387756
2025-11-21,15.646258503401361
2025-11-24,16.666666666666664
2025-11-25,24.829931972789115
2025-11-26,30.612244897959183
2025-11-28,33.6734693877551
2025-12-01,22.789115646258505
2025-12-02,24.489795918367346
2025-12-03,29.931972789115648
2025-12-04,27.55102040816326
2025-12-05,31.292517006802722
2025-12-08,25.170068027210885
2025-12-09,21.768707482993197
2025-12-10,31.292517006802722
2025-12-11,37.07482993197279
2025-12-12,31.97278911564626
2025-12-15,35.034013605442176
2025-12-16,24.489795918367346
2025-12-17,23.809523809523807
2025-12-18,24.149659863945576
2025-12-19,26.190476190476193
2025-12-22,30.952380952380953
2025-12-23,27.55102040816326
2025-12-24,29.591836734693878
2025-12-26,29.591836734693878
2025-12-29,24.149659863945576
2025-12-30,24.149659863945576
2025-12-31,11.224489795918368
2026-01-02,23.12925170068027
2026-01-05,32.6530612244898
2026-01-06,43.87755102040816
2026-01-07,28.57142857142857
2026-01-08,37.07482993197279
2026-01-09,41.156462585034014
2026-01-12,37.755102040816325
2026-01-13,37.07482993197279
2026-01-14,39.795918367346935
2026-01-15,45.57823129251701
2026-01-16,44.21768707482993
2026-01-20,25.170068027210885
2026-01-21,38.095238095238095
2026-01-22,36.054421768707485
2026-01-23,30.952380952380953
2026-01-26,30.272108843537417
2026-01-27,30.272108843537417
2026-01-28,23.46938775510204
2026-01-29,27.89115646258503
2026-01-30,24.149659863945576
2026-02-02,29.931972789115648
2026-02-03,36.734693877551024
2026-02-04,48.29931972789115
2026-02-05,42.857142857142854
2026-02-06,50.34013605442177
2026-02-09,46.59863945578231
2026-02-10,48.97959183673469
2026-02-11,51.70068027210885
2026-02-12,43.53741496598639
2026-02-13,46.93877551020408
2026-02-17,43.87755102040816
2026-02-18,40.816326530612244
2026-02-19,37.755102040816325
2026-02-20,40.476190476190474
2026-02-23,35.714285714285715
2026-02-24,36.734693877551024
2026-02-25,30.952380952380953
2026-02-26,29.591836734693878
2026-02-27,37.07482993197279
2026-03-02,35.034013605442176
2026-03-03,22.108843537414966
2026-03-04,22.448979591836736
2026-03-05,12.585034013605442
2026-03-06,14.285714285714285
2026-03-09,11.564625850340136
2026-03-10,7.8231292517006805
2026-03-11,7.8231292517006805
2026-03-12,8.503401360544217
2026-03-13,9.523809523809524
2026-03-16,10.884353741496598
2026-03-17,10.884353741496598
2026-03-18,3.741496598639456
2026-03-19,6.462585034013606
2026-03-20,3.061224489795918
2026-03-23,5.442176870748299
2026-03-24,6.462585034013606
2026-03-25,6.802721088435375
2026-03-26,5.442176870748299
2026-03-27,6.122448979591836
2026-03-30,3.741496598639456
2026-03-31,6.122448979591836
2026-04-01,6.462585034013606
2026-04-02,9.183673469387756
2026-04-06,9.183673469387756
2026-04-07,8.843537414965986
2026-04-08,22.448979591836736
2026-04-09,27.55102040816326
2026-04-10,22.108843537414966
2026-04-13,24.829931972789115
2026-04-14,27.89115646258503
2026-04-15,25.510204081632654
2026-04-16,24.829931972789115
2026-04-17,37.41496598639456
2026-04-20,37.07482993197279
2026-04-21,29.931972789115648
2026-04-22,25.850340136054424
2026-04-23,26.87074829931973
2026-04-24,22.108843537414966
2026-04-27,21.428571428571427
2026-04-28,20.74829931972789
2026-04-29,20.068027210884352
2026-04-30,27.55102040816326
2026-05-01,20.74829931972789
2026-05-04,19.387755102040817
2026-05-05,21.428571428571427
2026-05-06,21.768707482993197
2026-05-07,16.3265306122449
2026-05-08,18.70748299319728
2026-05-11,19.727891156462583
2026-05-12,20.408163265306122
2026-05-13,19.387755102040817
2026-05-14,19.727891156462583
2026-05-15,15.306122448979592
2026-05-18,18.70748299319728
2026-05-19,16.3265306122449
2026-05-20,14.965986394557824
2026-05-21,16.666666666666664
2026-05-22,19.727891156462583
2026-05-26,20.068027210884352
2026-05-27,21.08843537414966
2026-05-28,21.08843537414966
2026-05-29,21.08843537414966
2026-06-01,20.408163265306122
2026-06-02,19.387755102040817
2026-06-03,17.346938775510203
2026-06-04,22.448979591836736
2026-06-05,16.666666666666664
2026-06-08,11.224489795918368
2026-06-09,23.46938775510204
2026-06-10,16.3265306122449
2026-06-11,23.12925170068027
2026-06-12,25.850340136054424
2026-06-15,25.850340136054424
2026-06-16,30.272108843537417
2026-06-17,14.965986394557824
2026-06-18,20.068027210884352
2026-06-22,23.46938775510204
2026-06-23,19.387755102040817
2026-06-24,30.952380952380953
2026-06-25,37.755102040816325
2026-06-26,42.517006802721085
2026-06-29,39.455782312925166
2026-06-30,32.31292517006803
2026-07-01,35.374149659863946
2026-07-02,44.21768707482993
2026-07-06,37.41496598639456
2026-07-07,38.095238095238095
2026-07-08,23.809523809523807
2026-07-09,22.108843537414966
2026-07-10,24.829931972789115
2026-07-13,27.55102040816326
2026-07-14,21.08843537414966
2026-07-15,19.387755102040817
2026-07-16,32.99319727891156
2026-07-17,28.2312925170068
2026-07-20,20.408163265306122
2026-07-21,14.625850340136054
2026-07-22,16.666666666666664
2026-07-23,16.3265306122449
2026-07-24,22.789115646258505
2026-07-27,30.272108843537417
2026-07-28,45.57823129251701
2026-07-29,37.07482993197279
2026-07-30,26.53061224489796
2026-07-31,20.408163265306122
2026-08-03,30.952380952380953
2026-08-04,38.435374149659864
2026-08-05,36.734693877551024
2026-08-06,31.97278911564626
2026-08-07,30.612244897959183
2026-08-10,33.33333333333333
2026-08-11,33.6734693877551
2026-08-12,30.952380952380953
2026-08-13,31.63265306122449
2026-08-14,32.31292517006803
2026-08-17,22.448979591836736
2026-08-18,21.428571428571427
2026-08-19,29.591836734693878
2026-08-20,23.46938775510204
2026-08-21,27.2108843537415
2026-08-24,30.952380952380953
2026-08-25,25.170068027210885
2026-08-26,24.489795918367346
2026-08-27,20.74829931972789
2026-08-28,18.70748299319728
2026-08-31,12.925170068027212
2026-09-01,14.625850340136054
2026-09-02,14.965986394557824
2026-09-03,20.068027210884352
2026-09-04,11.224489795918368
2026-09-08,5.782312925170068
2026-09-09,5.442176870748299
2026-09-10,3.741496598639456
2026-09-11,5.782312925170068
2026-09-14,7.8231292517006805
2026-09-15,8.503401360544217
2026-09-16,6.802721088435375
2026-09-17,7.142857142857142
2026-09-18,4.421768707482993
2026-09-21,6.462585034013606
2026-09-22,7.142857142857142
2026-09-23,7.142857142857142
2026-09-24,7.482993197278912
2026-09-25,9.183673469387756
2026-09-28,8.16326530612245
2026-09-29,8.16326530612245
2026-09-30,7.482993197278912
2026-10-01,7.8231292517006805
2026-10-02,10.54421768707483
2026-10-05,11.904761904761903
