Date,RSI_Spread_SPX
2003-01-23,-25.0814332247557
2003-01-24,-39.08794788273616
2003-01-27,-46.579804560260584
2003-01-28,-32.57328990228012
2003-01-29,-29.641693811074916
2003-01-30,-35.83061889250814
2003-01-31,-19.218241042345273
2003-02-03,-14.65798045602606
2003-02-04,-21.824104234527688
2003-02-05,-22.80130293159609
2003-02-06,-24.4299674267101
2003-02-07,-30.293159609120522
2003-02-10,-22.475570032573287
2003-02-11,-24.4299674267101
2003-02-12,-32.57328990228013
2003-02-13,-31.921824104234524
2003-02-14,-16.612377850162865
2003-02-18,-8.794788273615636
2003-02-19,-10.423452768729641
2003-02-20,-12.37785016286645
2003-02-21,-6.514657980456027
2003-02-24,-10.749185667752442
2003-02-25,-7.49185667752443
2003-02-26,-8.794788273615636
2003-02-27,-4.5602605863192185
2003-02-28,-4.234527687296417
2003-03-03,-2.931596091205212
2003-03-04,-7.49185667752443
2003-03-05,-6.840390879478828
2003-03-06,-10.749185667752442
2003-03-07,-7.817589576547231
2003-03-10,-13.680781758957655
2003-03-11,-16.938110749185668
2003-03-12,-15.30944625407166
2003-03-13,-3.9087947882736156
2003-03-14,-2.931596091205212
2003-03-17,5.211726384364821
2003-03-18,5.2117263843648205
2003-03-19,7.817589576547231
2003-03-20,7.49185667752443
2003-03-21,17.26384364820847
2003-03-24,0.0
2003-03-25,1.954397394136808
2003-03-26,1.6286644951140066
2003-03-27,2.2801302931596092
2003-03-28,2.931596091205212
2003-03-31,0.0
2003-04-01,1.9543973941368078
2003-04-02,5.2117263843648205
2003-04-03,3.5830618892508146
2003-04-04,2.9315960912052117
2003-04-07,3.5830618892508146
2003-04-08,1.3029315960912053
2003-04-09,1.3029315960912051
2003-04-10,0.6514657980456027
2003-04-11,0.325732899022801
2003-04-14,3.5830618892508146
2003-04-15,7.49185667752443
2003-04-16,4.88599348534202
2003-04-17,7.817589576547232
2003-04-21,6.840390879478828
2003-04-22,16.61237785016287
2003-04-23,17.58957654723127
2003-04-24,10.423452768729641
2003-04-25,3.2573289902280127
2003-04-28,8.794788273615636
2003-04-29,9.120521172638437
2003-04-30,9.446254071661238
2003-05-01,7.49185667752443
2003-05-02,12.37785016286645
2003-05-05,14.006514657980457
2003-05-06,17.58957654723127
2003-05-07,12.37785016286645
2003-05-08,6.840390879478828
2003-05-09,11.400651465798045
2003-05-12,21.824104234527688
2003-05-13,17.58957654723127
2003-05-14,14.332247557003258
2003-05-15,17.58957654723127
2003-05-16,17.58957654723127
2003-05-19,4.234527687296417
2003-05-20,5.2117263843648205
2003-05-21,6.840390879478828
2003-05-22,11.726384364820847
2003-05-23,15.63517915309446
2003-05-27,20.521172638436486
2003-05-28,21.498371335504885
2003-05-29,15.960912052117262
2003-05-30,28.338762214983717
2003-06-02,31.921824104234528
2003-06-03,26.38436482084691
2003-06-04,37.133550488599354
2003-06-05,40.06514657980456
2003-06-06,30.61889250814332
2003-06-09,9.77198697068404
2003-06-10,13.680781758957655
2003-06-11,22.47557003257329
2003-06-12,23.452768729641694
2003-06-13,14.65798045602606
2003-06-16,29.31596091205212
2003-06-17,25.407166123778502
2003-06-18,19.54397394136808
2003-06-19,6.514657980456026
2003-06-20,6.514657980456026
2003-06-23,0.6514657980456028
2003-06-24,0.6514657980456028
2003-06-25,-0.3257328990228012
2003-06-26,1.954397394136808
2003-06-27,1.302931596091205
2003-06-30,1.6286644951140066
2003-07-01,2.2801302931596092
2003-07-02,4.88599348534202
2003-07-03,3.908794788273615
2003-07-07,8.794788273615636
2003-07-08,14.332247557003258
2003-07-09,10.749185667752444
2003-07-10,4.234527687296417
2003-07-11,8.469055374592834
2003-07-14,9.446254071661238
2003-07-15,8.794788273615636
2003-07-16,5.211726384364821
2003-07-17,-0.6514657980456025
2003-07-18,3.257328990228013
2003-07-21,0.6514657980456025
2003-07-22,4.234527687296417
2003-07-23,5.194805194805195
2003-07-24,3.896103896103896
2003-07-25,7.467532467532466
2003-07-28,7.467532467532466
2003-07-29,4.220779220779221
2003-07-30,3.5714285714285716
2003-07-31,3.571428571428571
2003-08-01,-0.6493506493506489
2003-08-04,0.0
2003-08-05,-3.571428571428572
2003-08-06,-3.246753246753247
2003-08-07,-1.2987012987012987
2003-08-08,-0.3246753246753249
2003-08-11,0.3246753246753249
2003-08-12,1.6233766233766234
2003-08-13,0.9740259740259742
2003-08-14,4.220779220779221
2003-08-15,4.545454545454546
2003-08-18,8.116883116883118
2003-08-19,12.662337662337661
2003-08-20,10.064935064935066
2003-08-21,14.935064935064934
2003-08-22,8.116883116883116
2003-08-25,5.194805194805195
2003-08-26,5.519480519480519
2003-08-27,8.766233766233766
2003-08-28,11.03896103896104
2003-08-29,14.935064935064934
2003-09-02,22.727272727272727
2003-09-03,21.753246753246753
2003-09-04,20.77922077922078
2003-09-05,13.311688311688311
2003-09-08,17.532467532467532
2003-09-09,13.311688311688311
2003-09-10,4.220779220779221
2003-09-11,4.220779220779221
2003-09-12,7.142857142857142
2003-09-15,5.51948051948052
2003-09-16,8.116883116883118
2003-09-17,6.1688311688311686
2003-09-18,14.935064935064934
2003-09-19,12.662337662337661
2003-09-22,7.142857142857142
2003-09-23,9.415584415584417
2003-09-24,2.597402597402598
2003-09-25,-1.298701298701299
2003-09-26,-2.5974025974025974
2003-09-29,0.0
2003-09-30,0.32467532467532445
2003-10-01,2.9220779220779214
2003-10-02,4.220779220779221
2003-10-03,7.142857142857142
2003-10-06,8.116883116883118
2003-10-07,10.714285714285714
2003-10-08,8.766233766233766
2003-10-09,12.012987012987013
2003-10-10,11.03896103896104
2003-10-13,16.233766233766232
2003-10-14,16.883116883116884
2003-10-15,10.714285714285715
2003-10-16,11.688311688311687
2003-10-17,5.519480519480519
2003-10-20,5.194805194805195
2003-10-21,6.4935064935064934
2003-10-22,1.2987012987012982
2003-10-23,1.948051948051948
2003-10-24,1.941747572815534
2003-10-27,4.207119741100323
2003-10-28,11.003236245954692
2003-10-29,14.563106796116504
2003-10-30,13.915857605177992
2003-10-31,12.944983818770227
2003-11-03,19.093851132686083
2003-11-04,13.592233009708739
2003-11-05,14.563106796116504
2003-11-06,17.79935275080906
2003-11-07,15.857605177993527
2003-11-10,5.177993527508091
2003-11-11,4.854368932038835
2003-11-12,11.326860841423947
2003-11-13,12.297734627831716
2003-11-14,8.737864077669903
2003-11-17,6.4724919093851145
2003-11-18,1.9417475728155336
2003-11-19,4.53074433656958
2003-11-20,0.9708737864077672
2003-11-21,1.6181229773462782
2003-11-24,6.148867313915857
2003-11-25,7.766990291262136
2003-11-26,8.737864077669904
2003-11-28,9.385113268608414
2003-12-01,19.093851132686083
2003-12-02,16.181229773462785
2003-12-03,12.297734627831716
2003-12-04,13.592233009708739
2003-12-05,7.1197411003236235
2003-12-08,9.06148867313916
2003-12-09,7.443365695792881
2003-12-10,3.2362459546925564
2003-12-11,10.032362459546926
2003-12-12,11.326860841423949
2003-12-15,6.7961165048543695
2003-12-16,6.796116504854368
2003-12-17,9.708737864077671
2003-12-18,14.239482200647249
2003-12-19,13.592233009708739
2003-12-22,16.774193548387096
2003-12-23,17.741935483870968
2003-12-24,11.935483870967742
2003-12-26,13.548387096774194
2003-12-29,22.258064516129032
2003-12-30,18.70967741935484
2003-12-31,17.741935483870964
2004-01-02,13.870967741935486
2004-01-05,15.806451612903228
2004-01-06,16.12903225806452
2004-01-07,19.999999999999996
2004-01-08,22.258064516129032
2004-01-09,15.483870967741936
2004-01-12,19.677419354838708
2004-01-13,15.483870967741936
2004-01-14,18.70967741935484
2004-01-15,17.741935483870968
2004-01-16,23.870967741935484
2004-01-20,20.64516129032258
2004-01-21,24.838709677419356
2004-01-22,19.67741935483871
2004-01-23,18.387096774193548
2004-01-26,22.903225806451612
2004-01-27,16.451612903225808
2004-01-28,10.967741935483872
2004-01-29,11.29032258064516
2004-01-30,11.29032258064516
2004-02-02,12.580645161290322
2004-02-03,10.0
2004-02-04,3.870967741935484
2004-02-05,5.161290322580645
2004-02-06,12.258064516129032
2004-02-09,9.032258064516128
2004-02-10,11.612903225806452
2004-02-11,19.032258064516128
2004-02-12,10.967741935483872
2004-02-13,7.741935483870969
2004-02-17,12.258064516129032
2004-02-18,10.0
2004-02-19,7.741935483870968
2004-02-20,4.838709677419356
2004-02-23,3.2258064516129035
2004-02-24,2.9032258064516134
2004-02-25,4.516129032258064
2004-02-26,6.752411575562701
2004-02-27,9.003215434083602
2004-03-01,16.720257234726688
2004-03-02,10.610932475884244
2004-03-03,10.289389067524116
2004-03-04,10.932475884244374
2004-03-05,14.790996784565918
2004-03-08,10.610932475884246
2004-03-09,6.109324758842444
2004-03-10,-1.929260450160772
2004-03-11,-7.07395498392283
2004-03-12,-1.2861736334405145
2004-03-15,-4.180064308681672
2004-03-16,-2.8938906752411575
2004-03-17,-0.964630225080386
2004-03-18,-0.6430868167202575
2004-03-19,-1.929260450160772
2004-03-22,-5.144694533762058
2004-03-23,-4.501607717041801
2004-03-24,-4.501607717041801
2004-03-25,0.964630225080386
2004-03-26,-0.3215434083601285
2004-03-29,1.2861736334405147
2004-03-30,4.5016077170418
2004-03-31,5.787781350482315
2004-04-01,6.430868167202572
2004-04-02,8.360128617363344
2004-04-05,10.610932475884246
2004-04-06,8.681672025723472
2004-04-07,5.787781350482315
2004-04-08,3.5369774919614154
2004-04-12,4.5016077170418
2004-04-13,-1.286173633440515
2004-04-14,-4.82315112540193
2004-04-15,-0.32154340836012896
2004-04-16,4.5016077170418
2004-04-19,4.180064308681672
2004-04-20,-1.607717041800643
2004-04-21,0.643086816720257
2004-04-22,8.038585209003216
2004-04-23,5.466237942122188
2004-04-26,3.536977491961415
2004-04-27,2.893890675241158
2004-04-28,-2.250803858520901
2004-04-29,-4.823151125401929
2004-04-30,-8.360128617363344
2004-05-03,-4.501607717041802
2004-05-04,-0.32154340836012807
2004-05-05,-0.6430868167202579
2004-05-06,-1.2861736334405145
2004-05-07,-10.289389067524116
2004-05-10,-17.04180064308682
2004-05-11,-8.360128617363344
2004-05-12,-7.717041800643087
2004-05-13,-7.07395498392283
2004-05-14,-4.823151125401929
2004-05-17,-7.717041800643087
2004-05-18,-3.858520900321543
2004-05-19,-4.501607717041801
2004-05-20,-4.501607717041801
2004-05-21,-2.893890675241158
2004-05-24,-2.893890675241158
2004-05-25,0.6430868167202575
2004-05-26,3.536977491961415
2004-05-27,4.180064308681672
2004-05-28,2.2508038585209005
2004-06-01,3.5369774919614154
2004-06-02,4.501607717041801
2004-06-03,2.2508038585209005
2004-06-04,3.215434083601286
2004-06-07,8.038585209003216
2004-06-08,9.967845659163988
2004-06-09,3.536977491961415
2004-06-10,3.8585209003215435
2004-06-14,1.929260450160772
2004-06-15,3.2154340836012865
2004-06-16,4.180064308681672
2004-06-17,4.501607717041801
2004-06-18,5.144694533762059
2004-06-21,5.466237942122188
2004-06-22,6.752411575562702
2004-06-23,10.932475884244374
2004-06-24,7.717041800643087
2004-06-25,9.646302250803858
2004-06-28,9.32475884244373
2004-06-29,8.681672025723474
2004-06-30,10.932475884244374
2004-07-01,2.2435897435897436
2004-07-02,0.6410256410256414
2004-07-06,-1.923076923076923
2004-07-07,-2.243589743589743
2004-07-08,-5.769230769230769
2004-07-09,-4.166666666666667
2004-07-12,-4.166666666666666
2004-07-13,-2.564102564102564
2004-07-14,-4.15335463258786
2004-07-15,-5.750798722044728
2004-07-16,-9.584664536741215
2004-07-19,-10.223642172523963
2004-07-20,0.31948881789137396
2004-07-21,-10.223642172523961
2004-07-22,-7.987220447284344
2004-07-23,-12.140575079872203
2004-07-26,-12.460063897763577
2004-07-27,-5.1118210862619815
2004-07-28,-6.7092651757188495
2004-07-29,-3.5143769968051113
2004-07-30,-1.9169329073482424
2004-08-02,1.277955271565495
2004-08-03,-1.9169329073482428
2004-08-04,-1.5974440894568689
2004-08-05,-8.626198083067091
2004-08-06,-11.501597444089455
2004-08-09,-10.86261980830671
2004-08-10,-5.11182108626198
2004-08-11,-4.472843450479234
2004-08-12,-7.6677316293929705
2004-08-13,-9.26517571884984
2004-08-16,-3.5143769968051113
2004-08-17,-2.5559105431309903
2004-08-18,0.9584664536741214
2004-08-19,-0.6389776357827476
2004-08-20,0.9584664536741212
2004-08-23,0.31948881789137373
2004-08-24,0.6389776357827477
2004-08-25,1.9169329073482428
2004-08-26,0.6389776357827477
2004-08-27,0.6389776357827475
2004-08-30,-0.3194888178913735
2004-08-31,1.9169329073482428
2004-09-01,3.5143769968051117
2004-09-02,8.945686900958465
2004-09-03,8.945686900958465
2004-09-07,13.738019169329073
2004-09-08,5.11182108626198
2004-09-09,4.1269841269841265
2004-09-10,8.253968253968253
2004-09-13,8.88888888888889
2004-09-14,9.206349206349207
2004-09-15,5.396825396825396
2004-09-16,7.936507936507938
2004-09-17,8.571428571428573
2004-09-20,8.253968253968253
2004-09-21,10.793650793650794
2004-09-22,3.492063492063492
2004-09-23,1.9047619047619047
2004-09-24,3.8095238095238093
2004-09-27,0.31746031746031766
2004-09-28,5.079365079365079
2004-09-29,3.492063492063492
2004-09-30,7.6190476190476195
2004-10-01,13.65079365079365
2004-10-04,13.96825396825397
2004-10-05,11.11111111111111
2004-10-06,15.555555555555554
2004-10-07,8.571428571428571
2004-10-08,4.761904761904762
2004-10-11,4.444444444444445
2004-10-12,4.444444444444445
2004-10-13,0.31746031746031744
2004-10-14,-1.587301587301587
2004-10-15,0.9523809523809517
2004-10-18,3.174603174603174
2004-10-19,-2.222222222222223
2004-10-20,-2.2222222222222228
2004-10-21,2.5396825396825387
2004-10-22,-1.5873015873015879
2004-10-25,-0.9523809523809526
2004-10-26,5.079365079365079
2004-10-27,11.428571428571429
2004-10-28,13.333333333333332
2004-10-29,14.603174603174605
2004-11-01,14.92063492063492
2004-11-02,13.015873015873016
2004-11-03,21.269841269841272
2004-11-04,31.428571428571427
2004-11-05,29.841269841269842
2004-11-08,26.984126984126984
2004-11-09,24.761904761904763
2004-11-10,27.301587301587304
2004-11-11,32.38095238095238
2004-11-12,40.0
2004-11-15,34.92063492063492
2004-11-16,20.952380952380953
2004-11-17,22.22222222222222
2004-11-18,21.58730158730159
2004-11-19,7.936507936507936
2004-11-22,11.428571428571427
2004-11-23,11.746031746031747
2004-11-24,16.50793650793651
2004-11-26,14.285714285714286
2004-11-29,11.746031746031745
2004-11-30,9.206349206349206
2004-12-01,20.634920634920636
2004-12-02,19.04761904761905
2004-12-03,19.365079365079367
2004-12-06,16.825396825396826
2004-12-07,3.8095238095238093
2004-12-08,5.714285714285714
2004-12-09,8.571428571428571
2004-12-10,9.177215189873419
2004-12-13,12.341772151898734
2004-12-14,17.405063291139243
2004-12-15,16.139240506329113
2004-12-16,14.873417721518988
2004-12-17,11.708860759493671
2004-12-20,10.443037974683545
2004-12-21,14.556962025316455
2004-12-22,16.455696202531648
2004-12-23,16.139240506329113
2004-12-27,9.81012658227848
2004-12-28,16.139240506329113
2004-12-29,14.873417721518987
2004-12-30,15.822784810126583
2004-12-31,14.556962025316455
2005-01-03,2.8481012658227844
2005-01-04,-1.89873417721519
2005-01-05,-1.577287066246057
2005-01-06,-0.9463722397476342
2005-01-07,-2.2082018927444795
2005-01-10,0.3154574132492114
2005-01-11,-2.523659305993691
2005-01-12,-3.4700315457413247
2005-01-13,-5.362776025236593
2005-01-14,-2.20820189274448
2005-01-18,0.0
2005-01-19,-3.1545741324921135
2005-01-20,-5.993690851735017
2005-01-21,-6.940063091482649
2005-01-24,-10.410094637223974
2005-01-25,-7.886435331230285
2005-01-26,-3.4700315457413247
2005-01-27,-2.2082018927444795
2005-01-28,-5.047318611987381
2005-01-31,3.7854889589905367
2005-02-01,5.993690851735017
2005-02-02,8.832807570977918
2005-02-03,5.993690851735016
2005-02-04,13.564668769716091
2005-02-07,11.041009463722398
2005-02-08,8.832807570977918
2005-02-09,4.416403785488958
2005-02-10,6.940063091482649
2005-02-11,11.67192429022082
2005-02-14,11.987381703470032
2005-02-15,9.148264984227131
2005-02-16,10.410094637223976
2005-02-17,5.3627760252365935
2005-02-18,5.047318611987382
2005-02-22,-1.8927444794952681
2005-02-23,-1.5772870662460567
2005-02-24,2.5236593059936907
2005-02-25,7.886435331230285
2005-02-28,3.4700315457413256
2005-03-01,4.100946372239748
2005-03-02,4.73186119873817
2005-03-03,5.993690851735017
2005-03-04,9.46372239747634
2005-03-07,9.463722397476342
2005-03-08,6.94006309148265
2005-03-09,1.577287066246057
2005-03-10,1.8927444794952684
2005-03-11,0.3154574132492114
2005-03-14,1.8927444794952684
2005-03-15,0.6309148264984226
2005-03-16,-1.8927444794952684
2005-03-17,-0.6309148264984227
2005-03-18,-3.1545741324921135
2005-03-21,-3.4700315457413247
2005-03-22,-7.570977917981073
2005-03-23,-4.73186119873817
2005-03-24,-5.993690851735017
2005-03-28,-3.4700315457413247
2005-03-29,-6.940063091482649
2005-03-30,-1.5772870662460567
2005-03-31,-1.5772870662460567
2005-04-01,-2.5236593059936907
2005-04-04,-2.523659305993691
2005-04-05,-1.892744479495268
2005-04-06,-0.3154574132492116
2005-04-07,2.523659305993691
2005-04-08,0.0
2005-04-11,-3.1545741324921135
2005-04-12,1.2618296529968456
2005-04-13,-1.8927444794952681
2005-04-14,-9.779179810725553
2005-04-15,-23.65930599369085
2005-04-18,-14.511041009463725
2005-04-19,-6.624605678233438
2005-04-20,-12.933753943217667
2005-04-21,-3.1545741324921135
2005-04-22,-3.470031545741325
2005-04-25,-0.946372239747634
2005-04-26,-2.523659305993691
2005-04-27,-0.9463722397476344
2005-04-28,-3.7854889589905367
2005-04-29,-0.946372239747634
2005-05-02,-0.3154574132492116
2005-05-03,-0.3154574132492116
2005-05-04,5.362776025236593
2005-05-05,5.047318611987382
2005-05-06,2.523659305993691
2005-05-09,6.309148264984227
2005-05-10,2.523659305993691
2005-05-11,6.309148264984227
2005-05-12,2.523659305993691
2005-05-13,-0.3154574132492116
2005-05-16,2.5236593059936907
2005-05-17,5.362776025236593
2005-05-18,9.14826498422713
2005-05-19,10.094637223974763
2005-05-20,9.779179810725553
2005-05-23,11.041009463722398
2005-05-24,9.14826498422713
2005-05-25,5.047318611987382
2005-05-26,8.201892744479496
2005-05-27,6.624605678233439
2005-05-31,6.309148264984228
2005-06-01,8.832807570977918
2005-06-02,12.933753943217665
2005-06-03,6.940063091482651
2005-06-06,10.094637223974765
2005-06-07,9.779179810725552
2005-06-08,5.047318611987382
2005-06-09,11.041009463722398
2005-06-10,7.886435331230285
2005-06-13,11.041009463722398
2005-06-14,13.249211356466878
2005-06-15,15.457413249211356
2005-06-16,16.40378548895899
2005-06-17,19.558359621451103
2005-06-20,15.772870662460567
2005-06-21,11.35646687697161
2005-06-22,11.67192429022082
2005-06-23,5.993690851735016
2005-06-24,1.8927444794952688
2005-06-27,0.6309148264984223
2005-06-28,6.94006309148265
2005-06-29,6.624605678233438
2005-06-30,5.678233438485805
2005-07-01,8.201892744479494
2005-07-05,14.195583596214513
2005-07-06,5.3627760252365935
2005-07-07,5.047318611987382
2005-07-08,16.40378548895899
2005-07-11,19.24290220820189
2005-07-12,18.92744479495268
2005-07-13,15.457413249211356
2005-07-14,13.249211356466876
2005-07-15,14.511041009463723
2005-07-18,11.35646687697161
2005-07-19,14.779874213836477
2005-07-20,26.10062893081761
2005-07-21,13.20754716981132
2005-07-22,13.836477987421382
2005-07-25,8.80503144654088
2005-07-26,11.320754716981131
2005-07-27,14.465408805031446
2005-07-28,22.25705329153605
2005-07-29,13.793103448275863
2005-08-01,12.539184952978056
2005-08-02,15.360501567398119
2005-08-03,15.047021943573666
2005-08-04,5.6426332288401255
2005-08-05,0.9404388714733543
2005-08-08,-1.8808777429467085
2005-08-09,1.253918495297806
2005-08-10,1.8808777429467085
2005-08-11,5.956112852664577
2005-08-12,2.1943573667711602
2005-08-15,4.075235109717869
2005-08-16,-0.6269592476489025
2005-08-17,0.9404388714733543
2005-08-18,-0.6269592476489025
2005-08-19,-1.2539184952978055
2005-08-22,-0.3134796238244517
2005-08-23,0.3134796238244517
2005-08-24,-0.6269592476489034
2005-08-25,-0.9404388714733543
2005-08-26,-2.5078369905956115
2005-08-29,-2.1943573667711593
2005-08-30,-2.507836990595611
2005-08-31,3.4375
2005-09-01,4.6875
2005-09-02,3.4375
2005-09-06,9.0625
2005-09-07,7.1875
2005-09-08,6.25
2005-09-09,10.0
2005-09-12,10.0
2005-09-13,7.1875
2005-09-14,2.8125
2005-09-15,1.25
2005-09-16,4.0625
2005-09-19,-0.6249999999999996
2005-09-20,-2.5
2005-09-21,-8.75
2005-09-22,-4.0625
2005-09-23,0.31250000000000044
2005-09-26,0.0
2005-09-27,-1.25
2005-09-28,0.6249999999999996
2005-09-29,1.5625
2005-09-30,5.625
2005-10-03,9.0625
2005-10-04,4.0625
2005-10-05,-6.853582554517134
2005-10-06,-7.476635514018691
2005-10-07,-6.230529595015577
2005-10-10,-7.476635514018692
2005-10-11,-8.722741433021806
2005-10-12,-16.510903426791277
2005-10-13,-13.084112149532709
2005-10-14,-6.5420560747663545
2005-10-17,-2.4922118380062304
2005-10-18,-7.4766355140186915
2005-10-19,-4.049844236760125
2005-10-20,-5.295950155763239
2005-10-21,-3.4267912772585665
2005-10-24,4.049844236760125
2005-10-25,1.2461059190031158
2005-10-26,1.5576323987538947
2005-10-27,-2.4922118380062313
2005-10-28,1.8691588785046727
2005-10-31,5.919003115264797
2005-11-01,4.672897196261682
2005-11-02,10.2803738317757
2005-11-03,10.903426791277258
2005-11-04,10.59190031152648
2005-11-07,13.084112149532709
2005-11-08,11.214953271028037
2005-11-09,12.461059190031152
2005-11-10,17.75700934579439
2005-11-11,20.5607476635514
2005-11-14,19.003115264797508
2005-11-15,11.526479750778815
2005-11-16,9.968847352024921
2005-11-17,17.133956386292834
2005-11-18,20.5607476635514
2005-11-21,21.18380062305296
2005-11-22,25.54517133956386
2005-11-23,24.610591900311526
2005-11-25,23.98753894080997
2005-11-28,10.59190031152648
2005-11-29,12.149532710280372
2005-11-30,6.5420560747663545
2005-12-01,14.953271028037381
2005-12-02,14.330218068535824
2005-12-05,8.09968847352025
2005-12-06,9.345794392523365
2005-12-07,5.590062111801242
2005-12-08,5.279503105590062
2005-12-09,6.211180124223602
2005-12-12,7.142857142857143
2005-12-13,7.142857142857143
2005-12-14,10.248447204968945
2005-12-15,6.521739130434782
2005-12-16,7.453416149068324
2005-12-19,1.863354037267081
2005-12-20,1.2422360248447204
2005-12-21,2.4844720496894412
2005-12-22,6.521739130434782
2005-12-23,7.142857142857142
2005-12-27,3.726708074534162
2005-12-28,3.726708074534162
2005-12-29,2.173913043478261
2005-12-30,0.0
2006-01-03,5.279503105590062
2006-01-04,5.900621118012422
2006-01-05,7.453416149068322
2006-01-06,14.285714285714285
2006-01-09,18.012422360248447
2006-01-10,18.633540372670808
2006-01-11,18.01242236024845
2006-01-12,11.145510835913312
2006-01-13,7.4303405572755405
2006-01-17,6.811145510835914
2006-01-18,5.572755417956656
2006-01-19,10.526315789473683
2006-01-20,0.6191950464396285
2006-01-23,1.5479876160990718
2006-01-24,4.643962848297214
2006-01-25,4.024767801857585
2006-01-26,9.597523219814242
2006-01-27,8.978328173374614
2006-01-30,8.359133126934983
2006-01-31,10.526315789473685
2006-02-01,10.526315789473685
2006-02-02,3.405572755417957
2006-02-03,0.9287925696594428
2006-02-06,1.5479876160990713
2006-02-07,-0.9287925696594432
2006-02-08,1.5479876160990713
2006-02-09,3.405572755417956
2006-02-10,3.715170278637771
2006-02-13,0.3095975232198145
2006-02-14,4.643962848297213
2006-02-15,7.716049382716049
2006-02-16,11.11111111111111
2006-02-17,8.950617283950617
2006-02-21,6.172839506172839
2006-02-22,10.493827160493826
2006-02-23,8.02469135802469
2006-02-24,10.185185185185185
2006-02-27,10.461538461538462
2006-02-28,3.692307692307692
2006-03-01,7.6923076923076925
2006-03-02,5.538461538461538
2006-03-03,5.538461538461538
2006-03-06,4.307692307692308
2006-03-07,0.3076923076923077
2006-03-08,1.846153846153846
2006-03-09,1.8461538461538463
2006-03-10,5.23076923076923
2006-03-13,4.615384615384615
2006-03-14,8.923076923076923
2006-03-15,14.153846153846155
2006-03-16,14.461538461538462
2006-03-17,16.0
2006-03-20,12.923076923076923
2006-03-21,5.23076923076923
2006-03-22,12.0
2006-03-23,9.230769230769232
2006-03-24,7.076923076923077
2006-03-27,6.76923076923077
2006-03-28,2.4615384615384617
2006-03-29,8.0
2006-03-30,8.0
2006-03-31,5.538461538461538
2006-04-03,6.461538461538462
2006-04-04,8.588957055214724
2006-04-05,9.202453987730062
2006-04-06,11.042944785276072
2006-04-07,4.294478527607361
2006-04-10,2.147239263803681
2006-04-11,-2.147239263803681
2006-04-12,0.0
2006-04-13,-0.9202453987730062
2006-04-17,-1.5337423312883436
2006-04-18,5.828220858895705
2006-04-19,10.122699386503069
2006-04-20,10.429447852760736
2006-04-21,8.895705521472392
2006-04-24,7.05521472392638
2006-04-25,5.521472392638036
2006-04-26,6.748466257668711
2006-04-27,4.60122699386503
2006-04-28,5.828220858895706
2006-05-01,1.2269938650306749
2006-05-02,3.6809815950920246
2006-05-03,5.214723926380369
2006-05-04,7.668711656441716
2006-05-05,13.190184049079754
2006-05-08,10.736196319018404
2006-05-09,10.429447852760736
2006-05-10,7.975460122699386
2006-05-11,1.5337423312883427
2006-05-12,-2.147239263803681
2006-05-15,-2.147239263803681
2006-05-16,-5.214723926380367
2006-05-17,-11.34969325153374
2006-05-18,-12.883435582822084
2006-05-19,-8.588957055214724
2006-05-22,-11.042944785276074
2006-05-23,-13.803680981595091
2006-05-24,-11.349693251533742
2006-05-25,-2.4539877300613497
2006-05-26,-0.3067484662576687
2006-05-30,-5.521472392638037
2006-05-31,-2.4539877300613497
2006-06-01,0.6134969325153374
2006-06-02,1.2269938650306749
2006-06-05,-2.7607361963190185
2006-06-06,-3.6809815950920246
2006-06-07,-5.828220858895706
2006-06-08,-8.282208588957054
2006-06-09,-7.975460122699386
2006-06-12,-14.417177914110429
2006-06-13,-23.006134969325153
2006-06-14,-17.177914110429448
2006-06-15,-2.446483180428135
2006-06-16,-2.140672782874618
2006-06-19,-4.587155963302752
2006-06-20,-4.587155963302752
2006-06-21,-0.9174311926605505
2006-06-22,-2.140672782874618
2006-06-23,-2.140672782874618
2006-06-26,-1.2232415902140672
2006-06-27,-3.9755351681957185
2006-06-28,-3.3639143730886847
2006-06-29,0.9174311926605505
2006-06-30,1.5290519877675839
2006-07-03,3.975535168195719
2006-07-05,1.5290519877675837
2006-07-06,2.446483180428135
2006-07-07,0.0
2006-07-10,2.140672782874618
2006-07-11,2.7522935779816518
2006-07-12,-2.7522935779816518
2006-07-13,-6.422018348623853
2006-07-14,-10.703363914373089
2006-07-17,-9.785932721712538
2006-07-18,-9.78593272171254
2006-07-19,0.3058103975535169
2006-07-20,-0.9174311926605503
2006-07-21,-4.281345565749235
2006-07-24,2.446483180428134
2006-07-25,3.058103975535168
2006-07-26,3.058103975535168
2006-07-27,1.529051987767584
2006-07-28,7.033639143730888
2006-07-31,5.198776758409785
2006-08-01,3.058103975535168
2006-08-02,3.9755351681957194
2006-08-03,4.89296636085627
2006-08-04,4.892966360856269
2006-08-07,0.9174311926605503
2006-08-08,0.30581039755351647
2006-08-09,-2.4464831804281344
2006-08-10,0.0
2006-08-11,-1.8348623853211006
2006-08-14,0.9174311926605503
2006-08-15,4.587155963302753
2006-08-16,7.339449541284404
2006-08-17,7.64525993883792
2006-08-18,9.174311926605505
2006-08-21,5.81039755351682
2006-08-22,6.1162079510703355
2006-08-23,2.1406727828746175
2006-08-24,3.363914373088685
2006-08-25,2.7522935779816513
2006-08-28,6.72782874617737
2006-08-29,9.785932721712538
2006-08-30,9.174311926605505
2006-08-31,8.868501529051988
2006-09-01,8.868501529051988
2006-09-05,10.091743119266056
2006-09-06,2.446483180428135
2006-09-07,1.8348623853211012
2006-09-08,3.363914373088685
2006-09-11,3.3639143730886856
2006-09-12,11.009174311926603
2006-09-13,15.59633027522936
2006-09-14,12.232415902140673
2006-09-15,11.926605504587156
2006-09-18,10.091743119266056
2006-09-19,8.868501529051988
2006-09-20,11.620795107033638
2006-09-21,7.033639143730886
2006-09-22,2.7522935779816513
2006-09-25,7.951070336391437
2006-09-26,10.091743119266054
2006-09-27,11.009174311926605
2006-09-28,11.62079510703364
2006-09-29,9.174311926605505
2006-10-02,6.1162079510703355
2006-10-03,7.6452599388379205
2006-10-04,14.373088685015288
2006-10-05,19.266055045871557
2006-10-06,13.45565749235474
2006-10-09,15.902140672782876
2006-10-10,16.207951070336392
2006-10-11,12.232415902140671
2006-10-12,19.571865443425075
2006-10-13,21.406727828746178
2006-10-16,26.605504587155966
2006-10-17,15.902140672782876
2006-10-18,14.984709480122323
2006-10-19,12.538226299694191
2006-10-20,12.232415902140671
2006-10-23,16.207951070336392
2006-10-24,14.984709480122323
2006-10-25,15.902140672782874
2006-10-26,19.57186544342508
2006-10-27,12.232415902140675
2006-10-30,13.149847094801222
2006-10-31,13.149847094801222
2006-11-01,8.562691131498472
2006-11-02,6.422018348623853
2006-11-03,6.422018348623855
2006-11-06,8.536585365853659
2006-11-07,10.975609756097562
2006-11-08,12.5
2006-11-09,8.231707317073173
2006-11-10,10.670731707317074
2006-11-13,10.670731707317074
2006-11-14,17.073170731707318
2006-11-15,18.597560975609756
2006-11-16,21.646341463414632
2006-11-17,19.51219512195122
2006-11-20,18.902439024390244
2006-11-21,19.20731707317073
2006-11-22,20.426829268292682
2006-11-24,17.378048780487802
2006-11-27,3.0487804878048776
2006-11-28,2.1341463414634148
2006-11-29,6.707317073170732
2006-11-30,9.146341463414634
2006-12-01,6.402439024390244
2006-12-04,10.670731707317074
2006-12-05,12.5
2006-12-06,11.890243902439025
2006-12-07,6.7073170731707314
2006-12-08,6.382978723404254
2006-12-11,8.206686930091186
2006-12-12,8.51063829787234
2006-12-13,8.51063829787234
2006-12-14,12.462006079027354
2006-12-15,11.246200607902736
2006-12-18,6.0790273556231
2006-12-19,5.167173252279635
2006-12-20,6.382978723404255
2006-12-21,3.9513677811550147
2006-12-22,-0.6079027355623103
2006-12-26,1.2158054711246198
2006-12-27,6.990881458966566
2006-12-28,5.167173252279635
2006-12-29,2.43161094224924
2007-01-03,2.735562310030395
2007-01-04,4.25531914893617
2007-01-05,-0.30395136778115495
2007-01-08,0.0
2007-01-09,0.9118541033434648
2007-01-10,3.03951367781155
2007-01-11,6.079027355623101
2007-01-12,8.814589665653497
2007-01-16,12.76595744680851
2007-01-17,10.33434650455927
2007-01-18,5.775075987841945
2007-01-19,9.422492401215806
2007-01-22,1.8237082066869301
2007-01-23,3.9513677811550156
2007-01-24,10.638297872340425
2007-01-25,6.990881458966565
2007-01-26,6.382978723404255
2007-01-29,7.598784194528876
2007-01-30,10.638297872340425
2007-01-31,12.462006079027356
2007-02-01,20.972644376899698
2007-02-02,20.972644376899698
2007-02-05,17.933130699088146
2007-02-06,18.54103343465046
2007-02-07,20.060790273556233
2007-02-08,20.364741641337385
2007-02-09,12.462006079027354
2007-02-12,7.2948328267477205
2007-02-13,12.158054711246201
2007-02-14,18.2370820668693
2007-02-15,18.84498480243161
2007-02-16,18.84498480243161
2007-02-20,23.708206686930094
2007-02-21,18.541033434650455
2007-02-22,16.413373860182368
2007-02-23,16.109422492401215
2007-02-26,13.677811550151976
2007-02-27,-8.206686930091184
2007-02-28,-2.127659574468085
2007-03-01,-4.25531914893617
2007-03-02,-13.677811550151976
2007-03-05,-22.796352583586625
2007-03-06,-3.951367781155015
2007-03-07,-5.47112462006079
2007-03-08,-1.2158054711246202
2007-03-09,-1.2158054711246202
2007-03-12,-0.6079027355623101
2007-03-13,-9.118541033434651
2007-03-14,-3.9513677811550156
2007-03-15,-0.9118541033434651
2007-03-16,-3.3434650455927053
2007-03-19,0.3039513677811547
2007-03-20,2.1276595744680855
2007-03-21,3.951367781155015
2007-03-22,4.86322188449848
2007-03-23,4.25531914893617
2007-03-26,4.25531914893617
2007-03-27,3.3434650455927057
2007-03-28,2.127659574468085
2007-03-29,2.735562310030396
2007-03-30,0.6079027355623099
2007-04-02,2.4316109422492396
2007-04-03,3.9513677811550156
2007-04-04,5.1671732522796345
2007-04-05,7.2948328267477205
2007-04-09,7.90273556231003
2007-04-10,8.814589665653495
2007-04-11,4.86322188449848
2007-04-12,8.484848484848484
2007-04-13,9.393939393939394
2007-04-16,15.757575757575756
2007-04-17,14.545454545454545
2007-04-18,13.636363636363635
2007-04-19,10.574018126888218
2007-04-20,17.220543806646525
2007-04-23,17.522658610271904
2007-04-24,17.82477341389728
2007-04-25,24.47129909365559
2007-04-26,19.335347432024168
2007-04-27,16.61631419939577
2007-04-30,6.344410876132931
2007-05-01,7.854984894259819
2007-05-02,12.99093655589124
2007-05-03,16.61631419939577
2007-05-04,17.5226586102719
2007-05-07,16.61631419939577
2007-05-08,14.803625377643504
2007-05-09,18.975903614457835
2007-05-10,4.819277108433736
2007-05-11,7.530120481927711
2007-05-14,6.626506024096386
2007-05-15,4.8192771084337345
2007-05-16,8.734939759036147
2007-05-17,5.72289156626506
2007-05-18,8.433734939759036
2007-05-21,8.734939759036145
2007-05-22,11.144578313253012
2007-05-23,8.734939759036145
2007-05-24,0.0
2007-05-25,3.003003003003003
2007-05-29,5.7057057057057055
2007-05-30,10.21021021021021
2007-05-31,12.912912912912914
2007-06-01,15.315315315315317
2007-06-04,16.516516516516514
2007-06-05,9.580838323353293
2007-06-06,1.4970059880239521
2007-06-07,-5.988023952095808
2007-06-08,-2.6946107784431135
2007-06-11,-2.0958083832335332
2007-06-12,-4.491017964071856
2007-06-13,0.29940119760479034
2007-06-14,2.0958083832335332
2007-06-15,6.586826347305389
2007-06-18,7.78443113772455
2007-06-19,8.083832335329342
2007-06-20,1.796407185628743
2007-06-21,4.790419161676647
2007-06-22,-0.5988023952095807
2007-06-25,-4.1916167664670665
2007-06-26,-4.191616766467066
2007-06-27,1.4970059880239521
2007-06-28,1.7964071856287425
2007-06-29,1.7964071856287425
2007-07-02,3.5928143712574854
2007-07-03,4.491017964071856
2007-07-05,4.17910447761194
2007-07-06,4.776119402985074
2007-07-09,5.6716417910447765
2007-07-10,0.29850746268656714
2007-07-11,1.1940298507462686
2007-07-12,7.164179104477611
2007-07-13,9.821428571428571
2007-07-16,8.035714285714286
2007-07-17,9.821428571428573
2007-07-18,7.1428571428571415
2007-07-19,10.119047619047617
2007-07-20,3.571428571428571
2007-07-23,2.678571428571429
2007-07-24,-7.738095238095239
2007-07-25,-3.2738095238095246
2007-07-26,-13.98809523809524
2007-07-27,-24.107142857142858
2007-07-30,-14.285714285714286
2007-07-31,-19.345238095238095
2007-08-01,-11.607142857142858
2007-08-02,-6.5476190476190474
2007-08-03,-19.345238095238095
2007-08-06,-4.166666666666668
2007-08-07,-1.7857142857142856
2007-08-08,0.0
2007-08-09,-9.523809523809524
2007-08-10,-4.464285714285714
2007-08-13,-2.380952380952381
2007-08-14,-5.059523809523809
2007-08-15,-8.928571428571429
2007-08-16,-7.715133531157269
2007-08-17,-1.1869436201780417
2007-08-20,-0.8902077151335311
2007-08-21,-0.593471810089021
2007-08-22,0.5934718100890207
2007-08-23,0.8902077151335313
2007-08-24,1.1869436201780417
2007-08-27,0.5934718100890208
2007-08-28,-0.593471810089021
2007-08-29,0.8902077151335311
2007-08-30,0.8902077151335311
2007-08-31,0.2967359050445104
2007-09-04,0.8902077151335311
2007-09-05,0.8902077151335313
2007-09-06,2.0771513353115725
2007-09-07,0.0
2007-09-10,-0.8902077151335313
2007-09-11,-0.2967359050445103
2007-09-12,0.593471810089021
2007-09-13,0.8902077151335308
2007-09-14,0.8902077151335311
2007-09-17,0.5934718100890208
2007-09-18,3.560830860534124
2007-09-19,7.121661721068248
2007-09-20,6.231454005934718
2007-09-21,8.01186943620178
2007-09-24,6.231454005934719
2007-09-25,5.637982195845698
2007-09-26,8.01186943620178
2007-09-27,9.792284866468844
2007-09-28,5.637982195845697
2007-10-01,13.946587537091988
2007-10-02,10.682492581602373
2007-10-03,6.824925816023738
2007-10-04,8.01186943620178
2007-10-05,15.727002967359049
2007-10-08,12.759643916913946
2007-10-09,16.02373887240356
2007-10-10,13.64985163204748
2007-10-11,8.902077151335313
2007-10-12,9.792284866468844
2007-10-15,5.044510385756676
2007-10-16,3.5608308605341246
2007-10-17,3.8575667655786345
2007-10-18,2.967359050445104
2007-10-19,-6.231454005934719
2007-10-22,-3.560830860534125
2007-10-23,0.8902077151335321
2007-10-24,-1.1869436201780417
2007-10-25,-2.670623145400593
2007-10-26,2.670623145400593
2007-10-29,4.747774480712165
2007-10-30,1.1869436201780408
2007-10-31,7.121661721068248
2007-11-01,-2.6706231454005938
2007-11-02,-2.9673590504451046
2007-11-05,-4.451038575667656
2007-11-06,0.5934718100890208
2007-11-07,-9.792284866468842
2007-11-08,-5.341246290801186
2007-11-09,-9.198813056379823
2007-11-12,-8.6053412462908
2007-11-13,0.0
2007-11-14,-1.4792899408284026
2007-11-15,-3.2544378698224854
2007-11-16,-2.9585798816568047
2007-11-19,-10.355029585798817
2007-11-20,-10.355029585798816
2007-11-21,-14.792899408284024
2007-11-23,-5.621301775147929
2007-11-26,-9.467455621301776
2007-11-27,-3.8461538461538463
2007-11-28,-0.2958579881656809
2007-11-29,-0.2958579881656809
2007-11-30,1.4792899408284026
2007-12-03,1.1834319526627222
2007-12-04,1.4792899408284026
2007-12-05,3.8461538461538463
2007-12-06,6.1946902654867255
2007-12-07,5.309734513274336
2007-12-10,7.9646017699115035
2007-12-11,0.8849557522123894
2007-12-12,0.8849557522123894
2007-12-13,0.2949852507374633
2007-12-14,-1.7699115044247788
2007-12-17,-2.359882005899705
2007-12-18,-1.1799410029498525
2007-12-19,-1.4749262536873156
2007-12-20,1.1799410029498525
2007-12-21,2.3598820058997054
2007-12-24,2.6548672566371683
2007-12-26,2.9498525073746316
2007-12-27,0.29498525073746307
2007-12-28,0.2949852507374633
2007-12-31,-0.5899705014749261
2008-01-02,-3.244837758112094
2008-01-03,-5.014749262536872
2008-01-04,-15.339233038348084
2008-01-07,-13.274336283185841
2008-01-08,-23.303834808259587
2008-01-09,-17.99410029498525
2008-01-10,-10.914454277286135
2008-01-11,-18.289085545722717
2008-01-14,-8.849557522123893
2008-01-15,-19.174041297935105
2008-01-16,-15.634218289085547
2008-01-17,-27.728613569321535
2008-01-18,-25.368731563421832
2008-01-22,-28.908554572271388
2008-01-23,-12.684365781710914
2008-01-24,-10.029498525073747
2008-01-25,-11.504424778761061
2008-01-28,-4.129793510324483
2008-01-29,-2.359882005899705
2008-01-30,-4.424778761061947
2008-01-31,-1.4749262536873156
2008-02-01,1.474926253687316
2008-02-04,-1.1799410029498523
2008-02-05,-2.654867256637168
2008-02-06,-3.5398230088495573
2008-02-07,-3.2448377581120944
2008-02-08,-3.2448377581120944
2008-02-11,-3.5398230088495577
2008-02-12,-2.6548672566371683
2008-02-13,-0.8849557522123893
2008-02-14,-1.7699115044247786
2008-02-15,-0.8849557522123894
2008-02-19,-0.8849557522123893
2008-02-20,-0.5899705014749262
2008-02-21,-2.949852507374631
2008-02-22,-1.4749262536873158
2008-02-25,0.0
2008-02-26,1.4749262536873156
2008-02-27,1.1799410029498525
2008-02-28,1.1799410029498525
2008-02-29,-2.064896755162242
2008-03-03,-4.129793510324483
2008-03-04,-2.949852507374631
2008-03-05,-3.244837758112094
2008-03-06,-5.604719764011799
2008-03-07,-7.9646017699115035
2008-03-10,-16.224188790560472
2008-03-11,-4.424778761061947
2008-03-12,-4.424778761061947
2008-03-13,-4.424778761061948
2008-03-14,-6.489675516224189
2008-03-17,-10.619469026548673
2008-03-18,-1.4749262536873156
2008-03-19,-2.6548672566371683
2008-03-20,-2.064896755162242
2008-03-24,0.0
2008-03-25,0.0
2008-03-26,-1.4749262536873158
2008-03-27,-1.4749262536873156
2008-03-28,-1.4749262536873158
2008-03-31,-1.1799410029498525
2008-04-01,0.8849557522123894
2008-04-02,0.8849557522123893
2008-04-03,1.7699115044247786
2008-04-04,1.7699115044247786
2008-04-07,1.764705882352941
2008-04-08,2.6470588235294117
2008-04-09,1.4662756598240472
2008-04-10,2.0527859237536656
2008-04-11,0.29325513196480946
2008-04-14,1.1730205278592374
2008-04-15,0.29325513196480957
2008-04-16,2.6392961876832848
2008-04-17,2.3460410557184748
2008-04-18,5.571847507331379
2008-04-21,5.278592375366569
2008-04-22,4.9853372434017595
2008-04-23,2.346041055718475
2008-04-24,2.6392961876832843
2008-04-25,4.105571847507331
2008-04-28,4.398826979472141
2008-04-29,5.571847507331379
2008-04-30,3.225806451612903
2008-05-01,9.67741935483871
2008-05-02,9.090909090909092
2008-05-05,6.158357771260997
2008-05-06,6.451612903225806
2008-05-07,3.8123167155425217
2008-05-08,3.8123167155425226
2008-05-09,3.2258064516129035
2008-05-12,5.865102639296187
2008-05-13,6.7251461988304095
2008-05-14,7.894736842105263
2008-05-15,13.157894736842104
2008-05-16,11.403508771929824
2008-05-19,9.941520467836257
2008-05-20,3.801169590643275
2008-05-21,2.0467836257309937
2008-05-22,3.216374269005848
2008-05-23,0.0
2008-05-27,2.631578947368421
2008-05-28,3.206997084548105
2008-05-29,3.498542274052478
2008-05-30,6.122448979591836
2008-06-02,0.8746355685131197
2008-06-03,-0.5830903790087465
2008-06-04,0.29154518950437325
2008-06-05,4.956268221574344
2008-06-06,-2.623906705539359
2008-06-09,-3.4985422740524785
2008-06-10,-4.373177842565598
2008-06-11,-8.454810495626823
2008-06-12,-6.997084548104956
2008-06-13,-4.081632653061225
2008-06-16,-2.9154518950437316
2008-06-17,-3.4985422740524785
2008-06-18,-6.705539358600583
2008-06-19,-4.956268221574343
2008-06-20,-6.705539358600583
2008-06-23,-9.620991253644316
2008-06-24,-10.787172011661808
2008-06-25,-5.830903790087463
2008-06-26,-13.411078717201166
2008-06-27,-17.20116618075802
2008-06-30,-18.367346938775512
2008-07-01,-15.451895043731778
2008-07-02,-25.072886297376094
2008-07-03,-23.9067055393586
2008-07-07,-25.65597667638484
2008-07-08,-6.122448979591836
2008-07-09,-11.9533527696793
2008-07-10,-9.912536443148689
2008-07-11,-16.61807580174927
2008-07-14,-18.658892128279884
2008-07-15,-19.533527696793005
2008-07-16,-4.081632653061225
2008-07-17,-1.749271137026239
2008-07-18,-2.040816326530612
2008-07-21,-1.4577259475218658
2008-07-22,0.5830903790087465
2008-07-23,1.1661807580174928
2008-07-24,-0.29154518950437325
2008-07-25,0.5813953488372094
2008-07-28,-0.2906976744186047
2008-07-29,0.5813953488372094
2008-07-30,1.162790697674419
2008-07-31,0.872093023255814
2008-08-01,-1.162790697674419
2008-08-04,-2.3255813953488373
2008-08-05,1.7441860465116283
2008-08-06,3.1976744186046515
2008-08-07,-0.2906976744186047
2008-08-08,6.686046511627906
2008-08-11,8.430232558139535
2008-08-12,6.104651162790698
2008-08-13,2.9069767441860463
2008-08-14,3.488372093023256
2008-08-15,7.558139534883721
2008-08-18,2.616279069767442
2008-08-19,1.744186046511628
2008-08-20,0.5813953488372093
2008-08-21,-0.5813953488372093
2008-08-22,0.8720930232558138
2008-08-25,0.2906976744186046
2008-08-26,-0.2906976744186047
2008-08-27,0.2906976744186046
2008-08-28,1.4534883720930232
2008-08-29,1.744186046511628
2008-09-02,2.0348837209302326
2008-09-03,0.8720930232558142
2008-09-04,-4.3604651162790695
2008-09-05,-3.488372093023256
2008-09-08,-3.197674418604651
2008-09-09,-12.499999999999998
2008-09-10,-4.941860465116278
2008-09-11,-3.1976744186046515
2008-09-12,-2.034883720930232
2008-09-15,-10.465116279069768
2008-09-16,-7.558139534883721
2008-09-17,-15.406976744186046
2008-09-18,-5.813953488372093
2008-09-19,1.4534883720930234
2008-09-22,-2.0348837209302326
2008-09-23,-3.1976744186046515
2008-09-24,-3.488372093023256
2008-09-25,-2.9069767441860463
2008-09-26,-2.9069767441860463
2008-09-29,-14.534883720930234
2008-09-30,-3.488372093023256
2008-10-01,-5.523255813953488
2008-10-02,-15.406976744186046
2008-10-03,-19.476744186046513
2008-10-06,-31.1046511627907
2008-10-07,-49.41860465116279
2008-10-08,-49.7093023255814
2008-10-09,-71.80232558139535
2008-10-10,-64.82558139534885
2008-10-13,-7.267441860465117
2008-10-14,-6.395348837209303
2008-10-15,-27.61627906976744
2008-10-16,-10.174418604651162
2008-10-17,-10.465116279069768
2008-10-20,-4.651162790697675
2008-10-21,-5.523255813953488
2008-10-22,-13.08139534883721
2008-10-23,-15.69767441860465
2008-10-24,-23.837209302325583
2008-10-27,-33.43023255813954
2008-10-28,-6.395348837209303
2008-10-29,-4.069767441860465
2008-10-30,-3.488372093023256
2008-10-31,-2.9069767441860463
2008-11-03,-1.4534883720930232
2008-11-04,-1.1627906976744187
2008-11-05,-1.1627906976744187
2008-11-06,-2.616279069767442
2008-11-07,-2.0348837209302326
2008-11-10,-3.77906976744186
2008-11-11,-4.3604651162790695
2008-11-12,-8.720930232558139
2008-11-13,-4.3604651162790695
2008-11-14,-4.069767441860465
2008-11-17,-6.976744186046512
2008-11-18,-8.13953488372093
2008-11-19,-18.6046511627907
2008-11-20,-30.523255813953487
2008-11-21,-13.662790697674417
2008-11-24,-3.77906976744186
2008-11-25,-3.488372093023256
2008-11-26,-1.1627906976744187
2008-11-28,-1.1627906976744187
2008-12-01,-3.1976744186046515
2008-12-02,-1.1627906976744187
2008-12-03,-0.872093023255814
2008-12-04,-0.872093023255814
2008-12-05,-0.5813953488372093
2008-12-08,-0.29069767441860467
2008-12-09,-0.29069767441860467
2008-12-10,-0.5813953488372093
2008-12-11,-0.5813953488372093
2008-12-12,-0.29069767441860467
2008-12-15,-0.872093023255814
2008-12-16,-0.29069767441860467
2008-12-17,-0.29069767441860467
2008-12-18,-0.29069767441860467
2008-12-19,-0.29069767441860467
2008-12-22,-0.5813953488372093
2008-12-23,-0.872093023255814
2008-12-24,-0.5813953488372093
2008-12-26,-0.5813953488372093
2008-12-29,-1.1627906976744187
2008-12-30,-0.872093023255814
2008-12-31,0.0
2009-01-02,0.5813953488372092
2009-01-05,1.744186046511628
2009-01-06,2.906976744186047
2009-01-07,0.29069767441860467
2009-01-08,0.29069767441860467
2009-01-09,-0.29069767441860467
2009-01-12,0.29069767441860467
2009-01-13,0.5813953488372093
2009-01-14,0.0
2009-01-15,-1.4534883720930232
2009-01-16,-1.744186046511628
2009-01-20,-5.232558139534883
2009-01-21,-2.0348837209302326
2009-01-22,-3.488372093023256
2009-01-23,-3.7790697674418605
2009-01-26,-3.197674418604651
2009-01-27,-2.906976744186047
2009-01-28,0.5813953488372092
2009-01-29,-1.4534883720930232
2009-01-30,-3.77906976744186
2009-02-02,-4.651162790697675
2009-02-03,-2.325581395348837
2009-02-04,-4.941860465116279
2009-02-05,-3.488372093023256
2009-02-06,1.4534883720930232
2009-02-09,1.7441860465116281
2009-02-10,-3.1976744186046515
2009-02-11,-1.744186046511628
2009-02-12,-1.4534883720930234
2009-02-13,-1.4534883720930234
2009-02-17,-4.3604651162790695
2009-02-18,-5.232558139534884
2009-02-19,-7.848837209302326
2009-02-20,-9.593023255813954
2009-02-23,-17.73255813953488
2009-02-24,-4.36046511627907
2009-02-25,-7.267441860465116
2009-02-26,-10.755813953488373
2009-02-27,-18.023255813953487
2009-03-02,-28.488372093023255
2009-03-03,-29.941860465116278
2009-03-04,-15.406976744186046
2009-03-05,-26.16279069767442
2009-03-06,-26.744186046511626
2009-03-09,-31.3953488372093
2009-03-10,-8.430232558139535
2009-03-11,-9.883720930232558
2009-03-12,-2.9069767441860463
2009-03-13,-1.744186046511628
2009-03-16,-1.1627906976744187
2009-03-17,-0.2906976744186046
2009-03-18,2.0348837209302326
2009-03-19,1.744186046511628
2009-03-20,-0.29069767441860467
2009-03-23,2.9069767441860463
2009-03-24,0.5813953488372093
2009-03-25,0.8720930232558138
2009-03-26,5.813953488372093
2009-03-27,0.872093023255814
2009-03-30,-0.29069767441860467
2009-03-31,0.5813953488372092
2009-04-01,0.29069767441860467
2009-04-02,2.0348837209302326
2009-04-03,4.069767441860465
2009-04-06,3.197674418604651
2009-04-07,0.872093023255814
2009-04-08,0.5813953488372092
2009-04-09,6.104651162790697
2009-04-13,5.813953488372093
2009-04-14,0.872093023255814
2009-04-15,1.4534883720930232
2009-04-16,4.069767441860465
2009-04-17,7.55813953488372
2009-04-20,0.29069767441860467
2009-04-21,1.4534883720930232
2009-04-22,2.3255813953488373
2009-04-23,2.9069767441860463
2009-04-24,5.523255813953488
2009-04-27,4.3604651162790695
2009-04-28,2.9069767441860463
2009-04-29,6.686046511627906
2009-04-30,7.267441860465117
2009-05-01,8.430232558139535
2009-05-04,16.569767441860463
2009-05-05,15.406976744186046
2009-05-06,15.988372093023257
2009-05-07,8.430232558139535
2009-05-08,13.662790697674417
2009-05-11,4.941860465116279
2009-05-12,3.488372093023256
2009-05-13,0.5813953488372093
2009-05-14,1.1627906976744187
2009-05-15,0.872093023255814
2009-05-18,1.744186046511628
2009-05-19,1.4534883720930232
2009-05-20,1.4534883720930232
2009-05-21,1.1627906976744184
2009-05-22,1.744186046511628
2009-05-26,2.0348837209302326
2009-05-27,1.4534883720930232
2009-05-28,2.0348837209302326
2009-05-29,2.0348837209302326
2009-06-01,8.13953488372093
2009-06-02,9.30232558139535
2009-06-03,5.232558139534884
2009-06-04,6.976744186046512
2009-06-05,5.813953488372094
2009-06-08,5.232558139534884
2009-06-09,5.813953488372093
2009-06-10,4.069767441860465
2009-06-11,4.069767441860465
2009-06-12,4.36046511627907
2009-06-15,1.1627906976744184
2009-06-16,0.5813953488372093
2009-06-17,0.872093023255814
2009-06-18,1.4534883720930232
2009-06-19,1.4534883720930232
2009-06-22,0.0
2009-06-23,0.29069767441860467
2009-06-24,0.2906976744186046
2009-06-25,1.744186046511628
2009-06-26,2.0348837209302326
2009-06-29,2.9069767441860463
2009-06-30,1.744186046511628
2009-07-01,2.9069767441860463
2009-07-02,-0.2906976744186046
2009-07-06,-0.2906976744186047
2009-07-07,-2.0348837209302326
2009-07-08,-2.616279069767442
2009-07-09,-1.1627906976744184
2009-07-10,-1.4534883720930232
2009-07-13,0.5813953488372093
2009-07-14,0.5813953488372093
2009-07-15,1.744186046511628
2009-07-16,3.488372093023256
2009-07-17,6.395348837209303
2009-07-20,8.430232558139535
2009-07-21,8.430232558139535
2009-07-22,12.209302325581394
2009-07-23,28.197674418604652
2009-07-24,29.360465116279073
2009-07-27,29.941860465116278
2009-07-28,24.709302325581394
2009-07-29,20.63953488372093
2009-07-30,24.709302325581394
2009-07-31,21.22093023255814
2009-08-03,29.36046511627907
2009-08-04,34.01162790697674
2009-08-05,26.16279069767442
2009-08-06,18.8953488372093
2009-08-07,28.77906976744186
2009-08-10,21.22093023255814
2009-08-11,11.627906976744187
2009-08-12,17.441860465116278
2009-08-13,19.47674418604651
2009-08-14,10.755813953488373
2009-08-17,2.325581395348837
2009-08-18,3.1976744186046506
2009-08-19,3.7790697674418605
2009-08-20,5.813953488372093
2009-08-21,12.209302325581397
2009-08-24,9.883720930232558
2009-08-25,11.91860465116279
2009-08-26,11.594202898550725
2009-08-27,12.173913043478262
2009-08-28,12.173913043478262
2009-08-31,5.507246376811594
2009-09-01,-0.28985507246376807
2009-09-02,0.5797101449275363
2009-09-03,1.4492753623188406
2009-09-04,2.608695652173913
2009-09-08,5.217391304347825
2009-09-09,10.144927536231885
2009-09-10,15.36231884057971
2009-09-11,13.913043478260871
2009-09-14,18.26086956521739
2009-09-15,22.318840579710145
2009-09-16,32.463768115942024
2009-09-17,25.50724637681159
2009-09-18,26.956521739130434
2009-09-21,18.55072463768116
2009-09-22,20.579710144927535
2009-09-23,9.56521739130435
2009-09-24,3.4782608695652173
2009-09-25,1.4492753623188408
2009-09-28,4.927536231884058
2009-09-29,3.7681159420289854
2009-09-30,3.7681159420289854
2009-10-01,-0.5797101449275361
2009-10-02,-1.7391304347826084
2009-10-05,-0.5797101449275363
2009-10-06,2.608695652173913
2009-10-07,2.8985507246376816
2009-10-08,4.63768115942029
2009-10-09,5.217391304347826
2009-10-12,5.507246376811594
2009-10-13,4.3478260869565215
2009-10-14,11.594202898550725
2009-10-15,13.333333333333334
2009-10-16,7.536231884057972
2009-10-19,14.492753623188406
2009-10-20,10.43478260869565
2009-10-21,4.9275362318840585
2009-10-22,9.27536231884058
2009-10-23,3.18840579710145
2009-10-26,1.739130434782608
2009-10-27,0.0
2009-10-28,-5.780346820809248
2009-10-29,-1.4450867052023122
2009-10-30,-4.0462427745664735
2009-11-02,-3.7572254335260116
2009-11-03,-3.1791907514450872
2009-11-04,-3.179190751445087
2009-11-05,0.578034682080925
2009-11-06,1.445086705202312
2009-11-09,5.780346820809248
2009-11-10,6.069364161849711
2009-11-11,8.092485549132949
2009-11-12,2.6011560693641615
2009-11-13,6.358381502890174
2009-11-16,10.982658959537574
2009-11-17,10.69364161849711
2009-11-18,7.22543352601156
2009-11-19,2.312138728323699
2009-11-20,2.3121387283236996
2009-11-23,6.936416184971098
2009-11-24,6.358381502890173
2009-11-25,6.647398843930636
2009-11-27,1.1560693641618496
2009-11-30,1.1560693641618498
2009-12-01,5.491329479768787
2009-12-02,8.670520231213873
2009-12-03,5.202312138728324
2009-12-04,6.358381502890174
2009-12-07,5.780346820809248
2009-12-08,3.7572254335260116
2009-12-09,4.899135446685879
2009-12-10,5.763688760806916
2009-12-11,9.221902017291066
2009-12-14,12.103746397694525
2009-12-15,9.798270893371757
2009-12-16,9.79827089337176
2009-12-17,4.322766570605187
2009-12-18,5.475504322766571
2009-12-21,10.086455331412104
2009-12-22,12.39193083573487
2009-12-23,14.40922190201729
2009-12-24,16.714697406340058
2009-12-28,15.273775216138327
2009-12-29,12.968299711815561
2009-12-30,12.968299711815561
2009-12-31,5.187319884726225
2010-01-04,6.9164265129683
2010-01-05,8.93371757925072
2010-01-06,10.37463976945245
2010-01-07,14.985590778097983
2010-01-08,14.697406340057636
2010-01-11,16.138328530259365
2010-01-12,5.475504322766571
2010-01-13,8.93371757925072
2010-01-14,11.815561959654177
2010-01-15,4.610951008645533
2010-01-19,10.086455331412104
2010-01-20,4.034582132564841
2010-01-21,2.017291066282421
2010-01-22,-2.5936599423631126
2010-01-25,-2.017291066282421
2010-01-26,-3.448275862068966
2010-01-27,-3.4482758620689657
2010-01-28,-10.057471264367816
2010-01-29,-13.79310344827586
2010-02-01,-3.7356321839080464
2010-02-02,-0.28735632183908044
2010-02-03,-1.4367816091954024
2010-02-04,-10.632183908045977
2010-02-05,-6.60919540229885
2010-02-08,-9.195402298850574
2010-02-09,-3.735632183908046
2010-02-10,-4.022988505747127
2010-02-11,-2.873563218390805
2010-02-12,-2.011494252873563
2010-02-16,0.0
2010-02-17,0.5747126436781609
2010-02-18,0.28735632183908066
2010-02-19,2.5862068965517246
2010-02-22,3.4482758620689653
2010-02-23,0.5747126436781609
2010-02-24,2.873563218390805
2010-02-25,3.4482758620689653
2010-02-26,4.597701149425289
2010-03-01,9.482758620689655
2010-03-02,12.64367816091954
2010-03-03,10.057471264367816
2010-03-04,8.595988538681947
2010-03-05,19.77077363896848
2010-03-08,18.05157593123209
2010-03-09,18.624641833810887
2010-03-10,22.922636103151863
2010-03-11,26.93409742120344
2010-03-12,25.78796561604584
2010-03-15,22.063037249283667
2010-03-16,26.64756446991404
2010-03-17,35.243553008595995
2010-03-18,30.659025787965614
2010-03-19,21.20343839541547
2010-03-22,27.22063037249284
2010-03-23,32.95128939828081
2010-03-24,18.911174785100286
2010-03-25,17.191977077363898
2010-03-26,14.613180515759312
2010-03-29,19.197707736389685
2010-03-30,16.332378223495702
2010-03-31,8.30945558739255
2010-04-01,13.467048710601718
2010-04-05,22.063037249283667
2010-04-06,24.068767908309454
2010-04-07,13.180515759312321
2010-04-08,16.045845272206304
2010-04-09,21.77650429799427
2010-04-12,22.349570200573066
2010-04-13,21.20343839541547
2010-04-14,32.9512893982808
2010-04-15,33.2378223495702
2010-04-16,11.461318051575933
2010-04-19,12.034383954154727
2010-04-20,20.916905444126073
2010-04-21,19.77077363896848
2010-04-22,26.361031518624642
2010-04-23,32.9512893982808
2010-04-26,25.787965616045845
2010-04-27,1.4326647564469912
2010-04-28,4.297994269340974
2010-04-29,11.174785100286531
2010-04-30,3.43839541547278
2010-05-03,6.017191977077363
2010-05-04,-2.005730659025788
2010-05-05,-3.1518624641833815
2010-05-06,-11.461318051575931
2010-05-07,-19.484240687679083
2010-05-10,-1.4326647564469916
2010-05-11,-1.7191977077363898
2010-05-12,-0.2865329512893984
2010-05-13,0.0
2010-05-14,-0.8595988538681949
2010-05-17,-1.146131805157593
2010-05-18,-3.7142857142857144
2010-05-19,-2.8571428571428577
2010-05-20,-14.000000000000002
2010-05-21,-6.571428571428571
2010-05-24,-6.2857142857142865
2010-05-25,-10.0
2010-05-26,-12.0
2010-05-27,-1.1428571428571428
2010-05-28,-2.857142857142857
2010-06-01,-5.714285714285714
2010-06-02,-0.5714285714285714
2010-06-03,-0.5714285714285714
2010-06-04,-2.857142857142857
2010-06-07,-4.857142857142857
2010-06-08,-3.428571428571429
2010-06-09,-4.857142857142857
2010-06-10,-0.2857142857142857
2010-06-11,0.0
2010-06-14,0.0
2010-06-15,0.2857142857142857
2010-06-16,0.0
2010-06-17,1.1428571428571428
2010-06-18,0.5714285714285714
2010-06-21,0.8571428571428572
2010-06-22,0.0
2010-06-23,0.0
2010-06-24,-0.8571428571428571
2010-06-25,-0.5714285714285715
2010-06-28,-1.1428571428571428
2010-06-29,-4.571428571428571
2010-06-30,-9.142857142857142
2010-07-01,-9.714285714285714
2010-07-02,-11.428571428571429
2010-07-06,-10.256410256410255
2010-07-07,-1.4245014245014245
2010-07-08,-0.8547008547008548
2010-07-09,-0.2849002849002849
2010-07-12,-0.2849002849002849
2010-07-13,1.1396011396011396
2010-07-14,0.8547008547008548
2010-07-15,0.5698005698005699
2010-07-16,-1.1396011396011396
2010-07-19,-0.5698005698005698
2010-07-20,0.5681818181818181
2010-07-21,-1.4204545454545454
2010-07-22,0.28409090909090895
2010-07-23,1.1363636363636365
2010-07-26,4.829545454545454
2010-07-27,4.261363636363636
2010-07-28,2.272727272727273
2010-07-29,1.4204545454545454
2010-07-30,1.7045454545454546
2010-08-02,4.545454545454545
2010-08-03,3.693181818181818
2010-08-04,6.515580736543909
2010-08-05,3.9660056657223786
2010-08-06,3.682719546742209
2010-08-09,7.08215297450425
2010-08-10,5.09915014164306
2010-08-11,-2.54957507082153
2010-08-12,-2.26628895184136
2010-08-13,-3.3994334277620393
2010-08-16,-2.26628895184136
2010-08-17,0.5665722379603402
2010-08-18,1.6997167138810194
2010-08-19,-0.8498583569405098
2010-08-20,-0.28328611898016964
2010-08-23,-1.4164305949008495
2010-08-24,-7.648725212464589
2010-08-25,-5.09915014164306
2010-08-26,-7.627118644067796
2010-08-27,-0.8474576271186445
2010-08-30,-4.8022598870056505
2010-08-31,-6.497175141242938
2010-09-01,0.847457627118644
2010-09-02,1.6949152542372883
2010-09-03,4.519774011299435
2010-09-07,2.5423728813559325
2010-09-08,3.389830508474576
2010-09-09,2.2598870056497176
2010-09-10,3.1073446327683616
2010-09-13,7.627118644067797
2010-09-14,6.779661016949152
2010-09-15,9.887005649717514
2010-09-16,9.6045197740113
2010-09-17,10.16949152542373
2010-09-20,20.903954802259886
2010-09-21,15.53672316384181
2010-09-22,9.6045197740113
2010-09-23,6.214689265536723
2010-09-24,13.27683615819209
2010-09-27,9.887005649717514
2010-09-28,15.53672316384181
2010-09-29,13.559322033898304
2010-09-30,7.909604519774012
2010-10-01,7.344632768361582
2010-10-04,4.80225988700565
2010-10-05,12.711864406779661
2010-10-06,9.887005649717514
2010-10-07,7.627118644067797
2010-10-08,11.016949152542372
2010-10-11,11.581920903954803
2010-10-12,13.27683615819209
2010-10-13,16.94915254237288
2010-10-14,13.559322033898304
2010-10-15,14.97175141242938
2010-10-18,18.07909604519774
2010-10-19,5.367231638418079
2010-10-20,9.6045197740113
2010-10-21,10.169491525423728
2010-10-22,12.146892655367232
2010-10-25,15.53672316384181
2010-10-26,14.124293785310735
2010-10-27,12.711864406779661
2010-10-28,11.581920903954803
2010-10-29,13.27683615819209
2010-11-01,12.146892655367232
2010-11-02,15.254237288135595
2010-11-03,14.971751412429379
2010-11-04,33.898305084745765
2010-11-05,37.005649717514125
2010-11-08,28.8135593220339
2010-11-09,14.124293785310735
2010-11-10,15.81920903954802
2010-11-11,12.146892655367232
2010-11-12,3.6723163841807915
2010-11-15,2.5423728813559325
2010-11-16,-2.259887005649717
2010-11-17,-2.259887005649717
2010-11-18,1.129943502824859
2010-11-19,0.847457627118644
2010-11-22,2.2598870056497176
2010-11-23,-0.8474576271186436
2010-11-24,4.80225988700565
2010-11-26,2.542372881355932
2010-11-29,1.6949152542372885
2010-11-30,0.28248587570621453
2010-12-01,5.36723163841808
2010-12-02,11.864406779661017
2010-12-03,12.994350282485875
2010-12-06,12.711864406779661
2010-12-07,15.53672316384181
2010-12-08,12.429378531073446
2010-12-09,16.056338028169012
2010-12-10,22.253521126760564
2010-12-13,21.971830985915492
2010-12-14,18.30985915492958
2010-12-15,14.08450704225352
2010-12-16,19.43661971830986
2010-12-17,21.971830985915492
2010-12-20,18.30985915492958
2010-12-21,22.253521126760564
2010-12-22,25.633802816901408
2010-12-23,19.718309859154928
2010-12-27,19.436619718309856
2010-12-28,16.29213483146067
2010-12-29,16.57303370786517
2010-12-30,13.483146067415731
2010-12-31,8.98876404494382
2011-01-03,18.258426966292134
2011-01-04,11.516853932584269
2011-01-05,17.086834733893557
2011-01-06,14.285714285714286
2011-01-07,12.88515406162465
2011-01-10,11.484593837535014
2011-01-11,13.165266106442576
2011-01-12,17.647058823529413
2011-01-13,16.80672268907563
2011-01-14,24.64985994397759
2011-01-18,26.610644257703083
2011-01-19,8.123249299719888
2011-01-20,7.563025210084034
2011-01-21,8.683473389355743
2011-01-24,10.364145658263306
2011-01-25,9.243697478991598
2011-01-26,12.324929971988796
2011-01-27,17.366946778711483
2011-01-28,3.0812324929971986
2011-01-31,3.3613445378151265
2011-02-01,8.96358543417367
2011-02-02,8.96358543417367
2011-02-03,8.96358543417367
2011-02-04,10.924369747899158
2011-02-07,12.885154061624648
2011-02-08,16.246498599439775
2011-02-09,12.88515406162465
2011-02-10,17.92717086834734
2011-02-11,23.52941176470588
2011-02-14,20.168067226890756
2011-02-15,15.126050420168067
2011-02-16,20.448179271708682
2011-02-17,24.64985994397759
2011-02-18,26.330532212885153
2011-02-22,2.8011204481792715
2011-02-23,-0.5602240896358546
2011-02-24,-1.4005602240896362
2011-02-25,4.201680672268908
2011-02-28,7.002801120448179
2011-03-01,0.28011204481792706
2011-03-02,2.8011204481792715
2011-03-03,7.282913165266106
2011-03-04,4.748603351955307
2011-03-07,2.5139664804469275
2011-03-08,3.631284916201117
2011-03-09,4.748603351955307
2011-03-10,0.2793296089385473
2011-03-11,0.2793296089385473
2011-03-14,-0.8379888268156426
2011-03-15,-1.675977653631285
2011-03-16,-5.865921787709497
2011-03-17,-2.2346368715083798
2011-03-18,-1.675977653631285
2011-03-21,0.558659217877095
2011-03-22,0.0
2011-03-23,0.2793296089385475
2011-03-24,1.675977653631285
2011-03-25,1.6759776536312851
2011-03-28,2.2346368715083798
2011-03-29,3.35195530726257
2011-03-30,7.520891364902507
2011-03-31,7.799442896935933
2011-04-01,11.142061281337048
2011-04-04,11.977715877437324
2011-04-05,11.977715877437326
2011-04-06,12.256267409470752
2011-04-07,8.077994428969358
2011-04-08,4.456824512534819
2011-04-11,5.555555555555555
2011-04-12,4.166666666666666
2011-04-13,4.444444444444445
2011-04-14,5.277777777777778
2011-04-15,6.944444444444443
2011-04-18,2.2222222222222223
2011-04-19,2.21606648199446
2011-04-20,4.7091412742382275
2011-04-21,7.4792243767313025
2011-04-25,6.371191135734071
2011-04-26,13.573407202216067
2011-04-27,20.77562326869806
2011-04-28,21.052631578947366
2011-04-29,20.77562326869806
2011-05-02,20.77562326869806
2011-05-03,16.62049861495845
2011-05-04,11.911357340720222
2011-05-05,6.3711911357340725
2011-05-06,7.202216066481994
2011-05-09,8.033240997229917
2011-05-10,14.958448753462603
2011-05-11,9.141274238227147
2011-05-12,14.12742382271468
2011-05-13,9.141274238227146
2011-05-16,5.263157894736842
2011-05-17,4.7091412742382275
2011-05-18,7.75623268698061
2011-05-19,9.141274238227146
2011-05-20,3.601108033240998
2011-05-23,-3.6011080332409975
2011-05-24,-4.155124653739612
2011-05-25,-3.878116343490305
2011-05-26,-1.9390581717451527
2011-05-27,0.2770083102493073
2011-05-31,1.3850415512465375
2011-06-01,-2.770083102493075
2011-06-02,-2.21606648199446
2011-06-03,-4.1551246537396125
2011-06-06,-9.695290858725762
2011-06-07,-9.141274238227147
2011-06-08,-14.127423822714682
2011-06-09,-8.033240997229917
2011-06-10,-16.06648199445983
2011-06-13,-14.681440443213297
2011-06-14,-2.21606648199446
2011-06-15,-7.202216066481995
2011-06-16,-7.756232686980609
2011-06-17,-6.3711911357340725
2011-06-20,-4.986149584487534
2011-06-21,-0.2770083102493075
2011-06-22,-0.5540166204986148
2011-06-23,-0.2770083102493075
2011-06-24,-1.1080332409972298
2011-06-27,0.554016620498615
2011-06-28,2.770083102493075
2011-06-29,3.6011080332409975
2011-06-30,4.7091412742382275
2011-07-01,10.80332409972299
2011-07-05,10.80332409972299
2011-07-06,13.850415512465375
2011-07-07,19.94459833795014
2011-07-08,10.80332409972299
2011-07-11,1.3850415512465373
2011-07-12,0.2770083102493075
2011-07-13,0.8310249307479223
2011-07-14,-1.3850415512465375
2011-07-15,0.2762430939226519
2011-07-18,-3.5911602209944755
2011-07-19,1.1049723756906078
2011-07-20,1.3812154696132597
2011-07-21,1.9337016574585635
2011-07-22,3.038674033149171
2011-07-25,1.104972375690608
2011-07-26,-0.8287292817679559
2011-07-27,-6.077348066298343
2011-07-28,-8.839779005524862
2011-07-29,-9.392265193370166
2011-08-01,-15.46961325966851
2011-08-02,-35.635359116022094
2011-08-03,-21.2707182320442
2011-08-04,-57.73480662983425
2011-08-05,-56.9060773480663
2011-08-08,-84.5303867403315
2011-08-09,-25.96685082872928
2011-08-10,-53.03867403314917
2011-08-11,-9.116022099447514
2011-08-12,-6.906077348066299
2011-08-15,-1.6574585635359116
2011-08-16,-1.9337016574585635
2011-08-17,-1.9337016574585635
2011-08-18,-13.259668508287293
2011-08-19,-20.165745856353592
2011-08-22,-19.060773480662984
2011-08-23,-3.314917127071823
2011-08-24,-1.1049723756906076
2011-08-25,-1.6574585635359116
2011-08-26,-0.8287292817679558
2011-08-29,-0.2762430939226519
2011-08-30,0.0
2011-08-31,-0.2762430939226519
2011-09-01,-0.2762430939226519
2011-09-02,-0.5524861878453038
2011-09-06,-0.2762430939226519
2011-09-07,0.5524861878453039
2011-09-08,0.0
2011-09-09,-0.5524861878453038
2011-09-12,-0.8287292817679558
2011-09-13,-0.2762430939226519
2011-09-14,0.0
2011-09-15,0.0
2011-09-16,0.5524861878453038
2011-09-19,0.5524861878453038
2011-09-20,0.5524861878453038
2011-09-21,-2.209944751381215
2011-09-22,-7.18232044198895
2011-09-23,-5.524861878453039
2011-09-26,-1.1049723756906076
2011-09-27,-0.5524861878453038
2011-09-28,-2.209944751381215
2011-09-29,-1.6574585635359116
2011-09-30,-4.143646408839778
2011-10-03,-9.668508287292818
2011-10-04,-3.591160220994475
2011-10-05,-1.1049723756906078
2011-10-06,0.0
2011-10-07,-0.2762430939226519
2011-10-10,0.0
2011-10-11,0.0
2011-10-12,0.2762430939226519
2011-10-13,0.5524861878453039
2011-10-14,1.3812154696132597
2011-10-17,-0.2762430939226519
2011-10-18,0.0
2011-10-19,-0.2762430939226519
2011-10-20,0.2762430939226519
2011-10-21,2.209944751381215
2011-10-24,3.314917127071823
2011-10-25,0.276243093922652
2011-10-26,1.3812154696132597
2011-10-27,10.220994475138122
2011-10-28,9.116022099447514
2011-10-31,2.4861878453038675
2011-11-01,0.2762430939226519
2011-11-02,0.5524861878453039
2011-11-03,3.314917127071823
2011-11-04,3.314917127071823
2011-11-07,1.6574585635359116
2011-11-08,3.0386740331491713
2011-11-09,0.5524861878453039
2011-11-10,0.5524861878453039
2011-11-11,1.6574585635359116
2011-11-14,1.1049723756906078
2011-11-15,0.5524861878453038
2011-11-16,0.2762430939226519
2011-11-17,0.2762430939226519
2011-11-18,0.2762430939226519
2011-11-21,-0.276243093922652
2011-11-22,-0.5524861878453038
2011-11-23,-2.2099447513812156
2011-11-25,-2.4861878453038675
2011-11-28,-0.5524861878453039
2011-11-29,-0.2762430939226519
2011-11-30,0.276243093922652
2011-12-01,0.0
2011-12-02,0.8287292817679557
2011-12-05,0.8287292817679557
2011-12-06,0.8287292817679557
2011-12-07,1.6574585635359116
2011-12-08,0.0
2011-12-09,1.3774104683195594
2011-12-12,1.3774104683195594
2011-12-13,1.1019283746556474
2011-12-14,-0.5509641873278237
2011-12-15,0.27548209366391185
2011-12-16,0.0
2011-12-19,-0.8264462809917356
2011-12-20,1.1019283746556474
2011-12-21,3.3057851239669422
2011-12-22,3.3057851239669422
2011-12-23,6.0606060606060606
2011-12-27,7.43801652892562
2011-12-28,1.9283746556473829
2011-12-29,4.132231404958678
2011-12-30,1.9283746556473829
2012-01-03,1.6528925619834711
2012-01-04,2.479338842975207
2012-01-05,3.3057851239669422
2012-01-06,4.683195592286501
2012-01-09,5.234159779614326
2012-01-10,9.090909090909092
2012-01-11,13.774104683195592
2012-01-12,15.426997245179063
2012-01-13,11.294765840220386
2012-01-17,13.223140495867769
2012-01-18,20.66115702479339
2012-01-19,25.06887052341598
2012-01-20,21.76308539944904
2012-01-23,17.90633608815427
2012-01-24,22.03856749311295
2012-01-25,24.24242424242424
2012-01-26,20.66115702479339
2012-01-27,20.110192837465565
2012-01-30,13.498622589531681
2012-01-31,13.498622589531681
2012-02-01,22.038567493112946
2012-02-02,20.9366391184573
2012-02-03,33.057851239669425
2012-02-06,26.72176308539945
2012-02-07,24.793388429752067
2012-02-08,26.170798898071624
2012-02-09,26.170798898071624
2012-02-10,17.079889807162534
2012-02-13,21.487603305785125
2012-02-14,19.834710743801654
2012-02-15,13.49862258953168
2012-02-16,21.212121212121215
2012-02-17,19.00826446280992
2012-02-21,13.49862258953168
2012-02-22,11.294765840220386
2012-02-23,14.325068870523417
2012-02-24,16.804407713498623
2012-02-27,14.87603305785124
2012-02-28,13.774104683195592
2012-02-29,9.641873278236915
2012-03-01,12.947658402203857
2012-03-02,9.366391184573002
2012-03-05,7.988980716253443
2012-03-06,1.1019283746556474
2012-03-07,3.3057851239669427
2012-03-08,6.0606060606060606
2012-03-09,9.917355371900825
2012-03-12,6.0606060606060606
2012-03-13,17.079889807162534
2012-03-14,11.845730027548209
2012-03-15,17.63085399449036
2012-03-16,13.223140495867769
2012-03-19,14.049586776859504
2012-03-20,10.743801652892563
2012-03-21,12.121212121212123
2012-03-22,7.988980716253443
2012-03-23,8.81542699724518
2012-03-26,18.457300275482094
2012-03-27,14.87603305785124
2012-03-28,11.570247933884298
2012-03-29,7.988980716253443
2012-03-30,8.81542699724518
2012-04-02,13.223140495867769
2012-04-03,9.917355371900827
2012-04-04,5.509641873278237
2012-04-05,4.958677685950413
2012-04-09,-0.5509641873278235
2012-04-10,-7.1625344352617075
2012-04-11,-2.7548209366391183
2012-04-12,0.5509641873278237
2012-04-13,-1.1019283746556474
2012-04-16,-1.1019283746556476
2012-04-17,2.479338842975207
2012-04-18,1.3774104683195594
2012-04-19,0.5509641873278237
2012-04-20,1.1019283746556474
2012-04-23,-2.2038567493112953
2012-04-24,-1.9283746556473829
2012-04-25,2.4793388429752063
2012-04-26,4.958677685950414
2012-04-27,10.46831955922865
2012-04-30,6.887052341597796
2012-05-01,7.713498622589532
2012-05-02,9.615384615384617
2012-05-03,4.67032967032967
2012-05-04,-0.8241758241758248
2012-05-07,-0.8241758241758239
2012-05-08,-1.9230769230769234
2012-05-09,-4.945054945054945
2012-05-10,-4.1208791208791204
2012-05-11,-4.6703296703296715
2012-05-14,-12.637362637362637
2012-05-15,-17.032967032967033
2012-05-16,-19.505494505494504
2012-05-17,-34.89010989010989
2012-05-18,-38.73626373626373
2012-05-21,-10.164835164835164
2012-05-22,-10.43956043956044
2012-05-23,-8.791208791208792
2012-05-24,-7.692307692307692
2012-05-25,-3.8461538461538463
2012-05-29,-0.5494505494505495
2012-05-30,-5.769230769230769
2012-05-31,-5.4945054945054945
2012-06-01,-20.32967032967033
2012-06-04,-21.153846153846153
2012-06-05,-9.340659340659341
2012-06-06,0.0
2012-06-07,-1.095890410958904
2012-06-08,1.092896174863388
2012-06-11,-1.3661202185792352
2012-06-12,1.0928961748633879
2012-06-13,0.8196721311475412
2012-06-14,0.819672131147541
2012-06-15,3.8251366120218577
2012-06-18,6.0109289617486334
2012-06-19,6.557377049180328
2012-06-20,3.005464480874317
2012-06-21,-1.0928961748633879
2012-06-22,0.5464480874316939
2012-06-25,-1.639344262295082
2012-06-26,-1.092896174863388
2012-06-27,-1.9125683060109286
2012-06-28,-0.5464480874316942
2012-06-29,4.918032786885246
2012-07-02,7.103825136612022
2012-07-03,10.655737704918032
2012-07-05,7.3770491803278695
2012-07-06,5.191256830601093
2012-07-09,4.098360655737705
2012-07-10,1.6393442622950818
2012-07-11,1.092896174863388
2012-07-12,1.3661202185792347
2012-07-13,5.191256830601094
2012-07-16,4.644808743169398
2012-07-17,7.103825136612021
2012-07-18,9.01639344262295
2012-07-19,8.19672131147541
2012-07-20,3.5422343324250685
2012-07-23,-0.27247956403269735
2012-07-24,-1.9073569482288826
2012-07-25,-3.269754768392371
2012-07-26,-0.27247956403269713
2012-07-27,5.722070844686649
2012-07-30,5.994550408719346
2012-07-31,1.634877384196185
2012-08-01,0.2724795640326976
2012-08-02,-1.6348773841961857
2012-08-03,2.7247956403269757
2012-08-06,2.7247956403269757
2012-08-07,4.087193460490463
2012-08-08,5.994550408719347
2012-08-09,6.793478260869566
2012-08-10,8.423913043478262
2012-08-13,6.250000000000001
2012-08-14,6.521739130434783
2012-08-15,8.152173913043478
2012-08-16,10.054347826086957
2012-08-17,12.228260869565217
2012-08-20,9.782608695652174
2012-08-21,10.054347826086955
2012-08-22,6.521739130434782
2012-08-23,3.532608695652174
2012-08-24,5.434782608695652
2012-08-27,4.3478260869565215
2012-08-28,4.3478260869565215
2012-08-29,4.076086956521738
2012-08-30,0.2717391304347825
2012-08-31,1.6304347826086958
2012-09-04,4.076086956521739
2012-09-05,2.9891304347826084
2012-09-06,13.858695652173914
2012-09-07,16.032608695652172
2012-09-10,8.967391304347828
2012-09-11,11.684782608695652
2012-09-12,15.48913043478261
2012-09-13,28.260869565217394
2012-09-14,35.05434782608696
2012-09-17,20.108695652173914
2012-09-18,14.945652173913045
2012-09-19,14.945652173913043
2012-09-20,12.500000000000002
2012-09-21,13.31521739130435
2012-09-24,10.054347826086955
2012-09-25,3.532608695652174
2012-09-26,1.0869565217391304
2012-09-27,4.891304347826087
2012-09-28,4.3478260869565215
2012-10-01,5.7065217391304355
2012-10-02,6.25
2012-10-03,8.423913043478262
2012-10-04,11.413043478260871
2012-10-05,11.141304347826086
2012-10-08,6.250000000000001
2012-10-09,-0.8152173913043477
2012-10-10,-1.9021739130434783
2012-10-11,-0.2717391304347827
2012-10-12,-2.325581395348837
2012-10-15,2.3255813953488365
2012-10-16,6.201550387596899
2012-10-17,10.335917312661499
2012-10-18,11.11111111111111
2012-10-19,-1.550387596899225
2012-10-22,-0.775193798449612
2012-10-23,-4.392764857881137
2012-10-24,-5.943152454780361
2012-10-25,-3.8759689922480614
2012-10-26,-3.6175710594315245
2012-10-31,-2.325581395348837
2012-11-01,4.651162790697674
2012-11-02,0.0
2012-11-05,1.2886597938144333
2012-11-06,4.896907216494846
2012-11-07,-2.835051546391753
2012-11-08,-7.216494845360824
2012-11-09,-5.670103092783505
2012-11-12,-7.216494845360824
2012-11-13,-7.731958762886597
2012-11-14,-17.010309278350515
2012-11-15,-17.52577319587629
2012-11-16,-8.762886597938145
2012-11-19,0.25773195876288635
2012-11-20,0.5154639175257729
2012-11-21,-0.7731958762886597
2012-11-23,3.092783505154639
2012-11-26,1.8041237113402064
2012-11-27,2.061855670103093
2012-11-28,3.0927835051546393
2012-11-29,3.8659793814432986
2012-11-30,4.381443298969073
2012-12-03,2.8350515463917527
2012-12-04,1.8041237113402064
2012-12-05,4.381443298969072
2012-12-06,4.896907216494846
2012-12-07,4.123711340206186
2012-12-10,6.701030927835051
2012-12-11,9.536082474226806
2012-12-12,7.989690721649484
2012-12-13,5.412371134020619
2012-12-14,6.185567010309278
2012-12-17,9.793814432989691
2012-12-18,17.525773195876287
2012-12-19,11.082474226804123
2012-12-20,14.432989690721648
2012-12-21,7.989690721649484
2012-12-24,6.443298969072164
2012-12-26,3.092783505154639
2012-12-27,2.577319587628866
2012-12-28,0.7731958762886597
2012-12-31,2.5773195876288657
2013-01-02,18.814432989690722
2013-01-03,13.917525773195877
2013-01-04,19.329896907216497
2013-01-07,15.206185567010309
2013-01-08,11.340206185567009
2013-01-09,18.814432989690722
2013-01-10,21.391752577319586
2013-01-11,17.783505154639176
2013-01-14,16.237113402061855
2013-01-15,19.587628865979383
2013-01-16,15.206185567010309
2013-01-17,23.45360824742268
2013-01-18,27.061855670103093
2013-01-22,32.98969072164948
2013-01-23,29.820051413881746
2013-01-24,34.19023136246787
2013-01-25,41.38817480719795
2013-01-28,34.96143958868895
2013-01-29,35.47557840616967
2013-01-30,22.87917737789203
2013-01-31,21.59383033419023
2013-02-01,35.21850899742931
2013-02-04,12.339331619537274
2013-02-05,18.25192802056555
2013-02-06,21.33676092544987
2013-02-07,21.85089974293059
2013-02-08,25.641025641025642
2013-02-11,22.564102564102562
2013-02-12,25.384615384615387
2013-02-13,27.17948717948718
2013-02-14,22.564102564102566
2013-02-15,22.820512820512818
2013-02-19,28.717948717948723
2013-02-20,7.435897435897436
2013-02-21,4.615384615384616
2013-02-22,9.207161125319693
2013-02-25,-0.25575447570332477
2013-02-26,1.7902813299232736
2013-02-27,6.138107416879794
2013-02-28,7.928388746803068
2013-03-01,9.974424552429667
2013-03-04,12.78772378516624
2013-03-05,18.925831202046034
2013-03-06,18.925831202046037
2013-03-07,16.879795396419436
2013-03-08,20.20460358056266
2013-03-11,23.017902813299234
2013-03-12,16.36828644501279
2013-03-13,21.22762148337596
2013-03-14,25.31969309462916
2013-03-15,19.948849104859335
2013-03-18,11.25319693094629
2013-03-19,9.974424552429669
2013-03-20,17.902813299232736
2013-03-21,6.3938618925831205
2013-03-22,12.020460358056265
2013-03-25,11.508951406649615
2013-03-26,16.879795396419436
2013-03-27,17.902813299232736
2013-03-28,23.785166240409204
2013-04-01,15.345268542199488
2013-04-02,17.902813299232736
2013-04-03,4.859335038363172
2013-04-04,10.230179028132993
2013-04-05,6.3938618925831205
2013-04-08,11.508951406649615
2013-04-09,9.718670076726344
2013-04-10,16.368286445012785
2013-04-11,18.158567774936063
2013-04-12,17.902813299232736
2013-04-15,-1.2787723785166238
2013-04-16,4.3478260869565215
2013-04-17,1.023017902813299
2013-04-18,0.7672634271099743
2013-04-19,3.836317135549873
2013-04-22,6.649616368286445
2013-04-23,9.462915601023019
2013-04-24,6.3938618925831205
2013-04-25,8.695652173913043
2013-04-26,7.41687979539642
2013-04-29,10.230179028132993
2013-04-30,10.997442455242968
2013-05-01,6.649616368286444
2013-05-02,8.951406649616368
2013-05-03,14.83375959079284
2013-05-06,13.299232736572892
2013-05-07,15.601023017902813
2013-05-08,18.414322250639387
2013-05-09,13.810741687979538
2013-05-10,17.391304347826086
2013-05-13,16.624040920716112
2013-05-14,28.9002557544757
2013-05-15,34.015345268542205
2013-05-16,17.902813299232736
2013-05-17,28.13299232736573
2013-05-20,27.365728900255753
2013-05-21,26.08695652173913
2013-05-22,7.41687979539642
2013-05-23,6.3938618925831205
2013-05-24,5.882352941176471
2013-05-28,8.184143222506393
2013-05-29,5.115089514066497
2013-05-30,10.714285714285715
2013-05-31,-1.5306122448979589
2013-06-03,0.510204081632653
2013-06-04,-3.061224489795918
2013-06-05,-7.653061224489795
2013-06-06,-0.7653061224489797
2013-06-07,1.7857142857142858
2013-06-10,0.7653061224489797
2013-06-11,-1.530612244897959
2013-06-12,-4.336734693877551
2013-06-13,0.510204081632653
2013-06-14,-0.2551020408163265
2013-06-17,1.020408163265306
2013-06-18,1.7857142857142856
2013-06-19,-0.7653061224489794
2013-06-20,-6.632653061224489
2013-06-21,-3.571428571428572
2013-06-24,-8.928571428571427
2013-06-25,-1.2755102040816326
2013-06-26,-0.2551020408163265
2013-06-27,1.020408163265306
2013-06-28,0.5102040816326531
2013-07-01,1.2755102040816326
2013-07-02,1.0204081632653064
2013-07-03,1.2755102040816328
2013-07-05,3.316326530612245
2013-07-08,4.336734693877552
2013-07-09,5.86734693877551
2013-07-10,6.34517766497462
2013-07-11,12.69035532994924
2013-07-12,14.467005076142133
2013-07-15,15.736040609137055
2013-07-16,7.868020304568527
2013-07-17,10.152284263959393
2013-07-18,15.949367088607596
2013-07-19,18.48101265822785
2013-07-22,20.0
2013-07-23,16.202531645569618
2013-07-24,10.632911392405063
2013-07-25,12.40506329113924
2013-07-26,9.11392405063291
2013-07-29,6.835443037974684
2013-07-30,6.835443037974684
2013-07-31,11.392405063291138
2013-08-01,22.27848101265823
2013-08-02,20.50632911392405
2013-08-05,19.746835443037977
2013-08-06,13.670886075949367
2013-08-07,10.88607594936709
2013-08-08,12.658227848101266
2013-08-09,13.164556962025316
2013-08-12,11.139240506329113
2013-08-13,11.89873417721519
2013-08-14,6.835443037974683
2013-08-15,-2.5316455696202533
2013-08-16,-6.582278481012658
2013-08-19,-8.607594936708862
2013-08-20,-2.2784810126582276
2013-08-21,-4.30379746835443
2013-08-22,-0.7594936708860764
2013-08-23,1.7721518987341773
2013-08-26,1.518987341772152
2013-08-27,-2.7848101265822787
2013-08-28,-2.5316455696202533
2013-08-29,-1.518987341772152
2013-08-30,-2.5316455696202533
2013-09-03,-4.556962025316455
2013-09-04,-1.2658227848101262
2013-09-05,-1.2658227848101267
2013-09-06,-0.7594936708860762
2013-09-09,3.037974683544304
2013-09-10,9.367088607594937
2013-09-11,11.139240506329113
2013-09-12,6.835443037974684
2013-09-13,8.60759493670886
2013-09-16,12.151898734177214
2013-09-17,17.215189873417717
2013-09-18,29.620253164556964
2013-09-19,26.32911392405063
2013-09-20,13.924050632911392
2013-09-23,7.59493670886076
2013-09-24,9.367088607594937
2013-09-25,7.341772151898735
2013-09-26,10.379746835443036
2013-09-27,6.582278481012658
2013-09-30,5.063291139240507
2013-10-01,10.379746835443038
2013-10-02,9.620253164556962
2013-10-03,3.7974683544303796
2013-10-04,7.594936708860759
2013-10-07,3.037974683544304
2013-10-08,-1.7721518987341773
2013-10-09,-1.2658227848101267
2013-10-10,3.037974683544304
2013-10-11,4.810126582278481
2013-10-14,6.582278481012659
2013-10-15,2.0253164556962027
2013-10-16,5.822784810126581
2013-10-17,13.924050632911394
2013-10-18,20.50632911392405
2013-10-21,16.962025316455694
2013-10-22,20.759493670886076
2013-10-23,14.936708860759493
2013-10-24,16.708860759493668
2013-10-25,21.265822784810126
2013-10-28,20.50632911392405
2013-10-29,26.329113924050628
2013-10-30,14.430379746835444
2013-10-31,11.39240506329114
2013-11-01,11.139240506329113
2013-11-04,16.455696202531644
2013-11-05,12.151898734177214
2013-11-06,13.924050632911392
2013-11-07,3.2911392405063293
2013-11-08,10.632911392405063
2013-11-11,8.60759493670886
2013-11-12,8.354430379746836
2013-11-13,9.873417721518988
2013-11-14,13.670886075949369
2013-11-15,16.962025316455694
2013-11-18,10.379746835443038
2013-11-19,10.379746835443038
2013-11-20,5.822784810126582
2013-11-21,13.670886075949369
2013-11-22,17.21518987341772
2013-11-25,14.936708860759493
2013-11-26,15.18987341772152
2013-11-27,17.468354430379748
2013-11-29,12.91139240506329
2013-12-02,9.620253164556962
2013-12-03,4.810126582278482
2013-12-04,3.2911392405063293
2013-12-05,1.2658227848101267
2013-12-06,5.063291139240507
2013-12-09,4.797979797979798
2013-12-10,3.535353535353535
2013-12-11,0.5050505050505047
2013-12-12,-0.25252525252525215
2013-12-13,0.25252525252525215
2013-12-16,0.5050505050505052
2013-12-17,2.525252525252525
2013-12-18,7.070707070707071
2013-12-19,3.787878787878788
2013-12-20,10.606060606060606
2013-12-23,14.646464646464647
2013-12-24,17.171717171717173
2013-12-26,20.454545454545453
2013-12-27,18.939393939393938
2013-12-30,17.67676767676768
2013-12-31,22.22222222222222
2014-01-02,6.313131313131312
2014-01-03,7.052896725440806
2014-01-06,4.534005037783375
2014-01-07,10.327455919395467
2014-01-08,14.861460957178842
2014-01-09,14.6095717884131
2014-01-10,18.639798488664987
2014-01-13,6.549118387909321
2014-01-14,12.846347607052897
2014-01-15,16.120906801007557
2014-01-16,15.365239294710328
2014-01-17,10.579345088161208
2014-01-21,13.09823677581864
2014-01-22,14.609571788413097
2014-01-23,5.289672544080604
2014-01-24,-11.335012594458437
2014-01-27,-13.602015113350127
2014-01-28,-3.7783375314861467
2014-01-29,-8.060453400503778
2014-01-30,-3.778337531486146
2014-01-31,-6.045340050377833
2014-02-03,-18.89168765743073
2014-02-04,-10.579345088161208
2014-02-05,-11.083123425692696
2014-02-06,-3.5264483627204024
2014-02-07,1.7632241813602016
2014-02-10,1.7632241813602014
2014-02-11,4.282115869017632
2014-02-12,5.289672544080605
2014-02-13,9.06801007556675
2014-02-14,10.327455919395465
2014-02-18,13.602015113350127
2014-02-19,7.5566750629722925
2014-02-20,12.34256926952141
2014-02-21,12.594458438287154
2014-02-24,13.098236775818641
2014-02-25,10.57934508816121
2014-02-26,11.335012594458439
2014-02-27,11.586901763224182
2014-02-28,13.09823677581864
2014-03-03,7.5566750629722925
2014-03-04,17.12846347607053
2014-03-05,13.85390428211587
2014-03-06,14.105793450881613
2014-03-07,13.85390428211587
2014-03-10,9.319899244332493
2014-03-11,4.030226700251889
2014-03-12,4.534005037783375
2014-03-13,0.5037783375314862
2014-03-14,2.2670025188916876
2014-03-17,4.030226700251889
2014-03-18,6.54911838790932
2014-03-19,4.030226700251889
2014-03-20,6.549118387909321
2014-03-21,6.045340050377834
2014-03-24,2.770780856423174
2014-03-25,3.27455919395466
2014-03-26,0.7556675062972293
2014-03-27,0.7556675062972293
2014-03-28,1.0075566750629723
2014-03-31,4.030226700251888
2014-04-01,5.541561712846348
2014-04-02,5.541561712846348
2014-04-03,5.793450881612091
2014-04-04,0.5037783375314864
2014-04-07,-3.27455919395466
2014-04-08,1.2594458438287157
2014-04-09,3.2745591939546603
2014-04-10,-1.0075566750629723
2014-04-11,-4.030226700251889
2014-04-14,-1.2594458438287155
2014-04-15,2.2670025188916876
2014-04-16,5.289672544080605
2014-04-17,2.770780856423174
2014-04-21,3.0226700251889174
2014-04-22,2.267002518891688
2014-04-23,2.770780856423174
2014-04-24,3.2745591939546603
2014-04-25,2.2670025188916876
2014-04-28,4.282115869017632
2014-04-29,2.0151133501259446
2014-04-30,2.2670025188916876
2014-05-01,4.282115869017632
2014-05-02,2.5188916876574305
2014-05-05,3.7783375314861463
2014-05-06,0.7537688442211059
2014-05-07,4.522613065326633
2014-05-08,2.7638190954773867
2014-05-09,4.773869346733669
2014-05-12,6.783919597989949
2014-05-13,5.778894472361809
2014-05-14,3.7688442211055273
2014-05-15,1.7587939698492465
2014-05-16,2.5125628140703515
2014-05-19,3.7688442211055273
2014-05-20,2.2613065326633164
2014-05-21,3.015075376884422
2014-05-22,2.763819095477387
2014-05-23,3.517587939698492
2014-05-27,7.035175879396984
2014-05-28,6.28140703517588
2014-05-29,9.045226130653266
2014-05-30,9.296482412060302
2014-06-02,8.793969849246231
2014-06-03,7.035175879396985
2014-06-04,8.793969849246231
2014-06-05,16.08040201005025
2014-06-06,21.35678391959799
2014-06-09,23.366834170854275
2014-06-10,20.603015075376884
2014-06-11,13.316582914572866
2014-06-12,6.030150753768845
2014-06-13,7.28643216080402
2014-06-16,9.045226130653266
2014-06-17,10.804020100502512
2014-06-18,15.326633165829145
2014-06-19,14.321608040201005
2014-06-20,16.834170854271356
2014-06-23,12.56281407035176
2014-06-24,6.532663316582914
2014-06-25,8.793969849246231
2014-06-26,8.020050125313283
2014-06-27,10.025062656641603
2014-06-30,11.278195488721803
2014-07-01,14.786967418546366
2014-07-02,12.531328320802004
2014-07-03,17.543859649122805
2014-07-07,8.521303258145362
2014-07-08,3.7593984962406015
2014-07-09,6.015037593984962
2014-07-10,3.0075187969924806
2014-07-11,3.5087719298245617
2014-07-14,5.012531328320802
2014-07-15,4.010025062656641
2014-07-16,4.761904761904761
2014-07-17,-2.0050125313283207
2014-07-18,2.2556390977443606
2014-07-21,1.2531328320802002
2014-07-22,3.7593984962406015
2014-07-23,2.7568922305764407
2014-07-24,6.516290726817042
2014-07-25,3.258145363408521
2014-07-28,4.010025062656641
2014-07-29,0.0
2014-07-30,-0.5012531328320797
2014-07-31,-14.536340852130326
2014-08-01,-13.784461152882205
2014-08-04,-7.0175438596491215
2014-08-05,-10.526315789473685
2014-08-06,-10.025062656641603
2014-08-07,-10.526315789473685
2014-08-08,-2.0050125313283207
2014-08-11,-0.5012531328320802
2014-08-12,-1.2531328320802002
2014-08-13,1.5037593984962407
2014-08-14,4.260651629072681
2014-08-15,2.756892230576441
2014-08-18,6.265664160401002
2014-08-19,11.027568922305765
2014-08-20,11.75
2014-08-21,13.500000000000002
2014-08-22,10.25
2014-08-25,13.750000000000002
2014-08-26,16.25
2014-08-27,12.75
2014-08-28,9.0
2014-08-29,11.25
2014-09-02,14.5
2014-09-03,11.0
2014-09-04,12.25
2014-09-05,15.5
2014-09-08,13.000000000000002
2014-09-09,3.25
2014-09-10,6.75
2014-09-11,7.0
2014-09-12,3.5
2014-09-15,0.25
2014-09-16,5.25
2014-09-17,8.0
2014-09-18,14.25
2014-09-19,8.75
2014-09-22,-1.0
2014-09-23,-4.25
2014-09-24,-0.25
2014-09-25,-7.5
2014-09-26,-2.0000000000000004
2014-09-29,-2.5
2014-09-30,-5.0
2014-10-01,-13.0
2014-10-02,-11.0
2014-10-03,-6.249999999999999
2014-10-06,-4.0
2014-10-07,-13.499999999999998
2014-10-08,-0.7499999999999998
2014-10-09,-11.25
2014-10-10,-21.0
2014-10-13,-33.25
2014-10-14,-22.194513715710727
2014-10-15,-24.438902743142144
2014-10-16,-18.952618453865334
2014-10-17,-6.4837905236907725
2014-10-20,-1.9950124688279303
2014-10-21,0.9975062344139651
2014-10-22,0.9975062344139651
2014-10-23,3.7406483790523692
2014-10-24,4.239401496259351
2014-10-27,5.985037406483791
2014-10-28,11.221945137157107
2014-10-29,7.73067331670823
2014-10-30,15.960099750623442
2014-10-31,23.940149625935163
2014-11-03,23.19201995012469
2014-11-04,22.443890274314214
2014-11-05,25.93516209476309
2014-11-06,21.94513715710723
2014-11-07,22.139303482587064
2014-11-10,27.611940298507463
2014-11-11,24.378109452736318
2014-11-12,21.890547263681594
2014-11-13,21.393034825870647
2014-11-14,15.671641791044777
2014-11-17,14.925373134328357
2014-11-18,21.393034825870647
2014-11-19,15.422885572139302
2014-11-20,16.169154228855724
2014-11-21,22.63681592039801
2014-11-24,26.616915422885572
2014-11-25,23.880597014925375
2014-11-26,26.865671641791046
2014-11-28,30.597014925373138
2014-12-01,13.432835820895523
2014-12-02,18.407960199004975
2014-12-03,22.636815920398007
2014-12-04,21.393034825870647
2014-12-05,24.62686567164179
2014-12-08,18.407960199004975
2014-12-09,15.17412935323383
2014-12-10,1.243781094527364
2014-12-11,4.228855721393034
2014-12-12,-4.228855721393035
2014-12-15,-6.218905472636817
2014-12-16,-10.696517412935325
2014-12-17,-0.9950248756218907
2014-12-18,7.213930348258706
2014-12-19,7.711442786069651
2014-12-22,13.184079601990051
2014-12-23,12.935323383084576
2014-12-24,12.189054726368159
2014-12-26,12.437810945273633
2014-12-29,11.442786069651742
2014-12-30,4.975124378109452
2014-12-31,1.7412935323383085
2015-01-02,1.2437810945273633
2015-01-05,0.0
2015-01-06,0.0
2015-01-07,3.233830845771144
2015-01-08,5.970149253731343
2015-01-09,4.477611940298508
2015-01-12,4.975124378109452
2015-01-13,3.980099502487562
2015-01-14,1.4925373134328357
2015-01-15,-4.477611940298507
2015-01-16,3.4825870646766175
2015-01-20,3.731343283582089
2015-01-21,5.72139303482587
2015-01-22,11.44278606965174
2015-01-23,7.213930348258707
2015-01-26,11.194029850746269
2015-01-27,8.208955223880597
2015-01-28,1.9900497512437818
2015-01-29,4.975124378109452
2015-01-30,-2.7363184079601997
2015-02-02,0.9950248756218906
2015-02-03,2.487562189054726
2015-02-04,1.7412935323383087
2015-02-05,5.4726368159203975
2015-02-06,4.726368159203981
2015-02-09,4.228855721393035
2015-02-10,6.7164179104477615
2015-02-11,8.208955223880597
2015-02-12,12.686567164179106
2015-02-13,13.18407960199005
2015-02-17,13.432835820895523
2015-02-18,11.940298507462687
2015-02-19,12.935323383084578
2015-02-20,17.16417910447761
2015-02-23,14.427860696517412
2015-02-24,17.91044776119403
2015-02-25,16.666666666666664
2015-02-26,14.925373134328359
2015-02-27,9.701492537313431
2015-03-02,17.16417910447761
2015-03-03,8.706467661691542
2015-03-04,5.223880597014926
2015-03-05,5.970149253731344
2015-03-06,-0.24875621890547217
2015-03-09,0.7462686567164178
2015-03-10,-2.4875621890547266
2015-03-11,-3.4825870646766175
2015-03-12,1.7412935323383085
2015-03-13,0.9950248756218907
2015-03-16,3.731343283582089
2015-03-17,3.233830845771145
2015-03-18,6.7164179104477615
2015-03-19,7.711442786069651
2015-03-20,9.701492537313433
2015-03-23,6.965174129353234
2015-03-24,4.72636815920398
2015-03-25,1.4925373134328357
2015-03-26,0.24875621890547256
2015-03-27,0.7462686567164181
2015-03-30,2.7363184079601988
2015-03-31,1.7412935323383087
2015-04-01,0.7462686567164178
2015-04-02,1.2437810945273633
2015-04-06,3.4825870646766175
2015-04-07,0.49751243781094523
2015-04-08,2.4875621890547266
2015-04-09,2.7363184079601988
2015-04-10,3.4825870646766166
2015-04-13,1.492537313432836
2015-04-14,1.4925373134328357
2015-04-15,4.975124378109453
2015-04-16,3.482587064676617
2015-04-17,2.2388059701492535
2015-04-20,3.4825870646766166
2015-04-21,2.9776674937965257
2015-04-22,2.7295285359801484
2015-04-23,4.466501240694789
2015-04-24,4.962779156327543
2015-04-27,1.9851116625310168
2015-04-28,1.2406947890818851
2015-04-29,1.4888337468982633
2015-04-30,-6.203473945409429
2015-05-01,0.9925558312655083
2015-05-04,2.7295285359801493
2015-05-05,-1.9851116625310166
2015-05-06,-2.7295285359801493
2015-05-07,0.24813895781637707
2015-05-08,2.2332506203473943
2015-05-11,2.4813895781637716
2015-05-12,1.9851116625310175
2015-05-13,2.2332506203473943
2015-05-14,5.707196029776675
2015-05-15,4.714640198511166
2015-05-18,5.2109181141439205
2015-05-19,7.6923076923076925
2015-05-20,5.9553349875930515
2015-05-21,4.218362282878411
2015-05-22,4.714640198511166
2015-05-26,1.7369727047146406
2015-05-27,4.714640198511166
2015-05-28,3.9702233250620345
2015-05-29,3.225806451612903
2015-06-01,3.47394540942928
2015-06-02,2.729528535980149
2015-06-03,3.4739454094292808
2015-06-04,0.0
2015-06-05,-0.7444168734491314
2015-06-08,-1.9851116625310175
2015-06-09,-2.977667493796526
2015-06-10,2.2332506203473943
2015-06-11,2.481389578163772
2015-06-12,0.7444168734491319
2015-06-15,-1.2406947890818865
2015-06-16,1.4888337468982629
2015-06-17,1.2406947890818858
2015-06-18,4.962779156327543
2015-06-19,4.218362282878411
2015-06-22,6.699751861042184
2015-06-23,7.94044665012407
2015-06-24,3.722084367245657
2015-06-25,2.7295285359801484
2015-06-26,2.7295285359801498
2015-06-29,-9.925558312655086
2015-06-30,-9.181141439205955
2015-07-01,-3.473945409429281
2015-07-02,-2.729528535980149
2015-07-06,-6.451612903225806
2015-07-07,-0.744416873449131
2015-07-08,-12.158808933002481
2015-07-09,-10.421836228287841
2015-07-10,-3.4739454094292803
2015-07-13,0.4962779156327546
2015-07-14,1.488833746898263
2015-07-15,0.24813895781637774
2015-07-16,4.218362282878412
2015-07-17,1.985111662531017
2015-07-20,3.7220843672456576
2015-07-21,0.744416873449131
2015-07-22,0.9925558312655092
2015-07-23,-1.4888337468982638
2015-07-24,-6.913580246913581
2015-07-27,-10.617283950617285
2015-07-28,-1.234567901234568
2015-07-29,2.9629629629629632
2015-07-30,4.444444444444445
2015-07-31,3.2098765432098757
2015-08-03,4.197530864197531
2015-08-04,3.4567901234567904
2015-08-05,5.9259259259259265
2015-08-06,0.9876543209876534
2015-08-07,0.9876543209876543
2015-08-10,6.17283950617284
2015-08-11,4.444444444444443
2015-08-12,4.19753086419753
2015-08-13,5.4320987654321
2015-08-14,10.123456790123457
2015-08-17,14.320987654320987
2015-08-18,10.123456790123457
2015-08-19,4.6913580246913575
2015-08-20,-5.185185185185185
2015-08-21,-28.39506172839506
2015-08-24,-59.75308641975309
2015-08-25,-67.1604938271605
2015-08-26,-13.82716049382716
2015-08-27,-3.2098765432098766
2015-08-28,-2.4691358024691357
2015-08-31,-2.9629629629629632
2015-09-01,-8.88888888888889
2015-09-02,-4.197530864197531
2015-09-03,-2.4691358024691357
2015-09-04,-5.432098765432099
2015-09-08,-0.49382716049382724
2015-09-09,-1.2345679012345678
2015-09-10,-1.4814814814814816
2015-09-11,-1.4814814814814816
2015-09-14,-1.728395061728395
2015-09-15,-0.24691358024691368
2015-09-16,0.7407407407407407
2015-09-17,0.49382716049382713
2015-09-18,-0.49382716049382724
2015-09-21,0.0
2015-09-22,-1.9753086419753088
2015-09-23,-3.2098765432098766
2015-09-24,-4.691358024691358
2015-09-25,-5.679012345679013
2015-09-28,-15.308641975308642
2015-09-29,-15.802469135802468
2015-09-30,-4.938271604938272
2015-10-01,-4.197530864197531
2015-10-02,0.2469135802469138
2015-10-05,2.2222222222222223
2015-10-06,0.0
2015-10-07,0.9876543209876543
2015-10-08,4.444444444444445
2015-10-09,3.209876543209876
2015-10-12,4.691358024691358
2015-10-13,0.9876543209876542
2015-10-14,0.24691358024691346
2015-10-15,2.962962962962963
2015-10-16,5.679012345679013
2015-10-19,5.679012345679013
2015-10-20,5.679012345679013
2015-10-21,3.4567901234567904
2015-10-22,11.358024691358025
2015-10-23,12.839506172839506
2015-10-26,10.864197530864198
2015-10-27,9.135802469135804
2015-10-28,14.814814814814815
2015-10-29,11.604938271604937
2015-10-30,8.641975308641975
2015-11-02,15.061728395061728
2015-11-03,12.098765432098766
2015-11-04,11.358024691358025
2015-11-05,10.864197530864198
2015-11-06,10.098522167487685
2015-11-09,3.9408866995073892
2015-11-10,4.433497536945813
2015-11-11,2.955665024630542
2015-11-12,-1.7241379310344827
2015-11-13,-5.665024630541873
2015-11-16,-0.24630541871921197
2015-11-17,-0.9852216748768474
2015-11-18,1.9704433497536944
2015-11-19,0.9852216748768472
2015-11-20,1.2315270935960592
2015-11-23,2.7093596059113305
2015-11-24,3.4482758620689657
2015-11-25,3.9408866995073897
2015-11-27,6.403940886699507
2015-11-30,2.955665024630542
2015-12-01,3.9408866995073892
2015-12-02,0.7389162561576357
2015-12-03,-1.7241379310344829
2015-12-04,0.9852216748768474
2015-12-07,-0.2463054187192122
2015-12-08,-0.7389162561576357
2015-12-09,-2.70935960591133
2015-12-10,-1.9656019656019657
2015-12-11,-7.125307125307126
2015-12-14,-8.353808353808354
2015-12-15,-3.6855036855036847
2015-12-16,0.0
2015-12-17,-2.457002457002457
2015-12-18,-6.388206388206388
2015-12-21,-3.6855036855036856
2015-12-22,-0.9828009828009827
2015-12-23,0.9828009828009828
2015-12-24,0.24570024570024573
2015-12-28,0.49140049140049136
2015-12-29,2.457002457002457
2015-12-30,0.0
2015-12-31,-0.7371007371007371
2016-01-04,-0.9828009828009828
2016-01-05,-0.49140049140049136
2016-01-06,-6.633906633906634
2016-01-07,-24.07862407862408
2016-01-08,-32.186732186732186
2016-01-11,-31.203931203931205
2016-01-12,-19.164619164619165
2016-01-13,-38.82063882063882
2016-01-14,-21.13022113022113
2016-01-15,-31.941031941031937
2016-01-19,-34.15233415233415
2016-01-20,-36.11793611793612
2016-01-21,-28.501228501228503
2016-01-22,-9.828009828009828
2016-01-25,-15.970515970515972
2016-01-26,-7.862407862407863
2016-01-27,-11.302211302211303
2016-01-28,-12.776412776412776
2016-01-29,-0.9828009828009827
2016-02-01,0.9828009828009829
2016-02-02,-4.6683046683046685
2016-02-03,-0.7371007371007376
2016-02-04,-0.9828009828009829
2016-02-05,-7.616707616707616
2016-02-08,-15.479115479115478
2016-02-09,-12.03931203931204
2016-02-10,-8.845208845208845
2016-02-11,-16.461916461916463
2016-02-12,-4.914004914004914
2016-02-16,0.0
2016-02-17,1.9656019656019654
2016-02-18,1.9656019656019654
2016-02-19,1.2285012285012287
2016-02-22,2.457002457002457
2016-02-23,2.211302211302211
2016-02-24,3.194103194103194
2016-02-25,5.651105651105651
2016-02-26,3.43980343980344
2016-02-29,2.211302211302211
2016-03-01,5.159705159705159
2016-03-02,6.6339066339066335
2016-03-03,8.353808353808354
2016-03-04,9.582309582309582
2016-03-07,13.75921375921376
2016-03-08,3.43980343980344
2016-03-09,5.651105651105651
2016-03-10,5.896805896805897
2016-03-11,10.81081081081081
2016-03-14,8.5995085995086
2016-03-15,7.862407862407863
2016-03-16,11.547911547911548
2016-03-17,24.57002457002457
2016-03-18,22.85012285012285
2016-03-21,18.91891891891892
2016-03-22,17.1990171990172
2016-03-23,8.353808353808354
2016-03-24,7.862407862407863
2016-03-28,9.828009828009828
2016-03-29,19.41031941031941
2016-03-30,19.901719901719904
2016-03-31,20.884520884520885
2016-04-01,26.044226044226043
2016-04-04,16.216216216216218
2016-04-05,3.9312039312039313
2016-04-06,9.090909090909092
2016-04-07,3.43980343980344
2016-04-08,4.668304668304668
2016-04-11,2.211302211302211
2016-04-12,4.422604422604422
2016-04-13,7.616707616707617
2016-04-14,6.633906633906634
2016-04-15,7.125307125307126
2016-04-18,12.285012285012286
2016-04-19,14.496314496314497
2016-04-20,14.98771498771499
2016-04-21,9.336609336609335
2016-04-22,12.776412776412776
2016-04-25,6.87960687960688
2016-04-26,10.565110565110565
2016-04-27,15.233415233415235
2016-04-28,5.15970515970516
2016-04-29,3.43980343980344
2016-05-02,6.142506142506143
2016-05-03,2.211302211302211
2016-05-04,1.2285012285012282
2016-05-05,1.7199017199017193
2016-05-06,1.4742014742014735
2016-05-09,4.6683046683046685
2016-05-10,9.09090909090909
2016-05-11,2.7027027027027026
2016-05-12,2.211302211302211
2016-05-13,0.49140049140049147
2016-05-16,3.6855036855036856
2016-05-17,-0.24570024570024573
2016-05-18,-0.24570024570024573
2016-05-19,-1.4742014742014742
2016-05-20,1.7199017199017201
2016-05-23,1.71990171990172
2016-05-24,6.633906633906634
2016-05-25,7.125307125307126
2016-05-26,6.87960687960688
2016-05-27,9.090909090909092
2016-05-31,9.336609336609337
2016-06-01,11.056511056511058
2016-06-02,13.513513513513514
2016-06-03,9.336609336609337
2016-06-06,11.547911547911548
2016-06-07,12.285012285012286
2016-06-08,15.724815724815723
2016-06-09,14.98771498771499
2016-06-10,5.15970515970516
2016-06-13,1.71990171990172
2016-06-14,1.2285012285012282
2016-06-15,0.24570024570024573
2016-06-16,0.737100737100737
2016-06-17,0.737100737100737
2016-06-20,2.457002457002457
2016-06-21,2.4570024570024573
2016-06-22,2.7027027027027026
2016-06-23,8.353808353808354
2016-06-24,-1.4742014742014744
2016-06-27,-15.233415233415236
2016-06-28,1.4742014742014744
2016-06-29,6.142506142506143
2016-06-30,10.31941031941032
2016-07-01,10.810810810810812
2016-07-05,12.03931203931204
2016-07-06,11.547911547911548
2016-07-07,4.914004914004914
2016-07-08,10.319410319410318
2016-07-11,9.09090909090909
2016-07-12,8.599508599508598
2016-07-13,9.336609336609337
2016-07-14,9.82800982800983
2016-07-15,6.8796068796068806
2016-07-18,5.405405405405406
2016-07-19,5.896805896805897
2016-07-20,8.599508599508601
2016-07-21,5.405405405405406
2016-07-22,10.31941031941032
2016-07-25,8.823529411764707
2016-07-26,11.519607843137255
2016-07-27,9.803921568627452
2016-07-28,11.27450980392157
2016-07-29,12.500000000000002
2016-08-01,11.27450980392157
2016-08-02,4.901960784313725
2016-08-03,6.372549019607844
2016-08-04,6.372549019607843
2016-08-05,12.254901960784315
2016-08-08,9.313725490196077
2016-08-09,10.784313725490197
2016-08-10,8.088235294117649
2016-08-11,10.049019607843137
2016-08-12,7.8431372549019605
2016-08-15,11.029411764705882
2016-08-16,3.6764705882352935
2016-08-17,4.901960784313725
2016-08-18,7.1078431372549025
2016-08-19,8.088235294117647
2016-08-22,6.372549019607843
2016-08-23,8.333333333333332
2016-08-24,4.656862745098039
2016-08-25,6.127450980392156
2016-08-26,5.147058823529411
2016-08-29,11.519607843137255
2016-08-30,12.254901960784315
2016-08-31,9.313725490196077
2016-09-01,6.127450980392157
2016-09-02,10.049019607843135
2016-09-06,9.558823529411764
2016-09-07,9.803921568627452
2016-09-08,6.862745098039216
2016-09-09,-10.53921568627451
2016-09-12,0.0
2016-09-13,-5.147058823529411
2016-09-14,-5.88235294117647
2016-09-15,0.0
2016-09-16,-2.450980392156862
2016-09-19,-2.6960784313725488
2016-09-20,-2.696078431372549
2016-09-21,1.2254901960784317
2016-09-22,2.4509803921568625
2016-09-23,0.7352941176470587
2016-09-26,-0.4901960784313728
2016-09-27,0.0
2016-09-28,1.9607843137254903
2016-09-29,0.0
2016-09-30,3.431372549019607
2016-10-03,1.470588235294118
2016-10-04,-1.9607843137254901
2016-10-05,0.24509803921568585
2016-10-06,0.9803921568627452
2016-10-07,-2.696078431372549
2016-10-10,0.0
2016-10-11,-5.134474327628362
2016-10-12,-2.6894865525672373
2016-10-13,-2.689486552567237
2016-10-14,-3.4229828850855744
2016-10-17,-4.156479217603913
2016-10-18,-0.7334963325183375
2016-10-19,-0.4889975550122252
2016-10-20,-1.2224938875305627
2016-10-21,-0.7334963325183372
2016-10-24,0.24449877750611204
2016-10-25,-4.146341463414634
2016-10-26,-2.6829268292682933
2016-10-27,-9.26829268292683
2016-10-28,-6.585365853658536
2016-10-31,-7.317073170731708
2016-11-01,-10.731707317073171
2016-11-02,-12.439024390243905
2016-11-03,-13.414634146341463
2016-11-04,-11.951219512195122
2016-11-07,0.9756097560975601
2016-11-08,2.4390243902439024
2016-11-09,14.146341463414634
2016-11-10,16.097560975609756
2016-11-11,16.341463414634145
2016-11-14,19.51219512195122
2016-11-15,21.70731707317073
2016-11-16,18.536585365853657
2016-11-17,21.70731707317073
2016-11-18,17.804878048780488
2016-11-21,22.62773722627737
2016-11-22,24.330900243309003
2016-11-23,27.73722627737226
2016-11-25,29.683698296836987
2016-11-28,16.05839416058394
2016-11-29,16.30170316301703
2016-11-30,13.138686131386859
2016-12-01,16.74757281553398
2016-12-02,13.349514563106794
2016-12-05,14.320388349514563
2016-12-06,17.71844660194175
2016-12-07,25.485436893203882
2016-12-08,25.728155339805827
2016-12-09,22.087378640776702
2016-12-12,18.203883495145632
2016-12-13,20.145631067961165
2016-12-14,8.737864077669903
2016-12-15,11.893203883495145
2016-12-16,8.25242718446602
2016-12-19,8.737864077669903
2016-12-20,11.407766990291263
2016-12-21,9.466019417475728
2016-12-22,6.310679611650485
2016-12-23,7.0388349514563116
2016-12-27,7.03883495145631
2016-12-28,1.6990291262135921
2016-12-29,0.7281553398058251
2016-12-30,0.0
2017-01-03,0.9708737864077669
2017-01-04,3.8834951456310685
2017-01-05,2.669902912621359
2017-01-06,3.1553398058252426
2017-01-09,2.912621359223301
2017-01-10,2.912621359223301
2017-01-11,3.1553398058252426
2017-01-12,1.4563106796116503
2017-01-13,3.3980582524271847
2017-01-17,2.912621359223301
2017-01-18,2.9126213592233006
2017-01-19,2.4271844660194173
2017-01-20,3.3980582524271843
2017-01-23,1.2135922330097086
2017-01-24,6.310679611650486
2017-01-25,15.29126213592233
2017-01-26,12.864077669902912
2017-01-27,12.864077669902912
2017-01-30,6.310679611650487
2017-01-31,3.8834951456310685
2017-02-01,3.3980582524271843
2017-02-02,5.58252427184466
2017-02-03,10.922330097087379
2017-02-06,6.7961165048543695
2017-02-07,7.766990291262136
2017-02-08,9.951456310679612
2017-02-09,12.62135922330097
2017-02-10,16.2621359223301
2017-02-13,18.932038834951456
2017-02-14,18.446601941747574
2017-02-15,27.66990291262136
2017-02-16,24.271844660194176
2017-02-17,26.456310679611647
2017-02-21,31.796116504854375
2017-02-22,28.329297820823246
2017-02-23,26.876513317191282
2017-02-24,30.26634382566586
2017-02-27,27.360774818401936
2017-02-28,21.307506053268764
2017-03-01,29.055690072639226
2017-03-02,18.159806295399516
2017-03-03,16.46489104116223
2017-03-06,10.653753026634384
2017-03-07,9.443099273607746
2017-03-08,7.748184019370461
2017-03-09,7.5060532687651325
2017-03-10,9.443099273607748
2017-03-13,11.380145278450364
2017-03-14,7.2639225181598075
2017-03-15,15.980629539951572
2017-03-16,10.89588377723971
2017-03-17,11.62227602905569
2017-03-20,9.927360774818403
2017-03-21,0.24213075060532718
2017-03-22,0.7263922518159802
2017-03-23,1.2106537530266346
2017-03-24,0.7263922518159807
2017-03-27,0.968523002421307
2017-03-28,5.326876513317191
2017-03-29,6.053268765133172
2017-03-30,6.053268765133173
2017-03-31,3.6319612590799037
2017-04-03,1.694915254237289
2017-04-04,1.9370460048426152
2017-04-05,-0.24213075060532674
2017-04-06,1.4527845036319613
2017-04-07,0.7263922518159802
2017-04-10,2.663438256658596
2017-04-11,2.1791767554479415
2017-04-12,0.4842615012106539
2017-04-13,-4.358353510895885
2017-04-17,0.7263922518159809
2017-04-18,0.9685230024213074
2017-04-19,1.694915254237288
2017-04-20,4.358353510895884
2017-04-21,2.9055690072639226
2017-04-24,8.958837772397096
2017-04-25,13.075060532687653
2017-04-26,16.222760290556902
2017-04-27,18.886198547215493
2017-04-28,13.31719128329298
2017-05-01,13.801452784503633
2017-05-02,15.012106537530265
2017-05-03,10.411622276029057
2017-05-04,12.106537530266344
2017-05-05,19.612590799031473
2017-05-08,15.012106537530267
2017-05-09,13.07506053268765
2017-05-10,15.012106537530267
2017-05-11,11.138014527845035
2017-05-12,7.990314769975788
2017-05-15,12.106537530266344
2017-05-16,13.075060532687647
2017-05-17,-0.726392251815982
2017-05-18,-0.24213075060532674
2017-05-19,3.389830508474576
2017-05-22,7.021791767554481
2017-05-23,9.443099273607748
2017-05-24,11.864406779661016
2017-05-25,18.15980629539952
2017-05-26,17.433414043583532
2017-05-30,16.464891041162225
2017-05-31,18.8861985472155
2017-06-01,26.150121065375302
2017-06-02,31.884057971014496
2017-06-05,24.879227053140095
2017-06-06,17.14975845410628
2017-06-07,21.014492753623188
2017-06-08,17.14975845410628
2017-06-09,10.144927536231883
2017-06-12,8.454106280193237
2017-06-13,10.869565217391305
2017-06-14,12.801932367149758
2017-06-15,12.56038647342995
2017-06-16,14.492753623188404
2017-06-19,18.35748792270531
2017-06-20,8.454106280193237
2017-06-21,6.521739130434783
2017-06-22,8.454106280193237
2017-06-23,8.93719806763285
2017-06-26,6.763285024154589
2017-06-27,1.6908212560386473
2017-06-28,4.3478260869565215
2017-06-29,0.7246376811594208
2017-06-30,3.3816425120772946
2017-07-03,4.1062801932367154
2017-07-05,2.8985507246376816
2017-07-06,-1.932367149758454
2017-07-07,-0.2415458937198065
2017-07-10,-0.24154589371980695
2017-07-11,-2.6570048309178746
2017-07-12,0.0
2017-07-13,0.48309178743961345
2017-07-14,3.623188405797101
2017-07-17,3.1400966183574877
2017-07-18,3.1400966183574877
2017-07-19,7.729468599033816
2017-07-20,8.93719806763285
2017-07-21,10.144927536231883
2017-07-24,8.454106280193237
2017-07-25,10.869565217391305
2017-07-26,9.66183574879227
2017-07-27,5.314009661835749
2017-07-28,5.797101449275361
2017-07-31,3.1400966183574877
2017-08-01,5.3140096618357475
2017-08-02,4.830917874396135
2017-08-03,4.830917874396136
2017-08-04,5.3140096618357475
2017-08-07,5.555555555555557
2017-08-08,5.797101449275361
2017-08-09,3.1400966183574868
2017-08-10,-4.1062801932367154
2017-08-11,-4.3478260869565215
2017-08-14,-0.2415458937198074
2017-08-15,-0.24154589371980695
2017-08-16,1.4492753623188408
2017-08-17,-8.21256038647343
2017-08-18,-6.280193236714975
2017-08-21,-4.589371980676329
2017-08-22,1.2077294685990339
2017-08-23,-1.9323671497584543
2017-08-24,-1.6908212560386473
2017-08-25,-0.72463768115942
2017-08-28,0.7246376811594208
2017-08-29,0.0
2017-08-30,1.207729468599033
2017-08-31,2.6570048309178746
2017-09-01,5.797101449275361
2017-09-05,1.44927536231884
2017-09-06,2.4154589371980677
2017-09-07,2.8985507246376807
2017-09-08,7.004830917874396
2017-09-11,15.217391304347826
2017-09-12,14.975845410628022
2017-09-13,10.144927536231885
2017-09-14,10.869565217391305
2017-09-15,10.628019323671497
2017-09-18,14.734299516908212
2017-09-19,13.768115942028986
2017-09-20,14.975845410628017
2017-09-21,12.077294685990339
2017-09-22,14.975845410628017
2017-09-25,11.352657004830917
2017-09-26,11.835748792270532
2017-09-27,14.734299516908212
2017-09-28,16.183574879227052
2017-09-29,18.840579710144926
2017-10-02,21.014492753623188
2017-10-03,22.46376811594203
2017-10-04,22.46376811594203
2017-10-05,26.328502415458942
2017-10-06,25.362318840579707
2017-10-09,20.531400966183575
2017-10-10,22.46376811594203
2017-10-11,21.014492753623188
2017-10-12,20.28985507246377
2017-10-13,22.946859903381643
2017-10-16,20.048309178743963
2017-10-17,18.115942028985504
2017-10-18,17.874396135265698
2017-10-19,19.082125603864736
2017-10-20,26.570048309178745
2017-10-23,19.806763285024154
2017-10-24,20.77294685990338
2017-10-25,13.285024154589372
2017-10-26,17.391304347826086
2017-10-27,21.980676328502415
2017-10-30,10.628019323671497
2017-10-31,14.251207729468598
2017-11-01,13.28502415458937
2017-11-02,13.285024154589374
2017-11-03,14.2512077294686
2017-11-06,12.80193236714976
2017-11-07,11.835748792270529
2017-11-08,14.009661835748792
2017-11-09,6.038647342995169
2017-11-10,7.48792270531401
2017-11-13,8.93719806763285
2017-11-14,10.38647342995169
2017-11-15,0.9661835748792269
2017-11-16,7.487922705314009
2017-11-17,7.004830917874395
2017-11-20,9.178743961352657
2017-11-21,12.56038647342995
2017-11-22,8.93719806763285
2017-11-24,11.594202898550726
2017-11-27,7.246376811594201
2017-11-28,14.73429951690821
2017-11-29,17.391304347826086
2017-11-30,24.396135265700483
2017-12-01,19.806763285024154
2017-12-04,23.18840579710145
2017-12-05,14.2512077294686
2017-12-06,10.628019323671499
2017-12-07,13.768115942028988
2017-12-08,18.115942028985508
2017-12-11,14.251207729468598
2017-12-12,14.492753623188406
2017-12-13,11.835748792270532
2017-12-14,4.3478260869565215
2017-12-15,10.38647342995169
2017-12-18,14.734299516908214
2017-12-19,9.903381642512077
2017-12-20,10.628019323671499
2017-12-21,12.80193236714976
2017-12-22,11.835748792270532
2017-12-26,10.869565217391306
2017-12-27,11.111111111111112
2017-12-28,12.801932367149758
2017-12-29,7.971014492753622
2018-01-02,10.628019323671499
2018-01-03,15.70048309178744
2018-01-04,16.183574879227052
2018-01-05,20.04830917874396
2018-01-08,25.845410628019327
2018-01-09,25.603864734299517
2018-01-10,19.565217391304348
2018-01-11,28.74396135265701
2018-01-12,32.367149758454104
2018-01-16,21.73913043478261
2018-01-17,32.125603864734295
2018-01-18,26.328502415458942
2018-01-19,32.85024154589372
2018-01-22,35.99033816425121
2018-01-23,36.14457831325301
2018-01-24,34.6987951807229
2018-01-25,30.602409638554217
2018-01-26,39.75903614457831
2018-01-29,26.746987951807228
2018-01-30,11.325301204819278
2018-01-31,10.120481927710843
2018-02-01,9.879518072289157
2018-02-02,-1.9277108433734935
2018-02-05,-17.83132530120482
2018-02-06,-9.397590361445783
2018-02-07,-12.289156626506024
2018-02-08,-30.60240963855422
2018-02-09,-13.012048192771086
2018-02-12,-4.578313253012048
2018-02-13,-4.578313253012048
2018-02-14,-3.3734939759036147
2018-02-15,-0.24096385542168686
2018-02-16,-0.4819277108433734
2018-02-20,-0.7228915662650603
2018-02-21,-1.927710843373494
2018-02-22,-1.9277108433734942
2018-02-23,1.4457831325301203
2018-02-26,2.891566265060241
2018-02-27,0.24096385542168675
2018-02-28,-0.24096385542168663
2018-03-01,-2.168674698795181
2018-03-02,-0.7228915662650601
2018-03-05,1.9277108433734942
2018-03-06,5.0602409638554215
2018-03-07,5.0602409638554215
2018-03-08,5.542168674698796
2018-03-09,10.36144578313253
2018-03-12,7.46987951807229
2018-03-13,5.301204819277108
2018-03-14,6.024096385542169
2018-03-15,4.8192771084337345
2018-03-16,4.8192771084337345
2018-03-19,1.2048192771084338
2018-03-20,3.1325301204819276
2018-03-21,2.168674698795181
2018-03-22,-4.819277108433735
2018-03-23,-12.771084337349397
2018-03-26,-1.9277108433734937
2018-03-27,-4.096385542168675
2018-03-28,-3.3734939759036147
2018-03-29,-0.7228915662650602
2018-04-02,-2.891566265060241
2018-04-03,-1.2048192771084336
2018-04-04,-0.24096385542168677
2018-04-05,0.24096385542168677
2018-04-06,-0.7228915662650603
2018-04-09,-0.7228915662650603
2018-04-10,0.24096385542168677
2018-04-11,0.24096385542168677
2018-04-12,0.7228915662650602
2018-04-13,1.2048192771084338
2018-04-16,1.6867469879518073
2018-04-17,2.6506024096385543
2018-04-18,3.8554216867469884
2018-04-19,2.8915662650602405
2018-04-20,0.24096385542168663
2018-04-23,0.0
2018-04-24,-1.4457831325301203
2018-04-25,-1.204819277108434
2018-04-26,0.4819277108433737
2018-04-27,1.927710843373494
2018-04-30,-1.2048192771084332
2018-05-01,-1.927710843373494
2018-05-02,-5.0602409638554215
2018-05-03,-5.783132530120482
2018-05-04,0.24096385542168708
2018-05-07,-0.2409638554216862
2018-05-08,0.2409638554216862
2018-05-09,4.337349397590362
2018-05-10,8.19277108433735
2018-05-11,8.674698795180722
2018-05-14,4.578313253012048
2018-05-15,3.614457831325301
2018-05-16,6.265060240963854
2018-05-17,7.228915662650603
2018-05-18,6.024096385542169
2018-05-21,8.433734939759036
2018-05-22,3.855421686746988
2018-05-23,5.0602409638554215
2018-05-24,6.265060240963856
2018-05-25,5.301204819277109
2018-05-29,2.4096385542168677
2018-05-30,6.987951807228916
2018-05-31,4.096385542168675
2018-06-01,8.433734939759036
2018-06-04,11.084337349397591
2018-06-05,11.807228915662652
2018-06-06,16.385542168674696
2018-06-07,9.879518072289157
2018-06-08,11.325301204819278
2018-06-11,12.048192771084338
2018-06-12,13.493975903614459
2018-06-13,9.879518072289157
2018-06-14,12.771084337349397
2018-06-15,13.975903614457833
2018-06-18,11.807228915662652
2018-06-19,6.746987951807229
2018-06-20,7.951807228915663
2018-06-21,2.409638554216868
2018-06-22,4.096385542168676
2018-06-25,0.24096385542168708
2018-06-26,-0.2409638554216862
2018-06-27,-6.74698795180723
2018-06-28,-3.8554216867469884
2018-06-29,-2.6506024096385534
2018-07-02,0.0
2018-07-03,0.0
2018-07-05,3.8554216867469884
2018-07-06,7.710843373493976
2018-07-09,5.0602409638554215
2018-07-10,7.228915662650602
2018-07-11,4.819277108433735
2018-07-12,8.674698795180722
2018-07-13,8.91566265060241
2018-07-16,5.783132530120482
2018-07-17,8.19277108433735
2018-07-18,9.156626506024097
2018-07-19,8.19277108433735
2018-07-20,7.46987951807229
2018-07-23,7.228915662650602
2018-07-24,5.783132530120481
2018-07-25,13.493975903614457
2018-07-26,11.084337349397588
2018-07-27,5.783132530120483
2018-07-30,2.8915662650602414
2018-07-31,6.987951807228916
2018-08-01,4.096385542168675
2018-08-02,7.2289156626506035
2018-08-03,9.397590361445783
2018-08-06,11.325301204819278
2018-08-07,11.566265060240964
2018-08-08,10.36144578313253
2018-08-09,6.987951807228916
2018-08-10,2.16867469879518
2018-08-13,0.7228915662650603
2018-08-14,3.132530120481928
2018-08-15,1.4457831325301207
2018-08-16,6.265060240963856
2018-08-17,10.602409638554217
2018-08-20,11.807228915662652
2018-08-21,12.289156626506024
2018-08-22,8.19277108433735
2018-08-23,8.19277108433735
2018-08-24,10.602409638554217
2018-08-27,11.325301204819278
2018-08-28,12.530120481927709
2018-08-29,17.83132530120482
2018-08-30,11.084337349397591
2018-08-31,12.530120481927712
2018-09-04,14.457831325301205
2018-09-05,10.843373493975905
2018-09-06,9.397590361445783
2018-09-07,6.506024096385542
2018-09-10,12.530120481927712
2018-09-11,13.493975903614459
2018-09-12,11.807228915662652
2018-09-13,17.349397590361445
2018-09-14,16.144578313253014
2018-09-17,9.156626506024097
2018-09-18,13.012048192771086
2018-09-19,10.120481927710843
2018-09-20,14.939759036144578
2018-09-21,14.939759036144578
2018-09-24,7.710843373493976
2018-09-25,5.060240963855421
2018-09-26,2.4096385542168672
2018-09-27,1.927710843373494
2018-09-28,1.6867469879518069
2018-10-01,1.927710843373493
2018-10-02,-0.24096385542168708
2018-10-03,0.4819277108433728
2018-10-04,-2.1686746987951806
2018-10-05,-6.265060240963855
2018-10-08,-6.746987951807228
2018-10-09,-11.807228915662652
2018-10-10,-31.08433734939759
2018-10-11,-46.98795180722892
2018-10-12,-29.87951807228916
2018-10-15,-27.710843373493976
2018-10-16,-9.156626506024097
2018-10-17,-9.879518072289157
2018-10-18,-15.180722891566267
2018-10-19,-17.34939759036145
2018-10-22,-21.44578313253012
2018-10-23,-23.132530120481928
2018-10-24,-39.75903614457831
2018-10-25,-22.89156626506024
2018-10-26,-30.843373493975907
2018-10-29,-27.469879518072286
2018-10-30,-13.253012048192769
2018-10-31,-7.2289156626506035
2018-11-01,-2.4096385542168672
2018-11-02,-1.927710843373494
2018-11-05,-0.48192771084337327
2018-11-06,1.4457831325301207
2018-11-07,3.8554216867469875
2018-11-08,3.8554216867469884
2018-11-09,3.614457831325301
2018-11-12,0.0
2018-11-13,-0.963855421686747
2018-11-14,-1.6867469879518073
2018-11-15,0.0
2018-11-16,0.963855421686747
2018-11-19,-2.4096385542168677
2018-11-20,-7.469879518072289
2018-11-21,-3.6144578313253017
2018-11-23,-5.542168674698795
2018-11-26,-2.6506024096385543
2018-11-27,-2.6506024096385543
2018-11-28,-0.48192771084337355
2018-11-29,0.24096385542168686
2018-11-30,1.2048192771084338
2018-12-03,2.891566265060241
2018-12-04,-0.9638554216867471
2018-12-06,-0.48192771084337327
2018-12-07,-3.3734939759036147
2018-12-10,-6.265060240963856
2018-12-11,-7.710843373493976
2018-12-12,-5.301204819277109
2018-12-13,-5.301204819277108
2018-12-14,-10.36144578313253
2018-12-17,-16.14457831325301
2018-12-18,-16.14457831325301
2018-12-19,-24.096385542168676
2018-12-20,-36.86746987951807
2018-12-21,-46.265060240963855
2018-12-24,-65.3012048192771
2018-12-26,-7.46987951807229
2018-12-27,-5.542168674698795
2018-12-28,-4.567307692307692
2018-12-31,-2.1634615384615383
2019-01-02,-1.6826923076923077
2019-01-03,-4.086538461538462
2019-01-04,-0.4807692307692308
2019-01-07,-0.2403846153846154
2019-01-08,-0.2403846153846154
2019-01-09,-0.24038461538461536
2019-01-10,-0.4807692307692308
2019-01-11,-0.2403846153846154
2019-01-14,-0.4807692307692308
2019-01-15,0.0
2019-01-16,0.24038461538461536
2019-01-17,1.9230769230769234
2019-01-18,5.288461538461538
2019-01-22,0.48076923076923095
2019-01-23,1.6826923076923075
2019-01-24,1.2019230769230766
2019-01-25,4.3269230769230775
2019-01-28,3.125
2019-01-29,4.8076923076923075
2019-01-30,9.134615384615387
2019-01-31,11.778846153846153
2019-02-01,13.461538461538463
2019-02-04,18.509615384615383
2019-02-05,21.634615384615387
2019-02-06,18.509615384615387
2019-02-07,13.221153846153847
2019-02-08,15.144230769230768
2019-02-11,18.02884615384615
2019-02-12,24.278846153846153
2019-02-13,23.557692307692307
2019-02-14,19.951923076923077
2019-02-15,29.567307692307693
2019-02-19,28.605769230769226
2019-02-20,29.567307692307693
2019-02-21,24.278846153846153
2019-02-22,31.249999999999996
2019-02-25,27.884615384615383
2019-02-26,20.913461538461537
2019-02-27,22.596153846153847
2019-02-28,17.78846153846154
2019-03-01,23.317307692307693
2019-03-04,13.221153846153847
2019-03-05,10.817307692307692
2019-03-06,5.288461538461538
2019-03-07,2.403846153846154
2019-03-08,3.125
2019-03-11,9.375000000000002
2019-03-12,12.259615384615385
2019-03-13,14.663461538461538
2019-03-14,14.182692307692307
2019-03-15,17.30769230769231
2019-03-18,18.26923076923077
2019-03-19,14.182692307692307
2019-03-20,10.096153846153845
2019-03-21,21.634615384615387
2019-03-22,4.086538461538461
2019-03-25,4.5673076923076925
2019-03-26,10.336538461538462
2019-03-27,6.009615384615384
2019-03-28,9.134615384615385
2019-03-29,10.576923076923077
2019-04-01,15.347721822541967
2019-04-02,13.39712918660287
2019-04-03,14.832535885167465
2019-04-04,12.440191387559809
2019-04-05,16.985645933014354
2019-04-08,19.37799043062201
2019-04-09,10.047846889952153
2019-04-10,11.483253588516746
2019-04-11,12.679425837320574
2019-04-12,22.48803827751196
2019-04-15,19.138755980861244
2019-04-16,18.66028708133971
2019-04-17,9.80861244019139
2019-04-18,15.071770334928228
2019-04-22,10.047846889952151
2019-04-23,18.18181818181818
2019-04-24,16.74641148325359
2019-04-25,12.918660287081341
2019-04-26,17.70334928229665
2019-04-29,17.942583732057415
2019-04-30,20.574162679425836
2019-05-01,6.2200956937799035
2019-05-02,6.698564593301435
2019-05-03,13.875598086124402
2019-05-06,10.28708133971292
2019-05-07,0.0
2019-05-08,-0.7177033492822966
2019-05-09,-1.4354066985645932
2019-05-10,-0.4784688995215314
2019-05-13,-11.483253588516746
2019-05-14,-6.4593301435406705
2019-05-15,-3.8277511961722492
2019-05-16,-0.23923444976076613
2019-05-17,-3.588516746411483
2019-05-20,-6.459330143540669
2019-05-21,0.4784688995215314
2019-05-22,-1.196172248803828
2019-05-23,-6.459330143540669
2019-05-24,-3.6093418259023355
2019-05-28,-11.252653927813164
2019-05-29,-13.16348195329087
2019-05-30,-12.314225053078557
2019-05-31,-17.372881355932204
2019-06-03,-11.864406779661017
2019-06-04,2.11864406779661
2019-06-05,5.084745762711864
2019-06-06,6.991525423728813
2019-06-07,9.745762711864408
2019-06-10,11.228813559322035
2019-06-11,6.1440677966101696
2019-06-12,8.050847457627118
2019-06-13,8.05084745762712
2019-06-14,7.610993657505286
2019-06-17,6.976744186046512
2019-06-18,8.456659619450319
2019-06-19,12.050739957716702
2019-06-20,15.856236786469346
2019-06-21,10.782241014799153
2019-06-24,7.822410147991543
2019-06-25,6.553911205073996
2019-06-26,1.6913319238900635
2019-06-27,3.171247357293869
2019-06-28,6.765327695560254
2019-07-01,10.782241014799155
2019-07-02,10.970464135021096
2019-07-03,19.198312236286917
2019-07-05,13.502109704641349
2019-07-08,7.172995780590717
2019-07-09,7.383966244725738
2019-07-10,8.860759493670885
2019-07-11,10.337552742616033
2019-07-12,14.345991561181433
2019-07-15,13.502109704641349
2019-07-16,9.493670886075948
2019-07-17,5.69620253164557
2019-07-18,8.649789029535865
2019-07-19,2.742616033755274
2019-07-22,3.3755274261603376
2019-07-23,5.696202531645569
2019-07-24,10.759493670886076
2019-07-25,7.594936708860759
2019-07-26,9.915611814345992
2019-07-29,7.59493670886076
2019-07-30,6.540084388185653
2019-07-31,1.2658227848101267
2019-08-01,0.42194092827004237
2019-08-02,-4.0084388185654
2019-08-05,-19.831223628691983
2019-08-06,-8.649789029535864
2019-08-07,-9.70464135021097
2019-08-08,0.4219409282700428
2019-08-09,-2.9535864978902944
2019-08-12,-6.329113924050633
2019-08-13,0.4219409282700428
2019-08-14,-11.39240506329114
2019-08-15,-11.18143459915612
2019-08-16,-1.2658227848101262
2019-08-19,0.42194092827004237
2019-08-20,-1.0548523206751057
2019-08-21,0.8438818565400843
2019-08-22,2.3206751054852317
2019-08-23,-4.430379746835443
2019-08-26,-0.6329113924050636
2019-08-27,-3.586497890295359
2019-08-28,-1.0548523206751057
2019-08-29,1.2658227848101267
2019-08-30,1.8987341772151902
2019-09-03,3.3755274261603376
2019-09-04,5.063291139240507
2019-09-05,2.5316455696202533
2019-09-06,3.586497890295359
2019-09-09,3.164556962025316
2019-09-10,4.219409282700422
2019-09-11,9.915611814345992
2019-09-12,8.016877637130802
2019-09-13,7.59493670886076
2019-09-16,6.118143459915612
2019-09-17,4.219409282700422
2019-09-18,3.375527426160338
2019-09-19,2.5316455696202533
2019-09-20,1.89873417721519
2019-09-23,2.5316455696202533
2019-09-24,2.953586497890295
2019-09-25,4.219409282700422
2019-09-26,4.4303797468354436
2019-09-27,0.6329113924050636
2019-09-30,2.5316455696202533
2019-10-01,0.6329113924050631
2019-10-02,-3.1645569620253164
2019-10-03,-2.109704641350211
2019-10-04,0.6329113924050633
2019-10-07,-0.8438818565400843
2019-10-08,-3.375527426160338
2019-10-09,-1.0526315789473686
2019-10-10,0.21052631578947367
2019-10-11,0.42105263157894735
2019-10-14,0.631578947368421
2019-10-15,1.4736842105263157
2019-10-16,1.0526315789473684
2019-10-17,1.6842105263157894
2019-10-18,3.368421052631579
2019-10-21,5.684210526315789
2019-10-22,6.315789473684211
2019-10-23,8.842105263157896
2019-10-24,7.7894736842105265
2019-10-25,8.0
2019-10-28,8.631578947368421
2019-10-29,9.68421052631579
2019-10-30,8.842105263157896
2019-10-31,5.6842105263157885
2019-11-01,11.157894736842106
2019-11-04,14.94736842105263
2019-11-05,14.94736842105263
2019-11-06,13.894736842105264
2019-11-07,14.105263157894736
2019-11-08,17.263157894736842
2019-11-11,12.631578947368421
2019-11-12,11.368421052631579
2019-11-13,9.263157894736842
2019-11-14,10.526315789473685
2019-11-15,14.736842105263158
2019-11-18,14.736842105263158
2019-11-19,15.368421052631579
2019-11-20,11.157894736842106
2019-11-21,7.3684210526315805
2019-11-22,7.578947368421051
2019-11-25,12.210526315789474
2019-11-26,11.368421052631579
2019-11-27,15.578947368421053
2019-11-29,8.631578947368423
2019-12-02,4.421052631578947
2019-12-03,2.736842105263158
2019-12-04,3.3684210526315788
2019-12-05,2.105263157894737
2019-12-06,6.526315789473685
2019-12-09,4.0
2019-12-10,3.3684210526315788
2019-12-11,4.631578947368421
2019-12-12,10.736842105263158
2019-12-13,6.947368421052632
2019-12-16,10.94736842105263
2019-12-17,8.421052631578947
2019-12-18,9.473684210526317
2019-12-19,11.368421052631579
2019-12-20,16.842105263157894
2019-12-23,14.31578947368421
2019-12-24,13.26315789473684
2019-12-26,15.157894736842104
2019-12-27,12.421052631578947
2019-12-30,5.894736842105264
2019-12-31,6.526315789473684
2020-01-02,13.052631578947368
2020-01-03,6.7368421052631575
2020-01-06,7.7894736842105265
2020-01-07,6.947368421052632
2020-01-08,9.894736842105264
2020-01-09,14.105263157894738
2020-01-10,11.36842105263158
2020-01-13,17.89473684210526
2020-01-14,14.526315789473685
2020-01-15,20.842105263157894
2020-01-16,27.999999999999996
2020-01-17,30.31578947368421
2020-01-21,26.10526315789474
2020-01-22,24.42105263157895
2020-01-23,24.842105263157894
2020-01-24,16.0
2020-01-27,1.4736842105263168
2020-01-28,7.3684210526315805
2020-01-29,8.000000000000002
2020-01-30,10.736842105263158
2020-01-31,-3.3684210526315788
2020-02-03,0.21052631578947434
2020-02-04,7.36842105263158
2020-02-05,10.736842105263158
2020-02-06,11.157894736842106
2020-02-07,7.7894736842105265
2020-02-10,10.736842105263158
2020-02-11,14.105263157894736
2020-02-12,14.736842105263158
2020-02-13,16.842105263157894
2020-02-14,20.0
2020-02-18,17.894736842105264
2020-02-19,14.947368421052632
2020-02-20,13.263157894736844
2020-02-21,7.368421052631578
2020-02-24,-1.473684210526315
2020-02-25,-23.157894736842103
2020-02-26,-29.89473684210526
2020-02-27,-57.05263157894736
2020-02-28,-64.0
2020-03-02,-14.105263157894735
2020-03-03,-25.263157894736842
2020-03-04,-8.210526315789474
2020-03-05,-19.57894736842105
2020-03-06,-25.05263157894737
2020-03-09,-52.21052631578947
2020-03-10,-22.105263157894736
2020-03-11,-38.10526315789474
2020-03-12,-70.94736842105263
2020-03-13,-24.0
2020-03-16,-56.631578947368425
2020-03-17,-34.10526315789474
2020-03-18,-44.42105263157895
2020-03-19,-32.421052631578945
2020-03-20,-41.26315789473684
2020-03-23,-48.84210526315789
2020-03-24,-6.7368421052631575
2020-03-25,-1.263157894736842
2020-03-26,-0.631578947368421
2020-03-27,-1.263157894736842
2020-03-30,-1.4736842105263157
2020-03-31,-1.0526315789473684
2020-04-01,-1.8947368421052633
2020-04-02,-2.9473684210526314
2020-04-03,-3.578947368421052
2020-04-06,-0.42105263157894735
2020-04-07,0.0
2020-04-08,0.20964360587002098
2020-04-09,0.20964360587002098
2020-04-13,0.41928721174004197
2020-04-14,1.0482180293501049
2020-04-15,0.628930817610063
2020-04-16,1.257861635220126
2020-04-17,1.257861635220126
2020-04-20,1.4675052410901468
2020-04-21,0.628930817610063
2020-04-22,0.8385744234800839
2020-04-23,0.628930817610063
2020-04-24,1.4675052410901468
2020-04-27,1.6771488469601679
2020-04-28,0.41928721174004197
2020-04-29,1.257861635220126
2020-04-30,0.628930817610063
2020-05-01,0.20964360587002098
2020-05-04,0.41928721174004197
2020-05-05,0.628930817610063
2020-05-06,0.628930817610063
2020-05-07,1.6771488469601676
2020-05-08,2.515723270440252
2020-05-11,2.9350104821802936
2020-05-12,1.2578616352201257
2020-05-13,1.2578616352201257
2020-05-14,1.4675052410901468
2020-05-15,2.7253668763102725
2020-05-18,2.7253668763102725
2020-05-19,1.4675052410901468
2020-05-20,2.515723270440252
2020-05-21,2.0964360587002098
2020-05-22,2.9350104821802936
2020-05-26,2.9350104821802936
2020-05-27,5.450733752620545
2020-05-28,3.563941299790356
2020-05-29,7.127882599580712
2020-06-01,6.708595387840671
2020-06-02,10.90146750524109
2020-06-03,17.61006289308176
2020-06-04,14.465408805031446
2020-06-05,34.59119496855346
2020-06-08,43.60587002096436
2020-06-09,13.20754716981132
2020-06-10,6.079664570230608
2020-06-11,0.0
2020-06-12,-0.20964360587002098
2020-06-15,0.20964360587002098
2020-06-16,0.8385744234800839
2020-06-17,1.0482180293501049
2020-06-18,1.0482180293501049
2020-06-19,1.4675052410901468
2020-06-22,2.515723270440252
2020-06-23,2.0964360587002098
2020-06-24,0.419287211740042
2020-06-25,1.6771488469601679
2020-06-26,0.0
2020-06-29,0.628930817610063
2020-06-30,1.0482180293501049
2020-07-01,1.6771488469601676
2020-07-02,1.8867924528301887
2020-07-06,2.9350104821802936
2020-07-07,2.3060796645702304
2020-07-08,5.031446540880504
2020-07-09,5.031446540880504
2020-07-10,4.612159329140461
2020-07-13,1.4675052410901468
2020-07-14,3.3542976939203357
2020-07-15,6.289308176100629
2020-07-16,6.079664570230608
2020-07-17,10.062893081761008
2020-07-20,9.014675052410901
2020-07-21,9.014675052410901
2020-07-22,13.207547169811322
2020-07-23,10.69182389937107
2020-07-24,6.70859538784067
2020-07-27,11.11111111111111
2020-07-28,5.450733752620545
2020-07-29,11.11111111111111
2020-07-30,9.853249475890983
2020-07-31,10.062893081761006
2020-08-03,10.062893081761006
2020-08-04,11.320754716981133
2020-08-05,11.740041928721174
2020-08-06,11.320754716981131
2020-08-07,13.417190775681343
2020-08-10,16.352201257861637
2020-08-11,11.740041928721174
2020-08-12,15.303983228511532
2020-08-13,11.530398322851154
2020-08-14,10.272536687631026
2020-08-17,11.530398322851152
2020-08-18,9.014675052410903
2020-08-19,7.337526205450734
2020-08-20,5.450733752620545
2020-08-21,7.337526205450734
2020-08-24,10.69182389937107
2020-08-25,8.385744234800839
2020-08-26,11.320754716981131
2020-08-27,10.901467505241092
2020-08-28,15.09433962264151
2020-08-31,9.853249475890985
2020-09-01,12.368972746331238
2020-09-02,22.431865828092242
2020-09-03,1.4675052410901468
2020-09-04,0.6289308176100629
2020-09-08,-2.0964360587002098
2020-09-09,0.0
2020-09-10,-2.9350104821802936
2020-09-11,-1.4675052410901468
2020-09-14,2.30607966457023
2020-09-15,1.467505241090147
2020-09-16,3.3542976939203353
2020-09-17,2.306079664570231
2020-09-18,-0.20964360587002107
2020-09-21,-3.3542976939203357
2020-09-22,-2.515723270440252
2020-09-23,-5.870020964360587
2020-09-24,-4.821802935010482
2020-09-25,-2.306079664570231
2020-09-28,0.20964360587002098
2020-09-29,-0.209643605870021
2020-09-30,0.0
2020-10-01,-0.20964360587002107
2020-10-02,1.677148846960168
2020-10-05,4.40251572327044
2020-10-06,2.306079664570231
2020-10-07,4.821802935010482
2020-10-08,9.224318658280922
2020-10-09,10.90146750524109
2020-10-12,14.675052410901468
2020-10-13,10.272536687631026
2020-10-14,6.708595387840671
2020-10-15,7.547169811320756
2020-10-16,8.59538784067086
2020-10-19,4.1928721174004195
2020-10-20,4.811715481171548
2020-10-21,3.5564853556485354
2020-10-22,7.531380753138075
2020-10-23,10.460251046025107
2020-10-26,2.7196652719665275
2020-10-27,2.3012552301255225
2020-10-28,-12.343096234309623
2020-10-29,-5.439330543933055
2020-10-30,-7.740585774058577
2020-11-02,-1.4644351464435146
2020-11-03,1.4644351464435146
2020-11-04,2.510460251046025
2020-11-05,5.857740585774058
2020-11-06,8.786610878661087
2020-11-09,16.94560669456067
2020-11-10,17.36401673640167
2020-11-11,11.92468619246862
2020-11-12,5.02092050209205
2020-11-13,9.623430962343097
2020-11-16,19.665271966527197
2020-11-17,15.062761506276152
2020-11-18,6.066945606694561
2020-11-19,7.94979079497908
2020-11-20,6.06694560669456
2020-11-23,12.343096234309623
2020-11-24,22.17573221757322
2020-11-25,14.644351464435147
2020-11-27,12.97071129707113
2020-11-30,5.439330543933055
2020-12-01,8.99581589958159
2020-12-02,7.949790794979079
2020-12-03,10.460251046025103
2020-12-04,17.15481171548117
2020-12-07,13.389121338912133
2020-12-08,14.435146443514643
2020-12-09,9.205020920502092
2020-12-10,10.460251046025107
2020-12-11,7.94979079497908
2020-12-14,3.974895397489539
2020-12-15,6.903765690376569
2020-12-16,7.531380753138075
2020-12-17,9.205020920502092
2020-12-18,8.577405857740585
2020-12-21,5.02092050209205
2020-12-22,5.439330543933054
2020-12-23,4.602510460251045
2020-12-24,4.184100418410042
2020-12-28,5.648535564853557
2020-12-29,2.928870292887029
2020-12-30,3.7578288100208774
2020-12-31,5.416666666666666
2021-01-04,1.458333333333333
2021-01-05,3.7499999999999996
2021-01-06,13.75
2021-01-07,20.0
2021-01-08,20.0
2021-01-11,17.5
2021-01-12,22.083333333333332
2021-01-13,14.999999999999998
2021-01-14,17.916666666666664
2021-01-15,10.625
2021-01-19,12.083333333333334
2021-01-20,9.375
2021-01-21,7.916666666666665
2021-01-22,7.499999999999999
2021-01-25,6.875
2021-01-26,6.250000000000001
2021-01-27,2.5000000000000004
2021-01-28,2.083333333333333
2021-01-29,-1.6666666666666665
2021-02-01,0.4166666666666665
2021-02-02,1.0416666666666665
2021-02-03,1.0416666666666665
2021-02-04,1.6666666666666667
2021-02-05,3.75
2021-02-08,7.083333333333334
2021-02-09,6.666666666666668
2021-02-10,6.458333333333334
2021-02-11,8.541666666666666
2021-02-12,10.208333333333334
2021-02-16,10.416666666666666
2021-02-17,8.75
2021-02-18,5.208333333333334
2021-02-19,7.499999999999999
2021-02-22,11.458333333333332
2021-02-23,13.333333333333332
2021-02-24,19.166666666666668
2021-02-25,1.2499999999999996
2021-02-26,-3.958333333333333
2021-03-01,3.541666666666667
2021-03-02,0.625
2021-03-03,0.8316008316008308
2021-03-04,-2.910602910602911
2021-03-05,2.9106029106029108
2021-03-08,4.5738045738045745
2021-03-09,2.7027027027027026
2021-03-10,6.029106029106029
2021-03-11,6.02910602910603
2021-03-12,10.187110187110187
2021-03-15,13.097713097713099
2021-03-16,5.8212058212058215
2021-03-17,6.237006237006238
2021-03-18,6.02910602910603
2021-03-19,3.742203742203743
2021-03-22,4.365904365904367
2021-03-23,1.8711018711018712
2021-03-24,1.4553014553014554
2021-03-25,3.3264033264033266
2021-03-26,9.771309771309772
2021-03-29,10.810810810810812
2021-03-30,4.365904365904366
2021-03-31,1.4553014553014554
2021-04-01,3.3264033264033266
2021-04-05,8.523908523908524
2021-04-06,6.860706860706861
2021-04-07,5.405405405405405
2021-04-08,5.405405405405405
2021-04-09,8.93970893970894
2021-04-12,9.355509355509357
2021-04-13,8.939708939708941
2021-04-14,6.652806652806653
2021-04-15,16.008316008316008
2021-04-16,21.62162162162162
2021-04-19,17.67151767151767
2021-04-20,17.255717255717254
2021-04-21,20.16632016632017
2021-04-22,14.137214137214137
2021-04-23,19.334719334719335
2021-04-26,12.266112266112266
2021-04-27,12.889812889812891
2021-04-28,10.810810810810812
2021-04-29,17.04781704781705
2021-04-30,11.01871101871102
2021-05-03,14.553014553014554
2021-05-04,15.560165975103732
2021-05-05,14.492753623188404
2021-05-06,18.012422360248447
2021-05-07,24.223602484472046
2021-05-10,23.18840579710145
2021-05-11,6.211180124223603
2021-05-12,-2.898550724637681
2021-05-13,0.41407867494824036
2021-05-14,4.761904761904762
2021-05-17,5.590062111801243
2021-05-18,2.070393374741201
2021-05-19,-0.41407867494824013
2021-05-20,0.20703933747412007
2021-05-21,1.8633540372670807
2021-05-24,2.6915113871635614
2021-05-25,1.4492753623188408
2021-05-26,1.0351966873706004
2021-05-27,1.8633540372670805
2021-05-28,1.4492753623188406
2021-06-01,4.140786749482402
2021-06-02,6.418219461697723
2021-06-03,6.625258799171843
2021-06-04,8.281573498964804
2021-06-07,7.246376811594203
2021-06-08,9.109730848861284
2021-06-09,7.0393374741200825
2021-06-10,7.6604554865424435
2021-06-11,7.867494824016563
2021-06-14,8.074534161490682
2021-06-15,5.175983436853001
2021-06-16,1.6563146997929608
2021-06-17,-1.0351966873706004
2021-06-18,-10.973084886128364
2021-06-21,3.519668737060041
2021-06-22,5.383022774327123
2021-06-23,3.933747412008282
2021-06-24,6.211180124223603
2021-06-25,7.039337474120083
2021-06-28,8.074534161490684
2021-06-29,8.281573498964802
2021-06-30,4.3478260869565215
2021-07-01,6.832298136645963
2021-07-02,10.144927536231885
2021-07-06,12.215320910973086
2021-07-07,14.285714285714285
2021-07-08,6.625258799171842
2021-07-09,10.351966873706004
2021-07-12,9.523809523809524
2021-07-13,6.625258799171842
2021-07-14,6.832298136645963
2021-07-15,6.832298136645963
2021-07-16,6.211180124223602
2021-07-19,-6.832298136645963
2021-07-20,3.1055900621118018
2021-07-21,5.175983436853002
2021-07-22,7.453416149068323
2021-07-23,12.629399585921325
2021-07-26,8.281573498964802
2021-07-27,8.074534161490684
2021-07-28,6.625258799171843
2021-07-29,8.074534161490682
2021-07-30,10.559006211180124
2021-08-02,10.144927536231885
2021-08-03,14.078674948240169
2021-08-04,10.351966873706004
2021-08-05,10.559006211180126
2021-08-06,9.937888198757763
2021-08-09,8.695652173913043
2021-08-10,7.6604554865424435
2021-08-11,11.180124223602485
2021-08-12,10.144927536231885
2021-08-13,12.836438923395445
2021-08-16,14.906832298136647
2021-08-17,9.937888198757765
2021-08-18,1.4462809917355375
2021-08-19,2.2727272727272716
2021-08-20,5.785123966942149
2021-08-23,8.264462809917356
2021-08-24,9.090909090909092
2021-08-25,10.950413223140496
2021-08-26,6.6115702479338845
2021-08-27,10.12396694214876
2021-08-30,12.190082644628099
2021-08-31,10.537190082644628
2021-09-01,11.570247933884298
2021-09-02,13.842975206611571
2021-09-03,12.190082644628099
2021-09-07,5.785123966942148
2021-09-08,6.404958677685951
2021-09-09,3.3057851239669422
2021-09-10,0.619834710743802
2021-09-13,-0.41322314049586795
2021-09-14,-1.6528925619834711
2021-09-15,1.2396694214876034
2021-09-16,1.0330578512396693
2021-09-17,-3.099173553719009
2021-09-20,-9.297520661157025
2021-09-21,-10.537190082644628
2021-09-22,-5.371900826446281
2021-09-23,-0.4132231404958677
2021-09-24,0.20661157024793386
2021-09-27,-2.6859504132231407
2021-09-28,-9.504132231404958
2021-09-29,-2.0661157024793386
2021-09-30,-10.537190082644628
2021-10-01,-4.33884297520661
2021-10-04,-8.677685950413224
2021-10-05,-3.3057851239669414
2021-10-06,-2.479338842975207
2021-10-07,2.066115702479339
2021-10-08,1.0330578512396693
2021-10-11,-1.2396694214876032
2021-10-12,-0.8264462809917346
2021-10-13,-0.6198347107438016
2021-10-14,5.785123966942148
2021-10-15,7.644628099173554
2021-10-18,7.644628099173555
2021-10-19,10.74380165289256
2021-10-20,15.289256198347108
2021-10-21,13.842975206611571
2021-10-22,17.148760330578515
2021-10-25,17.975206611570247
2021-10-26,14.876033057851238
2021-10-27,5.37190082644628
2021-10-28,9.09090909090909
2021-10-29,10.330578512396693
2021-11-01,9.917355371900825
2021-11-02,12.1900826446281
2021-11-03,14.462809917355372
2021-11-04,16.115702479338843
2021-11-05,15.495867768595044
2021-11-08,13.223140495867769
2021-11-09,15.702479338842975
2021-11-10,6.611570247933884
2021-11-11,8.057851239669422
2021-11-12,12.190082644628097
2021-11-15,9.917355371900827
2021-11-16,12.8099173553719
2021-11-17,10.950413223140496
2021-11-18,8.47107438016529
2021-11-19,8.057851239669422
2021-11-22,4.958677685950414
2021-11-23,5.578512396694214
2021-11-24,5.578512396694215
2021-11-26,-3.9256198347107443
2021-11-29,-2.8925619834710745
2021-11-30,-11.983471074380164
2021-12-01,-17.975206611570247
2021-12-02,-3.0991735537190084
2021-12-03,-4.338842975206612
2021-12-06,-0.6198347107438016
2021-12-07,1.4462809917355375
2021-12-08,1.0330578512396695
2021-12-09,0.8264462809917356
2021-12-10,3.7190082644628104
2021-12-13,2.892561983471075
2021-12-14,0.8264462809917357
2021-12-15,4.75206611570248
2021-12-16,6.818181818181818
2021-12-17,1.6528925619834711
2021-12-20,0.0
2021-12-21,1.0330578512396693
2021-12-22,2.8925619834710745
2021-12-23,4.132231404958678
2021-12-27,8.47107438016529
2021-12-28,7.851239669421488
2021-12-29,11.363636363636363
2021-12-30,9.297520661157025
2021-12-31,9.297520661157025
2022-01-03,5.991735537190083
2022-01-04,8.47107438016529
2022-01-05,3.71900826446281
2022-01-06,5.785123966942148
2022-01-07,7.8512396694214885
2022-01-10,5.371900826446281
2022-01-11,10.12396694214876
2022-01-12,10.537190082644628
2022-01-13,6.818181818181818
2022-01-14,8.67768595041322
2022-01-18,-4.338842975206612
2022-01-19,-10.123966942148762
2022-01-20,-16.32231404958678
2022-01-21,-22.727272727272727
2022-01-24,-12.603305785123968
2022-01-25,-20.867768595041323
2022-01-26,-25.413223140495866
2022-01-27,-28.719008264462808
2022-01-28,-7.024793388429753
2022-01-31,0.8264462809917357
2022-02-01,1.4462809917355373
2022-02-02,2.8925619834710745
2022-02-03,-1.446280991735537
2022-02-04,-2.272727272727273
2022-02-07,-1.2396694214876032
2022-02-08,0.4123711340206184
2022-02-09,5.154639175257731
2022-02-10,1.0309278350515467
2022-02-11,-2.4742268041237114
2022-02-14,-6.185567010309278
2022-02-15,-2.88659793814433
2022-02-16,-1.4432989690721647
2022-02-17,-5.77319587628866
2022-02-18,-6.391752577319588
2022-02-22,-8.24742268041237
2022-02-23,-16.70103092783505
2022-02-24,-7.628865979381443
2022-02-25,-0.41237113402061853
2022-02-28,0.8247422680412373
2022-03-01,-3.2989690721649483
2022-03-02,3.9175257731958766
2022-03-03,4.536082474226804
2022-03-04,4.742268041237114
2022-03-07,-6.804123711340206
2022-03-08,-8.453608247422682
2022-03-09,0.0
2022-03-10,-0.41237113402061887
2022-03-11,-2.4742268041237114
2022-03-14,-3.9175257731958757
2022-03-15,0.8247422680412371
2022-03-16,1.0309278350515463
2022-03-17,3.0927835051546393
2022-03-18,3.917525773195876
2022-03-21,4.742268041237113
2022-03-22,4.536082474226804
2022-03-23,4.329896907216495
2022-03-24,4.742268041237113
2022-03-25,8.65979381443299
2022-03-28,7.422680412371134
2022-03-29,9.484536082474227
2022-03-30,9.690721649484537
2022-03-31,6.5979381443298974
2022-04-01,10.515463917525773
2022-04-04,8.247422680412372
2022-04-05,7.216494845360824
2022-04-06,9.690721649484537
2022-04-07,9.690721649484537
2022-04-08,10.927835051546392
2022-04-11,4.329896907216495
2022-04-12,4.948453608247423
2022-04-13,4.948453608247422
2022-04-14,5.360824742268042
2022-04-18,5.567010309278351
2022-04-19,8.45360824742268
2022-04-20,13.608247422680414
2022-04-21,8.041237113402062
2022-04-22,-1.6494845360824741
2022-04-25,-1.2371134020618553
2022-04-26,-5.360824742268042
2022-04-27,-6.597938144329897
2022-04-28,-3.7113402061855667
2022-04-29,-9.072164948453608
2022-05-02,-7.010309278350515
2022-05-03,-4.3298969072164954
2022-05-04,0.41237113402061865
2022-05-05,-4.123711340206185
2022-05-06,-8.45360824742268
2022-05-09,-16.701030927835053
2022-05-10,-14.02061855670103
2022-05-11,-18.556701030927837
2022-05-12,-14.63917525773196
2022-05-13,-4.329896907216495
2022-05-16,-4.948453608247422
2022-05-17,-1.2371134020618557
2022-05-18,-7.0103092783505145
2022-05-19,-6.391752577319588
2022-05-20,-4.7422680412371125
2022-05-23,-2.061855670103093
2022-05-24,-2.680412371134021
2022-05-25,-0.8247422680412371
2022-05-26,0.20618556701030932
2022-05-27,1.8556701030927834
2022-05-31,1.0309278350515463
2022-06-01,0.824742268041237
2022-06-02,0.41237113402061853
2022-06-03,1.0309278350515465
2022-06-06,1.0309278350515465
2022-06-07,1.6494845360824744
2022-06-08,1.2371134020618557
2022-06-09,-0.8247422680412372
2022-06-10,-1.8556701030927834
2022-06-13,-14.63917525773196
2022-06-14,-19.175257731958766
2022-06-15,-12.989690721649486
2022-06-16,-26.804123711340207
2022-06-17,-23.505154639175256
2022-06-21,-11.34020618556701
2022-06-22,-9.896907216494846
2022-06-23,-8.45360824742268
2022-06-24,-1.0309278350515465
2022-06-27,-0.2061855670103093
2022-06-28,-0.2061855670103093
2022-06-29,-0.41237113402061853
2022-06-30,-0.824742268041237
2022-07-01,-0.6185567010309276
2022-07-05,-1.6494845360824744
2022-07-06,-1.2371134020618557
2022-07-07,0.8247422680412372
2022-07-08,0.41237113402061853
2022-07-11,0.0
2022-07-12,-0.41237113402061853
2022-07-13,-0.4123711340206186
2022-07-14,-1.6494845360824744
2022-07-15,-0.8247422680412372
2022-07-18,-0.8247422680412372
2022-07-19,-0.2061855670103093
2022-07-20,0.0
2022-07-21,1.4432989690721651
2022-07-22,0.2061855670103091
2022-07-25,0.4123711340206186
2022-07-26,0.4123711340206184
2022-07-27,2.680412371134021
2022-07-28,11.1340206185567
2022-07-29,19.999999999999996
2022-08-01,12.989690721649485
2022-08-02,8.247422680412372
2022-08-03,14.845360824742267
2022-08-04,15.463917525773194
2022-08-05,13.195876288659793
2022-08-08,13.195876288659793
2022-08-09,9.896907216494844
2022-08-10,22.061855670103096
2022-08-11,21.030927835051546
2022-08-12,30.927835051546392
2022-08-15,31.958762886597935
2022-08-16,34.02061855670103
2022-08-17,23.711340206185564
2022-08-18,23.09278350515464
2022-08-19,11.75257731958763
2022-08-22,1.8556701030927834
2022-08-23,2.4742268041237114
2022-08-24,3.5051546391752577
2022-08-25,4.742268041237113
2022-08-26,0.4123711340206184
2022-08-29,0.8247422680412373
2022-08-30,-1.443298969072165
2022-08-31,-3.0927835051546393
2022-09-01,-2.268041237113402
2022-09-02,-3.7113402061855667
2022-09-06,-5.154639175257731
2022-09-07,-0.6185567010309281
2022-09-08,-0.2061855670103092
2022-09-09,1.443298969072165
2022-09-12,2.268041237113402
2022-09-13,-1.0309278350515465
2022-09-14,-1.4432989690721647
2022-09-15,-3.7113402061855667
2022-09-16,-5.360824742268042
2022-09-19,-3.0927835051546393
2022-09-20,-7.628865979381444
2022-09-21,-13.195876288659795
2022-09-22,-19.587628865979383
2022-09-23,-27.216494845360824
2022-09-26,-39.79381443298969
2022-09-27,-41.23711340206185
2022-09-28,-13.402061855670103
2022-09-29,-25.979381443298973
2022-09-30,-29.48453608247423
2022-10-03,-4.948453608247422
2022-10-04,0.0
2022-10-05,-1.443298969072165
2022-10-06,-6.185567010309278
2022-10-07,-11.340206185567009
2022-10-10,-11.54639175257732
2022-10-11,-11.752577319587628
2022-10-12,-12.577319587628866
2022-10-13,-4.123711340206185
2022-10-14,-7.422680412371134
2022-10-17,-0.41237113402061853
2022-10-18,0.41237113402061853
2022-10-19,0.0
2022-10-20,-1.443298969072165
2022-10-21,0.0
2022-10-24,1.0309278350515463
2022-10-25,3.0927835051546393
2022-10-26,5.567010309278351
2022-10-27,7.0103092783505145
2022-10-28,14.43298969072165
2022-10-31,12.577319587628867
2022-11-01,11.752577319587628
2022-11-02,3.2989690721649483
2022-11-03,3.0927835051546397
2022-11-04,6.597938144329897
2022-11-07,9.072164948453608
2022-11-08,10.103092783505154
2022-11-09,1.6494845360824741
2022-11-10,15.463917525773196
2022-11-11,19.381443298969074
2022-11-14,8.041237113402062
2022-11-15,10.721649484536082
2022-11-16,5.154639175257731
2022-11-17,4.123711340206185
2022-11-18,6.185567010309279
2022-11-21,5.56701030927835
2022-11-22,9.896907216494846
2022-11-23,11.34020618556701
2022-11-25,11.54639175257732
2022-11-28,2.88659793814433
2022-11-29,2.268041237113402
2022-11-30,9.278350515463918
2022-12-01,10.515463917525773
2022-12-02,13.195876288659795
2022-12-05,4.123711340206185
2022-12-06,1.649484536082474
2022-12-07,2.268041237113402
2022-12-08,2.6804123711340204
2022-12-09,-0.824742268041237
2022-12-12,1.443298969072165
2022-12-13,2.680412371134021
2022-12-14,1.6494845360824741
2022-12-15,-1.0309278350515463
2022-12-16,-2.0618556701030926
2022-12-19,-2.88659793814433
2022-12-20,-2.6804123711340204
2022-12-21,0.20618556701030927
2022-12-22,-1.649484536082474
2022-12-23,-0.6185567010309279
2022-12-27,-1.0309278350515463
2022-12-28,-3.5051546391752577
2022-12-29,-1.0309278350515463
2022-12-30,-1.443298969072165
2023-01-03,-1.4432989690721651
2023-01-04,0.2061855670103091
2023-01-05,-1.0309278350515463
2023-01-06,4.732510288065844
2023-01-09,2.4691358024691357
2023-01-10,4.11522633744856
2023-01-11,6.584362139917695
2023-01-12,8.436213991769547
2023-01-13,9.876543209876543
2023-01-17,5.349794238683128
2023-01-18,1.646090534979424
2023-01-19,-1.440329218106996
2023-01-20,2.05761316872428
2023-01-23,6.5843621399176975
2023-01-24,4.320987654320987
2023-01-25,5.349794238683128
2023-01-26,8.024691358024691
2023-01-27,9.259259259259258
2023-01-30,2.469135802469135
2023-01-31,7.201646090534979
2023-02-01,13.580246913580247
2023-02-02,27.77777777777778
2023-02-03,9.465020576131687
2023-02-06,4.526748971193416
2023-02-07,7.201646090534979
2023-02-08,4.320987654320988
2023-02-09,2.880658436213992
2023-02-10,1.440329218106996
2023-02-13,2.674897119341564
2023-02-14,4.938271604938272
2023-02-15,6.995884773662551
2023-02-16,2.2633744855967075
2023-02-17,2.2633744855967075
2023-02-21,0.0
2023-02-22,-1.02880658436214
2023-02-23,-0.8230452674897119
2023-02-24,-1.8518518518518516
2023-02-27,-1.8518518518518516
2023-02-28,-2.674897119341564
2023-03-01,-5.555555555555555
2023-03-02,-0.8230452674897122
2023-03-03,2.674897119341564
2023-03-06,0.823045267489712
2023-03-07,-3.292181069958848
2023-03-08,-2.469135802469135
2023-03-09,-11.31687242798354
2023-03-10,-18.93004115226337
2023-03-13,-21.810699588477366
2023-03-14,-13.786008230452675
2023-03-15,-19.547325102880656
2023-03-16,-9.876543209876543
2023-03-17,-17.28395061728395
2023-03-20,-7.613168724279835
2023-03-21,-1.4403292181069958
2023-03-22,-5.349794238683128
2023-03-23,-9.053497942386832
2023-03-24,-5.349794238683128
2023-03-27,-0.8230452674897121
2023-03-28,0.20576131687242805
2023-03-29,0.8230452674897119
2023-03-30,1.234567901234568
2023-03-31,3.4979423868312756
2023-04-03,5.349794238683128
2023-04-04,4.11522633744856
2023-04-05,4.938271604938271
2023-04-06,5.349794238683128
2023-04-10,3.292181069958848
2023-04-11,3.4979423868312756
2023-04-12,3.7037037037037033
2023-04-13,7.818930041152264
2023-04-14,4.732510288065844
2023-04-17,6.172839506172839
2023-04-18,7.20164609053498
2023-04-19,5.349794238683128
2023-04-20,5.967078189300412
2023-04-21,8.024691358024691
2023-04-24,9.053497942386832
2023-04-25,3.703703703703704
2023-04-26,0.2057613168724277
2023-04-27,4.938271604938272
2023-04-28,7.818930041152263
2023-05-01,9.25925925925926
2023-05-02,4.938271604938271
2023-05-03,1.6460905349794244
2023-05-04,-2.674897119341564
2023-05-05,5.349794238683128
2023-05-08,3.909465020576132
2023-05-09,3.0864197530864197
2023-05-10,5.349794238683127
2023-05-11,3.4979423868312747
2023-05-12,3.292181069958848
2023-05-15,3.9094650205761323
2023-05-16,-0.2057613168724277
2023-05-17,3.703703703703704
2023-05-18,8.23045267489712
2023-05-19,5.555555555555555
2023-05-22,4.526748971193416
2023-05-23,0.617283950617284
2023-05-24,-3.0800821355236137
2023-05-25,-5.95482546201232
2023-05-26,-2.874743326488705
2023-05-30,-4.928131416837782
2023-05-31,-5.133470225872689
2023-06-01,-3.0800821355236128
2023-06-02,4.9281314168377826
2023-06-05,5.338809034907596
2023-06-06,5.95482546201232
2023-06-07,2.874743326488707
2023-06-08,3.9014373716632447
2023-06-09,3.9014373716632447
2023-06-12,6.570841889117044
2023-06-13,10.061601642710475
2023-06-14,8.213552361396303
2023-06-15,14.57905544147844
2023-06-16,11.08829568788501
2023-06-20,6.981519507186858
2023-06-21,6.365503080082136
2023-06-22,5.9548254620123195
2023-06-23,5.13347022587269
2023-06-26,3.9014373716632442
2023-06-27,8.41889117043121
2023-06-28,7.597535934291581
2023-06-29,12.320328542094456
2023-06-30,16.632443531827516
2023-07-03,12.114989733059547
2023-07-05,6.77618069815195
2023-07-06,3.080082135523614
2023-07-07,4.9281314168377826
2023-07-10,8.624229979466119
2023-07-11,14.57905544147844
2023-07-12,13.141683778234087
2023-07-13,16.427104722792606
2023-07-14,10.472279260780287
2023-07-17,14.57905544147844
2023-07-18,18.8911704312115
2023-07-19,20.32854209445585
2023-07-20,16.01642710472279
2023-07-21,14.168377823408623
2023-07-24,17.04312114989733
2023-07-25,16.42710472279261
2023-07-26,18.480492813141684
2023-07-27,8.41889117043121
2023-07-28,12.114989733059549
2023-07-31,12.731006160164272
2023-08-01,8.829568788501026
2023-08-02,4.928131416837782
2023-08-03,5.338809034907596
2023-08-04,2.2587268993839835
2023-08-07,7.186858316221765
2023-08-08,2.464065708418892
2023-08-09,2.4640657084188904
2023-08-10,1.6427104722792603
2023-08-11,3.2854209445585223
2023-08-14,1.0266940451745379
2023-08-15,-4.722792607802873
2023-08-16,-7.392197125256674
2023-08-17,-9.65092402464066
2023-08-18,-7.8028747433264884
2023-08-21,-8.008213552361397
2023-08-22,-9.24024640657084
2023-08-23,-3.696098562628336
2023-08-24,-6.365503080082135
2023-08-25,-3.285420944558521
2023-08-28,-0.8213552361396304
2023-08-29,1.4373716632443527
2023-08-30,1.6427104722792605
2023-08-31,1.0266940451745383
2023-09-01,2.258726899383983
2023-09-05,-2.6694045174537986
2023-09-06,-3.4907597535934287
2023-09-07,-4.106776180698153
2023-09-08,-3.2854209445585214
2023-09-11,-2.2587268993839826
2023-09-12,-2.6694045174537986
2023-09-13,-2.2587268993839835
2023-09-14,1.437371663244353
2023-09-15,-2.0533880903490758
2023-09-18,-1.437371663244353
2023-09-19,-1.6427104722792611
2023-09-20,-3.9014373716632442
2023-09-21,-12.93634496919918
2023-09-22,-14.37371663244353
2023-09-25,-12.320328542094456
2023-09-26,-20.123203285420946
2023-09-27,-21.149897330595483
2023-09-28,-15.195071868583163
2023-09-29,-12.525667351129362
2023-10-02,-19.507186858316224
2023-10-03,-26.694045174537987
2023-10-04,-17.04312114989733
2023-10-05,-16.632443531827516
2023-10-06,-12.525667351129364
2023-10-09,-8.418891170431213
2023-10-10,-2.0533880903490758
2023-10-11,-3.696098562628336
2023-10-12,-7.186858316221766
2023-10-13,-5.749486652977412
2023-10-16,3.0800821355236137
2023-10-17,2.874743326488706
2023-10-18,-1.0266940451745383
2023-10-19,-6.365503080082135
2023-10-20,-11.498973305954825
2023-10-23,-13.552361396303903
2023-10-24,-7.991803278688524
2023-10-25,-15.573770491803279
2023-10-26,-15.778688524590166
2023-10-27,-22.950819672131146
2023-10-30,-12.704918032786885
2023-10-31,-7.172131147540983
2023-11-01,-6.352459016393442
2023-11-02,-1.639344262295082
2023-11-03,2.459016393442623
2023-11-06,1.4344262295081966
2023-11-07,2.4590163934426226
2023-11-08,1.844262295081967
2023-11-09,-0.20491803278688536
2023-11-10,6.147540983606557
2023-11-13,4.508196721311476
2023-11-14,15.368852459016393
2023-11-15,12.295081967213115
2023-11-16,14.139344262295081
2023-11-17,15.368852459016393
2023-11-20,17.418032786885245
2023-11-21,14.549180327868852
2023-11-22,18.852459016393443
2023-11-24,20.491803278688526
2023-11-27,18.442622950819672
2023-11-28,12.90983606557377
2023-11-29,14.959016393442623
2023-11-30,22.33606557377049
2023-12-01,33.40163934426229
2023-12-04,32.99180327868852
2023-12-05,21.106557377049178
2023-12-06,17.21311475409836
2023-12-07,20.08196721311475
2023-12-08,22.33606557377049
2023-12-11,28.278688524590166
2023-12-12,30.94262295081967
2023-12-13,47.33606557377049
2023-12-14,48.15573770491803
2023-12-15,36.885245901639344
2023-12-18,33.60655737704918
2023-12-19,38.114754098360656
2023-12-20,14.549180327868852
2023-12-21,22.950819672131146
2023-12-22,25.614754098360653
2023-12-26,30.942622950819672
2023-12-27,31.147540983606557
2023-12-28,31.147540983606557
2023-12-29,20.69672131147541
2024-01-02,13.319672131147541
2024-01-03,5.532786885245901
2024-01-04,5.1229508196721305
2024-01-05,6.352459016393443
2024-01-08,8.60655737704918
2024-01-09,5.737704918032787
2024-01-10,5.327868852459016
2024-01-11,5.327868852459016
2024-01-12,5.737704918032787
2024-01-16,3.6885245901639347
2024-01-17,1.844262295081967
2024-01-18,4.918032786885246
2024-01-19,8.811475409836065
2024-01-22,10.245901639344263
2024-01-23,10.040983606557376
2024-01-24,6.352459016393443
2024-01-25,10.655737704918032
2024-01-26,9.631147540983605
2024-01-29,13.72950819672131
2024-01-30,17.62295081967213
2024-01-31,4.508196721311475
2024-02-01,10.245901639344265
2024-02-02,11.065573770491802
2024-02-05,7.172131147540984
2024-02-06,9.016393442622949
2024-02-07,13.72950819672131
2024-02-08,12.5
2024-02-09,12.295081967213115
2024-02-12,13.72950819672131
2024-02-13,6.967213114754099
2024-02-14,11.680327868852459
2024-02-15,14.754098360655737
2024-02-16,11.475409836065573
2024-02-20,8.19672131147541
2024-02-21,7.786885245901638
2024-02-22,13.72950819672131
2024-02-23,15.368852459016393
2024-02-26,13.524590163934425
2024-02-27,15.573770491803277
2024-02-28,15.16393442622951
2024-02-29,15.16393442622951
2024-03-01,19.672131147540984
2024-03-04,20.081967213114755
2024-03-05,12.704918032786885
2024-03-06,14.959016393442624
2024-03-07,19.4672131147541
2024-03-08,14.139344262295081
2024-03-11,11.475409836065573
2024-03-12,13.934426229508196
2024-03-13,16.188524590163933
2024-03-14,10.450819672131146
2024-03-15,9.83606557377049
2024-03-18,10.245901639344261
2024-03-19,14.754098360655737
2024-03-20,19.87704918032787
2024-03-21,22.95081967213115
2024-03-22,13.31967213114754
2024-03-25,12.295081967213115
2024-03-26,10.450819672131146
2024-03-27,20.69672131147541
2024-03-28,21.51639344262295
2024-04-01,13.934426229508196
2024-04-02,9.83606557377049
2024-04-03,10.450819672131146
2024-04-04,5.532786885245901
2024-04-05,9.016393442622949
2024-04-08,7.377049180327869
2024-04-09,6.557377049180328
2024-04-10,0.819672131147541
2024-04-11,1.8442622950819674
2024-04-12,-4.713114754098361
2024-04-15,-7.581967213114755
2024-04-16,-10.429447852760736
2024-04-17,-10.612244897959185
2024-04-18,-10.816326530612246
2024-04-19,-8.571428571428571
2024-04-22,-4.4897959183673475
2024-04-23,-1.4285714285714284
2024-04-24,-2.448979591836735
2024-04-25,-2.4489795918367347
2024-04-26,-2.2448979591836737
2024-04-29,-0.20408163265306056
2024-04-30,-6.938775510204082
2024-05-01,-6.938775510204083
2024-05-02,-4.693877551020408
2024-05-03,-1.2244897959183678
2024-05-06,2.2448979591836733
2024-05-07,4.8979591836734695
2024-05-08,5.5102040816326525
2024-05-09,11.428571428571429
2024-05-10,11.63265306122449
2024-05-13,8.16326530612245
2024-05-14,10.204081632653061
2024-05-15,14.89795918367347
2024-05-16,13.877551020408166
2024-05-17,14.693877551020408
2024-05-20,12.448979591836734
2024-05-21,13.061224489795919
2024-05-22,6.530612244897959
2024-05-23,-1.4285714285714288
2024-05-24,1.8367346938775508
2024-05-28,-0.8163265306122449
2024-05-29,-5.714285714285715
2024-05-30,-3.061224489795918
2024-05-31,2.040816326530612
2024-06-03,0.8163265306122449
2024-06-04,0.0
2024-06-05,1.632653061224489
2024-06-06,1.4285714285714284
2024-06-07,1.2244897959183674
2024-06-10,0.6122448979591835
2024-06-11,0.2040816326530619
2024-06-12,1.2244897959183674
2024-06-13,0.0
2024-06-14,-2.0408163265306123
2024-06-17,4.081632653061224
2024-06-18,4.2857142857142865
2024-06-20,3.8775510204081627
2024-06-21,2.6530612244897958
2024-06-24,3.8775510204081636
2024-06-25,1.6326530612244894
2024-06-26,0.6122448979591835
2024-06-27,2.4489795918367347
2024-06-28,1.6326530612244898
2024-07-01,-0.6122448979591835
2024-07-02,0.8163265306122445
2024-07-03,1.6326530612244898
2024-07-05,2.2448979591836733
2024-07-08,1.8367346938775508
2024-07-09,1.020408163265306
2024-07-10,3.6734693877551017
2024-07-11,5.7142857142857135
2024-07-12,9.387755102040817
2024-07-15,12.040816326530612
2024-07-16,28.16326530612245
2024-07-17,21.836734693877553
2024-07-18,13.061224489795917
2024-07-19,6.938775510204081
2024-07-22,10.408163265306122
2024-07-23,8.36734693877551
2024-07-24,2.8571428571428568
2024-07-25,4.285714285714286
2024-07-26,12.653061224489797
2024-07-29,12.244897959183673
2024-07-30,17.959183673469386
2024-07-31,14.489795918367346
2024-08-01,11.63265306122449
2024-08-02,5.918367346938775
2024-08-05,-10.816326530612246
2024-08-06,-6.326530612244898
2024-08-07,-7.755102040816325
2024-08-08,1.0204081632653064
2024-08-09,1.2244897959183678
2024-08-12,1.8367346938775508
2024-08-13,4.285714285714286
2024-08-14,5.1020408163265305
2024-08-15,5.3061224489795915
2024-08-16,6.530612244897959
2024-08-19,8.571428571428571
2024-08-20,8.16326530612245
2024-08-21,11.428571428571429
2024-08-22,11.020408163265307
2024-08-23,13.673469387755102
2024-08-26,14.081632653061224
2024-08-27,14.48979591836735
2024-08-28,11.83673469387755
2024-08-29,13.673469387755102
2024-08-30,18.979591836734695
2024-09-03,17.551020408163268
2024-09-04,18.16326530612245
2024-09-05,10.816326530612244
2024-09-06,4.6938775510204085
2024-09-09,8.979591836734695
2024-09-10,10.816326530612244
2024-09-11,5.3061224489795915
2024-09-12,7.551020408163266
2024-09-13,12.040816326530612
2024-09-16,15.714285714285715
2024-09-17,13.061224489795919
2024-09-18,8.979591836734695
2024-09-19,14.89795918367347
2024-09-20,12.040816326530612
2024-09-23,14.48979591836735
2024-09-24,15.714285714285715
2024-09-25,9.387755102040817
2024-09-26,11.836734693877549
2024-09-27,12.244897959183673
2024-09-30,12.448979591836734
2024-10-01,10.0
2024-10-02,8.571428571428573
2024-10-03,5.9183673469387745
2024-10-04,8.979591836734693
2024-10-07,4.8979591836734695
2024-10-08,7.551020408163266
2024-10-09,10.816326530612244
2024-10-10,6.530612244897958
2024-10-11,11.63265306122449
2024-10-14,14.69387755102041
2024-10-15,9.591836734693878
2024-10-16,13.26530612244898
2024-10-17,14.081632653061227
2024-10-18,14.285714285714285
2024-10-21,8.775510204081632
2024-10-22,5.918367346938775
2024-10-23,3.26530612244898
2024-10-24,2.653061224489795
2024-10-25,-0.204081632653061
2024-10-28,1.4285714285714288
2024-10-29,1.4285714285714288
2024-10-30,0.612244897959183
2024-10-31,-4.0816326530612255
2024-11-01,-5.3061224489795915
2024-11-04,-3.673469387755102
2024-11-05,2.6530612244897958
2024-11-06,15.714285714285714
2024-11-07,14.285714285714286
2024-11-08,17.551020408163264
2024-11-11,21.224489795918366
2024-11-12,17.551020408163264
2024-11-13,15.918367346938776
2024-11-14,6.530612244897959
2024-11-15,0.0
2024-11-18,2.8571428571428568
2024-11-19,-0.204081632653061
2024-11-20,3.46938775510204
2024-11-21,11.224489795918368
2024-11-22,14.693877551020408
2024-11-25,16.93877551020408
2024-11-26,16.122448979591837
2024-11-27,14.693877551020408
2024-11-29,14.48979591836735
2024-12-02,7.346938775510203
2024-12-03,5.918367346938775
2024-12-04,6.938775510204081
2024-12-05,5.918367346938775
2024-12-06,6.73469387755102
2024-12-09,2.448979591836735
2024-12-10,1.8367346938775508
2024-12-11,0.8163265306122454
2024-12-12,-1.4285714285714284
2024-12-13,-3.469387755102041
2024-12-16,-4.285714285714285
2024-12-17,-7.755102040816327
2024-12-18,-25.714285714285715
2024-12-19,-30.0
2024-12-20,-13.46938775510204
2024-12-23,-11.428571428571427
2024-12-24,-5.7142857142857135
2024-12-26,-5.7142857142857135
2024-12-27,-8.775510204081632
2024-12-30,-13.46938775510204
2024-12-31,-8.571428571428571
2025-01-02,-10.408163265306122
2025-01-03,-6.326530612244898
2025-01-06,-7.551020408163265
2025-01-07,-8.979591836734695
2025-01-08,-4.489795918367347
2025-01-10,-14.285714285714288
2025-01-13,-5.1020408163265305
2025-01-14,-1.6326530612244896
2025-01-15,-0.40816326530612246
2025-01-16,2.2448979591836733
2025-01-17,2.6530612244897953
2025-01-21,8.979591836734693
2025-01-22,6.326530612244898
2025-01-23,7.959183673469388
2025-01-24,8.16326530612245
2025-01-27,7.346938775510203
2025-01-28,6.326530612244897
2025-01-29,4.8979591836734695
2025-01-30,8.571428571428571
2025-01-31,4.6938775510204085
2025-02-03,3.6734693877551017
2025-02-04,5.3061224489795915
2025-02-05,6.326530612244898
2025-02-06,6.122448979591837
2025-02-07,3.6734693877551026
2025-02-10,4.081632653061225
2025-02-11,2.653061224489796
2025-02-12,3.6734693877551017
2025-02-13,7.346938775510205
2025-02-14,5.918367346938775
2025-02-18,8.16326530612245
2025-02-19,9.591836734693878
2025-02-20,7.142857142857144
2025-02-21,-0.408163265306122
2025-02-24,1.428571428571427
2025-02-25,4.081632653061225
2025-02-26,1.428571428571428
2025-02-27,-1.8367346938775508
2025-02-28,5.306122448979591
2025-03-03,2.4489795918367356
2025-03-04,-10.204081632653061
2025-03-05,-3.26530612244898
2025-03-06,-8.775510204081634
2025-03-07,-5.306122448979592
2025-03-10,-13.265306122448981
2025-03-11,-17.551020408163264
2025-03-12,-15.10204081632653
2025-03-13,-22.653061224489797
2025-03-14,-5.7142857142857135
2025-03-17,-0.4081632653061227
2025-03-18,-2.8571428571428577
2025-03-19,-1.0204081632653064
2025-03-20,-0.40816326530612246
2025-03-21,-0.6122448979591837
2025-03-24,-0.20408163265306123
2025-03-25,0.20408163265306123
2025-03-26,0.6122448979591837
2025-03-27,1.2244897959183676
2025-03-28,-1.2244897959183672
2025-03-31,0.408163265306122
2025-04-01,0.40816326530612246
2025-04-02,2.2448979591836733
2025-04-03,-15.714285714285715
2025-04-04,-45.30612244897959
2025-04-07,-45.714285714285715
2025-04-08,-55.10204081632652
2025-04-09,-0.40816326530612246
2025-04-10,-3.8775510204081636
2025-04-11,-1.4285714285714288
2025-04-14,0.0
2025-04-15,-0.40816326530612246
2025-04-16,-1.0204081632653061
2025-04-17,-0.6122448979591837
2025-04-21,-1.4285714285714286
2025-04-22,-0.20408163265306123
2025-04-23,-0.40816326530612246
2025-04-24,0.0
2025-04-25,0.0
2025-04-28,0.20408163265306123
2025-04-29,0.8163265306122449
2025-04-30,1.2244897959183674
2025-05-01,0.8163265306122449
2025-05-02,2.4489795918367347
2025-05-05,2.6530612244897958
2025-05-06,2.6530612244897958
2025-05-07,3.8775510204081636
2025-05-08,3.6734693877551026
2025-05-09,4.081632653061225
2025-05-12,13.877551020408163
2025-05-13,18.16326530612245
2025-05-14,15.10204081632653
2025-05-15,15.918367346938776
2025-05-16,21.42857142857143
2025-05-19,17.755102040816325
2025-05-20,14.285714285714285
2025-05-21,4.4897959183673475
2025-05-22,4.081632653061224
2025-05-23,3.2653061224489797
2025-05-27,6.122448979591836
2025-05-28,4.2857142857142865
2025-05-29,3.4693877551020407
2025-05-30,3.6734693877551017
2025-06-02,5.3061224489795915
2025-06-03,6.938775510204083
2025-06-04,5.7142857142857135
2025-06-05,5.918367346938775
2025-06-06,7.346938775510203
2025-06-09,6.53061224489796
2025-06-10,5.3061224489795915
2025-06-11,3.8775510204081636
2025-06-12,3.6734693877551026
2025-06-13,1.4285714285714293
2025-06-16,3.265306122448979
2025-06-17,1.8367346938775513
2025-06-18,0.204081632653061
2025-06-20,0.6122448979591835
2025-06-23,2.2448979591836733
2025-06-24,5.3061224489795915
2025-06-25,3.0612244897959187
2025-06-26,6.122448979591837
2025-06-27,9.183673469387754
2025-06-30,12.448979591836736
2025-07-01,12.857142857142856
2025-07-02,15.918367346938776
2025-07-03,19.183673469387756
2025-07-07,12.448979591836734
2025-07-08,9.591836734693878
2025-07-09,10.612244897959185
2025-07-10,17.346938775510207
2025-07-11,8.979591836734693
2025-07-14,10.0
2025-07-15,4.081632653061225
2025-07-16,4.489795918367347
2025-07-17,7.142857142857142
2025-07-18,6.938775510204081
2025-07-21,5.9183673469387745
2025-07-22,8.775510204081634
2025-07-23,12.244897959183673
2025-07-24,10.408163265306122
2025-07-25,12.857142857142858
2025-07-28,11.020408163265307
2025-07-29,8.571428571428573
2025-07-30,6.530612244897958
2025-07-31,3.0612244897959178
2025-08-01,-4.489795918367347
2025-08-04,1.8367346938775508
2025-08-05,0.612244897959183
2025-08-06,1.2244897959183678
2025-08-07,-1.4285714285714288
2025-08-08,-1.632653061224489
2025-08-11,-3.4693877551020407
2025-08-12,3.0612244897959178
2025-08-13,8.571428571428571
2025-08-14,4.693877551020408
2025-08-15,3.877551020408163
2025-08-18,3.6734693877551026
2025-08-19,4.8979591836734695
2025-08-20,3.6734693877551017
2025-08-21,3.26530612244898
2025-08-22,5.3061224489795915
2025-08-25,4.081632653061225
2025-08-26,3.2653061224489797
2025-08-27,5.3061224489795915
2025-08-28,6.938775510204081
2025-08-29,6.326530612244897
2025-09-02,5.1020408163265305
2025-09-03,2.2448979591836733
2025-09-04,5.1020408163265305
2025-09-05,5.1020408163265305
2025-09-08,4.285714285714285
2025-09-09,2.2448979591836737
2025-09-10,1.2244897959183674
2025-09-11,5.5102040816326525
2025-09-12,2.6530612244897958
2025-09-15,2.6530612244897953
2025-09-16,0.8163265306122449
2025-09-17,2.6530612244897958
2025-09-18,5.7142857142857135
2025-09-19,4.8979591836734695
2025-09-22,4.693877551020408
2025-09-23,5.3061224489795915
2025-09-24,3.6734693877551017
2025-09-25,-0.2040816326530619
2025-09-26,3.877551020408163
2025-09-29,5.5102040816326525
2025-09-30,7.551020408163264
2025-10-01,5.918367346938776
2025-10-02,6.53061224489796
2025-10-03,8.979591836734693
2025-10-06,9.795918367346939
2025-10-07,5.1020408163265305
2025-10-08,6.530612244897959
2025-10-09,0.204081632653061
2025-10-10,-9.183673469387756
2025-10-13,-3.0612244897959178
2025-10-14,1.6326530612244896
2025-10-15,2.2448979591836737
2025-10-16,-2.6530612244897958
2025-10-17,0.6122448979591837
2025-10-20,2.2448979591836733
2025-10-21,2.6530612244897958
2025-10-22,2.857142857142857
2025-10-23,2.8571428571428577
2025-10-24,3.8775510204081627
2025-10-27,4.081632653061225
2025-10-28,2.040816326530612
2025-10-29,-4.2857142857142865
2025-10-30,-5.3061224489795915
2025-10-31,-5.3061224489795915
2025-11-03,-6.734693877551021
2025-11-04,-6.122448979591837
2025-11-05,-4.0816326530612255
2025-11-06,-6.326530612244899
2025-11-07,-1.8367346938775508
2025-11-10,0.204081632653061
2025-11-11,3.0612244897959178
2025-11-12,2.6530612244897958
2025-11-13,-0.8163265306122449
2025-11-14,-1.632653061224489
2025-11-17,-7.959183673469387
2025-11-18,-8.36734693877551
2025-11-19,-8.36734693877551
2025-11-20,-12.040816326530612
2025-11-21,-1.224489795918367
2025-11-24,-0.40816326530612246
2025-11-25,4.89795918367347
2025-11-26,5.5102040816326525
2025-11-28,5.5102040816326525
2025-12-01,3.2653061224489797
2025-12-02,2.2448979591836733
2025-12-03,7.346938775510203
2025-12-04,5.3061224489795915
2025-12-05,7.346938775510203
2025-12-08,3.673469387755102
2025-12-09,4.489795918367347
2025-12-10,11.020408163265307
2025-12-11,12.244897959183675
2025-12-12,7.551020408163264
2025-12-15,8.571428571428571
2025-12-16,5.1020408163265305
2025-12-17,4.4897959183673475
2025-12-18,5.918367346938775
2025-12-19,5.918367346938776
2025-12-22,8.571428571428571
2025-12-23,6.326530612244897
2025-12-24,7.551020408163265
2025-12-26,7.142857142857142
2025-12-29,4.285714285714286
2025-12-30,1.836734693877551
2025-12-31,-0.40816326530612246
2026-01-02,-0.4081632653061227
2026-01-05,5.1020408163265305
2026-01-06,13.877551020408163
2026-01-07,3.673469387755102
2026-01-08,9.387755102040815
2026-01-09,7.959183673469387
2026-01-12,9.183673469387754
2026-01-13,7.346938775510205
2026-01-14,11.224489795918366
2026-01-15,13.46938775510204
2026-01-16,10.0
2026-01-20,-0.4081632653061229
2026-01-21,8.163265306122447
2026-01-22,8.16326530612245
2026-01-23,5.918367346938775
2026-01-26,5.3061224489795915
2026-01-27,6.73469387755102
2026-01-28,4.489795918367347
2026-01-29,2.4489795918367347
2026-01-30,-0.4081632653061229
2026-02-02,1.6326530612244898
2026-02-03,3.0612244897959204
2026-02-04,7.142857142857142
2026-02-05,2.6530612244897966
2026-02-06,11.632653061224488
2026-02-09,9.591836734693878
2026-02-10,11.83673469387755
2026-02-11,14.897959183673468
2026-02-12,6.530612244897961
2026-02-13,12.857142857142858
2026-02-17,7.959183673469387
2026-02-18,6.530612244897958
2026-02-19,5.1020408163265305
2026-02-20,7.142857142857142
2026-02-23,5.918367346938775
2026-02-24,10.612244897959183
2026-02-25,7.142857142857142
2026-02-26,9.183673469387756
2026-02-27,13.673469387755103
2026-03-02,11.83673469387755
2026-03-03,7.551020408163265
2026-03-04,7.551020408163264
2026-03-05,2.6530612244897958
2026-03-06,0.6122448979591835
2026-03-09,-1.4285714285714284
2026-03-10,-3.8775510204081636
2026-03-11,-5.9183673469387745
2026-03-12,-14.489795918367347
2026-03-13,-12.653061224489798
2026-03-16,-6.122448979591837
2026-03-17,-2.0408163265306123
2026-03-18,-6.938775510204082
2026-03-19,-7.346938775510205
2026-03-20,-12.448979591836734
2026-03-23,-2.857142857142857
2026-03-24,-5.1020408163265305
2026-03-25,-2.2448979591836737
2026-03-26,-3.673469387755102
2026-03-27,-7.959183673469388
2026-03-30,-7.346938775510204
2026-03-31,-0.8163265306122447
2026-04-01,-2.6530612244897958
2026-04-02,-1.2244897959183672
2026-04-06,0.0
2026-04-07,-1.0204081632653061
2026-04-08,0.40816326530612246
2026-04-09,0.8163265306122449
2026-04-10,-2.0408163265306127
2026-04-13,1.4285714285714284
2026-04-14,3.8775510204081627
2026-04-15,3.0612244897959178
2026-04-16,5.1020408163265305
2026-04-17,10.0
2026-04-20,12.653061224489795
2026-04-21,7.755102040816327
2026-04-22,7.551020408163266
2026-04-23,7.755102040816327
2026-04-24,6.938775510204082
2026-04-27,6.122448979591836
2026-04-28,2.6530612244897958
2026-04-29,2.2448979591836733
2026-04-30,6.122448979591836
2026-05-01,3.6734693877551017
2026-05-04,1.8367346938775508
2026-05-05,2.4489795918367347
2026-05-06,4.4897959183673475
2026-05-07,2.8571428571428568
2026-05-08,3.6734693877551026
2026-05-11,2.2448979591836737
2026-05-12,1.4285714285714288
2026-05-13,0.6122448979591821
2026-05-14,2.6530612244897958
2026-05-15,-0.8163265306122449
2026-05-18,3.061224489795918
2026-05-19,0.4081632653061229
2026-05-20,3.0612244897959187
2026-05-21,2.448979591836735
2026-05-22,4.489795918367347
2026-05-26,6.530612244897959
2026-05-27,5.5102040816326525
2026-05-28,5.7142857142857135
2026-05-29,5.5102040816326525
2026-06-01,5.510204081632654
2026-06-02,4.0816326530612255
2026-06-03,2.4489795918367343
2026-06-04,3.877551020408163
2026-06-05,2.2448979591836733
2026-06-08,1.2244897959183674
2026-06-09,3.4693877551020407
2026-06-10,1.020408163265306
2026-06-11,2.857142857142857
2026-06-12,6.122448979591837
2026-06-15,3.8775510204081636
2026-06-16,3.4693877551020407
2026-06-17,0.6122448979591835
2026-06-18,-2.448979591836735
2026-06-22,-2.2448979591836733
2026-06-23,-1.8367346938775513
2026-06-24,-0.6122448979591839
2026-06-25,2.8571428571428568
2026-06-26,6.938775510204081
2026-06-29,6.122448979591837
2026-06-30,3.8775510204081645
2026-07-01,7.346938775510203
2026-07-02,12.857142857142856
2026-07-06,9.387755102040817
2026-07-07,9.387755102040817
2026-07-08,2.040816326530612
2026-07-09,2.6530612244897958
2026-07-10,2.6530612244897958
2026-07-13,3.673469387755102
2026-07-14,2.4489795918367347
2026-07-15,2.040816326530612
2026-07-16,5.9183673469387745
2026-07-17,3.6734693877551026
2026-07-20,1.4285714285714284
2026-07-21,2.4489795918367347
2026-07-22,1.836734693877551
2026-07-23,2.040816326530612
2026-07-24,3.061224489795918
2026-07-27,3.4693877551020407
2026-07-28,9.183673469387754
2026-07-29,7.346938775510205
2026-07-30,2.8571428571428577
2026-07-31,1.4285714285714286
2026-08-03,2.8571428571428577
2026-08-04,5.9183673469387745
2026-08-05,4.2857142857142865
2026-08-06,4.081632653061225
2026-08-07,6.53061224489796
2026-08-10,7.142857142857142
2026-08-11,6.73469387755102
2026-08-12,7.551020408163264
2026-08-13,8.16326530612245
2026-08-14,5.9183673469387745
2026-08-17,2.8571428571428568
2026-08-18,3.6734693877551017
2026-08-19,6.73469387755102
2026-08-20,4.4897959183673475
2026-08-21,5.5102040816326525
2026-08-24,6.530612244897959
2026-08-25,6.122448979591836
2026-08-26,5.1020408163265305
2026-08-27,3.6734693877551017
2026-08-28,2.8571428571428568
2026-08-31,-0.40816326530612246
2026-09-01,-1.8367346938775508
2026-09-02,-0.20408163265306145
2026-09-03,0.6122448979591839
2026-09-04,-0.20408163265306123
2026-09-08,-2.040816326530612
2026-09-09,-4.8979591836734695
2026-09-10,-6.938775510204081
2026-09-11,-3.6734693877551026
2026-09-14,-3.8775510204081636
2026-09-15,-5.1020408163265305
2026-09-16,-8.16326530612245
2026-09-17,-6.326530612244898
2026-09-18,-8.775510204081634
2026-09-21,-8.367346938775512
2026-09-22,-8.36734693877551
2026-09-23,-12.653061224489795
2026-09-24,-16.3265306122449
2026-09-25,-11.83673469387755
2026-09-28,-15.10204081632653
2026-09-29,-10.816326530612244
2026-09-30,-15.306122448979593
2026-10-01,-12.040816326530612
2026-10-02,-10.612244897959183
2026-10-05,-7.142857142857143
